Element,In (kmol-atoms/d),Out (kmol-atoms/d),Abs Error,Rel Error
C,2201.1258618718466,2201.1258618718434,-3.183231456205249e-12,-1.4461832970778943e-15
H,7941.957528691942,7941.957528691943,9.094947017729282e-13,1.1451769900395376e-16
O,1333.314270134752,1333.3142701347515,-4.547473508864641e-13,-3.4106538951278524e-16
