case,config,y_CH4_biogas,CO2_bio_tpd,CO2_DAC_tpd,CO2_total_tpd,CO2_total_carbon_tpd,H2_electrolysis_tpd,value_type,mode,phi,P1_bar,P2_bar,P3_bar,pressure_order,recycle,purge_p,r_CH4,h_H2_to_CFR,converged,iterations,method,S1_X_CH4,S1_inlet_CH4_ratio_vs_fresh,S2_inlet_H2_to_CO2_ratio,S2_inlet_total_kmol_d,S2_X_CO2_per_pass,S2_xi1_RWGS_CO_formed_kmol_d,S2_xi2_CH4_formed_kmol_d,S2_methanation_to_RWGS_ratio,S3_CH4_formed_kmol_d,recycle_to_S2_total_kmol_d,C_stage1_tpd,C_stage3_tpd,C_total_tpd,C_from_wasteCH4_tpd,C_from_biogasCO2_tpd,C_from_DACCO2_tpd,C_from_CO2_total_tpd,CO2_carbon_fixed_fraction,CO2_fixed_as_CO2_tpd,purge_CO2_tpd,purge_CO_tpd,purge_CH4_tpd,purge_carbon_as_CO2_if_oxidised_tpd,H2_net_exportable_tpd,H2_permeate_tpd,H2_stoich_available_tpd,H2_stoich_needed_for_all_CO2_tpd,H2_stoich_surplus_tpd,water_total_tpd,Q1_kW,Q2_kW,Q3_kW,Q_total_kW,closure_C_rel,closure_H_rel,closure_O_rel,tracer_iterations,wall_s
submitted eq once-through h=0.35,submitted,,32.0,10.0,42.0,11.462700811197708,2.52,equilibrium,equilibrium,,1.01325,1.01325,1.01325,native,False,1.0,0.0,0.35,True,1,once-through,0.9698161069695571,1.0,7.39066297093411,8097.950578294656,0.8137175990035082,578.9628414221502,197.6225935126161,0.3413389934096302,519.0011900018395,0.0,34.85150348488499,1.4761611489377178,36.32766463382271,34.851530918653594,1.1246733067955137,0.351460408373598,1.4761337151691116,0.12877713023156837,5.4086394697258715,4.951127291198389,0.06531727140099153,12.94562222438367,40.56646017402127,7.940370026788613,7.448142203804828,14.219453349028251,3.847940194051217,10.371513154977034,29.608890753490165,3030.936066508513,-196.44509421947726,-1478.5168102374107,1355.974162051625,9.218686318044627e-16,-6.286321424573996e-16,-5.9562429062983335e-15,4,0.3685319423675537
submitted eq once-through h=0.5,submitted,,32.0,10.0,42.0,11.462700811197708,2.52,equilibrium,equilibrium,,1.01325,1.01325,1.01325,native,False,1.0,0.0,0.5,True,1,once-through,0.9698161069695571,1.0,7.39066297093411,8097.950578294656,0.8137175990035082,578.9628414221502,197.6225935126161,0.3413389934096302,733.218253215206,0.0,34.85150348488499,0.0,34.85150348488499,34.85150348488499,0.0,0.0,0.0,0.0,0.0,1.0016669517866035,0.02127503130453307,16.38230656951571,45.97520016266508,6.711642224243293,5.7293401567729445,14.219453349028251,3.847940194051217,10.371513154977034,32.707538460047466,3030.936066508513,-196.44509421947726,-1789.745696996653,1044.7452752923828,1.3828029477066941e-15,8.800849994403594e-16,-2.2633723043933667e-15,4,0.3324429988861084
submitted eq once-through h=0.75,submitted,,32.0,10.0,42.0,11.462700811197708,2.52,equilibrium,equilibrium,,1.01325,1.01325,1.01325,native,False,1.0,0.0,0.75,True,1,once-through,0.9698161069695571,1.0,7.39066297093411,8097.950578294656,0.8137175990035082,578.9628414221502,197.6225935126161,0.3413389934096302,756.3841672067572,0.0,34.85150348488499,0.0,34.85150348488499,34.85150348488499,0.0,0.0,0.0,0.0,0.0,0.014140780318105133,0.0010676140934335544,16.753957327682166,45.975200162665004,6.526324042338129,2.8646700783864723,14.219453349028251,3.847940194051217,10.371513154977034,33.48794500817541,3030.936066508513,-196.44509421947726,-1838.490196732613,996.0007755564227,9.218686318044627e-16,6.286321424573996e-16,-2.6207468787712667e-15,4,0.3259298801422119
submitted eq recycle h=0.35,submitted,,32.0,10.0,42.0,11.462700811197708,2.52,equilibrium,equilibrium,,1.01325,1.01325,1.01325,native,True,0.05,0.95,0.35,True,29,direct,0.9698161069695568,1.3588156116737822,10.01088074746835,10868.732677222579,0.8524659898392344,585.9125619069521,238.56753945670818,0.40717259701729136,715.1060173901451,656.0662909287416,47.35676702556496,0.0,47.35676702556496,35.93348380706881,8.703453880758973,2.7198293377371776,11.42328321849615,0.9965612299098785,41.8555716562149,0.029625274055192382,0.0007734826818966843,0.04532407726405683,0.15518991690008482,10.72701659575551,10.669047261324778,14.219453349028246,3.847940194051217,10.371513154977029,34.31997129962909,4118.483245156893,-283.26231350248094,-1755.28790723315,2079.9330244212615,4.7893034393084424e-11,-8.836581445380872e-11,8.845675902572719e-11,34,9.990620136260986
submitted eq recycle h=0.5,submitted,,32.0,10.0,42.0,11.462700811197708,2.52,equilibrium,equilibrium,,1.01325,1.01325,1.01325,native,True,0.05,0.95,0.5,True,30,direct,0.9698161069695571,1.3590555467451013,12.674127361035083,13265.77805969919,0.8840873619414994,535.5362518351236,308.2527364085918,0.5755963958598531,646.1189173240166,3051.697591989423,47.36512912353921,0.0,47.36512912353921,35.933484405332635,8.709824547205015,2.7218201710015686,11.431644718206583,0.9972906827542086,41.88620867567676,0.00010594541951171435,1.6512818645493107e-05,0.04535438485201274,0.12455069708152715,10.724250934384086,10.410269013026673,14.219453349028251,3.847940194051217,10.371513154977034,34.34838100299308,4119.210473018176,-456.44786679461316,-1588.6836224868648,2074.0789837366983,1.9774082152205726e-13,-9.083596159438083e-10,1.1552013991907493e-11,22,10.111950159072876
submitted eq recycle h=0.75,submitted,,32.0,10.0,42.0,11.462700811197708,2.52,equilibrium,equilibrium,,1.01325,1.01325,1.01325,native,True,0.05,0.95,0.75,True,54,direct,0.9698161069695574,1.3590565641345447,22.125666667790036,22274.673935151666,0.9417163000118804,411.90315118461456,486.8431897523647,1.1819360651945148,467.53142409932843,12060.587471355138,47.36516458109097,0.0,47.36516458109097,35.933484817653905,8.709851248333004,2.7218285151040638,11.431679763437069,0.9972937400817148,41.88633708343202,1.6745660120063836e-06,1.4522077987490706e-06,0.04535451336436365,0.12442077852472606,10.72424024265814,9.453240919062543,14.219453349028255,3.847940194051217,10.371513154977038,34.35849219120747,4119.213556660535,-898.030615311972,-1160.3992553813491,2060.783685967214,1.071672284472688e-14,-1.3443548687770616e-08,5.862289130694384e-11,13,18.506191968917847
"submitted kin once-through phi=0 (1.01,1.01,1.01) bar",submitted,,32.0,10.0,42.0,11.462700811197708,2.52,kinetic,kinetic,0.0,1.01325,1.01325,1.01325,native,False,1.0,0.0,0.35,True,1,once-through,0.8728806831856022,1.0,6.7828835873178015,7807.932668338708,0.7035036006698712,671.388834741407,0.0,0.0,3.6515911896395323,0.0,31.36820759930369,0.0,31.36820759930369,31.36820759930369,0.0,0.0,0.0,0.0,0.0,12.417740248555388,18.725665388047485,6.160309684546484,58.73819813357055,11.672852199513533,7.6027544467982535,13.050065193605231,3.847940194051217,9.202124999554014,12.140979454280414,2727.980709243213,274.069072042296,-8.901866643807095,2993.147914641702,4.6093431590223135e-16,-3.771792854744397e-16,-2.3824971625193333e-16,4,0.4451720714569092
"submitted kin recycle phi=0 (1.01,1.01,1.01) bar",submitted,,32.0,10.0,42.0,11.462700811197708,2.52,kinetic,kinetic,0.0,1.01325,1.01325,1.01325,native,True,0.05,0.95,0.35,True,301,direct,0.8728806831856024,1.1527376234677837,2.960758464885747,29365.08967043215,0.23374892562638439,819.9131292782677,0.0,0.0,19.759931252129547,20701.27914008214,36.15931308046537,0.12421202810698674,36.283525108572356,35.922689922535156,0.2749220465045252,0.08591313953266415,0.3608351860371893,0.03147907216462423,1.3221210309142173,5.914150916126212,22.124079023976968,0.01929317349066743,40.72818228515141,12.864995930195509,12.53455034347285,13.050065193605233,3.847940194051217,9.202124999554016,15.310738568635578,3144.6459996389785,334.69849194489655,-66.21372629322758,3413.1307652906476,-4.4146926485745074e-08,2.1667566959793157e-11,-1.0405341658571389e-07,468,122.51872277259827
"submitted kin once-through phi=0 (1.01,5,5) bar n=1",submitted,,32.0,10.0,42.0,11.462700811197708,2.52,kinetic,kinetic,0.0,1.01325,5.0,5.0,1.0,False,1.0,0.0,0.35,True,1,once-through,0.8728806831856022,1.0,6.7828835873178015,7807.932668338708,0.8054959098686647,768.7252201705098,0.0,0.0,16.616307083427614,0.0,31.36820759930369,0.0,31.36820759930369,31.36820759930369,0.0,0.0,0.0,0.0,0.0,8.146933579933467,21.080724399993464,6.368302621630527,58.73819813357058,11.398801018725878,7.475204847331979,13.050065193605231,3.847940194051217,9.202124999554014,14.106987021357565,2727.980709243213,313.8029660990528,-41.89515250253819,2999.8885228397276,6.914014738533471e-16,1.6344435703892389e-15,1.3103734393856334e-15,4,0.36743807792663574
"submitted kin recycle phi=0 (1.01,5,5) bar n=1",submitted,,32.0,10.0,42.0,11.462700811197708,2.52,kinetic,kinetic,0.0,1.01325,5.0,5.0,1.0,True,0.05,0.95,0.35,True,292,direct,0.8728806831856027,1.182900002765496,3.2676223294115467,27172.586418822993,0.2681590002513401,839.715246607966,0.0,0.0,98.77018923060359,18339.75851004072,37.10545285596491,0.477848121344036,37.58330097730895,35.92268992924389,1.2652274651924267,0.3953835828726331,1.66061104806506,0.144870835889116,6.0845751073428715,5.042638735607373,19.64099575154229,0.023103158244062685,35.96572883849501,12.605474314387783,12.307989072572862,13.050065193605237,3.847940194051217,9.20212499955402,17.616329397388096,3226.928388508012,342.78195660829334,-312.46611134015683,3257.244233776149,-4.037919684104822e-08,1.0954040808748679e-10,-9.582757948368227e-08,410,113.88530397415161
"submitted kin once-through phi=0.1 (1.01,1.01,1.01) bar",submitted,,32.0,10.0,42.0,11.462700811197708,2.52,kinetic,kinetic,0.1,1.01325,1.01325,1.01325,native,False,1.0,0.0,0.35,True,1,once-through,0.8728806831856022,1.0,6.7828835873178015,7807.932668338708,0.7161022285533695,637.0640534104863,46.34828495760871,0.07275294330214646,3.3970635624007173,0.0,31.36820759930369,0.0,31.36820759930369,31.36820759930369,0.0,0.0,0.0,0.0,0.0,11.891688977988403,17.769390217719916,6.899791833397608,58.73819813357053,11.36997937151106,7.404794469820493,13.050065193605231,3.847940194051217,9.202124999554014,13.184360187462946,2727.980709243213,158.5547694116179,-8.287876351751045,2878.24760230308,3.4570073692667354e-16,6.286321424573996e-16,-8.338740068817667e-16,4,0.43342089653015137
"submitted kin recycle phi=0.1 (1.01,1.01,1.01) bar",submitted,,32.0,10.0,42.0,11.462700811197708,2.52,kinetic,kinetic,0.1,1.01325,1.01325,1.01325,native,True,0.05,0.95,0.35,True,306,direct,0.8728806831856022,1.1566657387437045,2.977697184402492,29191.15116810253,0.23497017596982994,810.4959954966052,10.200112017398055,0.012585024570230315,19.849504767221163,20505.329120041566,36.282531015914486,0.12142222769841249,36.4039532436129,35.922689924815806,0.3666768143215887,0.11458650447549654,0.4812633187970853,0.04198515923288757,1.7633766877812778,5.879641510047228,21.86433457267907,0.019789356472888996,40.286926414737714,12.843014645409237,12.513149039301304,13.050065193605231,3.847940194051217,9.202124999554014,15.506030847745032,3155.3618223353756,308.51610976449473,-66.07756295318603,3397.8003691466843,-4.532840023828041e-08,6.6551524751966e-11,-1.0692392874252241e-07,468,137.91442608833313
"submitted kin once-through phi=0.1 (1.01,5,5) bar n=1",submitted,,32.0,10.0,42.0,11.462700811197708,2.52,kinetic,kinetic,0.1,1.01325,5.0,5.0,1.0,False,1.0,0.0,0.35,True,1,once-through,0.8728806831856022,1.0,6.7828835873178015,7807.932668338708,0.8055336086846254,745.0742381177627,23.686959927052385,0.03179140911768921,15.98595945627386,0.0,31.36820759930369,0.0,31.36820759930369,31.36820759930369,0.0,0.0,0.0,0.0,0.0,8.145878931346793,20.43557993187611,6.738199852757801,58.73819813357029,11.259306315337419,7.382039525060258,13.050065193605231,3.847940194051217,9.202124999554014,14.522293795287665,2727.980709243213,252.2740253926203,-40.302661595202196,2939.952073040631,-9.218686318044627e-16,6.286321424573996e-16,-2.5016220206453003e-15,4,0.3718228340148926
"submitted kin recycle phi=0.1 (1.01,5,5) bar n=1",submitted,,32.0,10.0,42.0,11.462700811197708,2.52,kinetic,kinetic,0.1,1.01325,5.0,5.0,1.0,True,0.05,0.95,0.35,True,297,direct,0.8728806831856024,1.1870340717563383,3.2768076170032945,27011.295987147383,0.26854359755849455,829.637394888703,10.273954280285977,0.012383668267103897,99.32541565132743,18155.302482037518,37.23513119029954,0.4615219546999123,37.69665314499946,35.92268993051106,1.351591020562591,0.4223721939258094,1.7739632144884003,0.15475961936958588,6.499904013522606,5.03394248430559,19.381278435906424,0.0236253564323796,35.55040012276623,12.585853363063352,12.288912751949129,13.050065193605233,3.847940194051217,9.202124999554016,17.790502280794463,3238.2060489657124,316.16814716235973,-311.7503350415095,3242.6238610865626,-3.9255857046303104e-08,1.469696687551143e-10,-9.320443057127175e-08,409,115.84897112846375
"submitted kin once-through phi=1 (1.01,1.01,1.01) bar",submitted,,32.0,10.0,42.0,11.462700811197708,2.52,kinetic,kinetic,1.0,1.01325,1.01325,1.01325,native,False,1.0,0.0,0.35,True,1,once-through,0.8728806831856022,1.0,6.7828835873178015,7807.932668338708,0.7226050931935409,501.48129963260527,188.13704920805708,0.37516264184903775,2.60394978389445,0.0,31.36820759930369,0.0,31.36820759930369,31.36820759930369,0.0,0.0,0.0,0.0,0.0,11.623851813192669,13.990569883805602,9.161785053918974,58.738198133570684,10.50496837517248,6.839262123675876,13.050065193605231,3.847940194051217,9.202124999554014,15.828192676929106,2727.980709243213,-207.3084348686123,-6.330781516356292,2514.3414928582442,1.1523357897555784e-15,-1.257264284914799e-16,1.1912485812596667e-15,4,0.4326789379119873
"submitted kin recycle phi=1 (1.01,1.01,1.01) bar",submitted,,32.0,10.0,42.0,11.462700811197708,2.52,kinetic,kinetic,1.0,1.01325,1.01325,1.01325,native,True,0.05,0.95,0.35,True,93,wegstein,0.8728806831856025,1.1988153203966052,3.1777877121004523,27328.246890993127,0.2496077613457619,710.0727353960738,119.51386064479851,0.16831213858413321,20.94645335370069,18406.236188095823,37.604687843426476,0.08906463430807321,37.69375247773455,35.92268993066632,1.3493809882424537,0.42168155882576686,1.7710625470682204,0.1545065666669151,6.489275800010434,5.487715350786722,19.09663882901397,0.025113514155360724,35.561032709110684,12.606565967596186,12.282959460423895,13.050065193605235,3.847940194051217,9.202124999554018,17.606786438625388,3270.3450679871603,28.125557972638166,-64.6446431521663,3233.825982807632,-1.4074061695464602e-08,1.3169466205197047e-11,-3.092956982508592e-08,467,39.786646127700806
"submitted kin once-through phi=1 (1.01,5,5) bar n=1",submitted,,32.0,10.0,42.0,11.462700811197708,2.52,kinetic,kinetic,1.0,1.01325,5.0,5.0,1.0,False,1.0,0.0,0.35,True,1,once-through,0.8728806831856022,1.0,6.7828835873178015,7807.932668338708,0.8109841156046582,574.2160106554436,199.74688001227514,0.3478601716177722,11.599631084466068,0.0,31.36820759930369,0.0,31.36820759930369,31.36820759930369,0.0,0.0,0.0,0.0,0.0,7.921299197260393,15.769938808122982,9.492359284616118,58.73819813357047,10.210736701874211,6.683096469208171,13.050065193605231,3.847940194051217,9.202124999554014,17.702801110524476,2727.980709243213,-203.04271382518414,-29.227862423399113,2495.7101329946295,0.0,1.1315378564233193e-15,-4.764994325038667e-16,4,0.3817579746246338
"submitted kin recycle phi=1 (1.01,5,5) bar n=1",submitted,,32.0,10.0,42.0,11.462700811197708,2.52,kinetic,kinetic,1.0,1.01325,5.0,5.0,1.0,True,0.05,0.95,0.35,True,95,wegstein,0.8728806831856027,1.236267689666768,3.4259892849161906,25109.07242975772,0.27690485381626695,712.2129884659498,131.85674622696212,0.18513667731751293,106.70994098565586,15977.194288763445,38.7795015377787,0.2543334124107918,39.03383495018949,35.922689866909785,2.3703962539273977,0.7407488293523116,3.111145083279709,0.2714146634831895,11.399415866293957,4.849976966180614,16.369162353530232,0.0298443397473812,30.650891221545177,12.350640769036808,12.060350252157736,13.050065193605237,3.847940194051217,9.20212499955402,19.878558327526946,3372.514408871616,1.9683780983140733,-303.5232207177932,3070.959566252137,-2.360282233052477e-08,-1.4946284897738607e-09,-4.8497147924517024e-08,403,35.06873083114624
2a_y0.55 eq once-through h=0.35,2a_y0.55,0.55,107.73255965501805,0.0,107.73255965501805,29.402526165475734,2.52,equilibrium,equilibrium,,1.01325,1.01325,1.01325,native,False,1.0,0.0,0.35,True,1,once-through,0.9698161069695571,1.0,2.881281627144317,9591.566876211402,0.6453723211726238,1462.9612709968533,116.90372633838386,0.07990896864872325,134.30942407897282,0.0,34.85150348488499,15.107976532902114,49.95948001778711,34.8516582877732,15.107821730013908,0.0,15.107821730013908,0.5138273373174791,55.355934269934394,40.95917441534278,0.2303644861651428,5.479039437606912,56.35125834099584,7.105517142595004,6.71285298466118,14.219453349028251,9.870201107251534,4.349252241776718,53.24492537496715,3030.936066508513,341.19035223255156,-2332.422901822706,1039.7035169183582,5.015664328311687e-16,-5.029057139659196e-16,-1.8576534549302543e-15,4,0.35276198387145996
2a_y0.55 eq once-through h=0.5,2a_y0.55,0.55,107.73255965501805,0.0,107.73255965501805,29.402526165475734,2.52,equilibrium,equilibrium,,1.01325,1.01325,1.01325,native,False,1.0,0.0,0.5,True,1,once-through,0.9698161069695571,1.0,2.881281627144317,9591.566876211402,0.6453723211726238,1462.9612709968533,116.90372633838386,0.07990896864872325,351.44123953911065,0.0,34.85150348488499,14.07571623264469,48.927219717529674,34.851641214765706,14.075578502763975,0.0,14.075578502763975,0.4787200400247048,51.57373527001413,35.18850128632886,0.22851500305239406,8.962485153033903,60.13351989740443,5.7012072456183525,5.163733065123984,14.219453349028251,9.870201107251534,4.349252241776718,57.734262032073666,3030.936066508513,341.19035223255156,-2690.3800146624108,681.7464040786535,-1.504699298493506e-15,-6.286321424573996e-16,-2.0434188004232797e-15,4,0.3937489986419678
2a_y0.55 eq once-through h=0.75,2a_y0.55,0.55,107.73255965501805,0.0,107.73255965501805,29.402526165475734,2.52,equilibrium,equilibrium,,1.01325,1.01325,1.01325,native,False,1.0,0.0,0.75,True,1,once-through,0.9698161069695571,1.0,2.881281627144317,9591.566876211402,0.6453723211726238,1462.9612709968533,116.90372633838386,0.07990896864872325,773.4204358716224,0.0,34.85150348488499,10.896484228123125,45.747987713008115,34.851600125625936,10.896387587382181,0.0,10.896387587382181,0.37059358526059755,39.92499553185434,28.271068135879535,0.22548798254360541,15.732297399796389,71.78241018855326,3.365796936243977,2.581866532561992,14.219453349028251,9.870201107251534,4.349252241776718,63.11622380915185,3030.936066508513,341.19035223255156,-3276.8975455187388,95.22887322232555,-1.8390769203809516e-15,-2.5145285698295983e-15,-1.8576534549302543e-16,4,0.37442994117736816
2a_y0.55 eq recycle h=0.35,2a_y0.55,0.55,107.73255965501805,0.0,107.73255965501805,29.402526165475734,2.52,equilibrium,equilibrium,,1.01325,1.01325,1.01325,native,True,0.05,0.95,0.35,True,133,direct,0.969816106969557,1.0234074791527945,1.0271422470864036,14641.21699381237,0.43253444971598765,3118.473785875567,-36.056357287285856,-0.011562180657280206,13.851998491688043,4911.695790700531,35.66728932615097,26.69468561339099,62.361974939541966,35.91683423153803,26.44514070800393,0.0,26.44514070800393,0.8994173003765795,96.89652796757514,10.836409126722538,0.04027296608501171,0.0029567342087740314,10.907796747524266,5.7083397198445756,5.694474677666675,14.21945334902825,9.870201107251534,4.349252241776716,79.23452525800013,3101.882639298763,1351.9764177959244,-3896.7987779042846,557.0602791904025,-6.325044462476134e-09,2.6141592208233867e-10,-1.4294995361018017e-08,64,56.31446313858032
2a_y0.55 eq recycle h=0.5,2a_y0.55,0.55,107.73255965501805,0.0,107.73255965501805,29.402526165475734,2.52,equilibrium,equilibrium,,1.01325,1.01325,1.01325,native,True,0.05,0.95,0.5,True,113,direct,0.969816106969557,1.0891873536959877,1.5651318509121528,13016.363021223631,0.5173590804818906,2565.9966312348834,12.29628100765683,0.004792009801563636,156.88746845470243,2899.161527681279,37.95981685302838,25.75640466207227,63.716221515100656,35.93348273701147,27.78273877808917,0.0,27.78273877808917,0.9449099244646363,101.79756480600501,5.873028887557992,0.02662041973125808,0.011265770993177406,5.945761226479074,5.2505353199667555,5.226235201099054,14.21945334902825,9.870201107251534,4.349252241776716,83.27705660028074,3301.2572335021337,1020.5581141258946,-3863.397143589486,458.4182040385426,3.7255453483008225e-09,-8.683837664670859e-10,9.35785534460365e-09,41,45.40742301940918
2a_y0.55 eq recycle h=0.75,2a_y0.55,0.55,107.73255965501805,0.0,107.73255965501805,29.402526165475734,2.52,equilibrium,equilibrium,,1.01325,1.01325,1.01325,native,True,0.05,0.95,0.75,True,87,direct,0.969816106969557,1.7299877828931642,4.095548826190794,15328.283933912518,0.7058996598933902,1878.598323787313,189.14973208717976,0.10068662879771338,1844.4580738259124,1434.4608182654572,60.29267524430967,4.667659799838889,64.96033504414856,35.93348465726364,29.026850386884913,0.0,29.026850386884913,0.9872230101428516,106.35606183302124,1.1145951735438153,0.012512885648591678,0.09220898310229442,1.3872557791138413,4.793217033261173,4.718205297687948,14.21945334902825,9.870201107251534,4.349252241776716,87.15774202764212,5243.482365789994,352.6853456480902,-5124.633156530301,471.5345549077838,-2.0572486217114753e-09,-4.655422333656789e-09,1.6818999327325755e-09,19,60.97016906738281
"2a_y0.55 kin once-through phi=0 (1.01,1.01,1.01) bar",2a_y0.55,0.55,107.73255965501805,0.0,107.73255965501805,29.402526165475734,2.52,kinetic,kinetic,0.0,1.01325,1.01325,1.01325,native,False,1.0,0.0,0.35,True,1,once-through,0.8728806831856022,1.0,2.6443362301944364,9301.548966255454,0.5704021134832296,1396.3252906946398,0.0,0.0,5.074278222043802,0.0,31.36820759930369,0.0,31.36820759930369,31.36820759930369,0.0,0.0,0.0,0.0,0.0,46.256319333832586,38.98508188710552,6.183133852607346,124.47075778858841,10.203222433786868,6.65279771491715,13.050065193605231,9.870201107251534,3.1798640863536973,25.188617826276364,2727.980709243213,569.9969330548491,-12.606516490973014,3285.3711258070894,-3.3437762188744577e-16,2.514528569829598e-16,-9.288267274651272e-16,4,0.3611149787902832
"2a_y0.55 kin recycle phi=0 (1.01,1.01,1.01) bar",2a_y0.55,0.55,107.73255965501805,0.0,107.73255965501805,29.402526165475734,2.52,kinetic,kinetic,0.0,1.01325,1.01325,1.01325,native,True,0.05,0.95,0.35,True,302,direct,0.8728806831856026,1.1474030645651359,0.6228465773482187,58899.858226986435,0.10891358429485387,1737.2769914070377,0.0,0.0,5.786070927296294,48772.32403921461,35.99197752935636,0.22016008462568143,36.212137613982044,35.922689921172,0.2894476928100468,0.0,0.2894476928100468,0.00984431375661573,1.060553119047319,31.276502528698376,47.98577670432767,0.018619334471385588,106.72229675419196,11.027921035384228,10.74230306479731,13.050065193605237,9.870201107251534,3.1798640863537035,31.72657665486665,3130.0934258602315,709.1775559519224,-43.28726233794036,3795.9837194742136,-8.675639294968771e-08,7.92541687281742e-12,-1.242108771700514e-07,482,115.6820011138916
"2a_y0.55 kin once-through phi=0 (1.01,5,5) bar n=1",2a_y0.55,0.55,107.73255965501805,0.0,107.73255965501805,29.402526165475734,2.52,kinetic,kinetic,0.0,1.01325,5.0,5.0,1.0,False,1.0,0.0,0.35,True,1,once-through,0.8728806831856022,1.0,2.6443362301944364,9301.548966255454,0.6373588776600745,1560.2332093246685,0.0,0.0,25.548063979474648,0.0,31.36820759930369,0.0,31.36820759930369,31.36820759930369,0.0,0.0,0.0,0.0,0.0,39.04867877617637,42.998991275285775,6.511594797513808,124.4707577885889,9.749223527453532,6.43801277834435,13.050065193605231,9.870201107251534,3.1798640863536973,28.48218155545513,2727.980709243213,636.9061350474859,-64.56252280031981,3300.3243214903787,1.671888109437229e-15,-5.029057139659196e-16,2.600714836902356e-15,4,0.4358682632446289
"2a_y0.55 kin recycle phi=0 (1.01,5,5) bar n=1",2a_y0.55,0.55,107.73255965501805,0.0,107.73255965501805,29.402526165475734,2.52,kinetic,kinetic,0.0,1.01325,5.0,5.0,1.0,True,0.05,0.95,0.35,True,301,direct,0.8728806831856023,1.1564650993436372,0.6460879662542187,57046.71524600395,0.1174441396327448,1779.385734610969,0.0,0.0,29.524042573438066,46868.40119944157,36.27623731756063,1.0199290425745635,37.29616636013519,35.92268992402798,1.3734764361072136,0.0,1.3734764361072136,0.046712871825276746,5.032497250573838,29.423362782774035,46.63524282437477,0.01976401254866995,102.7503532891758,10.760649325715583,10.495564530681257,13.050065193605233,9.870201107251534,3.1798640863537,34.108176382699945,3154.814481922481,726.3668560677083,-207.43445403780336,3673.746883952386,-8.392866204904977e-08,3.665315142454963e-11,-1.200792075180196e-07,459,137.87715601921082
"2a_y0.55 kin once-through phi=0.1 (1.01,1.01,1.01) bar",2a_y0.55,0.55,107.73255965501805,0.0,107.73255965501805,29.402526165475734,2.52,kinetic,kinetic,0.1,1.01325,1.01325,1.01325,native,False,1.0,0.0,0.35,True,1,once-through,0.8728806831856022,1.0,2.6443362301944364,9301.548966255454,0.5707016948788016,1356.354075100553,40.704580827788845,0.030010291246974886,4.840333652468132,0.0,31.36820759930369,0.0,31.36820759930369,31.36820759930369,0.0,0.0,0.0,0.0,0.0,46.22560947677182,37.871044983370325,6.83240427009786,124.47075778858884,9.957049243633643,6.491818864964698,13.050065193605231,9.870201107251534,3.1798640863536973,25.92864385148158,2727.980709243213,464.5373709910386,-12.0292977576828,3180.4887824765688,1.504699298493506e-15,3.771792854744397e-16,1.8576534549302543e-15,4,0.376054048538208
"2a_y0.55 kin recycle phi=0.1 (1.01,1.01,1.01) bar",2a_y0.55,0.55,107.73255965501805,0.0,107.73255965501805,29.402526165475734,2.52,kinetic,kinetic,0.1,1.01325,1.01325,1.01325,native,True,0.05,0.95,0.35,True,303,direct,0.8728806831856023,1.147907656150207,0.6230030019233035,58877.16662098676,0.10892209034081579,1735.9968217494352,1.324370884615064,0.0007628878509584143,5.783476088857242,48746.80491267863,36.00780566294986,0.22004631827598467,36.22785198122585,35.922689921649855,0.30516205957599063,0.0,0.30516205957599063,0.010378770104941188,1.1181314694762943,31.27455721053374,47.95025747265109,0.018683072355815646,106.66471885999992,11.025170292308053,10.739622745200776,13.050065193605233,9.870201107251534,3.1798640863537,31.751011639171317,3131.4699419703597,705.7546096022429,-43.26589211909541,3793.958659453507,-8.484337309951306e-08,1.6581807200884303e-11,-1.2145270855513589e-07,482,116.38927817344666
"2a_y0.55 kin once-through phi=0.1 (1.01,5,5) bar n=1",2a_y0.55,0.55,107.73255965501805,0.0,107.73255965501805,29.402526165475734,2.52,kinetic,kinetic,0.1,1.01325,5.0,5.0,1.0,False,1.0,0.0,0.35,True,1,once-through,0.8728806831856022,1.0,2.6443362301944364,9301.548966255454,0.6355531273226767,1528.5251776576226,27.287615253450724,0.017852251079872584,24.732165790956458,0.0,31.36820759930369,0.0,31.36820759930369,31.36820759930369,0.0,0.0,0.0,0.0,0.0,39.24392900115894,42.13324938075447,6.936280554386522,124.47075778858868,9.598066763461626,6.336532218928368,13.050065193605231,9.870201107251534,3.1798640863536973,28.878863846176746,2727.980709243213,564.2027918873426,-62.50154307483179,3229.681958055724,8.359440547186145e-16,1.7601699988807188e-15,5.572960364790763e-16,4,0.46132612228393555
"2a_y0.55 kin recycle phi=0.1 (1.01,5,5) bar n=1",2a_y0.55,0.55,107.73255965501805,0.0,107.73255965501805,29.402526165475734,2.52,kinetic,kinetic,0.1,1.01325,5.0,5.0,1.0,True,0.05,0.95,0.35,True,302,direct,0.8728806831856027,1.1570737919956138,0.6462273792711363,57020.564364227685,0.11743739051696167,1777.7575288762055,1.596558810427382,0.0008980745599410473,29.521952236371988,46838.83945822043,36.29533091503189,1.019094499443671,37.314425414475565,35.92268992439601,1.391735490079552,0.0,1.391735490079552,0.04733387472378884,5.099399482383732,29.424755418223114,46.591641894607214,0.019840900041551243,102.68345154645475,10.75761941670652,10.492606622405779,13.050065193605237,9.870201107251534,3.1798640863537035,34.13507870825933,3156.4749837349245,722.205746982275,-207.32065623645923,3671.36007448074,-8.188010055795493e-08,4.5007295418522995e-11,-1.1712193393391655e-07,459,139.23231410980225
"2a_y0.55 kin once-through phi=1 (1.01,1.01,1.01) bar",2a_y0.55,0.55,107.73255965501805,0.0,107.73255965501805,29.402526165475734,2.52,kinetic,kinetic,1.0,1.01325,1.01325,1.01325,native,False,1.0,0.0,0.35,True,1,once-through,0.8728806831856022,1.0,2.6443362301944364,9301.548966255454,0.5487067450137519,1226.5371255167397,116.67862899494872,0.0951284935185244,4.2412712331760645,0.0,31.36820759930369,0.0,31.36820759930369,31.36820759930369,0.0,0.0,0.0,0.0,0.0,48.596538795339754,34.25078824205952,8.041645166450904,124.47075778858884,9.609790784856385,6.263705424826341,13.050065193605231,9.870201107251534,3.1798640863536973,26.315559486304043,2727.980709243213,245.16173416932142,-10.52446943033713,2962.6179739821973,1.504699298493506e-15,-3.771792854744397e-16,1.8576534549302543e-15,4,0.37455272674560547
"2a_y0.55 kin recycle phi=1 (1.01,1.01,1.01) bar",2a_y0.55,0.55,107.73255965501805,0.0,107.73255965501805,29.402526165475734,2.52,kinetic,kinetic,1.0,1.01325,1.01325,1.01325,native,True,0.05,0.95,0.35,True,307,direct,0.8728806831856026,1.1523617553924321,0.624343198285382,58676.90858231,0.10898603883421787,1724.6387223861275,13.014603966173922,0.007546278416019524,5.760741731410803,48521.5879617832,36.14752277264781,0.21903172898591697,36.366554501633736,35.92268992597038,0.4438645756633562,0.0,0.4438645756633562,0.01509613742592428,1.626345525798738,31.259938381277053,47.635120822855725,0.019245695417991447,106.15650421891097,11.00100784371023,10.716078787036874,13.050065193605237,9.870201107251534,3.1798640863537035,31.965641717401535,3143.6206387802004,675.5165440976631,-43.076339716141305,3776.060843161722,-8.721982394912023e-08,9.583610165548698e-11,-1.246749986964262e-07,482,118.41519093513489
"2a_y0.55 kin once-through phi=1 (1.01,5,5) bar n=1",2a_y0.55,0.55,107.73255965501805,0.0,107.73255965501805,29.402526165475734,2.52,kinetic,kinetic,1.0,1.01325,5.0,5.0,1.0,False,1.0,0.0,0.35,True,1,once-through,0.8728806831856022,1.0,2.6443362301944364,9301.548966255454,0.623056427589498,1302.1974906678058,223.02379938032254,0.17126726243801105,19.179952971300168,0.0,31.36820759930369,0.0,31.36820759930369,31.36820759930369,0.0,0.0,0.0,0.0,0.0,40.5950862726756,35.94623780924923,9.98740200606818,124.47075778858864,8.509729014204535,5.607141237240409,13.050065193605231,9.870201107251534,3.1798640863536973,31.749597281928594,2727.980709243213,43.151826982784975,-48.47661045734405,2722.6559257686536,6.687552437748915e-16,3.771792854744397e-16,7.430613819721017e-16,4,0.4870150089263916
"2a_y0.55 kin recycle phi=1 (1.01,5,5) bar n=1",2a_y0.55,0.55,107.73255965501805,0.0,107.73255965501805,29.402526165475734,2.52,kinetic,kinetic,1.0,1.01325,5.0,5.0,1.0,True,0.05,0.95,0.35,True,307,direct,0.8728806831856029,1.1626367976863816,0.647516180368535,56781.557968267894,0.11737988110593256,1762.8964114058908,16.18788896660635,0.009182552566260365,29.50289779045852,46568.660301359494,36.469832432416,1.0114643210797152,37.481296753495705,35.922689928399386,1.5586068250963245,0.0,1.5586068250963245,0.05300928281891748,5.7108257235587505,29.436626175227083,46.19371104143892,0.020543595497227174,102.0720254067353,10.729889582099412,10.46553582562497,13.050065193605239,9.870201107251534,3.1798640863537053,34.38129191986354,3171.6507559447496,684.1843190071276,-206.28035497836643,3649.5547199735106,-8.139504853430235e-08,1.2929580179635302e-10,-1.1619179458852017e-07,459,142.020987033844
2b_y0.55 eq once-through h=0.35,2b_y0.55,0.55,107.73255965501805,0.0,107.73255965501805,29.402526165475734,0.0,equilibrium,equilibrium,,1.01325,1.01325,1.01325,native,False,1.0,0.0,0.35,True,1,once-through,0.9698161069695571,1.0,2.3706537336257987,8341.566876211402,0.6081706762292656,1428.3211349319658,60.476318243733644,0.04234084112086899,70.16634440193027,0.0,34.85150348488499,14.617687619451656,49.46919110433665,34.85166965818344,14.61752144615321,0.0,14.61752144615321,0.4971518897351417,53.5594456184961,48.04452326361101,0.2413921950664884,3.5447271022856452,58.14770533059166,5.721596761789783,5.4160189729674375,11.699453349028252,9.870201107251534,1.8292522417767174,47.60126212514389,3030.936066508513,450.62682090876825,-2137.1462196537123,1344.416667763569,-1.504699298493506e-15,-1.2159186250452572e-15,-1.8576534549302543e-15,4,0.3123140335083008
2b_y0.55 eq once-through h=0.5,2b_y0.55,0.55,107.73255965501805,0.0,107.73255965501805,29.402526165475734,0.0,equilibrium,equilibrium,,1.01325,1.01325,1.01325,native,False,1.0,0.0,0.5,True,1,once-through,0.9698161069695571,1.0,2.3706537336257987,8341.566876211402,0.6081706762292656,1428.3211349319658,60.476318243733644,0.04234084112086899,219.81206066297784,0.0,34.85150348488499,14.406190912367963,49.257694397252955,34.851666069472664,14.406028327780286,0.0,14.406028327780286,0.48995886430655594,52.784522577410925,42.23573537401527,0.2400649713356128,5.945493328261631,58.92264152092101,4.585938856730882,4.166168440744182,11.699453349028252,9.870201107251534,1.8292522417767174,52.11992386845311,3030.936066508513,450.62682090876825,-2430.357735043759,1051.2051523735222,-1.8390769203809516e-15,-1.3679084531759144e-15,-2.0434188004232797e-15,4,0.34528470039367676
2b_y0.55 eq once-through h=0.75,2b_y0.55,0.55,107.73255965501805,0.0,107.73255965501805,29.402526165475734,0.0,equilibrium,equilibrium,,1.01325,1.01325,1.01325,native,False,1.0,0.0,0.75,True,1,once-through,0.9698161069695571,1.0,2.3706537336257987,8341.566876211402,0.6081706762292656,1428.3211349319658,60.476318243733644,0.04234084112086899,520.8210117020499,0.0,34.85150348488499,12.798635344378837,47.65013882926383,34.85163275360851,12.798506075655315,0.0,12.798506075655315,0.4352859343998558,46.89446789472274,34.88261701635645,0.23756266473823984,10.774579929781464,64.81281827486607,2.6984069303146336,2.083084220372091,11.699453349028252,9.870201107251534,1.8292522417767174,57.84042416581587,3030.936066508513,450.62682090876825,-2910.1677655347703,571.3951218825109,-1.504699298493506e-15,-1.2159186250452572e-15,-2.4149494914093308e-15,4,0.34595799446105957
2b_y0.55 eq recycle h=0.35,2b_y0.55,0.55,107.73255965501805,0.0,107.73255965501805,29.402526165475734,0.0,equilibrium,equilibrium,,1.01325,1.01325,1.01325,native,True,0.05,0.95,0.35,True,171,direct,0.9698161069695572,1.007244651571963,0.5911955520914869,16146.184495551606,0.325344294943235,3340.8449174622533,-77.06615988742409,-0.02306786510340758,7.835671477314895,7761.920538432239,35.10399048439204,25.414321148373734,60.51831163276578,35.86729023472987,24.651021398035898,0.0,24.651021398035898,0.838398077066622,90.32277085223227,17.56595529809544,0.0602216357360386,0.0009151138827742716,17.6630852376448,3.80683372648612,3.7977743489080384,11.699453349028252,9.870201107251534,1.8292522417767174,73.73209864586131,3052.894142247264,1532.5621609990835,-3863.551552537045,721.9047507093023,-9.250820900648667e-09,1.259322360264529e-10,-2.057918751618807e-08,94,59.05144715309143
2b_y0.55 eq recycle h=0.5,2b_y0.55,0.55,107.73255965501805,0.0,107.73255965501805,29.402526165475734,0.0,equilibrium,equilibrium,,1.01325,1.01325,1.01325,native,True,0.05,0.95,0.5,True,161,direct,0.9698161069695571,1.0220099840118109,0.7701946619668473,14142.94154766379,0.37579407238502616,3026.5353011331176,-66.96806003182002,-0.022126971394236687,40.697657349776534,5671.656622378475,35.618584519374885,26.267489888301856,61.88607440767673,35.90223699891121,25.983837408765538,0.0,25.983837408765538,0.8837280600493301,95.20628594807783,12.571491103514703,0.04608545517137505,0.002780208506755072,12.651526956486327,3.3477662312106764,3.3334821176285994,11.699453349028252,9.870201107251534,1.8292522417767174,77.80725906365907,3097.6469208731864,1382.1426736682806,-3872.257284700925,607.5323098405424,6.553746718252758e-09,-2.9197777948297696e-10,1.4766570721880718e-08,72,60.346269845962524
2b_y0.55 eq recycle h=0.75,2b_y0.55,0.55,107.73255965501805,0.0,107.73255965501805,29.402526165475734,0.0,equilibrium,equilibrium,,1.01325,1.01325,1.01325,native,True,0.05,0.95,0.75,True,145,direct,0.969816106969557,1.189104000392071,1.7419439838606503,11659.098833897027,0.5394192803753143,2239.02048961594,0.8521781280880703,0.0003806030949874178,459.041427066535,2203.0285582388738,41.44206221355496,22.792239837632334,64.2343020511873,35.93348509229213,28.30081695889516,0.0,28.30081695889516,0.9625301172973976,103.69583328149339,3.947766235674319,0.02175656332027657,0.023886821102156314,4.047483671185459,2.550624938322467,2.515352305457195,11.69945334902825,9.870201107251534,1.8292522417767156,84.8374268956233,3604.098201617882,912.1500167224262,-4074.208496486627,442.03972185368093,1.8462230717271193e-09,-2.111616720744299e-09,6.3639436329397e-09,32,61.67906093597412
"2b_y0.55 kin once-through phi=0 (1.01,1.01,1.01) bar",2b_y0.55,0.55,107.73255965501805,0.0,107.73255965501805,29.402526165475734,0.0,kinetic,kinetic,0.0,1.01325,1.01325,1.01325,native,False,1.0,0.0,0.35,True,1,once-through,0.8728806831856022,1.0,2.133708336675918,8051.548966255453,0.5311794412739796,1300.309501342184,0.0,0.0,4.170671851783936,0.0,31.36820759930369,0.0,31.36820759930369,31.36820759930369,0.0,0.0,0.0,0.0,0.0,50.49192252688151,36.314596826954,6.168637295609267,124.47075778858837,7.88271539478782,5.1406168052846075,10.53006519360523,9.870201107251534,0.6598640863536978,23.44384710507484,2727.980709243213,530.8021223467297,-10.41739034152278,3248.3654412484198,-5.015664328311687e-16,1.5198982813065716e-16,-7.430613819721017e-16,4,0.4915938377380371
"2b_y0.55 kin recycle phi=0 (1.01,1.01,1.01) bar",2b_y0.55,0.55,107.73255965501805,0.0,107.73255965501805,29.402526165475734,0.0,kinetic,kinetic,0.0,1.01325,1.01325,1.01325,native,True,0.05,0.95,0.35,True,302,direct,0.8728806831856026,1.1464852209028884,0.4565149585953463,57194.12877767931,0.09226706694081566,1640.830922969977,0.0,0.0,3.3817823356970393,48321.737802519194,35.9631864188154,0.17833698241873847,36.14152340123414,35.92268992086978,0.21883348036436384,0.0,0.21883348036436384,0.007442676154177418,0.8018185527728989,35.52111955243715,45.44912139886027,0.018503396324575396,106.9810311770914,8.714257967633493,8.488247770528975,10.530065193605237,9.870201107251534,0.6598640863537032,29.883491315391005,3127.589566055527,669.8071000986057,-31.75664236117893,3765.640023792954,-8.735989707557225e-08,6.20088100807455e-12,-1.288807277902764e-07,485,136.68920803070068
"2b_y0.55 kin once-through phi=0 (1.01,5,5) bar n=1",2b_y0.55,0.55,107.73255965501805,0.0,107.73255965501805,29.402526165475734,0.0,kinetic,kinetic,0.0,1.01325,5.0,5.0,1.0,False,1.0,0.0,0.35,True,1,once-through,0.8728806831856022,1.0,2.133708336675918,8051.548966255453,0.5922738353575427,1449.8665341126302,0.0,0.0,21.705254622949724,0.0,31.36820759930369,0.0,31.36820759930369,31.36820759930369,0.0,0.0,0.0,0.0,0.0,43.91343254202318,40.010403661747254,6.44994460700708,124.47075778858841,7.475313428319974,4.944637269542217,10.53006519360523,9.870201107251534,0.6598640863536978,26.43016384235777,2727.980709243213,591.8531185322486,-54.89860778653534,3264.9352199889263,-3.3437762188744577e-16,1.3679084531759144e-15,-1.1145920729581525e-15,4,0.3851780891418457
"2b_y0.55 kin recycle phi=0 (1.01,5,5) bar n=1",2b_y0.55,0.55,107.73255965501805,0.0,107.73255965501805,29.402526165475734,0.0,kinetic,kinetic,0.0,1.01325,5.0,5.0,1.0,True,0.05,0.95,0.35,True,302,direct,0.8728806831856027,1.1521592953308402,0.4706131573752958,55781.19098682027,0.09890643290510304,1681.8391152043296,0.0,0.0,18.245002486086833,46877.00486793572,36.141171963405206,0.8237352820184565,36.96490724542366,35.922689922678465,1.0422173227452014,0.0,1.0422173227452014,0.03544652309395669,3.8187446637826636,33.71640330146312,44.676346824339596,0.019220121515474576,103.96410623597582,8.493114043985347,8.282552778072592,10.530065193605237,9.870201107251534,0.6598640863537032,31.85483705115463,3143.068331637784,686.5471419494742,-153.33851827580204,3676.2769553114563,-8.244555568705608e-08,2.7299652979687984e-11,-1.214003372174038e-07,466,118.14559507369995
"2b_y0.55 kin once-through phi=0.1 (1.01,1.01,1.01) bar",2b_y0.55,0.55,107.73255965501805,0.0,107.73255965501805,29.402526165475734,0.0,kinetic,kinetic,0.1,1.01325,1.01325,1.01325,native,False,1.0,0.0,0.35,True,1,once-through,0.8728806831856022,1.0,2.133708336675918,8051.548966255453,0.5295389546757987,1273.3421768925273,22.95146814067658,0.018024588015051458,4.031897728736965,0.0,31.36820759930369,0.0,31.36820759930369,31.36820759930369,0.0,0.0,0.0,0.0,0.0,50.6693019972005,35.562718201428446,6.534621345734099,124.47075778858849,7.752869764148247,5.055652371837264,10.53006519360523,9.870201107251534,0.6598640863536978,23.781493243749672,2727.980709243213,469.53013371994723,-10.072136808118467,3187.4387061550415,0.0,3.039796562613143e-16,-3.7153069098605086e-16,4,0.4351041316986084
"2b_y0.55 kin recycle phi=0.1 (1.01,1.01,1.01) bar",2b_y0.55,0.55,107.73255965501805,0.0,107.73255965501805,29.402526165475734,0.0,kinetic,kinetic,0.1,1.01325,1.01325,1.01325,native,True,0.05,0.95,0.35,True,302,direct,0.8728806831856024,1.1466256077492203,0.4565177385154252,57187.856778443456,0.09225749302130526,1640.4006092960044,0.3684650708465256,0.00022461895512502665,3.3810601538339142,48314.67913401899,35.9675901025553,0.1783025926523188,36.145892695207614,35.922689921084675,0.22320277412294956,0.0,0.22320277412294956,0.007591278819608122,0.817827898291307,35.52384132715608,45.43716864239054,0.018521129399901536,106.96502155918343,8.713642598592934,8.487648041135028,10.530065193605232,9.870201107251534,0.6598640863536995,29.888949905023274,3127.9725386641476,668.8245041871926,-31.75034040170175,3765.0467024496384,-8.849438216493013e-08,1.0650079246943277e-11,-1.3053725552059084e-07,485,135.91595315933228
"2b_y0.55 kin once-through phi=0.1 (1.01,5,5) bar n=1",2b_y0.55,0.55,107.73255965501805,0.0,107.73255965501805,29.402526165475734,0.0,kinetic,kinetic,0.1,1.01325,5.0,5.0,1.0,False,1.0,0.0,0.35,True,1,once-through,0.8728806831856022,1.0,2.133708336675918,8051.548966255453,0.5905209427384874,1426.8579401498987,18.717571475261025,0.013118034352666284,21.135333779540076,0.0,31.36820759930369,0.0,31.36820759930369,31.36820759930369,0.0,0.0,0.0,0.0,0.0,44.10268459398654,39.38163646954876,6.741087366093871,124.47075778858829,7.37422584893611,4.876677708426249,10.53006519360523,9.870201107251534,0.6598640863536978,26.679495783164043,2727.980709243213,541.4693440814816,-53.458075104413915,3215.9919782202805,-8.359440547186145e-16,1.2159186250452572e-15,-1.300357418451178e-15,4,0.38445425033569336
"2b_y0.55 kin recycle phi=0.1 (1.01,5,5) bar n=1",2b_y0.55,0.55,107.73255965501805,0.0,107.73255965501805,29.402526165475734,0.0,kinetic,kinetic,0.1,1.01325,5.0,5.0,1.0,True,0.05,0.95,0.35,True,302,direct,0.8728806831856023,1.15244988360045,0.4706689980960208,55768.628614276684,0.09890173051058415,1681.0477602937535,0.7635802909156837,0.0004542287904909093,18.24261723854471,46862.81416007256,36.150287196572336,0.8233886630081849,36.973675859580524,35.92268992295587,1.0509859366246606,0.0,1.0509859366246606,0.03574474964191077,3.8508733731508364,33.71762550163719,44.655056013828045,0.019256827402162138,103.93197724305764,8.491684419931284,8.28115709984634,10.530065193605232,9.870201107251534,0.6598640863536995,31.86752950340248,3143.8610508316174,684.5518642840915,-153.287408683969,3675.12550643174,-8.362570121100438e-08,3.3333953136131333e-11,-1.2311893063577024e-07,466,118.07585525512695
"2b_y0.55 kin once-through phi=1 (1.01,1.01,1.01) bar",2b_y0.55,0.55,107.73255965501805,0.0,107.73255965501805,29.402526165475734,0.0,kinetic,kinetic,1.0,1.01325,1.01325,1.01325,native,False,1.0,0.0,0.35,True,1,once-through,0.8728806831856022,1.0,2.133708336675918,8051.548966255453,0.5064754228287625,1192.6942214650542,47.1406692095822,0.03952452217943727,3.7110625874067296,0.0,31.36820759930369,0.0,31.36820759930369,31.36820759930369,0.0,0.0,0.0,0.0,0.0,53.153781809833504,33.312891451627465,6.91754154031019,124.47075778858873,7.7223249552604205,5.034543336306653,10.53006519360523,9.870201107251534,0.6598640863536978,23.196202757536163,2727.980709243213,383.63443105322096,-9.25671834639514,3102.3584219500385,1.0031328656623373e-15,1.3679084531759144e-15,5.572960364790763e-16,4,0.4468858242034912
"2b_y0.55 kin recycle phi=1 (1.01,1.01,1.01) bar",2b_y0.55,0.55,107.73255965501805,0.0,107.73255965501805,29.402526165475734,0.0,kinetic,kinetic,1.0,1.01325,1.01325,1.01325,native,True,0.05,0.95,0.35,True,304,direct,0.8728806831856024,1.1478401635016713,0.45651993128663815,57133.628005677776,0.0921673611907895,1636.630278095181,3.556146418892581,0.0021728465289249446,3.374903671498373,48253.64449798858,36.00568853953915,0.17799977422696656,36.18368831376612,35.92268992282792,0.260998390938202,0.0,0.260998390938202,0.008876733565997627,0.9563132284405403,35.54948292141199,45.33244051796058,0.018674546968632157,106.82653634445631,8.708415521550238,8.482553716662355,10.530065193605232,9.870201107251534,0.6598640863536995,29.935310116098957,3131.285823327137,660.3044031536639,-31.69536231011285,3759.894864170688,-8.798558280975992e-08,4.768604862685303e-11,-1.2963484072418258e-07,485,136.84302806854248
"2b_y0.55 kin once-through phi=1 (1.01,5,5) bar n=1",2b_y0.55,0.55,107.73255965501805,0.0,107.73255965501805,29.402526165475734,0.0,kinetic,kinetic,1.0,1.01325,5.0,5.0,1.0,False,1.0,0.0,0.35,True,1,once-through,0.8728806831856022,1.0,2.133708336675918,8051.548966255453,0.5777667127001115,1261.0466473242248,153.306935866677,0.12157118548467194,17.199131947260184,0.0,31.36820759930369,0.0,31.36820759930369,31.36820759930369,0.0,0.0,0.0,0.0,0.0,45.47948441697079,34.845762374206544,8.837156053030093,124.47075778858846,6.647105085802542,4.388493214150964,10.53006519360523,9.870201107251534,0.6598640863536978,28.468568621333137,2727.980709243213,179.0331326021802,-43.508250259999876,2863.505591585393,-1.6718881094372288e-16,6.079593125226286e-16,-9.288267274651272e-16,4,0.3826761245727539
"2b_y0.55 kin recycle phi=1 (1.01,5,5) bar n=1",2b_y0.55,0.55,107.73255965501805,0.0,107.73255965501805,29.402526165475734,0.0,kinetic,kinetic,1.0,1.01325,5.0,5.0,1.0,True,0.05,0.95,0.35,True,304,direct,0.8728806831856026,1.155082239633599,0.4711769375039165,55654.828471114255,0.09885991277758255,1673.8836249745254,7.680653332978125,0.004588522892739939,18.22099242546068,46734.26339291487,36.23285948709533,0.8202486622072241,37.05310814930255,35.92268992525785,1.1304182240447043,0.0,1.1304182240447043,0.03844629599792804,4.141917877111264,33.728497912505816,44.46231686288613,0.01958933553266512,103.64093217990158,8.478724724759083,8.268505144034018,10.530065193605237,9.870201107251534,0.6598640863537032,31.98258846176567,3151.042067309901,666.4790222177463,-152.82436685942474,3664.6967226682227,-8.592623563409347e-08,8.688802504745277e-11,-1.263289361147631e-07,466,118.95512795448303
2a_y0.60 eq once-through h=0.35,2a_y0.60,0.6,87.78208564482954,0.0,87.78208564482954,23.957613912609865,2.52,equilibrium,equilibrium,,1.01325,1.01325,1.01325,native,False,1.0,0.0,0.35,True,1,once-through,0.9698161069695571,1.0,3.5361183605862063,9138.239738348953,0.6847171533852834,1221.4909637536925,144.2875011386866,0.11812408394351531,200.86971052884041,0.0,34.85150348488499,12.270042989049868,47.12154647393486,34.85164559644393,12.269900877490928,0.0,12.269900877490928,0.5121503719964691,44.957627817625365,27.355270940937956,0.1777614456258612,6.9861840122433945,46.79913728488207,7.304403065637378,6.885738561515842,14.219453349028251,8.042386087390142,6.1770672616381095,48.18118572550267,3030.936066508513,182.6480037789041,-2101.1520321091284,1112.4320381782886,-3.6477558751357717e-16,-7.543585709488794e-16,-1.8238779375678854e-15,4,0.40470099449157715
2a_y0.60 eq once-through h=0.5,2a_y0.60,0.6,87.78208564482954,0.0,87.78208564482954,23.957613912609865,2.52,equilibrium,equilibrium,,1.01325,1.01325,1.01325,native,False,1.0,0.0,0.5,True,1,once-through,0.9698161069695571,1.0,3.5361183605862063,9138.239738348953,0.6847171533852834,1221.4909637536925,144.2875011386866,0.11812408394351531,456.9634701596888,0.0,34.85150348488499,10.400990828053047,45.25249431293804,34.851614798430155,10.400879514507885,0.0,10.400879514507885,0.43413670294742834,38.10942523969508,22.935998023438845,0.1758777538570061,11.094696198001095,53.647452708519495,5.866806079622818,5.296721970396801,14.219453349028251,8.042386087390142,6.1770672616381095,51.61947640924771,3030.936066508513,182.6480037789041,-2462.720212970776,750.8638573166409,-1.8238779375678859e-16,-8.800849994403594e-16,-1.5958931953718998e-15,4,0.41806507110595703
2a_y0.60 eq once-through h=0.75,2a_y0.60,0.6,87.78208564482954,0.0,87.78208564482954,23.957613912609865,2.52,equilibrium,equilibrium,,1.01325,1.01325,1.01325,native,False,1.0,0.0,0.75,True,1,once-through,0.9698161069695571,1.0,3.5361183605862063,9138.239738348953,0.6847171533852834,1221.4909637536925,144.2875011386866,0.11812408394351531,936.6935183763353,0.0,34.85150348488499,6.004328969047682,40.85583245393267,34.851562657446166,6.004269796486513,0.0,6.004269796486513,0.2506205258331766,21.999992463040126,17.937203661866373,0.17315868281579888,18.791005361540755,69.75707653276102,3.474343939528576,2.6483609851984005,14.219453349028251,8.042386087390142,6.1770672616381095,55.50900690233607,3030.936066508513,182.6480037789041,-3056.7147099127747,156.86936037464238,-1.0943267625407314e-15,-1.8858964273721986e-15,-3.4197711329397856e-16,4,0.4337480068206787
2a_y0.60 eq recycle h=0.35,2a_y0.60,0.6,87.78208564482954,0.0,87.78208564482954,23.957613912609865,2.52,equilibrium,equilibrium,,1.01325,1.01325,1.01325,native,True,0.05,0.95,0.35,True,90,direct,0.9698161069695569,1.0695517098626033,1.960913077050262,11724.868940755992,0.5635879963344754,2142.1678377610874,51.63214799498846,0.024102755668739952,60.42122555990272,2176.7192220867305,37.2754851435412,21.403611989751624,58.67909713329282,35.93348193394567,22.745615199347146,0.0,22.745615199347146,0.9494107085253263,83.34125212788848,4.396008696149357,0.02004242523518008,0.008785479140539372,4.451601333678607,6.943179383659614,6.924504932384709,14.219453349028248,8.042386087390142,6.177067261638106,68.18022689294689,3241.742852418413,761.3992236903042,-3068.6328175719946,934.5092585367224,-2.785494964064128e-09,5.754518748283594e-10,-7.856982200046046e-09,39,647.2509498596191
2a_y0.60 eq recycle h=0.5,2a_y0.60,0.6,87.78208564482954,0.0,87.78208564482954,23.957613912609865,2.52,equilibrium,equilibrium,,1.01325,1.01325,1.01325,native,True,0.05,0.95,0.5,True,63,direct,0.9698161069695571,1.2502307306301477,3.162819772033488,11887.79735346112,0.6570851611219328,1707.4303267266037,128.59992021269977,0.07531781426141401,509.1433547511993,1274.797698055234,43.57242066546692,15.786970668932586,59.35939133439951,35.933484675281804,23.425906659117715,0.0,23.425906659117715,0.977806335162105,85.8338794572568,1.8519168509738195,0.012937543511035146,0.03160809229012395,1.9589646292860772,6.703847580406734,6.668619880248776,14.219453349028251,8.042386087390142,6.1770672616381095,70.25036114450589,3789.3694129242053,415.3832831515969,-3291.2865644720673,913.466131603735,2.647409894962038e-10,-1.2886492475326988e-09,2.802431540189331e-09,26,14.436503887176514
2a_y0.60 eq recycle h=0.75,2a_y0.60,0.6,87.78208564482954,0.0,87.78208564482954,23.957613912609865,2.52,equilibrium,equilibrium,,1.01325,1.01325,1.01325,native,True,0.05,0.95,0.75,True,67,direct,0.9698161069695568,1.716590824391795,7.449156495024197,17221.86336313862,0.8083481727675874,1251.0317660767737,361.92244147305814,0.28929916192939226,1632.7065807236525,3860.323704422179,59.825771098412304,0.0,59.825771098412304,35.93348327486234,23.89228782354997,0.0,23.89228782354997,0.9972732639695178,87.5427270690709,0.001618921710649632,0.00011999205131508979,0.09051673571264804,0.25012209098691,6.518600214364858,6.131132588559314,14.219453349028246,8.042386087390142,6.177067261638104,71.77005911019302,5202.8770410866755,-281.90405747212304,-3969.1183879453774,951.8545956691751,1.8030857290796119e-12,-1.3508557926424277e-09,1.2269796847874655e-11,44,14.6765718460083
"2a_y0.60 kin once-through phi=0 (1.01,1.01,1.01) bar",2a_y0.60,0.6,87.78208564482954,0.0,87.78208564482954,23.957613912609865,2.52,kinetic,kinetic,0.0,1.01325,1.01325,1.01325,native,False,1.0,0.0,0.35,True,1,once-through,0.8728806831856022,1.0,3.2453217370568073,8848.221828393005,0.6043057669782781,1205.3720964473548,0.0,0.0,4.84520136274017,0.0,31.36820759930369,0.0,31.36820759930369,31.36820759930369,0.0,0.0,0.0,0.0,0.0,34.7050665968854,33.645723877811456,6.179458772553538,104.52028377839996,10.589366237489516,6.903022780658796,13.050065193605231,8.042386087390142,5.0076791062150905,21.75500140282779,2727.980709243213,492.04752126425285,-11.981058541851043,3208.047171965615,-1.8238779375678859e-16,1.382990713406279e-15,-1.0259313398819356e-15,4,0.36139702796936035
"2a_y0.60 kin recycle phi=0 (1.01,1.01,1.01) bar",2a_y0.60,0.6,87.78208564482954,0.0,87.78208564482954,23.957613912609865,2.52,kinetic,kinetic,0.0,1.01325,1.01325,1.01325,native,True,0.05,0.95,0.35,True,302,direct,0.8728806831856023,1.1481924166891087,0.8734070024101318,49914.66219923885,0.12976880439625105,1493.768890028783,0.0,0.0,7.853776339524643,40236.03194964295,36.0167380906502,0.21894954431107322,36.23568763496127,35.922689921407844,0.31299771355342043,0.0,0.31299771355342043,0.013064644696885988,1.146841759701314,22.042398699420403,41.11013713133198,0.018719042108097945,86.68553813174977,11.514834768749568,11.217050658592822,13.050065193605233,8.042386087390142,5.007679106215092,27.375746484797634,3132.2467632272355,609.7745931290012,-48.36935738968461,3693.651998966552,-7.628303358302446e-08,1.0226839146353958e-11,-1.1914280917661555e-07,480,115.86670279502869
"2a_y0.60 kin once-through phi=0 (1.01,5,5) bar n=1",2a_y0.60,0.6,87.78208564482954,0.0,87.78208564482954,23.957613912609865,2.52,kinetic,kinetic,0.0,1.01325,5.0,5.0,1.0,False,1.0,0.0,0.35,True,1,once-through,0.8728806831856022,1.0,3.2453217370568073,8848.221828393005,0.6785782915019081,1353.519000689465,0.0,0.0,23.772676674152194,0.0,31.36820759930369,0.0,31.36820759930369,31.36820759930369,0.0,0.0,0.0,0.0,0.0,28.19261115260202,37.26048740105305,6.483112258974521,104.52028377840028,10.176565020781968,6.7088910773399295,13.050065193605231,8.042386087390142,5.0076791062150905,24.738270229386238,2727.980709243213,552.5228858675483,-60.03315430623443,3220.470440804527,1.2767145562975202e-15,8.800849994403594e-16,1.481900824273907e-15,4,0.432513952255249
"2a_y0.60 kin recycle phi=0 (1.01,5,5) bar n=1",2a_y0.60,0.6,87.78208564482954,0.0,87.78208564482954,23.957613912609865,2.52,kinetic,kinetic,0.0,1.01325,5.0,5.0,1.0,True,0.05,0.95,0.35,True,300,direct,0.8728806831856022,1.160243930352338,0.9141436684124763,47928.33172053009,0.14119925303108005,1529.4967223222084,0.0,0.0,39.4226785383666,38182.16982081487,36.394772473124185,1.0066211528276672,37.401393625951854,35.922689925076625,1.478703700875241,0.0,1.478703700875241,0.06172166002295158,5.418056046275788,20.470086048143656,39.389734675297035,0.02024133857082167,82.41432425360776,11.246575852809647,10.97155790448538,13.050065193605231,8.042386087390142,5.0076791062150905,29.765026188004533,3165.1230600177037,624.3591279560118,-230.7940164834482,3558.6881714902675,-7.436065948847954e-08,4.8937629299595146e-11,-1.1621747117590073e-07,451,137.77746510505676
"2a_y0.60 kin once-through phi=0.1 (1.01,1.01,1.01) bar",2a_y0.60,0.6,87.78208564482954,0.0,87.78208564482954,23.957613912609865,2.52,kinetic,kinetic,0.1,1.01325,1.01325,1.01325,native,False,1.0,0.0,0.35,True,1,once-through,0.8728806831856022,1.0,3.2453217370568073,8848.221828393005,0.6066191072972443,1164.3978885384224,45.58848767000751,0.039151984144553176,4.588111743674915,0.0,31.36820759930369,0.0,31.36820759930369,31.36820759930369,0.0,0.0,0.0,0.0,0.0,34.504049779760344,32.503930727356746,6.906710391484805,104.52028377840007,10.305993600526257,6.7177587657315465,13.050065193605231,8.042386087390142,5.0076791062150905,22.651944974784424,2727.980709243213,375.4827942166858,-11.350097873626286,3092.113405586272,3.6477558751357717e-16,2.514528569829598e-16,1.1399237109799284e-16,4,0.4384157657623291
"2a_y0.60 kin recycle phi=0.1 (1.01,1.01,1.01) bar",2a_y0.60,0.6,87.78208564482954,0.0,87.78208564482954,23.957613912609865,2.52,kinetic,kinetic,0.1,1.01325,1.01325,1.01325,native,True,0.05,0.95,0.35,True,303,direct,0.8728806831856024,1.1491374675416541,0.873968413643563,49872.173911345926,0.12981981862135406,1491.459549620653,2.4787216851360654,0.0016619436214455289,7.850612350483232,40188.247991405005,36.0463826419847,0.21870178053382547,36.265084422518534,35.92268992223605,0.34239450028248025,0.0,0.34239450028248025,0.014291677857879832,1.2545532897287215,22.03494347719391,41.04611947081086,0.018838416952630013,86.5778265422983,11.509514114495625,11.211866542687002,13.050065193605233,8.042386087390142,5.007679106215092,27.423018915546717,3134.8248437222314,603.403504356712,-48.32911641104239,3689.899231667901,-7.653998570178827e-08,2.5249387181086927e-11,-1.195256555187498e-07,480,138.52064108848572
"2a_y0.60 kin once-through phi=0.1 (1.01,5,5) bar n=1",2a_y0.60,0.6,87.78208564482954,0.0,87.78208564482954,23.957613912609865,2.52,kinetic,kinetic,0.1,1.01325,5.0,5.0,1.0,False,1.0,0.0,0.35,True,1,once-through,0.8728806831856022,1.0,3.2453217370568073,8848.221828393005,0.6769971739621788,1321.6555025240978,28.709738814164098,0.021722558381767593,22.939563320198374,0.0,31.36820759930369,0.0,31.36820759930369,31.36820759930369,0.0,0.0,0.0,0.0,0.0,28.3321909397443,36.390826069540104,6.930336961232674,104.52028377840013,10.014361174203637,6.600160038367496,13.050065193605231,8.042386087390142,5.0076791062150905,25.182946454718596,2727.980709243213,476.6416359720668,-57.92928251102659,3146.6930627042534,7.295511750271543e-16,3.771792854744397e-16,0.0,4,0.4393801689147949
"2a_y0.60 kin recycle phi=0.1 (1.01,5,5) bar n=1",2a_y0.60,0.6,87.78208564482954,0.0,87.78208564482954,23.957613912609865,2.52,kinetic,kinetic,0.1,1.01325,5.0,5.0,1.0,True,0.05,0.95,0.35,True,301,direct,0.8728806831856026,1.1612647311492272,0.9145039746782748,47884.87873667164,0.1411938559916861,1526.8134742708935,2.66735500407151,0.0017470077707725659,39.42930797772607,38132.996695554815,36.426793164438514,1.0049566214046968,37.43174978584321,35.922689925777654,1.509059860065556,0.0,1.509059860065556,0.0629887377586996,5.529282772593877,20.470784380906686,39.31827367315488,0.02037028182937611,82.30309757168067,11.241464067808312,10.966568487991163,13.050065193605237,8.042386087390142,5.007679106215096,29.810415546665574,3167.9077848995967,617.4222995282322,-230.5944088248698,3554.735675602959,-7.414667647482246e-08,6.393490632220133e-11,-1.1584963500721554e-07,451,133.93765091896057
"2a_y0.60 kin once-through phi=1 (1.01,1.01,1.01) bar",2a_y0.60,0.6,87.78208564482954,0.0,87.78208564482954,23.957613912609865,2.52,kinetic,kinetic,1.0,1.01325,1.01325,1.01325,native,False,1.0,0.0,0.35,True,1,once-through,0.8728806831856022,1.0,3.2453217370568073,8848.221828393005,0.5865035453053556,1026.9843174936718,142.87876607993599,0.13912458413058132,3.9101022074789853,0.0,31.36820759930369,0.0,31.36820759930369,31.36820759930369,0.0,0.0,0.0,0.0,0.0,36.272121816725715,28.67251266757337,8.456661021026095,104.52028377839996,9.802675877628118,6.387868785915101,13.050065193605231,8.042386087390142,5.0076791062150905,23.66674093946545,2727.980709243213,106.3236876077426,-9.654526870831383,2824.649869980124,-1.8238779375678859e-16,-8.800849994403594e-16,-1.5958931953718998e-15,4,0.43829774856567383
"2a_y0.60 kin recycle phi=1 (1.01,1.01,1.01) bar",2a_y0.60,0.6,87.78208564482954,0.0,87.78208564482954,23.957613912609865,2.52,kinetic,kinetic,1.0,1.01325,1.01325,1.01325,native,True,0.05,0.95,0.35,True,313,direct,0.8728806831856026,1.1576051955610676,0.8789173547178661,49491.55112417059,0.13025769763928108,1470.700527302648,24.68773162899322,0.016786375724140105,7.822789013417946,39760.17559234753,36.31200009239208,0.21645653000209938,36.52845662239418,35.92268992867313,0.6057666937210522,0.0,0.6057666937210522,0.02528493429816116,2.219564268085071,21.971122791180395,40.47068025979285,0.019908024702450674,85.6128163151529,11.461981320890214,11.16555340400183,13.050065193605237,8.042386087390142,5.007679106215096,27.84532665676297,3157.9246424103076,546.2917997254096,-47.96660060167101,3656.2498415340465,-7.300943951843237e-08,1.5031311166798824e-10,-1.138475632832083e-07,480,142.76902318000793
"2a_y0.60 kin once-through phi=1 (1.01,5,5) bar n=1",2a_y0.60,0.6,87.78208564482954,0.0,87.78208564482954,23.957613912609865,2.52,kinetic,kinetic,1.0,1.01325,5.0,5.0,1.0,False,1.0,0.0,0.35,True,1,once-through,0.8728806831856022,1.0,3.2453217370568073,8848.221828393005,0.6669827525525736,1094.8603931158837,235.52968864453078,0.21512303315149836,17.290485862441983,0.0,31.36820759930369,0.0,31.36820759930369,31.36820759930369,0.0,0.0,0.0,0.0,0.0,29.216784950113478,30.193020590148116,10.157721266706462,104.52028377839996,8.838201938664543,5.813284900705183,13.050065193605231,8.042386087390142,5.0076791062150905,28.441718956431178,2727.980709243213,-68.87352741236228,-43.665387872361784,2615.4417939584887,-1.8238779375678859e-16,1.6344435703892389e-15,-1.1399237109799285e-15,4,0.4618840217590332
"2a_y0.60 kin recycle phi=1 (1.01,5,5) bar n=1",2a_y0.60,0.6,87.78208564482954,0.0,87.78208564482954,23.957613912609865,2.52,kinetic,kinetic,1.0,1.01325,5.0,5.0,1.0,True,0.05,0.95,0.35,True,311,direct,0.8728806831856027,1.1707601061057575,0.917953160536165,47480.69841831824,0.14116509824217482,1501.9184689846552,27.47758513763324,0.018294991176324615,39.492182386097454,37675.60826100662,36.7246460573082,0.9894444529101937,37.7140905102184,35.92268993170714,1.7914005785112617,0.0,1.7914005785112617,0.07477374771318002,6.563795525743246,20.474504819547004,38.655385263474415,0.021569697613358887,81.26858535046085,11.193792524950593,10.920038529536532,13.050065193605237,8.042386087390142,5.007679106215096,30.233714987445524,3193.8109846080424,552.9255773517071,-228.73698616035745,3517.999575799392,-7.162381336780754e-08,1.9969681833587116e-10,-1.1161534529366432e-07,450,139.58592700958252
2b_y0.60 eq once-through h=0.35,2b_y0.60,0.6,87.78208564482954,0.0,87.78208564482954,23.957613912609865,0.0,equilibrium,equilibrium,,1.01325,1.01325,1.01325,native,False,1.0,0.0,0.35,True,1,once-through,0.9698161069695571,1.0,2.9094386730862065,7888.239738348953,0.6482832236637374,1206.7016708892454,86.40511908653797,0.07160437510860833,112.43123106501503,0.0,34.85150348488499,12.464452699370963,47.31595618425595,34.85166165368602,12.464294530569926,0.0,12.464294530569926,0.5202644376871547,45.6698974270129,33.066643648136626,0.1878137112290029,4.638758430942624,46.08680884082928,5.898358826290231,5.570518602659644,11.699453349028252,8.042386087390142,3.6570672616381104,43.62124049513096,3030.936066508513,303.3743121064066,-1927.611098077524,1406.6992805373955,7.295511750271543e-16,-1.5198982813065716e-16,-2.279847421959857e-15,4,0.4586019515991211
2b_y0.60 eq once-through h=0.5,2b_y0.60,0.6,87.78208564482954,0.0,87.78208564482954,23.957613912609865,0.0,equilibrium,equilibrium,,1.01325,1.01325,1.01325,native,False,1.0,0.0,0.5,True,1,once-through,0.9698161069695571,1.0,2.9094386730862065,7888.239738348953,0.6482832236637374,1206.7016708892454,86.40511908653797,0.07160437510860833,294.6368114255863,0.0,34.85150348488499,11.558678137120022,46.41018162200502,34.85164351141037,11.558538110594649,0.0,11.558538110594649,0.4824578170746345,42.35115341846306,28.3691159882375,0.186273062556152,7.5618825566672685,49.40561932372803,4.733213674976126,4.2850143097381865,11.699453349028252,8.042386087390142,3.6570672616381104,47.275737367155585,3030.936066508513,303.3743121064066,-2224.309715508326,1110.0006631065935,-9.119389687839429e-16,-1.0639287969146e-15,-2.279847421959857e-15,4,0.49739599227905273
2b_y0.60 eq once-through h=0.75,2b_y0.60,0.6,87.78208564482954,0.0,87.78208564482954,23.957613912609865,0.0,equilibrium,equilibrium,,1.01325,1.01325,1.01325,native,False,1.0,0.0,0.75,True,1,once-through,0.9698161069695571,1.0,2.9094386730862065,7888.239738348953,0.6482832236637374,1206.7016708892454,86.40511908653797,0.07160437510860833,647.6723219512762,0.0,34.85150348488499,8.85099773406485,43.70250121894985,34.85160082717925,8.8509003917706,0.0,8.8509003917706,0.3694399794593906,32.4302119175283,22.75723166419048,0.18377570907491686,13.225631252030912,59.326717222159225,2.7954358232912164,2.1425071548690933,11.699453349028252,8.042386087390142,3.6570672616381104,51.64197007707879,3030.936066508513,303.3743121064066,-2710.546428139526,623.7639504753934,-1.8238779375678859e-16,-1.5198982813065714e-15,-1.1399237109799285e-15,4,0.4478929042816162
2b_y0.60 eq recycle h=0.35,2b_y0.60,0.6,87.78208564482954,0.0,87.78208564482954,23.957613912609865,0.0,equilibrium,equilibrium,,1.01325,1.01325,1.01325,native,True,0.05,0.95,0.35,True,131,direct,0.9698161069695569,1.020914480842166,1.0644145181194002,11882.16732236961,0.44125355236187547,2542.8355031021297,-40.955089241073104,-0.016106071034130986,11.49729286869475,3870.665992790803,35.58040458684029,21.974618891385802,57.5550234782261,35.91551653667466,21.63950694155145,0.0,21.63950694155145,0.9032413253041739,79.28840737580033,8.512866113094617,0.03192385433683882,0.002641829159010438,8.570271841165686,4.802755435542439,4.791034185923512,11.699453349028248,8.042386087390142,3.657067261638107,64.8198367518961,3094.326520805335,1127.7220157491217,-3197.2309814347586,1024.8175551196978,-5.069518519337634e-09,2.585018678473716e-10,-1.2923013487565524e-08,63,67.94066905975342
2b_y0.60 eq recycle h=0.5,2b_y0.60,0.6,87.78208564482954,0.0,87.78208564482954,23.957613912609865,0.0,equilibrium,equilibrium,,1.01325,1.01325,1.01325,native,True,0.05,0.95,0.5,True,109,direct,0.9698161069695569,1.0806174724162565,1.641580918087396,10615.314531692839,0.5282812374957894,2078.1801484259486,2.8139213488988446,0.0013540314832812543,141.43555510365786,2251.947631166254,37.66114360574277,20.987067813713868,58.64821141945664,35.9334830662861,22.714728353170518,0.0,22.714728353170518,0.9481214797110841,83.2280809337009,4.503980461294807,0.020909157379388105,0.010183259673632409,4.564769689803873,4.432782400509089,4.412060680167621,11.699453349028248,8.042386087390142,3.657067261638107,68.08456577357758,3275.2824712457,842.1916356032704,-3170.8259541487305,946.6481527002397,3.1879274298034942e-09,-9.62374969371164e-10,9.198366680330137e-09,40,53.749536991119385
2b_y0.60 eq recycle h=0.75,2b_y0.60,0.6,87.78208564482954,0.0,87.78208564482954,23.957613912609865,0.0,equilibrium,equilibrium,,1.01325,1.01325,1.01325,native,True,0.05,0.95,0.75,True,85,direct,0.969816106969557,1.639129631169787,4.287781310000625,12832.595062049877,0.714680404156097,1531.3008204474618,155.14560011628444,0.10131621301616577,1614.108257949919,1177.5807174047402,57.12613205289213,2.472420386422807,59.598552439314936,35.93348462353996,23.665067815774986,0.0,23.665067815774986,0.9877890136345798,86.71017979389238,0.8454820076267441,0.009973442932726463,0.0807321639372363,1.0826639401230982,4.079078570146555,4.014845316687237,11.69945334902825,8.042386087390142,3.6570672616381086,71.06888373759298,4968.097116795305,285.378509208593,-4284.60357887396,968.8720471299375,-2.205523848840585e-09,-5.291953869724844e-09,1.7048679642712723e-09,18,53.20444989204407
"2b_y0.60 kin once-through phi=0 (1.01,1.01,1.01) bar",2b_y0.60,0.6,87.78208564482954,0.0,87.78208564482954,23.957613912609865,0.0,kinetic,kinetic,0.0,1.01325,1.01325,1.01325,native,False,1.0,0.0,0.35,True,1,once-through,0.8728806831856022,1.0,2.6186420495568075,7598.221828393004,0.5672078401290612,1131.375109650936,0.0,0.0,3.9972937579925656,0.0,31.36820759930369,0.0,31.36820759930369,31.36820759930369,0.0,0.0,0.0,0.0,0.0,37.97249371407647,31.589884741382633,6.165855790850572,104.52028377840003,8.224171336675518,5.361988432156816,10.53006519360523,8.042386087390142,2.4876791062150905,20.40653066293084,2727.980709243213,461.8410530362956,-9.941691590622089,3179.8800706888865,1.8238779375678859e-16,-9.119389687839429e-16,6.839542265879571e-16,4,0.4127511978149414
"2b_y0.60 kin recycle phi=0 (1.01,1.01,1.01) bar",2b_y0.60,0.6,87.78208564482954,0.0,87.78208564482954,23.957613912609865,0.0,kinetic,kinetic,0.0,1.01325,1.01325,1.01325,native,True,0.05,0.95,0.35,True,302,direct,0.8728806831856023,1.147012606603676,0.6383173932811931,48200.00463095239,0.11030629213361998,1421.4058402046721,0.0,0.0,4.763267523680156,39777.98554441228,35.97972956296263,0.1834565788722532,36.163186141834885,35.922689921037154,0.2404962207977249,0.0,0.2404962207977249,0.010038404562114677,0.8811920890089981,25.227235438631695,39.25244930490231,0.018570013465727533,86.95118763672687,9.152953663118724,8.915890930190077,10.530065193605232,8.042386087390142,2.4876791062150923,25.96356533867969,3129.028264073608,580.2351178067581,-35.923158049802424,3673.3402238305634,-7.704434357980289e-08,8.158054024913023e-12,-1.238038790320459e-07,482,132.76998019218445
"2b_y0.60 kin once-through phi=0 (1.01,5,5) bar n=1",2b_y0.60,0.6,87.78208564482954,0.0,87.78208564482954,23.957613912609865,0.0,kinetic,kinetic,0.0,1.01325,5.0,5.0,1.0,False,1.0,0.0,0.35,True,1,once-through,0.8728806831856022,1.0,2.6186420495568075,7598.221828393004,0.6353440740992047,1267.2823269447474,0.0,0.0,20.27627630695099,0.0,31.36820759930369,0.0,31.36820759930369,31.36820759930369,0.0,0.0,0.0,0.0,0.0,31.995740966807205,34.937878820540725,6.427019507883513,104.52028377840023,7.851928108241776,5.183895614615006,10.53006519360523,8.042386087390142,2.4876791062150905,23.12567443814584,2727.980709243213,517.3200288549917,-51.25049012439657,3194.050247973808,1.0943267625407314e-15,3.039796562613143e-16,1.1399237109799285e-15,4,0.5236659049987793
"2b_y0.60 kin recycle phi=0 (1.01,5,5) bar n=1",2b_y0.60,0.6,87.78208564482954,0.0,87.78208564482954,23.957613912609865,0.0,kinetic,kinetic,0.0,1.01325,5.0,5.0,1.0,True,0.05,0.95,0.35,True,301,direct,0.8728806831856022,1.154657039974394,0.6626314686283856,46661.03410668748,0.11904133383355575,1455.914766665348,0.0,0.0,24.78783673524333,38196.178807686614,36.21952173591431,0.8440988100982925,37.06362054601261,35.92268992346171,1.140930622550898,0.0,1.140930622550898,0.047622882091374705,4.180435914398674,23.708552438070413,38.11750676024568,0.019535626102028712,83.65194441108684,8.931886127894977,8.71191475722362,10.53006519360523,8.042386087390142,2.4876791062150905,27.933393880429215,3149.882130842018,594.3220804771819,-172.57007770496512,3571.6341336142345,-7.427096080673437e-08,3.7623714045291e-11,-1.192791852036947e-07,459,134.2756371498108
"2b_y0.60 kin once-through phi=0.1 (1.01,1.01,1.01) bar",2b_y0.60,0.6,87.78208564482954,0.0,87.78208564482954,23.957613912609865,0.0,kinetic,kinetic,0.1,1.01325,1.01325,1.01325,native,False,1.0,0.0,0.35,True,1,once-through,0.8728806831856022,1.0,2.6186420495568075,7598.221828393004,0.5668394069023893,1101.9436621070697,28.696556111247617,0.02604176338414235,3.832248808167492,0.0,31.36820759930369,0.0,31.36820759930369,31.36820759930369,0.0,0.0,0.0,0.0,0.0,38.00583611172487,30.769495987205868,6.623586824413274,104.52028377839999,8.053140132791238,5.250139532505586,10.53006519360523,8.042386087390142,2.4876791062150905,20.905787009424515,2727.980709243213,386.98146577900496,-9.533427583887313,3105.4287474383304,0.0,1.3679084531759144e-15,-6.839542265879571e-16,4,0.4568760395050049
"2b_y0.60 kin recycle phi=0.1 (1.01,1.01,1.01) bar",2b_y0.60,0.6,87.78208564482954,0.0,87.78208564482954,23.957613912609865,0.0,kinetic,kinetic,0.1,1.01325,1.01325,1.01325,native,True,0.05,0.95,0.35,True,303,direct,0.8728806831856024,1.1473983962363208,0.6384490428207021,48182.67173240865,0.11030983873234224,1420.408126619608,1.0124746249663872,0.0007128054296450337,4.761367608693774,39758.490841864565,35.99183109224893,0.1833655106357394,36.175196602884675,35.922689921416755,0.2525066814679165,0.0,0.2525066814679165,0.01053972580028147,0.9251991128733276,25.226585758564866,39.224769221519686,0.018618744787745813,86.90718099725821,9.15088961633597,8.913879693681416,10.530065193605232,8.042386087390142,2.4876791062150923,25.981898352645576,3130.0806907492774,577.6105246897606,-35.90650059166802,3671.7847148473697,-7.528641524457952e-08,1.645593869170625e-11,-1.209593772393944e-07,482,132.2123899459839
"2b_y0.60 kin once-through phi=0.1 (1.01,5,5) bar n=1",2b_y0.60,0.6,87.78208564482954,0.0,87.78208564482954,23.957613912609865,0.0,kinetic,kinetic,0.1,1.01325,5.0,5.0,1.0,False,1.0,0.0,0.35,True,1,once-through,0.8728806831856022,1.0,2.6186420495568075,7598.221828393004,0.6336136049209602,1242.9159282038877,20.914736726035414,0.016827153189885393,19.660323859229322,0.0,31.36820759930369,0.0,31.36820759930369,31.36820759930369,0.0,0.0,0.0,0.0,0.0,32.14815440967965,34.272304702715886,6.7526729040605,104.52028377840013,7.736142939652037,5.106198659501841,10.53006519360523,8.042386087390142,2.4876791062150905,23.42874563446146,2727.980709243213,461.5702011971495,-49.694292293793005,3139.8566181465694,7.295511750271543e-16,-3.039796562613143e-16,2.2798474219598567e-16,4,0.4861738681793213
"2b_y0.60 kin recycle phi=0.1 (1.01,5,5) bar n=1",2b_y0.60,0.6,87.78208564482954,0.0,87.78208564482954,23.957613912609865,0.0,kinetic,kinetic,0.1,1.01325,5.0,5.0,1.0,True,0.05,0.95,0.35,True,302,direct,0.8728806831856024,1.1551737823159836,0.6627789196576069,46638.84576578903,0.11903457502107606,1454.534286361366,1.3551346824091297,0.0009316622475769256,24.786306979447716,38171.09485848624,36.23573101696059,0.8433823337746361,37.079113350735234,35.922689923780005,1.1564234269552263,0.0,1.1564234269552263,0.04826955769357956,4.237202447495841,23.709667752559163,38.080553520905625,0.01960089881886108,83.59517826301777,8.929312199536284,8.709402004943737,10.530065193605232,8.042386087390142,2.4876791062150923,27.956247703899646,3151.29179398152,590.790813541938,-172.47305065895364,3569.6095568645046,-7.251117393989261e-08,4.6160982691390013e-11,-1.1642654549567053e-07,459,134.32702612876892
"2b_y0.60 kin once-through phi=1 (1.01,1.01,1.01) bar",2b_y0.60,0.6,87.78208564482954,0.0,87.78208564482954,23.957613912609865,0.0,kinetic,kinetic,1.0,1.01325,1.01325,1.01325,native,False,1.0,0.0,0.35,True,1,once-through,0.8728806831856022,1.0,2.6186420495568075,7598.221828393004,0.5432078797556624,1010.2812713135971,73.2225716198451,0.07247741168619208,3.436748736025436,0.0,31.36820759930369,0.0,31.36820759930369,31.36820759930369,0.0,0.0,0.0,0.0,0.0,40.08062972519438,28.212875604570083,7.331572683560328,104.52028377840013,7.881282605665247,5.136866366511493,10.53006519360523,8.042386087390142,2.4876791062150905,20.851966807222507,2727.980709243213,252.05201586936667,-8.53462324102755,2971.498101871552,7.295511750271543e-16,1.5198982813065714e-15,0.0,4,0.5006248950958252
"2b_y0.60 kin recycle phi=1 (1.01,1.01,1.01) bar",2b_y0.60,0.6,87.78208564482954,0.0,87.78208564482954,23.957613912609865,0.0,kinetic,kinetic,1.0,1.01325,1.01325,1.01325,native,True,0.05,0.95,0.35,True,307,direct,0.8728806831856029,1.150786582663332,0.6395570152899849,48030.48670775001,0.1103280954998066,1411.5922068451546,9.904349087300261,0.007016437919727566,4.744836651465391,39587.31983530174,36.09811242747662,0.18255623123022915,36.28066865870685,35.922689924830046,0.35797873387680423,0.0,0.35797873387680423,0.014942169749566985,1.3116548246760702,25.223241432416764,38.98018643245804,0.019046726231157732,86.52072495180578,9.13287199944046,8.896322970760671,10.530065193605239,8.042386087390142,2.487679106215098,26.141926366163293,3139.323597961488,554.5385990107105,-35.75936755711308,3658.1028294150856,-7.674978072692511e-08,9.136199762830679e-11,-1.2312932951805064e-07,482,132.78546571731567
"2b_y0.60 kin once-through phi=1 (1.01,5,5) bar n=1",2b_y0.60,0.6,87.78208564482954,0.0,87.78208564482954,23.957613912609865,0.0,kinetic,kinetic,1.0,1.01325,5.0,5.0,1.0,False,1.0,0.0,0.35,True,1,once-through,0.8728806831856022,1.0,2.6186420495568075,7598.221828393004,0.6215192739624331,1068.6411752503493,171.06566055329336,0.16007773658283195,15.452963721900346,0.0,31.36820759930369,0.0,31.36820759930369,31.36820759930369,0.0,0.0,0.0,0.0,0.0,33.21329241916388,29.50650697514544,9.094045496338031,104.52028377839987,6.902268973109012,4.547537213439204,10.53006519360523,8.042386087390142,2.4876791062150905,25.620091632469688,2727.980709243213,61.599365900381585,-39.06437658842723,2750.515698555167,-5.471633812703657e-16,9.119389687839429e-16,-2.051862679763871e-15,4,0.5186002254486084
"2b_y0.60 kin recycle phi=1 (1.01,5,5) bar n=1",2b_y0.60,0.6,87.78208564482954,0.0,87.78208564482954,23.957613912609865,0.0,kinetic,kinetic,1.0,1.01325,5.0,5.0,1.0,True,0.05,0.95,0.35,True,307,direct,0.8728806831856021,1.1598990987777984,0.6641437039212745,46435.9407940513,0.11897735184558411,1441.927716974711,13.747019071405248,0.009533778225893099,24.772374028020522,37941.71118648564,36.38395572470724,0.8368276068158587,37.2207833315231,35.92268992728146,1.2980934042416379,0.0,1.2980934042416379,0.05418291692055354,4.7562894536067155,23.719113692166836,37.743120920604426,0.02019778089824822,83.07609122070973,8.9057411299695,8.686391238421141,10.530065193605228,8.042386087390142,2.4876791062150887,28.165536346934783,3164.182366134422,558.5064945957212,-171.5855501517854,3551.1033105783577,-7.261765412254135e-08,1.3311557928356402e-10,-1.1635869541251506e-07,459,137.34233498573303
2a_y0.65 eq once-through h=0.35,2a_y0.65,0.65,70.90091532851616,0.0,70.90091532851616,19.350380467877194,2.52,equilibrium,equilibrium,,1.01325,1.01325,1.01325,native,False,1.0,0.0,0.35,True,1,once-through,0.9698161069695571,1.0,4.3780513035829225,8754.655237080726,0.7244275707753958,999.445669459353,167.66114571058114,0.16775413695201352,284.96585779380246,0.0,34.85150348488499,9.12068565200568,43.97218913689067,34.851622212356936,9.120566924533732,0.0,9.120566924533732,0.4713378602386876,33.418285719907175,17.351899831015874,0.1344351020193141,8.710321882682084,41.457394746936345,7.498089678395848,7.054189409743732,14.219453349028251,6.495773378276651,7.723679970751601,42.708367901561445,3030.936066508513,40.817444608046216,-1886.051942586939,1185.7015685296199,-1.975867765698543e-15,-7.543585709488794e-16,-2.2581345893697635e-15,4,0.4557759761810303
2a_y0.65 eq once-through h=0.5,2a_y0.65,0.65,70.90091532851616,0.0,70.90091532851616,19.350380467877194,2.52,equilibrium,equilibrium,,1.01325,1.01325,1.01325,native,False,1.0,0.0,0.5,True,1,once-through,0.9698161069695571,1.0,4.3780513035829225,8754.655237080726,0.7244275707753958,999.445669459353,167.66114571058114,0.16775413695201352,578.2812096367501,0.0,34.85150348488499,6.455972710746912,41.30747619563191,34.85158214135129,6.45589405428061,0.0,6.45589405428061,0.3336313756206389,23.65476991381529,14.209555115561672,0.13274197056964135,13.415980072298494,51.22105737551483,6.027415701828215,5.426299545956717,14.219453349028251,6.495773378276651,7.723679970751601,45.153396729245976,3030.936066508513,40.817444608046216,-2251.4157078946055,820.3378032219534,-2.3710413188382514e-15,-2.2630757128466386e-15,-3.2460684722190348e-15,4,0.47696995735168457
2a_y0.65 eq once-through h=0.75,2a_y0.65,0.65,70.90091532851616,0.0,70.90091532851616,19.350380467877194,2.52,equilibrium,equilibrium,,1.01325,1.01325,1.01325,native,False,1.0,0.0,0.75,True,1,once-through,0.9698161069695571,1.0,4.3780513035829225,8754.655237080726,0.7244275707753958,999.445669459353,167.66114571058114,0.16775413695201352,1109.2773453403138,0.0,34.85150348488499,0.9963936985873012,35.84789718347229,34.85151484541091,0.996382338061387,0.0,0.996382338061387,0.051491614840103124,3.6508026239067175,10.848297313129338,0.13055166710711177,21.934751077390764,71.22527124164839,3.578310290541819,2.7131497729783587,14.219453349028251,6.495773378276651,7.723679970751601,47.76899147209089,3030.936066508513,40.817444608046216,-2853.7005884747905,218.05292264176842,-3.3589752016875227e-15,-3.5203399977614375e-15,-2.540401413040984e-15,4,0.5806758403778076
2a_y0.65 eq recycle h=0.35,2a_y0.65,0.65,70.90091532851616,0.0,70.90091532851616,19.350380467877194,2.52,equilibrium,equilibrium,,1.01325,1.01325,1.01325,native,True,0.05,0.95,0.35,True,49,direct,0.969816106969557,1.1678887792587918,3.6217842053406843,10754.87826473047,0.6833421086330512,1410.375657470854,148.67904563991888,0.1054180457896845,249.48836219146318,1010.7536625123278,40.702679860295866,14.140026588075667,54.84270644837154,35.93348428289652,18.909222165475022,0.0,18.909222165475022,0.9772015695952582,69.28448574476649,1.5528898142568421,0.010257275243035444,0.021207003695847406,1.6271893103679973,8.225485692643492,8.200502646277512,14.21945334902825,6.495773378276651,7.723679970751598,56.699345825894454,3539.796222726071,250.14357341856638,-2463.313763624842,1326.6260325197954,-4.675754732649768e-10,8.41414316017807e-10,-3.0886464299232415e-09,34,21.387064933776855
2a_y0.65 eq recycle h=0.5,2a_y0.65,0.65,70.90091532851616,0.0,70.90091532851616,19.350380467877194,2.52,equilibrium,equilibrium,,1.01325,1.01325,1.01325,native,True,0.05,0.95,0.5,True,41,direct,0.9698161069695571,1.448696888685938,5.317859305238721,12267.62003332848,0.7529717970887658,1216.5716480897186,212.06472733873377,0.17431338932788826,1003.120543165149,868.5246642312378,50.489264664580084,4.570924159744185,55.06018882432427,35.93348452956571,19.12670429475856,0.0,19.12670429475856,0.9884407351323169,70.08135286887267,0.6629843986365461,0.007527048082747167,0.056677501728750114,0.8303211708800855,8.134841794895328,8.088972497567061,14.219453349028251,6.495773378276651,7.723679970751601,57.424958061372,4390.90764935688,32.23520085236514,-3062.684401745035,1360.45844846421,-1.0183444636311376e-09,-2.0410181977507006e-09,1.3007577837838436e-09,22,24.291853189468384
2a_y0.65 eq recycle h=0.75,2a_y0.65,0.65,70.90091532851616,0.0,70.90091532851616,19.350380467877194,2.52,equilibrium,equilibrium,,1.01325,1.01325,1.01325,native,True,0.05,0.95,0.75,True,62,direct,0.9698161069695572,1.5847657725121695,10.763120734289346,19251.60177012574,0.8636045130662775,928.0636798403907,463.3020564573726,0.49921364936622853,1147.7788513600665,7050.570782168801,55.231469843434425,0.0,55.231469843434425,35.93348454427762,19.29798529915681,0.0,19.29798529915681,0.9972922925827032,70.708936394188,8.20172358578071e-05,1.6606661912613807e-05,0.07386515021206368,0.2027377979712793,8.06925005492425,7.33781146803961,14.219453349028251,6.495773378276651,7.723679970751601,57.9803095888607,4803.323736875364,-635.7715763214592,-2811.835024946532,1355.7171356073732,1.0689444612429116e-13,-2.58307487009601e-09,1.55562891861683e-11,19,26.41149401664734
"2a_y0.65 kin once-through phi=0 (1.01,1.01,1.01) bar",2a_y0.65,0.65,70.90091532851616,0.0,70.90091532851616,19.350380467877194,2.52,kinetic,kinetic,0.0,1.01325,1.01325,1.01325,native,False,1.0,0.0,0.35,True,1,once-through,0.8728806831856022,1.0,4.018017388737,8464.637327124778,0.6368893025407365,1026.0636350082582,0.0,0.0,4.556893656500222,0.0,31.36820759930369,0.0,31.36820759930369,31.36820759930369,0.0,0.0,0.0,0.0,0.0,25.71157884785973,28.63359921965612,6.17483345202233,87.63911346208666,10.952435289027598,7.137988588528587,13.050065193605231,6.495773378276651,6.55429181532858,18.52926335288636,2727.980709243213,418.85163075637746,-11.214889466916544,3135.6174505326735,0.0,7.543585709488794e-16,-2.8226682367122043e-16,4,0.47142481803894043
"2a_y0.65 kin recycle phi=0 (1.01,1.01,1.01) bar",2a_y0.65,0.65,70.90091532851616,0.0,70.90091532851616,19.350380467877194,2.52,kinetic,kinetic,0.0,1.01325,1.01325,1.01325,native,True,0.05,0.95,0.35,True,302,direct,0.8728806831856022,1.1492138925298367,1.2449458339929236,42321.96380126084,0.1550603638867557,1266.0875026148242,0.0,0.0,10.529529101362868,33021.19412886777,36.048779956879834,0.2073194727072731,36.25609942958711,35.92268992168791,0.3334095078991999,0.0,0.3334095078991999,0.01723012673847317,1.2216317569840884,15.18095481308195,34.685150811991065,0.01884807063534783,69.7295812573963,11.970351786688934,11.661318853071933,13.050065193605231,6.495773378276651,6.55429181532858,23.30538774718155,3135.0333296157005,516.8322870600948,-53.63685077145047,3598.228765904345,-6.565718090672588e-08,1.2999735526733548e-11,-1.1374408924331733e-07,477,131.62148118019104
"2a_y0.65 kin once-through phi=0 (1.01,5,5) bar n=1",2a_y0.65,0.65,70.90091532851616,0.0,70.90091532851616,19.350380467877194,2.52,kinetic,kinetic,0.0,1.01325,5.0,5.0,1.0,False,1.0,0.0,0.35,True,1,once-through,0.8728806831856022,1.0,4.018017388737,8464.637327124778,0.719126744069422,1158.552668584556,0.0,0.0,21.806100070998923,0.0,31.36820759930369,0.0,31.36820759930369,31.36820759930369,0.0,0.0,0.0,0.0,0.0,19.88994228533681,31.85569196910144,6.451562470530133,87.63911346208673,10.581429834774491,6.964374958930202,13.050065193605231,6.495773378276651,6.55429181532858,21.201765111412335,2727.980709243213,472.9352624897095,-55.03032803877301,3145.8856436941496,3.9517355313970853e-16,6.286321424573996e-16,8.468004710136613e-16,4,0.48141908645629883
"2a_y0.65 kin recycle phi=0 (1.01,5,5) bar n=1",2a_y0.65,0.65,70.90091532851616,0.0,70.90091532851616,19.350380467877194,2.52,kinetic,kinetic,0.0,1.01325,5.0,5.0,1.0,True,0.05,0.95,0.35,True,299,direct,0.8728806831856024,1.1652070329235442,1.3187136797598684,40226.78864817101,0.17078402297947282,1296.332902953025,0.0,0.0,52.423510163712024,30836.400095398414,36.55045610491444,0.9388288556546233,37.489284960569066,35.922689926169795,1.5665950343992592,0.0,1.5665950343992592,0.08095939183210904,5.740094985336525,13.849924659006723,32.652948095184776,0.020868256790342463,65.21111858595002,11.70163185731173,11.417958630355521,13.050065193605233,6.495773378276651,6.554291815328582,25.697426244002187,3178.6623080899517,529.1788266140069,-254.93247024459274,3452.908664459366,-6.282696609712274e-08,6.29642982942471e-11,-1.0907537368071627e-07,441,132.33819389343262
"2a_y0.65 kin once-through phi=0.1 (1.01,1.01,1.01) bar",2a_y0.65,0.65,70.90091532851616,0.0,70.90091532851616,19.350380467877194,2.52,kinetic,kinetic,0.1,1.01325,1.01325,1.01325,native,False,1.0,0.0,0.35,True,1,once-through,0.8728806831856022,1.0,4.018017388737,8464.637327124778,0.6418435292833218,985.6385007422401,48.40666556176063,0.04911198733136717,4.287979522489479,0.0,31.36820759930369,0.0,31.36820759930369,31.36820759930369,0.0,0.0,0.0,0.0,0.0,25.362805662728338,27.50724123606536,6.947107398177722,87.63911346208657,10.645321283182131,6.937233306262245,13.050065193605231,6.495773378276651,6.55429181532858,19.536988104781354,2727.980709243213,296.3392468691247,-10.5583254410115,3013.7616306713257,-3.9517355313970853e-16,-1.0058114279318392e-15,-2.8226682367122043e-16,4,0.5090911388397217
"2a_y0.65 kin recycle phi=0.1 (1.01,1.01,1.01) bar",2a_y0.65,0.65,70.90091532851616,0.0,70.90091532851616,19.350380467877194,2.52,kinetic,kinetic,0.1,1.01325,1.01325,1.01325,native,True,0.05,0.95,0.35,True,304,direct,0.8728806831856026,1.150802469202067,1.246661216555611,42250.68672141422,0.15522165820837097,1262.2601474367366,4.160775877314222,0.003296290297814981,10.530024769137015,32941.015328704976,36.09861075972167,0.20679493188664155,36.30540569160832,35.922689922883805,0.3827157687245094,0.0,0.3827157687245094,0.019778203811539562,1.402292753792102,15.166277724729957,34.57915827377089,0.01904873295184004,69.5489203285262,11.961327933416191,11.65252744751529,13.050065193605237,6.495773378276651,6.554291815328585,23.385566156065625,3139.3669361326924,506.1578360368743,-53.56987576782227,3591.9548964017445,-6.530017696949717e-08,3.5351254257520356e-11,-1.1311759083037504e-07,477,132.53331089019775
"2a_y0.65 kin once-through phi=0.1 (1.01,5,5) bar n=1",2a_y0.65,0.65,70.90091532851616,0.0,70.90091532851616,19.350380467877194,2.52,kinetic,kinetic,0.1,1.01325,5.0,5.0,1.0,False,1.0,0.0,0.35,True,1,once-through,0.8728806831856022,1.0,4.018017388737,8464.637327124778,0.7179453186202631,1127.9541053053367,28.695222014072897,0.025440061682567405,20.997451341957856,0.0,31.36820759930369,0.0,31.36820759930369,31.36820759930369,0.0,0.0,0.0,0.0,0.0,19.974483986666762,31.020781578955845,6.898946765741899,87.63911346208667,10.416644594434954,6.854062440542323,13.050065193605231,6.495773378276651,6.55429181532858,21.669072410913905,2727.980709243213,397.60216608821656,-52.988384864859405,3072.5944904665703,0.0,0.0,2.8226682367122043e-16,4,0.4720149040222168
"2a_y0.65 kin recycle phi=0.1 (1.01,5,5) bar n=1",2a_y0.65,0.65,70.90091532851616,0.0,70.90091532851616,19.350380467877194,2.52,kinetic,kinetic,0.1,1.01325,5.0,5.0,1.0,True,0.05,0.95,0.35,True,301,direct,0.8728806831856026,1.1668549286852556,1.319667030377325,40157.62973628413,0.17079566747037778,1292.0783680245004,4.275280864064712,0.0033088402142366366,52.464887030272166,30758.00706378827,36.602147641269745,0.935496453875111,37.537644095144856,35.92268992704746,1.6149541680973885,0.0,1.6149541680973885,0.08345852272922025,5.917285653467486,13.849007333784995,32.540393748770214,0.02107641204445338,65.03392813481922,11.693394467743229,11.409922163059205,13.050065193605237,6.495773378276651,6.554291815328585,25.770569130352044,3183.157735938739,518.0792302880747,-254.60407384086326,3446.63289238595,-6.17398774397742e-08,8.38270903852663e-11,-1.0715619497254973e-07,441,132.8156979084015
"2a_y0.65 kin once-through phi=1 (1.01,1.01,1.01) bar",2a_y0.65,0.65,70.90091532851616,0.0,70.90091532851616,19.350380467877194,2.52,kinetic,kinetic,1.0,1.01325,1.01325,1.01325,native,False,1.0,0.0,0.35,True,1,once-through,0.8728806831856022,1.0,4.018017388737,8464.637327124778,0.6261512398700361,844.318685391345,164.4453410775776,0.19476690960754536,3.5481482602473307,0.0,31.36820759930369,0.0,31.36820759930369,31.36820759930369,0.0,0.0,0.0,0.0,0.0,26.47864367541226,23.567533539167083,8.796846756537823,87.63911346208671,9.999109086696718,6.514190470714351,13.050065193605231,6.495773378276651,6.55429181532858,21.15397585875533,2727.980709243213,-15.473331161094949,-8.715677076663265,2703.791701005455,3.9517355313970853e-16,-1.257264284914799e-16,5.645336473424409e-16,4,0.4875211715698242
"2a_y0.65 kin recycle phi=1 (1.01,1.01,1.01) bar",2a_y0.65,0.65,70.90091532851616,0.0,70.90091532851616,19.350380467877194,2.52,kinetic,kinetic,1.0,1.01325,1.01325,1.01325,native,True,0.05,0.95,0.35,True,322,direct,0.8728806831856026,1.1654226379607446,1.2624254991638004,41594.8562343277,0.15669268106791545,1226.986950933504,42.4510561024112,0.03459780568172629,10.537230191784886,32203.25952095861,36.557219248480756,0.2018868641229381,36.759106112603696,35.92268993238125,0.8364161802224327,0.0,0.8364161802224327,0.043224792484619835,3.0646773520447126,15.033464309216715,33.6024222222901,0.02089549111083093,67.88653611751094,11.878395838514248,11.571731691443503,13.050065193605237,6.495773378276651,6.554291815328585,24.122425693132964,3179.250474472247,407.9033685333365,-52.94969599782308,3534.20414700776,-6.321680757350993e-08,2.3206973922885685e-10,-1.0942975798423455e-07,476,141.3634967803955
"2a_y0.65 kin once-through phi=1 (1.01,5,5) bar n=1",2a_y0.65,0.65,70.90091532851616,0.0,70.90091532851616,19.350380467877194,2.52,kinetic,kinetic,1.0,1.01325,5.0,5.0,1.0,False,1.0,0.0,0.35,True,1,once-through,0.8728806831856022,1.0,4.018017388737,8464.637327124778,0.7119713481462596,909.7951898009156,237.22974308207324,0.2607507115244087,15.497212619195466,0.0,31.36820759930369,0.0,31.36820759930369,31.36820759930369,0.0,0.0,0.0,0.0,0.0,20.403712933394097,25.060603964294526,10.15622575740655,87.63911346208681,9.208355722865287,6.046883337789289,13.050065193605231,6.495773378276651,6.55429181532858,25.14714291309625,2727.980709243213,-148.14250047431733,-39.10340414040318,2540.7348046284924,7.903471062794171e-16,8.800849994403594e-16,5.645336473424409e-16,4,0.46610093116760254
"2a_y0.65 kin recycle phi=1 (1.01,5,5) bar n=1",2a_y0.65,0.65,70.90091532851616,0.0,70.90091532851616,19.350380467877194,2.52,kinetic,kinetic,1.0,1.01325,5.0,5.0,1.0,True,0.05,0.95,0.35,True,319,direct,0.8728806831856022,1.1827104007737468,1.3294615094794018,39492.43788972095,0.17101370140712968,1251.342793973552,45.399552086901906,0.03628066769996636,52.87397465471247,30003.96777254069,37.09950538132662,0.9032237624532664,38.00272914377989,35.92268993554801,2.0800392082318915,0.0,2.0800392082318915,0.10749345273519982,7.621384190748256,13.831857538311075,31.46322050643899,0.023079208518789075,63.32982979111058,11.613791096459211,11.33226259238025,13.050065193605231,6.495773378276651,6.55429181532858,26.47741695539157,3226.411157932095,411.3885279760516,-251.44492379682754,3386.3547621113194,-6.063056185075575e-08,2.957436374855099e-10,-1.0495207849089299e-07,440,135.46641397476196
2b_y0.65 eq once-through h=0.35,2b_y0.65,0.65,70.90091532851616,0.0,70.90091532851616,19.350380467877194,0.0,equilibrium,equilibrium,,1.01325,1.01325,1.01325,native,False,1.0,0.0,0.35,True,1,once-through,0.9698161069695571,1.0,3.602162166678161,7504.655237080727,0.6890012799677588,999.6991256734924,110.33484303153794,0.11036804994423287,170.648790050581,0.0,34.85150348488499,9.999305945130287,44.85080943001528,34.85164651760699,9.99916291240829,0.0,9.99916291240829,0.5167424448840945,36.63751233137761,21.67247619048714,0.1433732762122238,5.956647290997693,38.238079079621436,6.0666456734460725,5.7163426090339975,11.699453349028252,6.495773378276651,5.2036799707516,39.244635041272005,3030.936066508513,166.46656841671978,-1728.757906634722,1468.6447282905106,-1.38310743598898e-15,-2.1278575938292e-15,-5.645336473424409e-16,4,0.4781482219696045
2b_y0.65 eq once-through h=0.5,2b_y0.65,0.65,70.90091532851616,0.0,70.90091532851616,19.350380467877194,0.0,equilibrium,equilibrium,,1.01325,1.01325,1.01325,native,False,1.0,0.0,0.5,True,1,once-through,0.9698161069695571,1.0,3.602162166678161,7504.655237080727,0.6890012799677588,999.6991256734924,110.33484303153794,0.11036804994423287,386.1563303044989,0.0,34.85150348488499,8.377206446718771,43.22870993160377,34.85161441788801,8.377095513715757,0.0,8.377095513715757,0.4329163205665254,30.694163388819977,18.13400764607818,0.14182239789710369,9.4140347592913,44.1815456374092,4.873414664771885,4.397186622333844,11.699453349028252,6.495773378276651,5.2036799707516,41.99766676232733,3030.936066508513,166.46656841671978,-2028.4410016189604,1168.9616333062722,-2.76621487197796e-15,-2.4318372500905145e-15,-2.9638016485478146e-15,4,0.45949602127075195
2b_y0.65 eq once-through h=0.75,2b_y0.65,0.65,70.90091532851616,0.0,70.90091532851616,19.350380467877194,0.0,equilibrium,equilibrium,,1.01325,1.01325,1.01325,native,False,1.0,0.0,0.75,True,1,once-through,0.9698161069695571,1.0,3.602162166678161,7504.655237080727,0.6890012799677588,999.6991256734924,110.33484303153794,0.11036804994423287,788.1742986244751,0.0,34.85150348488499,4.636269445535904,39.487772930420896,34.851560143394195,4.636212787026698,0.0,4.636212787026698,0.23959284907721026,16.987352305741236,14.151871527777388,0.13961067773070834,15.863609025048676,57.88855558537827,2.887470593396883,2.198593311166922,11.699453349028252,6.495773378276651,5.2036799707516,45.09616975815303,3030.936066508513,166.46656841671978,-2520.956665274142,676.4459696510908,-2.9638016485478142e-15,-3.343776218874457e-15,-3.810602119561476e-15,4,0.4639890193939209
2b_y0.65 eq recycle h=0.35,2b_y0.65,0.65,70.90091532851616,0.0,70.90091532851616,19.350380467877194,0.0,equilibrium,equilibrium,,1.01325,1.01325,1.01325,native,True,0.05,0.95,0.35,True,85,direct,0.9698161069695569,1.0644980467362644,2.0924672211460327,9534.975459717285,0.5777225172307037,1708.5079810303016,38.83961789498875,0.022733062020328893,58.510003071986716,1650.1945129942162,37.099357385482186,17.281201886708395,54.38055927219059,35.933482373858666,18.447076898331915,0.0,18.447076898331915,0.9533185628548845,67.59115870607687,3.2739416352583794,0.015421615665644088,0.008147121693001825,3.3205229750194922,5.866818815716237,5.850784862298318,11.699453349028248,6.495773378276651,5.203679970751597,55.29390965861149,3226.425522580808,612.3895291764026,-2488.5916008039194,1350.223450953291,-2.288457356942785e-09,6.462429664016629e-10,-7.581196021802616e-09,37,35.487958908081055
2b_y0.65 eq recycle h=0.5,2b_y0.65,0.65,70.90091532851616,0.0,70.90091532851616,19.350380467877194,0.0,equilibrium,equilibrium,,1.01325,1.01325,1.01325,native,True,0.05,0.95,0.5,True,59,direct,0.9698161069695569,1.2253720500822276,3.360725195508964,9827.543498412038,0.6693748763012701,1369.2442985431003,103.9613035631163,0.07592604451501674,461.4550508946077,994.6354721985729,42.70605827372145,12.182280981038968,54.88833925476042,35.93348467521131,18.9548545795491,0.0,18.9548545795491,0.9795597875202149,69.45168555419004,1.3660788457251338,0.010058221062101299,0.028468048431439293,1.4599881771790046,5.68653095389656,5.656268351051814,11.699453349028248,6.495773378276651,5.203679970751597,56.84643207820507,3714.024341485701,331.28949516084316,-2706.078878466264,1339.23495818028,9.369426634198891e-11,-1.5619404916454488e-09,2.9301095748073585e-09,25,25.247281074523926
2b_y0.65 eq recycle h=0.75,2b_y0.65,0.65,70.90091532851616,0.0,70.90091532851616,19.350380467877194,0.0,equilibrium,equilibrium,,1.01325,1.01325,1.01325,native,True,0.05,0.95,0.75,True,66,direct,0.969816106969557,1.5847587078668142,7.775516795299558,14452.200090788456,0.8150581084297825,1010.9365885796068,302.50395399341176,0.29923138346237715,1308.5563990697024,3501.2107390277233,55.23122362992218,0.0,55.23122362992218,35.93348361845832,19.29774001146386,0.0,19.29774001146386,0.9972796164653855,70.70803764586736,0.0008903783825679198,7.54487871001428e-05,0.07386425783580812,0.20363993876081035,5.549328333340597,5.195682328265808,11.69945334902825,6.495773378276651,5.203679970751598,57.969373195796514,4803.302324386958,-249.78963048635907,-3184.783553807359,1368.7291400932404,1.1600319652416144e-12,-1.607059432075175e-09,1.2983709355228797e-11,38,27.367990970611572
"2b_y0.65 kin once-through phi=0 (1.01,1.01,1.01) bar",2b_y0.65,0.65,70.90091532851616,0.0,70.90091532851616,19.350380467877194,0.0,kinetic,kinetic,0.0,1.01325,1.01325,1.01325,native,False,1.0,0.0,0.35,True,1,once-through,0.8728806831856022,1.0,3.2421282518322387,7214.637327124778,0.6024038968910415,970.5057530741421,0.0,0.0,3.7930182443059834,0.0,31.36820759930369,3.516035119305316e-21,31.36820759930369,31.36820759930369,3.516035119305316e-21,0.0,3.516035119305316e-21,1.817036685734499e-22,1.2882956420406933e-20,28.167689303487784,27.091777531279046,6.162578598784498,87.63911346208657,8.549566709225791,5.572791637015049,10.53006519360523,6.495773378276651,4.03429181532858,17.51351471134101,2727.980709243213,396.17222895758664,-9.390244810432153,3114.762693390367,-3.9517355313970853e-16,7.599491406532857e-16,-4.2340023550683065e-16,4,0.41527295112609863
"2b_y0.65 kin recycle phi=0 (1.01,1.01,1.01) bar",2b_y0.65,0.65,70.90091532851616,0.0,70.90091532851616,19.350380467877194,0.0,kinetic,kinetic,0.0,1.01325,1.01325,1.01325,native,True,0.05,0.95,0.35,True,302,direct,0.8728806831856023,1.1477055014480477,0.9083321907364387,40598.23655459785,0.13235801782396128,1213.3541791865755,0.0,0.0,6.5783033948148955,32555.919275955894,36.00146443228532,0.18160308731605396,36.183067519601366,35.92268992124327,0.2603775983581066,0.0,0.2603775983581066,0.013455942057074753,0.9540386084540766,17.50205126680868,33.378509148129034,0.018657537025016577,69.99717421345824,9.569008432217194,9.321557585103074,10.530065193605232,6.495773378276651,4.034291815328582,22.245892889280018,3130.918467842584,495.3059043294723,-40.281377395618584,3585.942994776438,-6.661533569613121e-08,1.060007459348829e-11,-1.1849414253156065e-07,479,134.41636610031128
"2b_y0.65 kin once-through phi=0 (1.01,5,5) bar n=1",2b_y0.65,0.65,70.90091532851616,0.0,70.90091532851616,19.350380467877194,0.0,kinetic,kinetic,0.0,1.01325,5.0,5.0,1.0,False,1.0,0.0,0.35,True,1,once-through,0.8728806831856022,1.0,3.2421282518322387,7214.637327124778,0.6783841796896559,1092.9141603849482,0.0,0.0,18.76844131293865,0.0,31.36820759930369,0.0,31.36820759930369,31.36820759930369,0.0,0.0,0.0,0.0,0.0,22.786206057546305,30.09741865372486,6.402829311074572,87.63911346208671,8.212475997105832,5.412387660074959,10.53006519360523,6.495773378276651,4.03429181532858,19.967309132741313,2727.980709243213,446.1408266849652,-47.40685066644809,3126.71468526173,3.9517355313970853e-16,-4.559694843919714e-16,8.468004710136613e-16,4,0.472667932510376
"2b_y0.65 kin recycle phi=0 (1.01,5,5) bar n=1",2b_y0.65,0.65,70.90091532851616,0.0,70.90091532851616,19.350380467877194,0.0,kinetic,kinetic,0.0,1.01325,5.0,5.0,1.0,True,0.05,0.95,0.35,True,300,direct,0.8728806831856025,1.15797808134883,0.952028002955521,38947.34580670184,0.14422772886000845,1242.4462767786754,0.0,0.0,33.4872941930858,30847.465279901357,36.32369685119344,0.8285066939218451,37.152203545115285,35.922689924378105,1.2295136207371746,0.0,1.2295136207371746,0.06353950625302908,4.505009152861738,16.221765746575247,31.93104208554186,0.019955126065115375,66.44620410115606,9.34720515383145,9.118779932345882,10.530065193605235,6.495773378276651,4.034291815328584,24.221303554688202,3158.941867646074,507.1816517030504,-192.59313180838126,3473.5303875407435,-6.44255600909446e-08,5.04537833971123e-11,-1.146959814633859e-07,450,134.8302400112152
"2b_y0.65 kin once-through phi=0.1 (1.01,1.01,1.01) bar",2b_y0.65,0.65,70.90091532851616,0.0,70.90091532851616,19.350380467877194,0.0,kinetic,kinetic,0.1,1.01325,1.01325,1.01325,native,False,1.0,0.0,0.35,True,1,once-through,0.8728806831856022,1.0,3.2421282518322387,7214.637327124778,0.6040048179270597,939.9419477066923,33.14297705556652,0.03526066384890053,3.6085199390395815,0.0,31.36820759930369,0.0,31.36820759930369,31.36820759930369,0.0,0.0,0.0,0.0,0.0,28.05555070301474,26.239982356322173,6.6913314733755636,87.63911346208661,8.345096893695565,5.4391202190340975,10.53006519360523,6.495773378276651,4.03429181532858,18.151750781098503,2727.980709243213,311.1127600549154,-8.936379605414778,3030.1570896927133,-1.9758677656985426e-16,-3.039796562613143e-16,5.645336473424409e-16,4,0.4472839832305908
"2b_y0.65 kin recycle phi=0.1 (1.01,1.01,1.01) bar",2b_y0.65,0.65,70.90091532851616,0.0,70.90091532851616,19.350380467877194,0.0,kinetic,kinetic,0.1,1.01325,1.01325,1.01325,native,True,0.05,0.95,0.35,True,303,direct,0.8728806831856023,1.1484794358233847,0.9088975626742526,40563.45984281202,0.13240660862391496,1211.451220084742,2.0296453300751978,0.001675383454509396,6.575976693605014,32516.805759108818,36.02574136643905,0.18139242518258836,36.207133791621644,35.9226899219321,0.284443869689537,0.0,0.284443869689537,0.014699652555242058,1.0422188211778232,17.496475089128367,33.32576420315469,0.018755297156638054,69.9089939403865,9.564676709682375,9.317337023452733,10.530065193605232,6.495773378276651,4.034291815328582,22.28437769012412,3133.029745888718,490.08418029132986,-40.24808315896493,3582.865843021083,-6.690078219911771e-08,2.5630500687157108e-11,-1.1898345207039471e-07,479,108.5543167591095
"2b_y0.65 kin once-through phi=0.1 (1.01,5,5) bar n=1",2b_y0.65,0.65,70.90091532851616,0.0,70.90091532851616,19.350380467877194,0.0,kinetic,kinetic,0.1,1.01325,5.0,5.0,1.0,False,1.0,0.0,0.35,True,1,once-through,0.8728806831856022,1.0,3.2421282518322387,7214.637327124778,0.6768721723477414,1068.3770550683082,22.10117847155817,0.020686683944316924,18.13853407310063,0.0,31.36820759930369,0.0,31.36820759930369,31.36820759930369,0.0,0.0,0.0,0.0,0.0,22.89397330469683,29.427418726385635,6.747292915445058,87.63911346208673,8.087554438242979,5.3286955458053775,10.53006519360523,6.495773378276651,4.03429181532858,20.309693037320695,2727.980709243213,387.7230130934673,-45.81583776947516,3069.8878845672048,3.9517355313970853e-16,-4.559694843919714e-16,-2.8226682367122043e-16,4,0.4759218692779541
"2b_y0.65 kin recycle phi=0.1 (1.01,5,5) bar n=1",2b_y0.65,0.65,70.90091532851616,0.0,70.90091532851616,19.350380467877194,0.0,kinetic,kinetic,0.1,1.01325,5.0,5.0,1.0,True,0.05,0.95,0.35,True,301,direct,0.8728806831856026,1.1588601354264019,0.9524248277318066,38909.84666258893,0.14422314847287154,1240.1321782045743,2.303531527922189,0.0018574887164505094,33.494300518293585,30805.02347306428,36.35136530661255,0.8270372751032833,37.17840258171582,35.922689924996654,1.2557126567191719,0.0,1.2557126567191719,0.06489343497941713,4.601003938852222,16.22222973730744,31.869455337702743,0.020066543422282354,66.35020931869042,9.342786998532423,9.114467665865247,10.530065193605237,6.495773378276651,4.034291815328586,24.260534049062095,3161.3480941542007,501.1922861500719,-192.41984613268818,3470.1205341715845,-6.439697165541625e-08,6.601009429611319e-11,-1.1461199551040394e-07,450,118.96131610870361
"2b_y0.65 kin once-through phi=1 (1.01,1.01,1.01) bar",2b_y0.65,0.65,70.90091532851616,0.0,70.90091532851616,19.350380467877194,0.0,kinetic,kinetic,1.0,1.01325,1.01325,1.01325,native,False,1.0,0.0,0.35,True,1,once-through,0.8728806831856022,1.0,3.2421282518322387,7214.637327124778,0.5817732685157162,840.4234755731495,96.84520245695592,0.11523381398991706,3.1438756561977925,0.0,31.36820759930369,0.0,31.36820759930369,31.36820759930369,0.0,0.0,0.0,0.0,0.0,29.632859783103854,23.464802430196606,7.705851987260422,87.63911346208673,8.034890657944391,5.235627640253978,10.53006519360523,6.495773378276651,4.03429181532858,18.64449190112815,2727.980709243213,130.9805594563032,-7.7694007957197115,2851.1918679037963,3.9517355313970853e-16,1.2159186250452572e-15,0.0,4,0.27652692794799805
"2b_y0.65 kin recycle phi=1 (1.01,1.01,1.01) bar",2b_y0.65,0.65,70.90091532851616,0.0,70.90091532851616,19.350380467877194,0.0,kinetic,kinetic,1.0,1.01325,1.01325,1.01325,native,True,0.05,0.95,0.35,True,313,direct,0.8728806831856024,1.1553907741512939,0.9138449902410499,40252.968419075034,0.13281768627246104,1194.3957962352542,20.154170517858233,0.01687394629266475,6.555680262077772,32167.586081406444,36.24253766189802,0.17948801425587566,36.4220256761539,35.92268992733371,0.4993357488201954,0.0,0.4993357488201954,0.025804957667324577,1.8295951186269235,17.449417513636703,32.8530565468287,0.019628308313847685,69.12161819633914,9.526123164778543,9.279772722680072,10.530065193605232,6.495773378276651,4.034291815328582,22.62689673884614,3151.8837435223145,443.4293305214776,-39.948966642037846,3555.364107401754,-6.40712316762574e-08,1.5051248700122717e-10,-1.1378571386160341e-07,479,87.32960271835327
"2b_y0.65 kin once-through phi=1 (1.01,5,5) bar n=1",2b_y0.65,0.65,70.90091532851616,0.0,70.90091532851616,19.350380467877194,0.0,kinetic,kinetic,1.0,1.01325,5.0,5.0,1.0,False,1.0,0.0,0.35,True,1,once-through,0.8728806831856022,1.0,3.2421282518322387,7214.637327124778,0.6671514151703675,893.2907153942416,181.526844611529,0.20321138626344573,13.850340893993803,0.0,31.36820759930369,0.0,31.36820759930369,31.36820759930369,0.0,0.0,0.0,0.0,0.0,23.587136400391675,24.640847023055475,9.236163394156199,87.63911346208678,7.181035979596608,4.7224831136750005,10.53006519360523,6.495773378276651,4.03429181532858,22.818218296748046,2727.980709243213,-32.89076062941445,-34.985868843081434,2660.104079770717,7.903471062794171e-16,1.0639287969146e-15,7.05667059178051e-16,4,0.45995378494262695
"2b_y0.65 kin recycle phi=1 (1.01,5,5) bar n=1",2b_y0.65,0.65,70.90091532851616,0.0,70.90091532851616,19.350380467877194,0.0,kinetic,kinetic,1.0,1.01325,5.0,5.0,1.0,True,0.05,0.95,0.35,True,312,direct,0.872880683185602,1.1670826041627835,0.9562414180872658,38560.29919165809,0.14420549825595386,1218.6191998303875,23.775689532139097,0.0195103519913754,33.5608732855697,30409.40072085846,36.6092894129142,0.8133101681897552,37.42259958110396,35.92268992996433,1.4999096511396348,0.0,1.4999096511396348,0.07751318655618042,5.4957558768632255,16.224016348677633,31.29703085347226,0.02110517105214109,65.45545810971589,9.301489759499832,9.074160570518009,10.530065193605227,6.495773378276651,4.034291815328577,24.627234296056685,3183.7788302494077,445.38650953513815,-190.80387434493454,3438.361465439611,-6.070825494717078e-08,2.0118726360844142e-10,-1.0776430962953313e-07,449,115.83748292922974
