case,config,y_CH4_biogas,H2_electrolysis_tpd,value_type,mode,phi,P2_bar,pressure_order,recycle,h_H2_to_CFR,heat_recovery_fraction,demand_definition,Q1_kW,Q2_kW,Q3_kW,exothermic_pool_kW,high_T_demand_kW,preheat_credit_kW,Q_fired_kW,H2_burned_tpd,H2_exportable_before_heat_tpd,H2_net_after_heat_tpd,self_sufficient_H2,H2_burned_share_of_exportable,C_total_tpd,CO2_carbon_fixed_fraction,CO2_fixed_as_CO2_tpd
submitted eq once-through h=0.35,submitted,,2.52,equilibrium,equilibrium,,1.01325,native,False,0.35,0.0,Q1 only,3030.936066508513,-196.44509421947728,-1478.5168102374107,1674.961904456888,3030.936066508513,0.0,3565.8071370688385,2.5683937427136296,7.940370026788613,5.371976284074983,True,0.32346020828356603,36.32766463382271,0.1287771302315683,5.4086394697258715
submitted eq once-through h=0.35,submitted,,2.52,equilibrium,equilibrium,,1.01325,native,False,0.35,0.0,Q1 + Q2+,3030.936066508513,-196.44509421947728,-1478.5168102374107,1674.961904456888,3030.936066508513,0.0,3565.8071370688385,2.5683937427136296,7.940370026788613,5.371976284074983,True,0.32346020828356603,36.32766463382271,0.1287771302315683,5.4086394697258715
submitted eq once-through h=0.35,submitted,,2.52,equilibrium,equilibrium,,1.01325,native,False,0.35,0.25,Q1 only,3030.936066508513,-196.44509421947728,-1478.5168102374107,1674.961904456888,3030.936066508513,418.740476114222,3073.171282816813,2.2135560308408073,7.940370026788613,5.726813995947806,True,0.2787724027183722,36.32766463382271,0.1287771302315683,5.4086394697258715
submitted eq once-through h=0.35,submitted,,2.52,equilibrium,equilibrium,,1.01325,native,False,0.35,0.25,Q1 + Q2+,3030.936066508513,-196.44509421947728,-1478.5168102374107,1674.961904456888,3030.936066508513,418.740476114222,3073.171282816813,2.2135560308408073,7.940370026788613,5.726813995947806,True,0.2787724027183722,36.32766463382271,0.1287771302315683,5.4086394697258715
submitted eq once-through h=0.35,submitted,,2.52,equilibrium,equilibrium,,1.01325,native,False,0.35,0.5,Q1 only,3030.936066508513,-196.44509421947728,-1478.5168102374107,1674.961904456888,3030.936066508513,837.480952228444,2580.535428564787,1.8587183189679846,7.940370026788613,6.081651707820628,True,0.23408459715317836,36.32766463382271,0.1287771302315683,5.4086394697258715
submitted eq once-through h=0.35,submitted,,2.52,equilibrium,equilibrium,,1.01325,native,False,0.35,0.5,Q1 + Q2+,3030.936066508513,-196.44509421947728,-1478.5168102374107,1674.961904456888,3030.936066508513,837.480952228444,2580.535428564787,1.8587183189679846,7.940370026788613,6.081651707820628,True,0.23408459715317836,36.32766463382271,0.1287771302315683,5.4086394697258715
submitted eq once-through h=0.5,submitted,,2.52,equilibrium,equilibrium,,1.01325,native,False,0.5,0.0,Q1 only,3030.936066508513,-196.44509421947728,-1789.745696996653,1986.1907912161303,3030.936066508513,0.0,3565.8071370688385,2.5683937427136296,6.711642224243293,4.143248481529663,True,0.3826773920451644,34.85150348488499,0.0,0.0
submitted eq once-through h=0.5,submitted,,2.52,equilibrium,equilibrium,,1.01325,native,False,0.5,0.0,Q1 + Q2+,3030.936066508513,-196.44509421947728,-1789.745696996653,1986.1907912161303,3030.936066508513,0.0,3565.8071370688385,2.5683937427136296,6.711642224243293,4.143248481529663,True,0.3826773920451644,34.85150348488499,0.0,0.0
submitted eq once-through h=0.5,submitted,,2.52,equilibrium,equilibrium,,1.01325,native,False,0.5,0.25,Q1 only,3030.936066508513,-196.44509421947728,-1789.745696996653,1986.1907912161303,3030.936066508513,496.54769780403257,2981.6333749464475,2.1476227425955536,6.711642224243293,4.564019481647739,True,0.31998468792601475,34.85150348488499,0.0,0.0
submitted eq once-through h=0.5,submitted,,2.52,equilibrium,equilibrium,,1.01325,native,False,0.5,0.25,Q1 + Q2+,3030.936066508513,-196.44509421947728,-1789.745696996653,1986.1907912161303,3030.936066508513,496.54769780403257,2981.6333749464475,2.1476227425955536,6.711642224243293,4.564019481647739,True,0.31998468792601475,34.85150348488499,0.0,0.0
submitted eq once-through h=0.5,submitted,,2.52,equilibrium,equilibrium,,1.01325,native,False,0.5,0.5,Q1 only,3030.936066508513,-196.44509421947728,-1789.745696996653,1986.1907912161303,3030.936066508513,993.0953956080651,2397.459612824056,1.7268517424774767,6.711642224243293,4.984790481765816,True,0.257291983806865,34.85150348488499,0.0,0.0
submitted eq once-through h=0.5,submitted,,2.52,equilibrium,equilibrium,,1.01325,native,False,0.5,0.5,Q1 + Q2+,3030.936066508513,-196.44509421947728,-1789.745696996653,1986.1907912161303,3030.936066508513,993.0953956080651,2397.459612824056,1.7268517424774767,6.711642224243293,4.984790481765816,True,0.257291983806865,34.85150348488499,0.0,0.0
submitted eq once-through h=0.75,submitted,,2.52,equilibrium,equilibrium,,1.01325,native,False,0.75,0.0,Q1 only,3030.936066508513,-196.44509421947728,-1838.490196732613,2034.9352909520903,3030.936066508513,0.0,3565.8071370688385,2.5683937427136296,6.526324042338129,3.9579302996244996,True,0.39354370485616796,34.85150348488499,0.0,0.0
submitted eq once-through h=0.75,submitted,,2.52,equilibrium,equilibrium,,1.01325,native,False,0.75,0.0,Q1 + Q2+,3030.936066508513,-196.44509421947728,-1838.490196732613,2034.9352909520903,3030.936066508513,0.0,3565.8071370688385,2.5683937427136296,6.526324042338129,3.9579302996244996,True,0.39354370485616796,34.85150348488499,0.0,0.0
submitted eq once-through h=0.75,submitted,,2.52,equilibrium,equilibrium,,1.01325,native,False,0.75,0.25,Q1 only,3030.936066508513,-196.44509421947728,-1838.490196732613,2034.9352909520903,3030.936066508513,508.7338227380226,2967.296757377047,2.1372963066887603,6.526324042338129,4.389027735649369,True,0.32748853609221795,34.85150348488499,0.0,0.0
submitted eq once-through h=0.75,submitted,,2.52,equilibrium,equilibrium,,1.01325,native,False,0.75,0.25,Q1 + Q2+,3030.936066508513,-196.44509421947728,-1838.490196732613,2034.9352909520903,3030.936066508513,508.7338227380226,2967.296757377047,2.1372963066887603,6.526324042338129,4.389027735649369,True,0.32748853609221795,34.85150348488499,0.0,0.0
submitted eq once-through h=0.75,submitted,,2.52,equilibrium,equilibrium,,1.01325,native,False,0.75,0.5,Q1 only,3030.936066508513,-196.44509421947728,-1838.490196732613,2034.9352909520903,3030.936066508513,1017.4676454760452,2368.786377685256,1.7061988706638915,6.526324042338129,4.8201251716742375,True,0.26143336732826805,34.85150348488499,0.0,0.0
submitted eq once-through h=0.75,submitted,,2.52,equilibrium,equilibrium,,1.01325,native,False,0.75,0.5,Q1 + Q2+,3030.936066508513,-196.44509421947728,-1838.490196732613,2034.9352909520903,3030.936066508513,1017.4676454760452,2368.786377685256,1.7061988706638915,6.526324042338129,4.8201251716742375,True,0.26143336732826805,34.85150348488499,0.0,0.0
submitted eq recycle h=0.35,submitted,,2.52,equilibrium,equilibrium,,1.01325,native,True,0.35,0.0,Q1 only,4118.483245156893,-283.26231350248094,-1755.28790723315,2038.550220735631,4118.483245156893,0.0,4845.274406066933,3.4899735145245363,10.72701659575551,7.237043081230974,True,0.3253442822028873,47.35676702556496,0.9965612299098784,41.8555716562149
submitted eq recycle h=0.35,submitted,,2.52,equilibrium,equilibrium,,1.01325,native,True,0.35,0.0,Q1 + Q2+,4118.483245156893,-283.26231350248094,-1755.28790723315,2038.550220735631,4118.483245156893,0.0,4845.274406066933,3.4899735145245363,10.72701659575551,7.237043081230974,True,0.3253442822028873,47.35676702556496,0.9965612299098784,41.8555716562149
submitted eq recycle h=0.35,submitted,,2.52,equilibrium,equilibrium,,1.01325,native,True,0.35,0.25,Q1 only,4118.483245156893,-283.26231350248094,-1755.28790723315,2038.550220735631,4118.483245156893,509.63755518390775,4245.700811732923,3.0581102620297163,10.72701659575551,7.6689063337257934,True,0.2850848821507143,47.35676702556496,0.9965612299098784,41.8555716562149
submitted eq recycle h=0.35,submitted,,2.52,equilibrium,equilibrium,,1.01325,native,True,0.35,0.25,Q1 + Q2+,4118.483245156893,-283.26231350248094,-1755.28790723315,2038.550220735631,4118.483245156893,509.63755518390775,4245.700811732923,3.0581102620297163,10.72701659575551,7.6689063337257934,True,0.2850848821507143,47.35676702556496,0.9965612299098784,41.8555716562149
submitted eq recycle h=0.35,submitted,,2.52,equilibrium,equilibrium,,1.01325,native,True,0.35,0.5,Q1 only,4118.483245156893,-283.26231350248094,-1755.28790723315,2038.550220735631,4118.483245156893,1019.2751103678155,3646.1272173989146,2.626247009534897,10.72701659575551,8.100769586220613,True,0.2448254820985414,47.35676702556496,0.9965612299098784,41.8555716562149
submitted eq recycle h=0.35,submitted,,2.52,equilibrium,equilibrium,,1.01325,native,True,0.35,0.5,Q1 + Q2+,4118.483245156893,-283.26231350248094,-1755.28790723315,2038.550220735631,4118.483245156893,1019.2751103678155,3646.1272173989146,2.626247009534897,10.72701659575551,8.100769586220613,True,0.2448254820985414,47.35676702556496,0.9965612299098784,41.8555716562149
submitted eq recycle h=0.5,submitted,,2.52,equilibrium,equilibrium,,1.01325,native,True,0.5,0.0,Q1 only,4119.210473018176,-456.4478667946131,-1588.6836224868648,2045.131489281478,4119.210473018176,0.0,4846.129968256678,3.490589762260371,10.724250934384086,7.233661172123715,True,0.325485647773202,47.36512912353921,0.9972906827542086,41.88620867567676
submitted eq recycle h=0.5,submitted,,2.52,equilibrium,equilibrium,,1.01325,native,True,0.5,0.0,Q1 + Q2+,4119.210473018176,-456.4478667946131,-1588.6836224868648,2045.131489281478,4119.210473018176,0.0,4846.129968256678,3.490589762260371,10.724250934384086,7.233661172123715,True,0.325485647773202,47.36512912353921,0.9972906827542086,41.88620867567676
submitted eq recycle h=0.5,submitted,,2.52,equilibrium,equilibrium,,1.01325,native,True,0.5,0.25,Q1 only,4119.210473018176,-456.4478667946131,-1588.6836224868648,2045.131489281478,4119.210473018176,511.2828723203695,4244.620706703303,3.0573322796843696,10.724250934384086,7.666918654699717,True,0.2850858580604406,47.36512912353921,0.9972906827542086,41.88620867567676
submitted eq recycle h=0.5,submitted,,2.52,equilibrium,equilibrium,,1.01325,native,True,0.5,0.25,Q1 + Q2+,4119.210473018176,-456.4478667946131,-1588.6836224868648,2045.131489281478,4119.210473018176,511.2828723203695,4244.620706703303,3.0573322796843696,10.724250934384086,7.666918654699717,True,0.2850858580604406,47.36512912353921,0.9972906827542086,41.88620867567676
submitted eq recycle h=0.5,submitted,,2.52,equilibrium,equilibrium,,1.01325,native,True,0.5,0.5,Q1 only,4119.210473018176,-456.4478667946131,-1588.6836224868648,2045.131489281478,4119.210473018176,1022.565744640739,3643.1114451499266,2.624074797108367,10.724250934384086,8.100176137275719,True,0.2446860683476792,47.36512912353921,0.9972906827542086,41.88620867567676
submitted eq recycle h=0.5,submitted,,2.52,equilibrium,equilibrium,,1.01325,native,True,0.5,0.5,Q1 + Q2+,4119.210473018176,-456.4478667946131,-1588.6836224868648,2045.131489281478,4119.210473018176,1022.565744640739,3643.1114451499266,2.624074797108367,10.724250934384086,8.100176137275719,True,0.2446860683476792,47.36512912353921,0.9972906827542086,41.88620867567676
submitted eq recycle h=0.75,submitted,,2.52,equilibrium,equilibrium,,1.01325,native,True,0.75,0.0,Q1 only,4119.213556660535,-898.030615311972,-1160.3992553813491,2058.4298706933214,4119.213556660535,0.0,4846.133596071218,3.490592375317053,10.72424024265814,7.233647867341087,True,0.32548621593093524,47.36516458109097,0.9972937400817148,41.88633708343202
submitted eq recycle h=0.75,submitted,,2.52,equilibrium,equilibrium,,1.01325,native,True,0.75,0.0,Q1 + Q2+,4119.213556660535,-898.030615311972,-1160.3992553813491,2058.4298706933214,4119.213556660535,0.0,4846.133596071218,3.490592375317053,10.72424024265814,7.233647867341087,True,0.32548621593093524,47.36516458109097,0.9972937400817148,41.88633708343202
submitted eq recycle h=0.75,submitted,,2.52,equilibrium,equilibrium,,1.01325,native,True,0.75,0.25,Q1 only,4119.213556660535,-898.030615311972,-1160.3992553813491,2058.4298706933214,4119.213556660535,514.6074676733303,4240.713045867299,3.054517654200141,10.72424024265814,7.669722588458,True,0.2848236877471368,47.36516458109097,0.9972937400817148,41.88633708343202
submitted eq recycle h=0.75,submitted,,2.52,equilibrium,equilibrium,,1.01325,native,True,0.75,0.25,Q1 + Q2+,4119.213556660535,-898.030615311972,-1160.3992553813491,2058.4298706933214,4119.213556660535,514.6074676733303,4240.713045867299,3.054517654200141,10.72424024265814,7.669722588458,True,0.2848236877471368,47.36516458109097,0.9972937400817148,41.88633708343202
submitted eq recycle h=0.75,submitted,,2.52,equilibrium,equilibrium,,1.01325,native,True,0.75,0.5,Q1 only,4119.213556660535,-898.030615311972,-1160.3992553813491,2058.4298706933214,4119.213556660535,1029.2149353466607,3635.2924956633815,2.6184429330832293,10.72424024265814,8.10579730957491,True,0.24416115956333842,47.36516458109097,0.9972937400817148,41.88633708343202
submitted eq recycle h=0.75,submitted,,2.52,equilibrium,equilibrium,,1.01325,native,True,0.75,0.5,Q1 + Q2+,4119.213556660535,-898.030615311972,-1160.3992553813491,2058.4298706933214,4119.213556660535,1029.2149353466607,3635.2924956633815,2.6184429330832293,10.72424024265814,8.10579730957491,True,0.24416115956333842,47.36516458109097,0.9972937400817148,41.88633708343202
"submitted kin once-through phi=0 (1.01,1.01,1.01) bar",submitted,,2.52,kinetic,kinetic,0.0,1.01325,native,False,0.35,0.0,Q1 only,2727.980709243213,274.069072042296,-8.901866643807095,8.901866643807095,2727.980709243213,0.0,3209.3890696978974,2.3116715199918185,11.672852199513532,9.361180679521713,True,0.1980382755200274,31.36820759930369,0.0,0.0
"submitted kin once-through phi=0 (1.01,1.01,1.01) bar",submitted,,2.52,kinetic,kinetic,0.0,1.01325,native,False,0.35,0.0,Q1 + Q2+,2727.980709243213,274.069072042296,-8.901866643807095,8.901866643807095,3002.0497812855087,0.0,3531.8232721005984,2.5439157093308697,11.672852199513532,9.128936490182662,True,0.21793437163856902,31.36820759930369,0.0,0.0
"submitted kin once-through phi=0 (1.01,1.01,1.01) bar",submitted,,2.52,kinetic,kinetic,0.0,1.01325,native,False,0.35,0.25,Q1 only,2727.980709243213,274.069072042296,-8.901866643807095,8.901866643807095,2727.980709243213,2.2254666609517737,3206.7708736261893,2.309785675315065,11.672852199513532,9.363066524198466,True,0.19787671734688167,31.36820759930369,0.0,0.0
"submitted kin once-through phi=0 (1.01,1.01,1.01) bar",submitted,,2.52,kinetic,kinetic,0.0,1.01325,native,False,0.35,0.25,Q1 + Q2+,2727.980709243213,274.069072042296,-8.901866643807095,8.901866643807095,3002.0497812855087,2.2254666609517737,3529.2050760288903,2.5420298646541157,11.672852199513532,9.130822334859417,True,0.21777281346542324,31.36820759930369,0.0,0.0
"submitted kin once-through phi=0 (1.01,1.01,1.01) bar",submitted,,2.52,kinetic,kinetic,0.0,1.01325,native,False,0.35,0.5,Q1 only,2727.980709243213,274.069072042296,-8.901866643807095,8.901866643807095,2727.980709243213,4.450933321903547,3204.1526775544817,2.307899830638311,11.672852199513532,9.36495236887522,True,0.1977151591737359,31.36820759930369,0.0,0.0
"submitted kin once-through phi=0 (1.01,1.01,1.01) bar",submitted,,2.52,kinetic,kinetic,0.0,1.01325,native,False,0.35,0.5,Q1 + Q2+,2727.980709243213,274.069072042296,-8.901866643807095,8.901866643807095,3002.0497812855087,4.450933321903547,3526.5868799571826,2.5401440199773626,11.672852199513532,9.13270817953617,True,0.21761125529227754,31.36820759930369,0.0,0.0
"submitted kin recycle phi=0 (1.01,1.01,1.01) bar",submitted,,2.52,kinetic,kinetic,0.0,1.01325,native,True,0.35,0.0,Q1 only,3144.6459996389785,334.69849194489655,-66.21372629322758,66.21372629322758,3144.6459996389785,0.0,3699.583528987034,2.664750734193527,12.864995930195509,10.200245196001982,True,0.20713187541234077,36.28352510857235,0.0314790721646242,1.3221210309142173
"submitted kin recycle phi=0 (1.01,1.01,1.01) bar",submitted,,2.52,kinetic,kinetic,0.0,1.01325,native,True,0.35,0.0,Q1 + Q2+,3144.6459996389785,334.69849194489655,-66.21372629322758,66.21372629322758,3479.344491583875,0.0,4093.346460686912,2.948371864281308,12.864995930195509,9.9166240659142,True,0.2291778310913544,36.28352510857235,0.0314790721646242,1.3221210309142173
"submitted kin recycle phi=0 (1.01,1.01,1.01) bar",submitted,,2.52,kinetic,kinetic,0.0,1.01325,native,True,0.35,0.25,Q1 only,3144.6459996389785,334.69849194489655,-66.21372629322758,66.21372629322758,3144.6459996389785,16.553431573306895,3680.1089036066724,2.650723473591393,12.864995930195509,10.214272456604116,True,0.20604153223009297,36.28352510857235,0.0314790721646242,1.3221210309142173
"submitted kin recycle phi=0 (1.01,1.01,1.01) bar",submitted,,2.52,kinetic,kinetic,0.0,1.01325,native,True,0.35,0.25,Q1 + Q2+,3144.6459996389785,334.69849194489655,-66.21372629322758,66.21372629322758,3479.344491583875,16.553431573306895,4073.8718353065506,2.9343446036791754,12.864995930195509,9.930651326516333,True,0.22808748790910674,36.28352510857235,0.0314790721646242,1.3221210309142173
"submitted kin recycle phi=0 (1.01,1.01,1.01) bar",submitted,,2.52,kinetic,kinetic,0.0,1.01325,native,True,0.35,0.5,Q1 only,3144.6459996389785,334.69849194489655,-66.21372629322758,66.21372629322758,3144.6459996389785,33.10686314661379,3660.634278226312,2.6366962129892606,12.864995930195509,10.228299717206248,True,0.20495118904784534,36.28352510857235,0.0314790721646242,1.3221210309142173
"submitted kin recycle phi=0 (1.01,1.01,1.01) bar",submitted,,2.52,kinetic,kinetic,0.0,1.01325,native,True,0.35,0.5,Q1 + Q2+,3144.6459996389785,334.69849194489655,-66.21372629322758,66.21372629322758,3479.344491583875,33.10686314661379,4054.39720992619,2.920317343077042,12.864995930195509,9.944678587118467,True,0.22699714472685903,36.28352510857235,0.0314790721646242,1.3221210309142173
"submitted kin once-through phi=0 (1.01,5,5) bar n=1",submitted,,2.52,kinetic,kinetic,0.0,5.0,1.0,False,0.35,0.0,Q1 only,2727.980709243213,313.8029660990528,-41.89515250253819,41.89515250253819,2727.980709243213,0.0,3209.3890696978974,2.3116715199918185,11.398801018725878,9.08712949873406,True,0.2027995327047309,31.36820759930369,0.0,0.0
"submitted kin once-through phi=0 (1.01,5,5) bar n=1",submitted,,2.52,kinetic,kinetic,0.0,5.0,1.0,False,0.35,0.0,Q1 + Q2+,2727.980709243213,313.8029660990528,-41.89515250253819,41.89515250253819,3041.7836753422657,0.0,3578.5690298144305,2.5775859295630577,11.398801018725878,8.82121508916282,True,0.22612781162936485,31.36820759930369,0.0,0.0
"submitted kin once-through phi=0 (1.01,5,5) bar n=1",submitted,,2.52,kinetic,kinetic,0.0,5.0,1.0,False,0.35,0.25,Q1 only,2727.980709243213,313.8029660990528,-41.89515250253819,41.89515250253819,2727.980709243213,10.473788125634547,3197.0669660206804,2.3027961061612072,11.398801018725878,9.096004912564672,True,0.2020209057407168,31.36820759930369,0.0,0.0
"submitted kin once-through phi=0 (1.01,5,5) bar n=1",submitted,,2.52,kinetic,kinetic,0.0,5.0,1.0,False,0.35,0.25,Q1 + Q2+,2727.980709243213,313.8029660990528,-41.89515250253819,41.89515250253819,3041.7836753422657,10.473788125634547,3566.246926137213,2.568710515732446,11.398801018725878,8.830090502993432,True,0.22534918466535073,31.36820759930369,0.0,0.0
"submitted kin once-through phi=0 (1.01,5,5) bar n=1",submitted,,2.52,kinetic,kinetic,0.0,5.0,1.0,False,0.35,0.5,Q1 only,2727.980709243213,313.8029660990528,-41.89515250253819,41.89515250253819,2727.980709243213,20.947576251269094,3184.744862343463,2.293920692330596,11.398801018725878,9.104880326395282,True,0.2012422787767027,31.36820759930369,0.0,0.0
"submitted kin once-through phi=0 (1.01,5,5) bar n=1",submitted,,2.52,kinetic,kinetic,0.0,5.0,1.0,False,0.35,0.5,Q1 + Q2+,2727.980709243213,313.8029660990528,-41.89515250253819,41.89515250253819,3041.7836753422657,20.947576251269094,3553.924822459996,2.559835101901835,11.398801018725878,8.838965916824044,True,0.22457055770133666,31.36820759930369,0.0,0.0
"submitted kin recycle phi=0 (1.01,5,5) bar n=1",submitted,,2.52,kinetic,kinetic,0.0,5.0,1.0,True,0.35,0.0,Q1 only,3226.928388508012,342.78195660829334,-312.46611134015683,312.46611134015683,3226.928388508012,0.0,3796.3863394211908,2.7344762473912367,12.605474314387784,9.870998066996547,True,0.21692767595981122,37.58330097730895,0.144870835889116,6.0845751073428715
"submitted kin recycle phi=0 (1.01,5,5) bar n=1",submitted,,2.52,kinetic,kinetic,0.0,5.0,1.0,True,0.35,0.0,Q1 + Q2+,3226.928388508012,342.78195660829334,-312.46611134015683,312.46611134015683,3569.7103451163057,0.0,4199.659229548595,3.024947248147796,12.605474314387784,9.580527066239988,True,0.2399709184044861,37.58330097730895,0.144870835889116,6.0845751073428715
"submitted kin recycle phi=0 (1.01,5,5) bar n=1",submitted,,2.52,kinetic,kinetic,0.0,5.0,1.0,True,0.35,0.25,Q1 only,3226.928388508012,342.78195660829334,-312.46611134015683,312.46611134015683,3226.928388508012,78.11652783503921,3704.4845419682038,2.668280855310549,12.605474314387784,9.937193459077236,True,0.21167635495199058,37.58330097730895,0.144870835889116,6.0845751073428715
"submitted kin recycle phi=0 (1.01,5,5) bar n=1",submitted,,2.52,kinetic,kinetic,0.0,5.0,1.0,True,0.35,0.25,Q1 + Q2+,3226.928388508012,342.78195660829334,-312.46611134015683,312.46611134015683,3569.7103451163057,78.11652783503921,4107.757432095608,2.958751856067108,12.605474314387784,9.646722458320676,True,0.23471959739666545,37.58330097730895,0.144870835889116,6.0845751073428715
"submitted kin recycle phi=0 (1.01,5,5) bar n=1",submitted,,2.52,kinetic,kinetic,0.0,5.0,1.0,True,0.35,0.5,Q1 only,3226.928388508012,342.78195660829334,-312.46611134015683,312.46611134015683,3226.928388508012,156.23305567007841,3612.5827445152163,2.6020854632298605,12.605474314387784,10.003388851157924,True,0.20642503394416992,37.58330097730895,0.144870835889116,6.0845751073428715
"submitted kin recycle phi=0 (1.01,5,5) bar n=1",submitted,,2.52,kinetic,kinetic,0.0,5.0,1.0,True,0.35,0.5,Q1 + Q2+,3226.928388508012,342.78195660829334,-312.46611134015683,312.46611134015683,3569.7103451163057,156.23305567007841,4015.8556346426203,2.89255646398642,12.605474314387784,9.712917850401364,True,0.2294682763888448,37.58330097730895,0.144870835889116,6.0845751073428715
"submitted kin once-through phi=0.1 (1.01,1.01,1.01) bar",submitted,,2.52,kinetic,kinetic,0.1,1.01325,native,False,0.35,0.0,Q1 only,2727.980709243213,158.5547694116179,-8.287876351751045,8.287876351751045,2727.980709243213,0.0,3209.3890696978974,2.3116715199918185,11.36997937151106,9.058307851519242,True,0.20331360721585895,31.36820759930369,0.0,0.0
"submitted kin once-through phi=0.1 (1.01,1.01,1.01) bar",submitted,,2.52,kinetic,kinetic,0.1,1.01325,native,False,0.35,0.0,Q1 + Q2+,2727.980709243213,158.5547694116179,-8.287876351751045,8.287876351751045,2886.535478654831,0.0,3395.9240925350955,2.446029707923943,11.36997937151106,8.923949663587118,True,0.21513053172750546,31.36820759930369,0.0,0.0
"submitted kin once-through phi=0.1 (1.01,1.01,1.01) bar",submitted,,2.52,kinetic,kinetic,0.1,1.01325,native,False,0.35,0.25,Q1 only,2727.980709243213,158.5547694116179,-8.287876351751045,8.287876351751045,2727.980709243213,2.0719690879377612,3206.9514590062063,2.30991574807061,11.36997937151106,9.06006362344045,True,0.20315918548264034,31.36820759930369,0.0,0.0
"submitted kin once-through phi=0.1 (1.01,1.01,1.01) bar",submitted,,2.52,kinetic,kinetic,0.1,1.01325,native,False,0.35,0.25,Q1 + Q2+,2727.980709243213,158.5547694116179,-8.287876351751045,8.287876351751045,2886.535478654831,2.0719690879377612,3393.486481843404,2.4442739360027335,11.36997937151106,8.925705435508327,True,0.2149761099942868,31.36820759930369,0.0,0.0
"submitted kin once-through phi=0.1 (1.01,1.01,1.01) bar",submitted,,2.52,kinetic,kinetic,0.1,1.01325,native,False,0.35,0.5,Q1 only,2727.980709243213,158.5547694116179,-8.287876351751045,8.287876351751045,2727.980709243213,4.1439381758755225,3204.5138483145147,2.3081599761494007,11.36997937151106,9.06181939536166,True,0.20300476374942167,31.36820759930369,0.0,0.0
"submitted kin once-through phi=0.1 (1.01,1.01,1.01) bar",submitted,,2.52,kinetic,kinetic,0.1,1.01325,native,False,0.35,0.5,Q1 + Q2+,2727.980709243213,158.5547694116179,-8.287876351751045,8.287876351751045,2886.535478654831,4.1439381758755225,3391.0488711517123,2.4425181640815246,11.36997937151106,8.927461207429536,True,0.21482168826106815,31.36820759930369,0.0,0.0
"submitted kin recycle phi=0.1 (1.01,1.01,1.01) bar",submitted,,2.52,kinetic,kinetic,0.1,1.01325,native,True,0.35,0.0,Q1 only,3155.3618223353756,308.51610976449473,-66.07756295318603,66.07756295318603,3155.3618223353756,0.0,3712.190379218089,2.673831246404119,12.843014645409236,10.169183399005117,True,0.20819342811852093,36.4039532436129,0.0419851592328875,1.7633766877812778
"submitted kin recycle phi=0.1 (1.01,1.01,1.01) bar",submitted,,2.52,kinetic,kinetic,0.1,1.01325,native,True,0.35,0.0,Q1 + Q2+,3155.3618223353756,308.51610976449473,-66.07756295318603,66.07756295318603,3463.87793209987,0.0,4075.1505083527886,2.9352656113850584,12.843014645409236,9.907749034024178,True,0.22854958064182196,36.4039532436129,0.0419851592328875,1.7633766877812778
"submitted kin recycle phi=0.1 (1.01,1.01,1.01) bar",submitted,,2.52,kinetic,kinetic,0.1,1.01325,native,True,0.35,0.25,Q1 only,3155.3618223353756,308.51610976449473,-66.07756295318603,66.07756295318603,3155.3618223353756,16.519390738296508,3692.755801878917,2.6598328317643287,12.843014645409236,10.183181813644907,True,0.20710346481735828,36.4039532436129,0.0419851592328875,1.7633766877812778
"submitted kin recycle phi=0.1 (1.01,1.01,1.01) bar",submitted,,2.52,kinetic,kinetic,0.1,1.01325,native,True,0.35,0.25,Q1 + Q2+,3155.3618223353756,308.51610976449473,-66.07756295318603,66.07756295318603,3463.87793209987,16.519390738296508,4055.7159310136162,2.921267196745268,12.843014645409236,9.921747448663968,True,0.2274596173406593,36.4039532436129,0.0419851592328875,1.7633766877812778
"submitted kin recycle phi=0.1 (1.01,1.01,1.01) bar",submitted,,2.52,kinetic,kinetic,0.1,1.01325,native,True,0.35,0.5,Q1 only,3155.3618223353756,308.51610976449473,-66.07756295318603,66.07756295318603,3155.3618223353756,33.038781476593016,3673.321224539744,2.645834417124537,12.843014645409236,10.197180228284699,True,0.20601350151619552,36.4039532436129,0.0419851592328875,1.7633766877812778
"submitted kin recycle phi=0.1 (1.01,1.01,1.01) bar",submitted,,2.52,kinetic,kinetic,0.1,1.01325,native,True,0.35,0.5,Q1 + Q2+,3155.3618223353756,308.51610976449473,-66.07756295318603,66.07756295318603,3463.87793209987,33.038781476593016,4036.2813536744434,2.907268782105477,12.843014645409236,9.935745863303758,True,0.22636965403949663,36.4039532436129,0.0419851592328875,1.7633766877812778
"submitted kin once-through phi=0.1 (1.01,5,5) bar n=1",submitted,,2.52,kinetic,kinetic,0.1,5.0,1.0,False,0.35,0.0,Q1 only,2727.980709243213,252.2740253926203,-40.30266159520219,40.30266159520219,2727.980709243213,0.0,3209.3890696978974,2.3116715199918185,11.25930631533742,8.947634795345602,True,0.20531207298649126,31.36820759930369,0.0,0.0
"submitted kin once-through phi=0.1 (1.01,5,5) bar n=1",submitted,,2.52,kinetic,kinetic,0.1,5.0,1.0,False,0.35,0.0,Q1 + Q2+,2727.980709243213,252.2740253926203,-40.30266159520219,40.30266159520219,2980.2547346358333,0.0,3506.182040748039,2.5254467412600055,11.25930631533742,8.733859574077416,True,0.22429860868247659,31.36820759930369,0.0,0.0
"submitted kin once-through phi=0.1 (1.01,5,5) bar n=1",submitted,,2.52,kinetic,kinetic,0.1,5.0,1.0,False,0.35,0.25,Q1 only,2727.980709243213,252.2740253926203,-40.30266159520219,40.30266159520219,2727.980709243213,10.075665398800547,3197.535345699309,2.3031334725384567,11.25930631533742,8.956172842798964,True,0.20455376273058043,31.36820759930369,0.0,0.0
"submitted kin once-through phi=0.1 (1.01,5,5) bar n=1",submitted,,2.52,kinetic,kinetic,0.1,5.0,1.0,False,0.35,0.25,Q1 + Q2+,2727.980709243213,252.2740253926203,-40.30266159520219,40.30266159520219,2980.2547346358333,10.075665398800547,3494.3283167494506,2.516908693806644,11.25930631533742,8.742397621530777,True,0.2235402984265658,31.36820759930369,0.0,0.0
"submitted kin once-through phi=0.1 (1.01,5,5) bar n=1",submitted,,2.52,kinetic,kinetic,0.1,5.0,1.0,False,0.35,0.5,Q1 only,2727.980709243213,252.2740253926203,-40.30266159520219,40.30266159520219,2727.980709243213,20.151330797601094,3185.68162170072,2.294595425085095,11.25930631533742,8.964710890252325,True,0.20379545247466962,31.36820759930369,0.0,0.0
"submitted kin once-through phi=0.1 (1.01,5,5) bar n=1",submitted,,2.52,kinetic,kinetic,0.1,5.0,1.0,False,0.35,0.5,Q1 + Q2+,2727.980709243213,252.2740253926203,-40.30266159520219,40.30266159520219,2980.2547346358333,20.151330797601094,3482.4745927508616,2.508370646353282,11.25930631533742,8.750935668984138,True,0.22278198817065498,31.36820759930369,0.0,0.0
"submitted kin recycle phi=0.1 (1.01,5,5) bar n=1",submitted,,2.52,kinetic,kinetic,0.1,5.0,1.0,True,0.35,0.0,Q1 only,3238.2060489657124,316.16814716235973,-311.7503350415095,311.7503350415095,3238.2060489657124,0.0,3809.6541752537796,2.74403285693905,12.585853363063352,9.841820506124302,True,0.21802517300830543,37.69665314499946,0.1547596193695858,6.499904013522606
"submitted kin recycle phi=0.1 (1.01,5,5) bar n=1",submitted,,2.52,kinetic,kinetic,0.1,5.0,1.0,True,0.35,0.0,Q1 + Q2+,3238.2060489657124,316.16814716235973,-311.7503350415095,311.7503350415095,3554.374196128072,0.0,4181.616701327143,3.011951504181451,12.585853363063352,9.5739018588819,True,0.23931245798722325,37.69665314499946,0.1547596193695858,6.499904013522606
"submitted kin recycle phi=0.1 (1.01,5,5) bar n=1",submitted,,2.52,kinetic,kinetic,0.1,5.0,1.0,True,0.35,0.25,Q1 only,3238.2060489657124,316.16814716235973,-311.7503350415095,311.7503350415095,3238.2060489657124,77.93758376037738,3717.9629002415704,2.677989100799065,12.585853363063352,9.907864262264287,True,0.21277771348094363,37.69665314499946,0.1547596193695858,6.499904013522606
"submitted kin recycle phi=0.1 (1.01,5,5) bar n=1",submitted,,2.52,kinetic,kinetic,0.1,5.0,1.0,True,0.35,0.25,Q1 + Q2+,3238.2060489657124,316.16814716235973,-311.7503350415095,311.7503350415095,3554.374196128072,77.93758376037738,4089.925426314935,2.945907748041467,12.585853363063352,9.639945615021885,True,0.23406499845986156,37.69665314499946,0.1547596193695858,6.499904013522606
"submitted kin recycle phi=0.1 (1.01,5,5) bar n=1",submitted,,2.52,kinetic,kinetic,0.1,5.0,1.0,True,0.35,0.5,Q1 only,3238.2060489657124,316.16814716235973,-311.7503350415095,311.7503350415095,3238.2060489657124,155.87516752075476,3626.2716252293617,2.6119453446590803,12.585853363063352,9.973908018404272,True,0.2075302539535819,37.69665314499946,0.1547596193695858,6.499904013522606
"submitted kin recycle phi=0.1 (1.01,5,5) bar n=1",submitted,,2.52,kinetic,kinetic,0.1,5.0,1.0,True,0.35,0.5,Q1 + Q2+,3238.2060489657124,316.16814716235973,-311.7503350415095,311.7503350415095,3554.374196128072,155.87516752075476,3998.234151302726,2.879863991901482,12.585853363063352,9.70598937116187,True,0.22881753893249981,37.69665314499946,0.1547596193695858,6.499904013522606
"submitted kin once-through phi=1 (1.01,1.01,1.01) bar",submitted,,2.52,kinetic,kinetic,1.0,1.01325,native,False,0.35,0.0,Q1 only,2727.980709243213,-207.3084348686123,-6.330781516356292,213.6392163849686,2727.980709243213,0.0,3209.3890696978974,2.3116715199918185,10.50496837517248,8.19329685518066,True,0.22005506703430353,31.36820759930369,0.0,0.0
"submitted kin once-through phi=1 (1.01,1.01,1.01) bar",submitted,,2.52,kinetic,kinetic,1.0,1.01325,native,False,0.35,0.0,Q1 + Q2+,2727.980709243213,-207.3084348686123,-6.330781516356292,213.6392163849686,2727.980709243213,0.0,3209.3890696978974,2.3116715199918185,10.50496837517248,8.19329685518066,True,0.22005506703430353,31.36820759930369,0.0,0.0
"submitted kin once-through phi=1 (1.01,1.01,1.01) bar",submitted,,2.52,kinetic,kinetic,1.0,1.01325,native,False,0.35,0.25,Q1 only,2727.980709243213,-207.3084348686123,-6.330781516356292,213.6392163849686,2727.980709243213,53.40980409624215,3146.55400605526,2.266412430512452,10.50496837517248,8.238555944660028,True,0.2157467161794516,31.36820759930369,0.0,0.0
"submitted kin once-through phi=1 (1.01,1.01,1.01) bar",submitted,,2.52,kinetic,kinetic,1.0,1.01325,native,False,0.35,0.25,Q1 + Q2+,2727.980709243213,-207.3084348686123,-6.330781516356292,213.6392163849686,2727.980709243213,53.40980409624215,3146.55400605526,2.266412430512452,10.50496837517248,8.238555944660028,True,0.2157467161794516,31.36820759930369,0.0,0.0
"submitted kin once-through phi=1 (1.01,1.01,1.01) bar",submitted,,2.52,kinetic,kinetic,1.0,1.01325,native,False,0.35,0.5,Q1 only,2727.980709243213,-207.3084348686123,-6.330781516356292,213.6392163849686,2727.980709243213,106.8196081924843,3083.718942412622,2.2211533410330846,10.50496837517248,8.283815034139394,True,0.21143836532459964,31.36820759930369,0.0,0.0
"submitted kin once-through phi=1 (1.01,1.01,1.01) bar",submitted,,2.52,kinetic,kinetic,1.0,1.01325,native,False,0.35,0.5,Q1 + Q2+,2727.980709243213,-207.3084348686123,-6.330781516356292,213.6392163849686,2727.980709243213,106.8196081924843,3083.718942412622,2.2211533410330846,10.50496837517248,8.283815034139394,True,0.21143836532459964,31.36820759930369,0.0,0.0
"submitted kin recycle phi=1 (1.01,1.01,1.01) bar",submitted,,2.52,kinetic,kinetic,1.0,1.01325,native,True,0.35,0.0,Q1 only,3270.3450679871603,28.12555797263817,-64.6446431521663,64.6446431521663,3270.3450679871603,0.0,3847.4647858672474,2.771267233890699,12.606565967596186,9.835298733705487,True,0.2198272900815291,37.69375247773455,0.1545065666669151,6.489275800010434
"submitted kin recycle phi=1 (1.01,1.01,1.01) bar",submitted,,2.52,kinetic,kinetic,1.0,1.01325,native,True,0.35,0.0,Q1 + Q2+,3270.3450679871603,28.12555797263817,-64.6446431521663,64.6446431521663,3298.4706259597983,0.0,3880.553677599763,2.7951006323927228,12.606565967596186,9.811465335203463,True,0.22171784446115037,37.69375247773455,0.1545065666669151,6.489275800010434
"submitted kin recycle phi=1 (1.01,1.01,1.01) bar",submitted,,2.52,kinetic,kinetic,1.0,1.01325,native,True,0.35,0.25,Q1 only,3270.3450679871603,28.12555797263817,-64.6446431521663,64.6446431521663,3270.3450679871603,16.161160788041574,3828.451655528375,2.757572380772002,12.606565967596186,9.848993586824184,True,0.21874096307115226,37.69375247773455,0.1545065666669151,6.489275800010434
"submitted kin recycle phi=1 (1.01,1.01,1.01) bar",submitted,,2.52,kinetic,kinetic,1.0,1.01325,native,True,0.35,0.25,Q1 + Q2+,3270.3450679871603,28.12555797263817,-64.6446431521663,64.6446431521663,3298.4706259597983,16.161160788041574,3861.54054726089,2.7814057792740257,12.606565967596186,9.82516018832216,True,0.22063151745077353,37.69375247773455,0.1545065666669151,6.489275800010434
"submitted kin recycle phi=1 (1.01,1.01,1.01) bar",submitted,,2.52,kinetic,kinetic,1.0,1.01325,native,True,0.35,0.5,Q1 only,3270.3450679871603,28.12555797263817,-64.6446431521663,64.6446431521663,3270.3450679871603,32.32232157608315,3809.438525189503,2.743877527653305,12.606565967596186,9.86268843994288,True,0.21765463606077542,37.69375247773455,0.1545065666669151,6.489275800010434
"submitted kin recycle phi=1 (1.01,1.01,1.01) bar",submitted,,2.52,kinetic,kinetic,1.0,1.01325,native,True,0.35,0.5,Q1 + Q2+,3270.3450679871603,28.12555797263817,-64.6446431521663,64.6446431521663,3298.4706259597983,32.32232157608315,3842.527416922018,2.767710926155329,12.606565967596186,9.838855041440857,True,0.21954519044039672,37.69375247773455,0.1545065666669151,6.489275800010434
"submitted kin once-through phi=1 (1.01,5,5) bar n=1",submitted,,2.52,kinetic,kinetic,1.0,5.0,1.0,False,0.35,0.0,Q1 only,2727.980709243213,-203.04271382518417,-29.227862423399113,232.27057624858327,2727.980709243213,0.0,3209.3890696978974,2.3116715199918185,10.210736701874213,7.899065181882394,True,0.2263961541156481,31.36820759930369,0.0,0.0
"submitted kin once-through phi=1 (1.01,5,5) bar n=1",submitted,,2.52,kinetic,kinetic,1.0,5.0,1.0,False,0.35,0.0,Q1 + Q2+,2727.980709243213,-203.04271382518417,-29.227862423399113,232.27057624858327,2727.980709243213,0.0,3209.3890696978974,2.3116715199918185,10.210736701874213,7.899065181882394,True,0.2263961541156481,31.36820759930369,0.0,0.0
"submitted kin once-through phi=1 (1.01,5,5) bar n=1",submitted,,2.52,kinetic,kinetic,1.0,5.0,1.0,False,0.35,0.25,Q1 only,2727.980709243213,-203.04271382518417,-29.227862423399113,232.27057624858327,2727.980709243213,58.06764406214582,3141.074194330667,2.2624654099351518,10.210736701874213,7.9482712919390615,True,0.22157709830279623,31.36820759930369,0.0,0.0
"submitted kin once-through phi=1 (1.01,5,5) bar n=1",submitted,,2.52,kinetic,kinetic,1.0,5.0,1.0,False,0.35,0.25,Q1 + Q2+,2727.980709243213,-203.04271382518417,-29.227862423399113,232.27057624858327,2727.980709243213,58.06764406214582,3141.074194330667,2.2624654099351518,10.210736701874213,7.9482712919390615,True,0.22157709830279623,31.36820759930369,0.0,0.0
"submitted kin once-through phi=1 (1.01,5,5) bar n=1",submitted,,2.52,kinetic,kinetic,1.0,5.0,1.0,False,0.35,0.5,Q1 only,2727.980709243213,-203.04271382518417,-29.227862423399113,232.27057624858327,2727.980709243213,116.13528812429163,3072.759318963437,2.213259299878486,10.210736701874213,7.997477401995727,True,0.21675804248994446,31.36820759930369,0.0,0.0
"submitted kin once-through phi=1 (1.01,5,5) bar n=1",submitted,,2.52,kinetic,kinetic,1.0,5.0,1.0,False,0.35,0.5,Q1 + Q2+,2727.980709243213,-203.04271382518417,-29.227862423399113,232.27057624858327,2727.980709243213,116.13528812429163,3072.759318963437,2.213259299878486,10.210736701874213,7.997477401995727,True,0.21675804248994446,31.36820759930369,0.0,0.0
"submitted kin recycle phi=1 (1.01,5,5) bar n=1",submitted,,2.52,kinetic,kinetic,1.0,5.0,1.0,True,0.35,0.0,Q1 only,3372.514408871616,1.9683780983140733,-303.5232207177932,303.5232207177932,3372.514408871616,0.0,3967.6640104371954,2.8578448092887503,12.350640769036808,9.492795959748058,True,0.23139243240345866,39.03383495018949,0.2714146634831895,11.399415866293957
"submitted kin recycle phi=1 (1.01,5,5) bar n=1",submitted,,2.52,kinetic,kinetic,1.0,5.0,1.0,True,0.35,0.0,Q1 + Q2+,3372.514408871616,1.9683780983140733,-303.5232207177932,303.5232207177932,3374.48278696993,0.0,3969.9797493763886,2.859512798939494,12.350640769036808,9.491127970097313,True,0.23152748528710546,39.03383495018949,0.2714146634831895,11.399415866293957
"submitted kin recycle phi=1 (1.01,5,5) bar n=1",submitted,,2.52,kinetic,kinetic,1.0,5.0,1.0,True,0.35,0.25,Q1 only,3372.514408871616,1.9683780983140733,-303.5232207177932,303.5232207177932,3372.514408871616,75.8808051794483,3878.3924749319626,2.7935439527419894,12.350640769036808,9.557096816294818,True,0.22618615543781623,39.03383495018949,0.2714146634831895,11.399415866293957
"submitted kin recycle phi=1 (1.01,5,5) bar n=1",submitted,,2.52,kinetic,kinetic,1.0,5.0,1.0,True,0.35,0.25,Q1 + Q2+,3372.514408871616,1.9683780983140733,-303.5232207177932,303.5232207177932,3374.48278696993,75.8808051794483,3880.7082138711557,2.795211942392734,12.350640769036808,9.555428826644073,True,0.22632120832146307,39.03383495018949,0.2714146634831895,11.399415866293957
"submitted kin recycle phi=1 (1.01,5,5) bar n=1",submitted,,2.52,kinetic,kinetic,1.0,5.0,1.0,True,0.35,0.5,Q1 only,3372.514408871616,1.9683780983140733,-303.5232207177932,303.5232207177932,3372.514408871616,151.7616103588966,3789.120939426729,2.7292430961952285,12.350640769036808,9.62139767284158,True,0.22097987847217376,39.03383495018949,0.2714146634831895,11.399415866293957
"submitted kin recycle phi=1 (1.01,5,5) bar n=1",submitted,,2.52,kinetic,kinetic,1.0,5.0,1.0,True,0.35,0.5,Q1 + Q2+,3372.514408871616,1.9683780983140733,-303.5232207177932,303.5232207177932,3374.48278696993,151.7616103588966,3791.436678365922,2.730911085845973,12.350640769036808,9.619729683190835,True,0.22111493135582058,39.03383495018949,0.2714146634831895,11.399415866293957
2a_y0.55 eq once-through h=0.35,2a_y0.55,0.55,2.52,equilibrium,equilibrium,,1.01325,native,False,0.35,0.0,Q1 only,3030.936066508513,341.19035223255156,-2332.422901822706,2332.422901822706,3030.936066508513,0.0,3565.8071370688385,2.5683937427136296,7.105517142595004,4.5371233998813745,True,0.3614647169474884,49.95948001778711,0.5138273373174791,55.355934269934394
2a_y0.55 eq once-through h=0.35,2a_y0.55,0.55,2.52,equilibrium,equilibrium,,1.01325,native,False,0.35,0.0,Q1 + Q2+,3030.936066508513,341.19035223255156,-2332.422901822706,2332.422901822706,3372.1264187410643,0.0,3967.2075514600756,2.857516029201781,7.105517142595004,4.248001113393223,True,0.4021545472140242,49.95948001778711,0.5138273373174791,55.355934269934394
2a_y0.55 eq once-through h=0.35,2a_y0.55,0.55,2.52,equilibrium,equilibrium,,1.01325,native,False,0.35,0.25,Q1 only,3030.936066508513,341.19035223255156,-2332.422901822706,2332.422901822706,3030.936066508513,583.1057254556765,2879.800401238631,2.074274083394631,7.105517142595004,5.0312430592003725,True,0.29192443586689965,49.95948001778711,0.5138273373174791,55.355934269934394
2a_y0.55 eq once-through h=0.35,2a_y0.55,0.55,2.52,equilibrium,equilibrium,,1.01325,native,False,0.35,0.25,Q1 + Q2+,3030.936066508513,341.19035223255156,-2332.422901822706,2332.422901822706,3372.1264187410643,583.1057254556765,3281.2008156298684,2.363396369882783,7.105517142595004,4.742120772712221,True,0.33261426613343553,49.95948001778711,0.5138273373174791,55.355934269934394
2a_y0.55 eq once-through h=0.35,2a_y0.55,0.55,2.52,equilibrium,equilibrium,,1.01325,native,False,0.35,0.5,Q1 only,3030.936066508513,341.19035223255156,-2332.422901822706,2332.422901822706,3030.936066508513,1166.211450911353,2193.7936654084233,1.580154424075633,7.105517142595004,5.525362718519371,True,0.2223841547863109,49.95948001778711,0.5138273373174791,55.355934269934394
2a_y0.55 eq once-through h=0.35,2a_y0.55,0.55,2.52,equilibrium,equilibrium,,1.01325,native,False,0.35,0.5,Q1 + Q2+,3030.936066508513,341.19035223255156,-2332.422901822706,2332.422901822706,3372.1264187410643,1166.211450911353,2595.1940797996604,1.8692767105637842,7.105517142595004,5.23624043203122,True,0.26307398505284674,49.95948001778711,0.5138273373174791,55.355934269934394
2a_y0.55 eq once-through h=0.5,2a_y0.55,0.55,2.52,equilibrium,equilibrium,,1.01325,native,False,0.5,0.0,Q1 only,3030.936066508513,341.19035223255156,-2690.3800146624108,2690.3800146624108,3030.936066508513,0.0,3565.8071370688385,2.5683937427136296,5.7012072456183525,3.132813502904723,True,0.45049997869969766,48.927219717529674,0.4787200400247048,51.57373527001413
2a_y0.55 eq once-through h=0.5,2a_y0.55,0.55,2.52,equilibrium,equilibrium,,1.01325,native,False,0.5,0.0,Q1 + Q2+,3030.936066508513,341.19035223255156,-2690.3800146624108,2690.3800146624108,3372.1264187410643,0.0,3967.2075514600756,2.857516029201781,5.7012072456183525,2.8436912164165715,True,0.5012124460828743,48.927219717529674,0.4787200400247048,51.57373527001413
2a_y0.55 eq once-through h=0.5,2a_y0.55,0.55,2.52,equilibrium,equilibrium,,1.01325,native,False,0.5,0.25,Q1 only,3030.936066508513,341.19035223255156,-2690.3800146624108,2690.3800146624108,3030.936066508513,672.5950036656027,2774.5188974622474,1.9984415032442022,5.7012072456183525,3.70276574237415,True,0.3505295312286883,48.927219717529674,0.4787200400247048,51.57373527001413
2a_y0.55 eq once-through h=0.5,2a_y0.55,0.55,2.52,equilibrium,equilibrium,,1.01325,native,False,0.5,0.25,Q1 + Q2+,3030.936066508513,341.19035223255156,-2690.3800146624108,2690.3800146624108,3372.1264187410643,672.5950036656027,3175.9193118534845,2.2875637897323537,5.7012072456183525,3.4136434558859987,True,0.401241998611865,48.927219717529674,0.4787200400247048,51.57373527001413
2a_y0.55 eq once-through h=0.5,2a_y0.55,0.55,2.52,equilibrium,equilibrium,,1.01325,native,False,0.5,0.5,Q1 only,3030.936066508513,341.19035223255156,-2690.3800146624108,2690.3800146624108,3030.936066508513,1345.1900073312054,1983.2306578556559,1.4284892637747744,5.7012072456183525,4.272717981843578,True,0.2505590837576789,48.927219717529674,0.4787200400247048,51.57373527001413
2a_y0.55 eq once-through h=0.5,2a_y0.55,0.55,2.52,equilibrium,equilibrium,,1.01325,native,False,0.5,0.5,Q1 + Q2+,3030.936066508513,341.19035223255156,-2690.3800146624108,2690.3800146624108,3372.1264187410643,1345.1900073312054,2384.631072246893,1.7176115502629257,5.7012072456183525,3.983595695355427,True,0.3012715511408555,48.927219717529674,0.4787200400247048,51.57373527001413
2a_y0.55 eq once-through h=0.75,2a_y0.55,0.55,2.52,equilibrium,equilibrium,,1.01325,native,False,0.75,0.0,Q1 only,3030.936066508513,341.19035223255156,-3276.8975455187388,3276.8975455187388,3030.936066508513,0.0,3565.8071370688385,2.5683937427136296,3.365796936243977,0.7974031935303474,True,0.7630863630114892,45.747987713008115,0.3705935852605975,39.92499553185434
2a_y0.55 eq once-through h=0.75,2a_y0.55,0.55,2.52,equilibrium,equilibrium,,1.01325,native,False,0.75,0.0,Q1 + Q2+,3030.936066508513,341.19035223255156,-3276.8975455187388,3276.8975455187388,3372.1264187410643,0.0,3967.2075514600756,2.857516029201781,3.365796936243977,0.5082809070421961,True,0.8489864609570278,45.747987713008115,0.3705935852605975,39.92499553185434
2a_y0.55 eq once-through h=0.75,2a_y0.55,0.55,2.52,equilibrium,equilibrium,,1.01325,native,False,0.75,0.25,Q1 only,3030.936066508513,341.19035223255156,-3276.8975455187388,3276.8975455187388,3030.936066508513,819.2243863796847,2602.013741328033,1.8741888034851348,3.365796936243977,1.4916081327588422,True,0.5568335936441295,45.747987713008115,0.3705935852605975,39.92499553185434
2a_y0.55 eq once-through h=0.75,2a_y0.55,0.55,2.52,equilibrium,equilibrium,,1.01325,native,False,0.75,0.25,Q1 + Q2+,3030.936066508513,341.19035223255156,-3276.8975455187388,3276.8975455187388,3372.1264187410643,819.2243863796847,3003.41415571927,2.163311089973286,3.365796936243977,1.202485846270691,True,0.6427336915896681,45.747987713008115,0.3705935852605975,39.92499553185434
2a_y0.55 eq once-through h=0.75,2a_y0.55,0.55,2.52,equilibrium,equilibrium,,1.01325,native,False,0.75,0.5,Q1 only,3030.936066508513,341.19035223255156,-3276.8975455187388,3276.8975455187388,3030.936066508513,1638.4487727593694,1638.2203455872275,1.17998386425664,3.365796936243977,2.185813071987337,True,0.35058082427676984,45.747987713008115,0.3705935852605975,39.92499553185434
2a_y0.55 eq once-through h=0.75,2a_y0.55,0.55,2.52,equilibrium,equilibrium,,1.01325,native,False,0.75,0.5,Q1 + Q2+,3030.936066508513,341.19035223255156,-3276.8975455187388,3276.8975455187388,3372.1264187410643,1638.4487727593694,2039.6207599784648,1.4691061507447916,3.365796936243977,1.8966907854991855,True,0.4364809222223085,45.747987713008115,0.3705935852605975,39.92499553185434
2a_y0.55 eq recycle h=0.35,2a_y0.55,0.55,2.52,equilibrium,equilibrium,,1.01325,native,True,0.35,0.0,Q1 only,3101.882639298763,1351.9764177959244,-3896.7987779042846,3896.7987779042846,3101.882639298763,0.0,3649.2736932926623,2.628513365702366,5.708339719844576,3.0798263541422104,True,0.4604689795466367,62.361974939541966,0.8994173003765795,96.89652796757514
2a_y0.55 eq recycle h=0.35,2a_y0.55,0.55,2.52,equilibrium,equilibrium,,1.01325,native,True,0.35,0.0,Q1 + Q2+,3101.882639298763,1351.9764177959244,-3896.7987779042846,3896.7987779042846,4453.859057094687,0.0,5239.8341848172795,3.7741686007741775,5.708339719844576,1.934171119070399,True,0.6611674823160207,62.361974939541966,0.8994173003765795,96.89652796757514
2a_y0.55 eq recycle h=0.35,2a_y0.55,0.55,2.52,equilibrium,equilibrium,,1.01325,native,True,0.35,0.25,Q1 only,3101.882639298763,1351.9764177959244,-3896.7987779042846,3896.7987779042846,3101.882639298763,974.1996944760712,2503.156405673755,1.8029834486928669,5.708339719844576,3.9053562711517094,True,0.3158507617241038,62.361974939541966,0.8994173003765795,96.89652796757514
2a_y0.55 eq recycle h=0.35,2a_y0.55,0.55,2.52,equilibrium,equilibrium,,1.01325,native,True,0.35,0.25,Q1 + Q2+,3101.882639298763,1351.9764177959244,-3896.7987779042846,3896.7987779042846,4453.859057094687,974.1996944760712,4093.716897198372,2.9486386837646776,5.708339719844576,2.759701036079899,True,0.5165492644934877,62.361974939541966,0.8994173003765795,96.89652796757514
2a_y0.55 eq recycle h=0.35,2a_y0.55,0.55,2.52,equilibrium,equilibrium,,1.01325,native,True,0.35,0.5,Q1 only,3101.882639298763,1351.9764177959244,-3896.7987779042846,3896.7987779042846,3101.882639298763,1948.3993889521423,1357.039118054848,0.9774535316833675,5.708339719844576,4.730886188161209,True,0.17123254390157092,62.361974939541966,0.8994173003765795,96.89652796757514
2a_y0.55 eq recycle h=0.35,2a_y0.55,0.55,2.52,equilibrium,equilibrium,,1.01325,native,True,0.35,0.5,Q1 + Q2+,3101.882639298763,1351.9764177959244,-3896.7987779042846,3896.7987779042846,4453.859057094687,1948.3993889521423,2947.5996095794644,2.123108766755178,5.708339719844576,3.5852309530893987,True,0.3719310466709547,62.361974939541966,0.8994173003765795,96.89652796757514
2a_y0.55 eq recycle h=0.5,2a_y0.55,0.55,2.52,equilibrium,equilibrium,,1.01325,native,True,0.5,0.0,Q1 only,3301.2572335021337,1020.5581141258946,-3863.397143589486,3863.397143589486,3301.2572335021337,0.0,3883.832039414275,2.797461983875592,5.2505353199667555,2.4530733360911636,True,0.5327955748126088,63.716221515100656,0.9449099244646364,101.797564806005
2a_y0.55 eq recycle h=0.5,2a_y0.55,0.55,2.52,equilibrium,equilibrium,,1.01325,native,True,0.5,0.0,Q1 + Q2+,3301.2572335021337,1020.5581141258946,-3863.397143589486,3863.397143589486,4321.815347628029,0.0,5084.488644268269,3.662275697157264,5.2505353199667555,1.5882596228094914,True,0.6975052016563622,63.716221515100656,0.9449099244646364,101.797564806005
2a_y0.55 eq recycle h=0.5,2a_y0.55,0.55,2.52,equilibrium,equilibrium,,1.01325,native,True,0.5,0.25,Q1 only,3301.2572335021337,1020.5581141258946,-3863.397143589486,3863.397143589486,3301.2572335021337,965.8492858973715,2747.538761887956,1.9790081439168836,5.2505353199667555,3.271527176049872,True,0.37691549971887706,63.716221515100656,0.9449099244646364,101.797564806005
2a_y0.55 eq recycle h=0.5,2a_y0.55,0.55,2.52,equilibrium,equilibrium,,1.01325,native,True,0.5,0.25,Q1 + Q2+,3301.2572335021337,1020.5581141258946,-3863.397143589486,3863.397143589486,4321.815347628029,965.8492858973715,3948.19536674195,2.8438218571985554,5.2505353199667555,2.4067134627682,True,0.5416251265626305,63.716221515100656,0.9449099244646364,101.797564806005
2a_y0.55 eq recycle h=0.5,2a_y0.55,0.55,2.52,equilibrium,equilibrium,,1.01325,native,True,0.5,0.5,Q1 only,3301.2572335021337,1020.5581141258946,-3863.397143589486,3863.397143589486,3301.2572335021337,1931.698571794743,1611.245484361636,1.1605543039581747,5.2505353199667555,4.089981016008581,True,0.22103542462514525,63.716221515100656,0.9449099244646364,101.797564806005
2a_y0.55 eq recycle h=0.5,2a_y0.55,0.55,2.52,equilibrium,equilibrium,,1.01325,native,True,0.5,0.5,Q1 + Q2+,3301.2572335021337,1020.5581141258946,-3863.397143589486,3863.397143589486,4321.815347628029,1931.698571794743,2811.9020892156304,2.0253680172398467,5.2505353199667555,3.2251673027269088,True,0.3857450514688987,63.716221515100656,0.9449099244646364,101.797564806005
2a_y0.55 eq recycle h=0.75,2a_y0.55,0.55,2.52,equilibrium,equilibrium,,1.01325,native,True,0.75,0.0,Q1 only,5243.482365789994,352.6853456480902,-5124.633156530301,5124.633156530301,5243.482365789994,0.0,6168.802783282346,4.443289796553831,4.793217033261173,0.3499272367073418,True,0.9269953281315825,64.96033504414856,0.9872230101428516,106.35606183302124
2a_y0.55 eq recycle h=0.75,2a_y0.55,0.55,2.52,equilibrium,equilibrium,,1.01325,native,True,0.75,0.0,Q1 + Q2+,5243.482365789994,352.6853456480902,-5124.633156530301,5124.633156530301,5596.167711438085,0.0,6583.726719338923,4.742152858998044,4.793217033261173,0.05106417426312859,True,0.9893465758156196,64.96033504414856,0.9872230101428516,106.35606183302124
2a_y0.55 eq recycle h=0.75,2a_y0.55,0.55,2.52,equilibrium,equilibrium,,1.01325,native,True,0.75,0.25,Q1 only,5243.482365789994,352.6853456480902,-5124.633156530301,5124.633156530301,5243.482365789994,1281.1582891325752,4661.557737244022,3.357645341827896,4.793217033261173,1.4355716914332768,True,0.7004993344821373,64.96033504414856,0.9872230101428516,106.35606183302124
2a_y0.55 eq recycle h=0.75,2a_y0.55,0.55,2.52,equilibrium,equilibrium,,1.01325,native,True,0.75,0.25,Q1 + Q2+,5243.482365789994,352.6853456480902,-5124.633156530301,5124.633156530301,5596.167711438085,1281.1582891325752,5076.481673300599,3.6565084042721088,4.793217033261173,1.136708628989064,True,0.7628505821661744,64.96033504414856,0.9872230101428516,106.35606183302124
2a_y0.55 eq recycle h=0.75,2a_y0.55,0.55,2.52,equilibrium,equilibrium,,1.01325,native,True,0.75,0.5,Q1 only,5243.482365789994,352.6853456480902,-5124.633156530301,5124.633156530301,5243.482365789994,2562.3165782651504,3154.3126912056987,2.2720008871019615,4.793217033261173,2.5212161461592113,True,0.4740033408326922,64.96033504414856,0.9872230101428516,106.35606183302124
2a_y0.55 eq recycle h=0.75,2a_y0.55,0.55,2.52,equilibrium,equilibrium,,1.01325,native,True,0.75,0.5,Q1 + Q2+,5243.482365789994,352.6853456480902,-5124.633156530301,5124.633156530301,5596.167711438085,2562.3165782651504,3569.2366272622758,2.570863949546174,4.793217033261173,2.222353083714999,True,0.5363545885167292,64.96033504414856,0.9872230101428516,106.35606183302124
"2a_y0.55 kin once-through phi=0 (1.01,1.01,1.01) bar",2a_y0.55,0.55,2.52,kinetic,kinetic,0.0,1.01325,native,False,0.35,0.0,Q1 only,2727.980709243213,569.9969330548491,-12.606516490973014,12.606516490973014,2727.980709243213,0.0,3209.3890696978974,2.3116715199918185,10.203222433786868,7.891550913795049,True,0.2265628858915168,31.36820759930369,0.0,0.0
"2a_y0.55 kin once-through phi=0 (1.01,1.01,1.01) bar",2a_y0.55,0.55,2.52,kinetic,kinetic,0.0,1.01325,native,False,0.35,0.0,Q1 + Q2+,2727.980709243213,569.9969330548491,-12.606516490973014,12.606516490973014,3297.977642298062,0.0,3879.9736968212496,2.7946828815315103,10.203222433786868,7.408539552255357,True,0.27390198534506316,31.36820759930369,0.0,0.0
"2a_y0.55 kin once-through phi=0 (1.01,1.01,1.01) bar",2a_y0.55,0.55,2.52,kinetic,kinetic,0.0,1.01325,native,False,0.35,0.25,Q1 only,2727.980709243213,569.9969330548491,-12.606516490973014,12.606516490973014,2727.980709243213,3.1516291227432536,3205.6812707299646,2.3090008518085954,10.203222433786868,7.894221581978273,True,0.2263011383700299,31.36820759930369,0.0,0.0
"2a_y0.55 kin once-through phi=0 (1.01,1.01,1.01) bar",2a_y0.55,0.55,2.52,kinetic,kinetic,0.0,1.01325,native,False,0.35,0.25,Q1 + Q2+,2727.980709243213,569.9969330548491,-12.606516490973014,12.606516490973014,3297.977642298062,3.1516291227432536,3876.265897853317,2.7920122133482876,10.203222433786868,7.41121022043858,True,0.2736402378235763,31.36820759930369,0.0,0.0
"2a_y0.55 kin once-through phi=0 (1.01,1.01,1.01) bar",2a_y0.55,0.55,2.52,kinetic,kinetic,0.0,1.01325,native,False,0.35,0.5,Q1 only,2727.980709243213,569.9969330548491,-12.606516490973014,12.606516490973014,2727.980709243213,6.303258245486507,3201.973471762031,2.3063301836253722,10.203222433786868,7.896892250161496,True,0.22603939084854302,31.36820759930369,0.0,0.0
"2a_y0.55 kin once-through phi=0 (1.01,1.01,1.01) bar",2a_y0.55,0.55,2.52,kinetic,kinetic,0.0,1.01325,native,False,0.35,0.5,Q1 + Q2+,2727.980709243213,569.9969330548491,-12.606516490973014,12.606516490973014,3297.977642298062,6.303258245486507,3872.558098885383,2.789341545165064,10.203222433786868,7.413880888621804,True,0.2733784903020894,31.36820759930369,0.0,0.0
"2a_y0.55 kin recycle phi=0 (1.01,1.01,1.01) bar",2a_y0.55,0.55,2.52,kinetic,kinetic,0.0,1.01325,native,True,0.35,0.0,Q1 only,3130.0934258602315,709.1775559519224,-43.28726233794036,43.28726233794036,3130.0934258602315,0.0,3682.4628539532137,2.6524189863065555,11.027921035384228,8.375502049077673,True,0.24051849644153184,36.21213761398205,0.0098443137566157,1.060553119047319
"2a_y0.55 kin recycle phi=0 (1.01,1.01,1.01) bar",2a_y0.55,0.55,2.52,kinetic,kinetic,0.0,1.01325,native,True,0.35,0.0,Q1 + Q2+,3130.0934258602315,709.1775559519224,-43.28726233794036,43.28726233794036,3839.270981812154,0.0,4516.78939036724,3.2533710213252545,11.027921035384228,7.774550014058974,True,0.2950121796199371,36.21213761398205,0.0098443137566157,1.060553119047319
"2a_y0.55 kin recycle phi=0 (1.01,1.01,1.01) bar",2a_y0.55,0.55,2.52,kinetic,kinetic,0.0,1.01325,native,True,0.35,0.25,Q1 only,3130.0934258602315,709.1775559519224,-43.28726233794036,43.28726233794036,3130.0934258602315,10.82181558448509,3669.7313062067606,2.643248656473762,11.027921035384228,8.384672378910466,True,0.23968694081074976,36.21213761398205,0.0098443137566157,1.060553119047319
"2a_y0.55 kin recycle phi=0 (1.01,1.01,1.01) bar",2a_y0.55,0.55,2.52,kinetic,kinetic,0.0,1.01325,native,True,0.35,0.25,Q1 + Q2+,3130.0934258602315,709.1775559519224,-43.28726233794036,43.28726233794036,3839.270981812154,10.82181558448509,4504.057842620787,3.244200691492461,11.027921035384228,7.783720343891767,True,0.294180623989155,36.21213761398205,0.0098443137566157,1.060553119047319
"2a_y0.55 kin recycle phi=0 (1.01,1.01,1.01) bar",2a_y0.55,0.55,2.52,kinetic,kinetic,0.0,1.01325,native,True,0.35,0.5,Q1 only,3130.0934258602315,709.1775559519224,-43.28726233794036,43.28726233794036,3130.0934258602315,21.64363116897018,3656.9997584603075,2.6340783266409686,11.027921035384228,8.393842708743259,True,0.23885538517996777,36.21213761398205,0.0098443137566157,1.060553119047319
"2a_y0.55 kin recycle phi=0 (1.01,1.01,1.01) bar",2a_y0.55,0.55,2.52,kinetic,kinetic,0.0,1.01325,native,True,0.35,0.5,Q1 + Q2+,3130.0934258602315,709.1775559519224,-43.28726233794036,43.28726233794036,3839.270981812154,21.64363116897018,4491.326294874334,3.235030361659668,11.027921035384228,7.7928906737245605,True,0.29334906835837304,36.21213761398205,0.0098443137566157,1.060553119047319
"2a_y0.55 kin once-through phi=0 (1.01,5,5) bar n=1",2a_y0.55,0.55,2.52,kinetic,kinetic,0.0,5.0,1.0,False,0.35,0.0,Q1 only,2727.980709243213,636.9061350474859,-64.56252280031981,64.56252280031981,2727.980709243213,0.0,3209.3890696978974,2.3116715199918185,9.749223527453532,7.437552007461713,True,0.23711339815752694,31.36820759930369,0.0,0.0
"2a_y0.55 kin once-through phi=0 (1.01,5,5) bar n=1",2a_y0.55,0.55,2.52,kinetic,kinetic,0.0,5.0,1.0,False,0.35,0.0,Q1 + Q2+,2727.980709243213,636.9061350474859,-64.56252280031981,64.56252280031981,3364.8868442906987,0.0,3958.690405047881,2.851381265118932,9.749223527453532,6.8978422623346,True,0.2924726525235086,31.36820759930369,0.0,0.0
"2a_y0.55 kin once-through phi=0 (1.01,5,5) bar n=1",2a_y0.55,0.55,2.52,kinetic,kinetic,0.0,5.0,1.0,False,0.35,0.25,Q1 only,2727.980709243213,636.9061350474859,-64.56252280031981,64.56252280031981,2727.980709243213,16.140630700079953,3190.400092403686,2.297994063924165,9.749223527453532,7.451229463529367,True,0.2357104704239348,31.36820759930369,0.0,0.0
"2a_y0.55 kin once-through phi=0 (1.01,5,5) bar n=1",2a_y0.55,0.55,2.52,kinetic,kinetic,0.0,5.0,1.0,False,0.35,0.25,Q1 + Q2+,2727.980709243213,636.9061350474859,-64.56252280031981,64.56252280031981,3364.8868442906987,16.140630700079953,3939.7014277536696,2.8377038090512787,9.749223527453532,6.911519718402253,True,0.2910697247899165,31.36820759930369,0.0,0.0
"2a_y0.55 kin once-through phi=0 (1.01,5,5) bar n=1",2a_y0.55,0.55,2.52,kinetic,kinetic,0.0,5.0,1.0,False,0.35,0.5,Q1 only,2727.980709243213,636.9061350474859,-64.56252280031981,64.56252280031981,2727.980709243213,32.281261400159906,3171.411115109474,2.2843166078565114,9.749223527453532,7.464906919597021,True,0.23430754269034265,31.36820759930369,0.0,0.0
"2a_y0.55 kin once-through phi=0 (1.01,5,5) bar n=1",2a_y0.55,0.55,2.52,kinetic,kinetic,0.0,5.0,1.0,False,0.35,0.5,Q1 + Q2+,2727.980709243213,636.9061350474859,-64.56252280031981,64.56252280031981,3364.8868442906987,32.281261400159906,3920.7124504594576,2.824026352983625,9.749223527453532,6.925197174469908,True,0.28966679705632437,31.36820759930369,0.0,0.0
"2a_y0.55 kin recycle phi=0 (1.01,5,5) bar n=1",2a_y0.55,0.55,2.52,kinetic,kinetic,0.0,5.0,1.0,True,0.35,0.0,Q1 only,3154.814481922481,726.3668560677083,-207.43445403780336,207.43445403780336,3154.814481922481,0.0,3711.546449320566,2.673367434017198,10.760649325715583,8.087281891698385,True,0.24843923011490007,37.29616636013519,0.0467128718252767,5.032497250573838
"2a_y0.55 kin recycle phi=0 (1.01,5,5) bar n=1",2a_y0.55,0.55,2.52,kinetic,kinetic,0.0,5.0,1.0,True,0.35,0.0,Q1 + Q2+,3154.814481922481,726.3668560677083,-207.43445403780336,207.43445403780336,3881.181337990189,0.0,4566.095691753164,3.288885560134568,10.760649325715583,7.471763765581015,True,0.3056400650725468,37.29616636013519,0.0467128718252767,5.032497250573838
"2a_y0.55 kin recycle phi=0 (1.01,5,5) bar n=1",2a_y0.55,0.55,2.52,kinetic,kinetic,0.0,5.0,1.0,True,0.35,0.25,Q1 only,3154.814481922481,726.3668560677083,-207.43445403780336,207.43445403780336,3154.814481922481,51.85861350945084,3650.5363157800352,2.6294228124478916,10.760649325715583,8.131226513267691,True,0.2443554039219687,37.29616636013519,0.0467128718252767,5.032497250573838
"2a_y0.55 kin recycle phi=0 (1.01,5,5) bar n=1",2a_y0.55,0.55,2.52,kinetic,kinetic,0.0,5.0,1.0,True,0.35,0.25,Q1 + Q2+,3154.814481922481,726.3668560677083,-207.43445403780336,207.43445403780336,3881.181337990189,51.85861350945084,4505.085558212633,3.244940938565262,10.760649325715583,7.515708387150321,True,0.3015562388796155,37.29616636013519,0.0467128718252767,5.032497250573838
"2a_y0.55 kin recycle phi=0 (1.01,5,5) bar n=1",2a_y0.55,0.55,2.52,kinetic,kinetic,0.0,5.0,1.0,True,0.35,0.5,Q1 only,3154.814481922481,726.3668560677083,-207.43445403780336,207.43445403780336,3154.814481922481,103.71722701890168,3589.526182239505,2.5854781908785855,10.760649325715583,8.175171134836997,True,0.2402715777290374,37.29616636013519,0.0467128718252767,5.032497250573838
"2a_y0.55 kin recycle phi=0 (1.01,5,5) bar n=1",2a_y0.55,0.55,2.52,kinetic,kinetic,0.0,5.0,1.0,True,0.35,0.5,Q1 + Q2+,3154.814481922481,726.3668560677083,-207.43445403780336,207.43445403780336,3881.181337990189,103.71722701890168,4444.075424672103,3.2009963169959557,10.760649325715583,7.559653008719628,True,0.2974724126866842,37.29616636013519,0.0467128718252767,5.032497250573838
"2a_y0.55 kin once-through phi=0.1 (1.01,1.01,1.01) bar",2a_y0.55,0.55,2.52,kinetic,kinetic,0.1,1.01325,native,False,0.35,0.0,Q1 only,2727.980709243213,464.5373709910386,-12.0292977576828,12.0292977576828,2727.980709243213,0.0,3209.3890696978974,2.3116715199918185,9.957049243633644,7.645377723641825,True,0.23216431529349513,31.36820759930369,0.0,0.0
"2a_y0.55 kin once-through phi=0.1 (1.01,1.01,1.01) bar",2a_y0.55,0.55,2.52,kinetic,kinetic,0.1,1.01325,native,False,0.35,0.0,Q1 + Q2+,2727.980709243213,464.5373709910386,-12.0292977576828,12.0292977576828,3192.5180802342516,0.0,3755.903623805002,2.705317196023657,9.957049243633644,7.251732047609988,True,0.2716986860091495,31.36820759930369,0.0,0.0
"2a_y0.55 kin once-through phi=0.1 (1.01,1.01,1.01) bar",2a_y0.55,0.55,2.52,kinetic,kinetic,0.1,1.01325,native,False,0.35,0.25,Q1 only,2727.980709243213,464.5373709910386,-12.0292977576828,12.0292977576828,2727.980709243213,3.0073244394207,3205.851040945638,2.3091231345745653,9.957049243633644,7.647926109059079,True,0.2319083774795004,31.36820759930369,0.0,0.0
"2a_y0.55 kin once-through phi=0.1 (1.01,1.01,1.01) bar",2a_y0.55,0.55,2.52,kinetic,kinetic,0.1,1.01325,native,False,0.35,0.25,Q1 + Q2+,2727.980709243213,464.5373709910386,-12.0292977576828,12.0292977576828,3192.5180802342516,3.0073244394207,3752.3655950527423,2.7027688106064027,9.957049243633644,7.254280433027242,True,0.2714427481951547,31.36820759930369,0.0,0.0
"2a_y0.55 kin once-through phi=0.1 (1.01,1.01,1.01) bar",2a_y0.55,0.55,2.52,kinetic,kinetic,0.1,1.01325,native,False,0.35,0.5,Q1 only,2727.980709243213,464.5373709910386,-12.0292977576828,12.0292977576828,2727.980709243213,6.0146488788414,3202.313012193378,2.3065747491573116,9.957049243633644,7.650474494476333,True,0.23165243966550567,31.36820759930369,0.0,0.0
"2a_y0.55 kin once-through phi=0.1 (1.01,1.01,1.01) bar",2a_y0.55,0.55,2.52,kinetic,kinetic,0.1,1.01325,native,False,0.35,0.5,Q1 + Q2+,2727.980709243213,464.5373709910386,-12.0292977576828,12.0292977576828,3192.5180802342516,6.0146488788414,3748.8275663004824,2.7002204251891495,9.957049243633644,7.256828818444495,True,0.27118681038116,31.36820759930369,0.0,0.0
"2a_y0.55 kin recycle phi=0.1 (1.01,1.01,1.01) bar",2a_y0.55,0.55,2.52,kinetic,kinetic,0.1,1.01325,native,True,0.35,0.0,Q1 only,3131.4699419703597,705.7546096022429,-43.26589211909541,43.26589211909541,3131.4699419703597,0.0,3684.0822846710116,2.6535854363029983,11.025170292308053,8.371584856005054,True,0.2406843038201713,36.22785198122585,0.0103787701049411,1.1181314694762945
"2a_y0.55 kin recycle phi=0.1 (1.01,1.01,1.01) bar",2a_y0.55,0.55,2.52,kinetic,kinetic,0.1,1.01325,native,True,0.35,0.0,Q1 + Q2+,3131.4699419703597,705.7546096022429,-43.26589211909541,43.26589211909541,3837.2245515726026,0.0,4514.3818253795325,3.251636890843176,11.025170292308053,7.773533401464876,True,0.2949284958538691,36.22785198122585,0.0103787701049411,1.1181314694762945
"2a_y0.55 kin recycle phi=0.1 (1.01,1.01,1.01) bar",2a_y0.55,0.55,2.52,kinetic,kinetic,0.1,1.01325,native,True,0.35,0.25,Q1 only,3131.4699419703597,705.7546096022429,-43.26589211909541,43.26589211909541,3131.4699419703597,10.816473029773853,3671.357022283042,2.6444196337132047,11.025170292308053,8.380750658594849,True,0.23985295134698653,36.22785198122585,0.0103787701049411,1.1181314694762945
"2a_y0.55 kin recycle phi=0.1 (1.01,1.01,1.01) bar",2a_y0.55,0.55,2.52,kinetic,kinetic,0.1,1.01325,native,True,0.35,0.25,Q1 + Q2+,3131.4699419703597,705.7546096022429,-43.26589211909541,43.26589211909541,3837.2245515726026,10.816473029773853,4501.656562991563,3.2424710882533825,11.025170292308053,7.78269920405467,True,0.2940971433806843,36.22785198122585,0.0103787701049411,1.1181314694762945
"2a_y0.55 kin recycle phi=0.1 (1.01,1.01,1.01) bar",2a_y0.55,0.55,2.52,kinetic,kinetic,0.1,1.01325,native,True,0.35,0.5,Q1 only,3131.4699419703597,705.7546096022429,-43.26589211909541,43.26589211909541,3131.4699419703597,21.632946059547706,3658.631759895073,2.6352538311234115,11.025170292308053,8.38991646118464,True,0.2390215988738018,36.22785198122585,0.0103787701049411,1.1181314694762945
"2a_y0.55 kin recycle phi=0.1 (1.01,1.01,1.01) bar",2a_y0.55,0.55,2.52,kinetic,kinetic,0.1,1.01325,native,True,0.35,0.5,Q1 + Q2+,3131.4699419703597,705.7546096022429,-43.26589211909541,43.26589211909541,3837.2245515726026,21.632946059547706,4488.9313006035945,3.233305285663589,11.025170292308053,7.791865006644464,True,0.29326579090749955,36.22785198122585,0.0103787701049411,1.1181314694762945
"2a_y0.55 kin once-through phi=0.1 (1.01,5,5) bar n=1",2a_y0.55,0.55,2.52,kinetic,kinetic,0.1,5.0,1.0,False,0.35,0.0,Q1 only,2727.980709243213,564.2027918873426,-62.50154307483179,62.50154307483179,2727.980709243213,0.0,3209.3890696978974,2.3116715199918185,9.598066763461626,7.286395243469807,True,0.24084761827162934,31.36820759930369,0.0,0.0
"2a_y0.55 kin once-through phi=0.1 (1.01,5,5) bar n=1",2a_y0.55,0.55,2.52,kinetic,kinetic,0.1,5.0,1.0,False,0.35,0.0,Q1 + Q2+,2727.980709243213,564.2027918873426,-62.50154307483179,62.50154307483179,3292.1835011305557,0.0,3873.157060153595,2.789772967368865,9.598066763461626,6.8082937960927605,True,0.2906598835079065,31.36820759930369,0.0,0.0
"2a_y0.55 kin once-through phi=0.1 (1.01,5,5) bar n=1",2a_y0.55,0.55,2.52,kinetic,kinetic,0.1,5.0,1.0,False,0.35,0.25,Q1 only,2727.980709243213,564.2027918873426,-62.50154307483179,62.50154307483179,2727.980709243213,15.625385768707947,3191.0062629111826,2.298430678827503,9.598066763461626,7.299636084634123,True,0.23946808617515325,31.36820759930369,0.0,0.0
"2a_y0.55 kin once-through phi=0.1 (1.01,5,5) bar n=1",2a_y0.55,0.55,2.52,kinetic,kinetic,0.1,5.0,1.0,False,0.35,0.25,Q1 + Q2+,2727.980709243213,564.2027918873426,-62.50154307483179,62.50154307483179,3292.1835011305557,15.625385768707947,3854.7742533668797,2.776532126204549,9.598066763461626,6.821534637257077,True,0.2892803514114303,31.36820759930369,0.0,0.0
"2a_y0.55 kin once-through phi=0.1 (1.01,5,5) bar n=1",2a_y0.55,0.55,2.52,kinetic,kinetic,0.1,5.0,1.0,False,0.35,0.5,Q1 only,2727.980709243213,564.2027918873426,-62.50154307483179,62.50154307483179,2727.980709243213,31.250771537415893,3172.6234561244673,2.2851898376631867,9.598066763461626,7.312876925798439,True,0.23808855407867713,31.36820759930369,0.0,0.0
"2a_y0.55 kin once-through phi=0.1 (1.01,5,5) bar n=1",2a_y0.55,0.55,2.52,kinetic,kinetic,0.1,5.0,1.0,False,0.35,0.5,Q1 + Q2+,2727.980709243213,564.2027918873426,-62.50154307483179,62.50154307483179,3292.1835011305557,31.250771537415893,3836.3914465801645,2.7632912850402325,9.598066763461626,6.834775478421394,True,0.28790081931495415,31.36820759930369,0.0,0.0
"2a_y0.55 kin recycle phi=0.1 (1.01,5,5) bar n=1",2a_y0.55,0.55,2.52,kinetic,kinetic,0.1,5.0,1.0,True,0.35,0.0,Q1 only,3156.4749837349245,722.205746982275,-207.32065623645923,207.32065623645923,3156.4749837349245,0.0,3713.499980864617,2.6747745314851947,10.75761941670652,8.082844885221325,True,0.24864000369182845,37.314425414475565,0.0473338747237888,5.099399482383732
"2a_y0.55 kin recycle phi=0.1 (1.01,5,5) bar n=1",2a_y0.55,0.55,2.52,kinetic,kinetic,0.1,5.0,1.0,True,0.35,0.0,Q1 + Q2+,3156.4749837349245,722.205746982275,-207.32065623645923,207.32065623645923,3878.6807307171994,0.0,4563.153800843764,3.2867665632530767,10.75761941670652,7.470852853453444,True,0.305529172945898,37.314425414475565,0.0473338747237888,5.099399482383732
"2a_y0.55 kin recycle phi=0.1 (1.01,5,5) bar n=1",2a_y0.55,0.55,2.52,kinetic,kinetic,0.1,5.0,1.0,True,0.35,0.25,Q1 only,3156.4749837349245,722.205746982275,-207.32065623645923,207.32065623645923,3156.4749837349245,51.83016405911481,3652.5233172656585,2.630854017778484,10.75761941670652,8.126765398928036,True,0.24455726828305369,37.314425414475565,0.0473338747237888,5.099399482383732
"2a_y0.55 kin recycle phi=0.1 (1.01,5,5) bar n=1",2a_y0.55,0.55,2.52,kinetic,kinetic,0.1,5.0,1.0,True,0.35,0.25,Q1 + Q2+,3156.4749837349245,722.205746982275,-207.32065623645923,207.32065623645923,3878.6807307171994,51.83016405911481,4502.177137244806,3.242846049546366,10.75761941670652,7.514773367160155,True,0.3014464375371232,37.314425414475565,0.0473338747237888,5.099399482383732
"2a_y0.55 kin recycle phi=0.1 (1.01,5,5) bar n=1",2a_y0.55,0.55,2.52,kinetic,kinetic,0.1,5.0,1.0,True,0.35,0.5,Q1 only,3156.4749837349245,722.205746982275,-207.32065623645923,207.32065623645923,3156.4749837349245,103.66032811822961,3591.5466536667,2.586933504071773,10.75761941670652,8.170685912634747,True,0.2404745328742789,37.314425414475565,0.0473338747237888,5.099399482383732
"2a_y0.55 kin recycle phi=0.1 (1.01,5,5) bar n=1",2a_y0.55,0.55,2.52,kinetic,kinetic,0.1,5.0,1.0,True,0.35,0.5,Q1 + Q2+,3156.4749837349245,722.205746982275,-207.32065623645923,207.32065623645923,3878.6807307171994,103.66032811822961,4441.200473645847,3.198925535839655,10.75761941670652,7.5586938808668656,True,0.2973637021283484,37.314425414475565,0.0473338747237888,5.099399482383732
"2a_y0.55 kin once-through phi=1 (1.01,1.01,1.01) bar",2a_y0.55,0.55,2.52,kinetic,kinetic,1.0,1.01325,native,False,0.35,0.0,Q1 only,2727.980709243213,245.16173416932145,-10.52446943033713,10.52446943033713,2727.980709243213,0.0,3209.3890696978974,2.3116715199918185,9.609790784856385,7.298119264864566,True,0.24055378225659943,31.36820759930369,0.0,0.0
"2a_y0.55 kin once-through phi=1 (1.01,1.01,1.01) bar",2a_y0.55,0.55,2.52,kinetic,kinetic,1.0,1.01325,native,False,0.35,0.0,Q1 + Q2+,2727.980709243213,245.16173416932145,-10.52446943033713,10.52446943033713,2973.1424434125342,0.0,3497.814639308864,2.519419836081725,9.609790784856385,7.09037094877466,True,0.2621721838161097,31.36820759930369,0.0,0.0
"2a_y0.55 kin once-through phi=1 (1.01,1.01,1.01) bar",2a_y0.55,0.55,2.52,kinetic,kinetic,1.0,1.01325,native,False,0.35,0.25,Q1 only,2727.980709243213,245.16173416932145,-10.52446943033713,10.52446943033713,2727.980709243213,2.6311173575842823,3206.2936375125046,2.3094419297895583,9.609790784856385,7.300348855066826,True,0.24032176990043308,31.36820759930369,0.0,0.0
"2a_y0.55 kin once-through phi=1 (1.01,1.01,1.01) bar",2a_y0.55,0.55,2.52,kinetic,kinetic,1.0,1.01325,native,False,0.35,0.25,Q1 + Q2+,2727.980709243213,245.16173416932145,-10.52446943033713,10.52446943033713,2973.1424434125342,2.6311173575842823,3494.719207123471,2.517190245879464,9.609790784856385,7.092600538976921,True,0.26194017145994325,31.36820759930369,0.0,0.0
"2a_y0.55 kin once-through phi=1 (1.01,1.01,1.01) bar",2a_y0.55,0.55,2.52,kinetic,kinetic,1.0,1.01325,native,False,0.35,0.5,Q1 only,2727.980709243213,245.16173416932145,-10.52446943033713,10.52446943033713,2727.980709243213,5.262234715168565,3203.198205327111,2.3072123395872977,9.609790784856385,7.302578445269087,True,0.24008975754426667,31.36820759930369,0.0,0.0
"2a_y0.55 kin once-through phi=1 (1.01,1.01,1.01) bar",2a_y0.55,0.55,2.52,kinetic,kinetic,1.0,1.01325,native,False,0.35,0.5,Q1 + Q2+,2727.980709243213,245.16173416932145,-10.52446943033713,10.52446943033713,2973.1424434125342,5.262234715168565,3491.623774938077,2.5149606556772035,9.609790784856385,7.094830129179181,True,0.26170815910377687,31.36820759930369,0.0,0.0
"2a_y0.55 kin recycle phi=1 (1.01,1.01,1.01) bar",2a_y0.55,0.55,2.52,kinetic,kinetic,1.0,1.01325,native,True,0.35,0.0,Q1 only,3143.6206387802004,675.5165440976631,-43.076339716141305,43.076339716141305,3143.6206387802004,0.0,3698.3772220943533,2.663881850668463,11.00100784371023,8.337125993041766,True,0.24214889113014532,36.366554501633736,0.0150961374259242,1.626345525798738
"2a_y0.55 kin recycle phi=1 (1.01,1.01,1.01) bar",2a_y0.55,0.55,2.52,kinetic,kinetic,1.0,1.01325,native,True,0.35,0.0,Q1 + Q2+,3143.6206387802004,675.5165440976631,-43.076339716141305,43.076339716141305,3819.1371828778633,0.0,4493.102568091604,3.236309782795253,11.00100784371023,7.764698060914977,True,0.29418302657111517,36.366554501633736,0.0150961374259242,1.626345525798738
"2a_y0.55 kin recycle phi=1 (1.01,1.01,1.01) bar",2a_y0.55,0.55,2.52,kinetic,kinetic,1.0,1.01325,native,True,0.35,0.25,Q1 only,3143.6206387802004,675.5165440976631,-43.076339716141305,43.076339716141305,3143.6206387802004,10.769084929035326,3685.7077104131354,2.6547562044193995,11.00100784371023,8.34625163929083,True,0.24131936292884681,36.366554501633736,0.0150961374259242,1.626345525798738
"2a_y0.55 kin recycle phi=1 (1.01,1.01,1.01) bar",2a_y0.55,0.55,2.52,kinetic,kinetic,1.0,1.01325,native,True,0.35,0.25,Q1 + Q2+,3143.6206387802004,675.5165440976631,-43.076339716141305,43.076339716141305,3819.1371828778633,10.769084929035326,4480.433056410386,3.227184136546189,11.00100784371023,7.773823707164041,True,0.2933534983698166,36.366554501633736,0.0150961374259242,1.626345525798738
"2a_y0.55 kin recycle phi=1 (1.01,1.01,1.01) bar",2a_y0.55,0.55,2.52,kinetic,kinetic,1.0,1.01325,native,True,0.35,0.5,Q1 only,3143.6206387802004,675.5165440976631,-43.076339716141305,43.076339716141305,3143.6206387802004,21.538169858070653,3673.038198731918,2.645630558170336,11.00100784371023,8.355377285539895,True,0.2404898347275483,36.366554501633736,0.0150961374259242,1.626345525798738
"2a_y0.55 kin recycle phi=1 (1.01,1.01,1.01) bar",2a_y0.55,0.55,2.52,kinetic,kinetic,1.0,1.01325,native,True,0.35,0.5,Q1 + Q2+,3143.6206387802004,675.5165440976631,-43.076339716141305,43.076339716141305,3819.1371828778633,21.538169858070653,4467.763544729169,3.2180584902971257,11.00100784371023,7.7829493534131045,True,0.29252397016851817,36.366554501633736,0.0150961374259242,1.626345525798738
"2a_y0.55 kin once-through phi=1 (1.01,5,5) bar n=1",2a_y0.55,0.55,2.52,kinetic,kinetic,1.0,5.0,1.0,False,0.35,0.0,Q1 only,2727.980709243213,43.151826982784975,-48.47661045734405,48.47661045734405,2727.980709243213,0.0,3209.3890696978974,2.3116715199918185,8.509729014204535,6.198057494212716,True,0.2716504269563873,31.36820759930369,0.0,0.0
"2a_y0.55 kin once-through phi=1 (1.01,5,5) bar n=1",2a_y0.55,0.55,2.52,kinetic,kinetic,1.0,5.0,1.0,False,0.35,0.0,Q1 + Q2+,2727.980709243213,43.151826982784975,-48.47661045734405,48.47661045734405,2771.1325362259977,0.0,3260.155924971762,2.3482380723628546,8.509729014204535,6.16149094184168,True,0.27594745595813325,31.36820759930369,0.0,0.0
"2a_y0.55 kin once-through phi=1 (1.01,5,5) bar n=1",2a_y0.55,0.55,2.52,kinetic,kinetic,1.0,5.0,1.0,False,0.35,0.25,Q1 only,2727.980709243213,43.151826982784975,-48.47661045734405,48.47661045734405,2727.980709243213,12.119152614336013,3195.1312430927965,2.301401835954072,8.509729014204535,6.208327178250462,True,0.2704436101446411,31.36820759930369,0.0,0.0
"2a_y0.55 kin once-through phi=1 (1.01,5,5) bar n=1",2a_y0.55,0.55,2.52,kinetic,kinetic,1.0,5.0,1.0,False,0.35,0.25,Q1 + Q2+,2727.980709243213,43.151826982784975,-48.47661045734405,48.47661045734405,2771.1325362259977,12.119152614336013,3245.8980983666606,2.337968388325108,8.509729014204535,6.171760625879426,True,0.2747406391463871,31.36820759930369,0.0,0.0
"2a_y0.55 kin once-through phi=1 (1.01,5,5) bar n=1",2a_y0.55,0.55,2.52,kinetic,kinetic,1.0,5.0,1.0,False,0.35,0.5,Q1 only,2727.980709243213,43.151826982784975,-48.47661045734405,48.47661045734405,2727.980709243213,24.238305228672026,3180.8734164876955,2.2911321519163264,8.509729014204535,6.218596862288209,True,0.26923679333289496,31.36820759930369,0.0,0.0
"2a_y0.55 kin once-through phi=1 (1.01,5,5) bar n=1",2a_y0.55,0.55,2.52,kinetic,kinetic,1.0,5.0,1.0,False,0.35,0.5,Q1 + Q2+,2727.980709243213,43.151826982784975,-48.47661045734405,48.47661045734405,2771.1325362259977,24.238305228672026,3231.6402717615597,2.327698704287362,8.509729014204535,6.182030309917172,True,0.2735338223346409,31.36820759930369,0.0,0.0
"2a_y0.55 kin recycle phi=1 (1.01,5,5) bar n=1",2a_y0.55,0.55,2.52,kinetic,kinetic,1.0,5.0,1.0,True,0.35,0.0,Q1 only,3171.6507559447496,684.1843190071276,-206.28035497836643,206.28035497836643,3171.6507559447496,0.0,3731.353830523235,2.6876343733060954,10.729889582099412,8.042255208793318,True,0.2504810839609994,37.481296753495705,0.0530092828189174,5.7108257235587505
"2a_y0.55 kin recycle phi=1 (1.01,5,5) bar n=1",2a_y0.55,0.55,2.52,kinetic,kinetic,1.0,5.0,1.0,True,0.35,0.0,Q1 + Q2+,3171.6507559447496,684.1843190071276,-206.28035497836643,206.28035497836643,3855.8350749518772,0.0,4536.276558766915,3.2674073164632116,10.729889582099412,7.462482265636201,True,0.30451453311450666,37.481296753495705,0.0530092828189174,5.7108257235587505
"2a_y0.55 kin recycle phi=1 (1.01,5,5) bar n=1",2a_y0.55,0.55,2.52,kinetic,kinetic,1.0,5.0,1.0,True,0.35,0.25,Q1 only,3171.6507559447496,684.1843190071276,-206.28035497836643,206.28035497836643,3171.6507559447496,51.57008874459161,3670.683137882539,2.643934245577775,10.729889582099412,8.085955336521637,True,0.24640833676318802,37.481296753495705,0.0530092828189174,5.7108257235587505
"2a_y0.55 kin recycle phi=1 (1.01,5,5) bar n=1",2a_y0.55,0.55,2.52,kinetic,kinetic,1.0,5.0,1.0,True,0.35,0.25,Q1 + Q2+,3171.6507559447496,684.1843190071276,-206.28035497836643,206.28035497836643,3855.8350749518772,51.57008874459161,4475.605866126219,3.223707188734891,10.729889582099412,7.506182393364521,True,0.3004417859166953,37.481296753495705,0.0530092828189174,5.7108257235587505
"2a_y0.55 kin recycle phi=1 (1.01,5,5) bar n=1",2a_y0.55,0.55,2.52,kinetic,kinetic,1.0,5.0,1.0,True,0.35,0.5,Q1 only,3171.6507559447496,684.1843190071276,-206.28035497836643,206.28035497836643,3171.6507559447496,103.14017748918322,3610.0124452418427,2.600234117849454,10.729889582099412,8.129655464249957,True,0.24233558956537668,37.481296753495705,0.0530092828189174,5.7108257235587505
"2a_y0.55 kin recycle phi=1 (1.01,5,5) bar n=1",2a_y0.55,0.55,2.52,kinetic,kinetic,1.0,5.0,1.0,True,0.35,0.5,Q1 + Q2+,3171.6507559447496,684.1843190071276,-206.28035497836643,206.28035497836643,3855.8350749518772,103.14017748918322,4414.935173485523,3.18000706100657,10.729889582099412,7.549882521092842,True,0.2963690387188839,37.481296753495705,0.0530092828189174,5.7108257235587505
2b_y0.55 eq once-through h=0.35,2b_y0.55,0.55,0.0,equilibrium,equilibrium,,1.01325,native,False,0.35,0.0,Q1 only,3030.936066508513,450.62682090876825,-2137.1462196537123,2137.1462196537123,3030.936066508513,0.0,3565.8071370688385,2.5683937427136296,5.721596761789783,3.1532030190761535,True,0.44889457430240254,49.46919110433665,0.4971518897351417,53.5594456184961
2b_y0.55 eq once-through h=0.35,2b_y0.55,0.55,0.0,equilibrium,equilibrium,,1.01325,native,False,0.35,0.0,Q1 + Q2+,3030.936066508513,450.62682090876825,-2137.1462196537123,2137.1462196537123,3481.562887417281,0.0,4095.956338137978,2.9502517171889107,5.721596761789783,2.7713450446008725,True,0.5156343307678392,49.46919110433665,0.4971518897351417,53.5594456184961
2b_y0.55 eq once-through h=0.35,2b_y0.55,0.55,0.0,equilibrium,equilibrium,,1.01325,native,False,0.35,0.25,Q1 only,3030.936066508513,450.62682090876825,-2137.1462196537123,2137.1462196537123,3030.936066508513,534.2865549134281,2937.2347195236293,2.115643102533864,5.721596761789783,3.605953659255919,True,0.36976445398295876,49.46919110433665,0.4971518897351417,53.5594456184961
2b_y0.55 eq once-through h=0.35,2b_y0.55,0.55,0.0,equilibrium,equilibrium,,1.01325,native,False,0.35,0.25,Q1 + Q2+,3030.936066508513,450.62682090876825,-2137.1462196537123,2137.1462196537123,3481.562887417281,534.2865549134281,3467.3839205927684,2.4975010770091446,5.721596761789783,3.2240956847806386,True,0.4365042104483953,49.46919110433665,0.4971518897351417,53.5594456184961
2b_y0.55 eq once-through h=0.35,2b_y0.55,0.55,0.0,equilibrium,equilibrium,,1.01325,native,False,0.35,0.5,Q1 only,3030.936066508513,450.62682090876825,-2137.1462196537123,2137.1462196537123,3030.936066508513,1068.5731098268561,2308.6623019784197,1.6628924623540977,5.721596761789783,4.058704299435686,True,0.2906343336635148,49.46919110433665,0.4971518897351417,53.5594456184961
2b_y0.55 eq once-through h=0.35,2b_y0.55,0.55,0.0,equilibrium,equilibrium,,1.01325,native,False,0.35,0.5,Q1 + Q2+,3030.936066508513,450.62682090876825,-2137.1462196537123,2137.1462196537123,3481.562887417281,1068.5731098268561,2838.811503047559,2.0447504368293785,5.721596761789783,3.6768463249604046,True,0.35737409012895144,49.46919110433665,0.4971518897351417,53.5594456184961
2b_y0.55 eq once-through h=0.5,2b_y0.55,0.55,0.0,equilibrium,equilibrium,,1.01325,native,False,0.5,0.0,Q1 only,3030.936066508513,450.62682090876825,-2430.357735043759,2430.357735043759,3030.936066508513,0.0,3565.8071370688385,2.5683937427136296,4.585938856730882,2.0175451140172527,True,0.5600584357865875,49.257694397252955,0.4899588643065559,52.784522577410925
2b_y0.55 eq once-through h=0.5,2b_y0.55,0.55,0.0,equilibrium,equilibrium,,1.01325,native,False,0.5,0.0,Q1 + Q2+,3030.936066508513,450.62682090876825,-2430.357735043759,2430.357735043759,3481.562887417281,0.0,4095.956338137978,2.9502517171889107,4.585938856730882,1.6356871395419716,True,0.6433255674263433,49.257694397252955,0.4899588643065559,52.784522577410925
2b_y0.55 eq once-through h=0.5,2b_y0.55,0.55,0.0,equilibrium,equilibrium,,1.01325,native,False,0.5,0.25,Q1 only,3030.936066508513,450.62682090876825,-2430.357735043759,2430.357735043759,3030.936066508513,607.5894337609398,2850.9960385265567,2.053526762491191,4.585938856730882,2.5324120942396915,True,0.4477876453754251,49.257694397252955,0.4899588643065559,52.784522577410925
2b_y0.55 eq once-through h=0.5,2b_y0.55,0.55,0.0,equilibrium,equilibrium,,1.01325,native,False,0.5,0.25,Q1 + Q2+,3030.936066508513,450.62682090876825,-2430.357735043759,2430.357735043759,3481.562887417281,607.5894337609398,3381.145239595696,2.435384736966472,4.585938856730882,2.1505541197644105,True,0.5310547770151808,49.257694397252955,0.4899588643065559,52.784522577410925
2b_y0.55 eq once-through h=0.5,2b_y0.55,0.55,0.0,equilibrium,equilibrium,,1.01325,native,False,0.5,0.5,Q1 only,3030.936066508513,450.62682090876825,-2430.357735043759,2430.357735043759,3030.936066508513,1215.1788675218795,2136.1849399842745,1.538659782268752,4.585938856730882,3.0472790744621303,True,0.33551685496426265,49.257694397252955,0.4899588643065559,52.784522577410925
2b_y0.55 eq once-through h=0.5,2b_y0.55,0.55,0.0,equilibrium,equilibrium,,1.01325,native,False,0.5,0.5,Q1 + Q2+,3030.936066508513,450.62682090876825,-2430.357735043759,2430.357735043759,3481.562887417281,1215.1788675218795,2666.334141053414,1.920517756744033,4.585938856730882,2.6654210999868493,True,0.41878398660401833,49.257694397252955,0.4899588643065559,52.784522577410925
2b_y0.55 eq once-through h=0.75,2b_y0.55,0.55,0.0,equilibrium,equilibrium,,1.01325,native,False,0.75,0.0,Q1 only,3030.936066508513,450.62682090876825,-2910.1677655347703,2910.1677655347703,3030.936066508513,0.0,3565.8071370688385,2.5683937427136296,2.6984069303146336,0.130013187601004,True,0.9518185392498067,47.65013882926383,0.4352859343998558,46.89446789472274
2b_y0.55 eq once-through h=0.75,2b_y0.55,0.55,0.0,equilibrium,equilibrium,,1.01325,native,False,0.75,0.0,Q1 + Q2+,3030.936066508513,450.62682090876825,-2910.1677655347703,2910.1677655347703,3481.562887417281,0.0,4095.956338137978,2.9502517171889107,2.6984069303146336,-0.251844786874277,False,1.0933309146389243,47.65013882926383,0.4352859343998558,46.89446789472274
2b_y0.55 eq once-through h=0.75,2b_y0.55,0.55,0.0,equilibrium,equilibrium,,1.01325,native,False,0.75,0.25,Q1 only,3030.936066508513,450.62682090876825,-2910.1677655347703,2910.1677655347703,3030.936066508513,727.5419413836926,2709.875441323318,1.9518798576272465,2.6984069303146336,0.7465270726873872,True,0.7233452581592865,47.65013882926383,0.4352859343998558,46.89446789472274
2b_y0.55 eq once-through h=0.75,2b_y0.55,0.55,0.0,equilibrium,equilibrium,,1.01325,native,False,0.75,0.25,Q1 + Q2+,3030.936066508513,450.62682090876825,-2910.1677655347703,2910.1677655347703,3481.562887417281,727.5419413836926,3240.0246423924573,2.3337378321025275,2.6984069303146336,0.36466909821210614,True,0.8648576335484042,47.65013882926383,0.4352859343998558,46.89446789472274
2b_y0.55 eq once-through h=0.75,2b_y0.55,0.55,0.0,equilibrium,equilibrium,,1.01325,native,False,0.75,0.5,Q1 only,3030.936066508513,450.62682090876825,-2910.1677655347703,2910.1677655347703,3030.936066508513,1455.0838827673851,1853.9437455777972,1.335365972540864,2.6984069303146336,1.3630409577737697,True,0.4948719770687665,47.65013882926383,0.4352859343998558,46.89446789472274
2b_y0.55 eq once-through h=0.75,2b_y0.55,0.55,0.0,equilibrium,equilibrium,,1.01325,native,False,0.75,0.5,Q1 + Q2+,3030.936066508513,450.62682090876825,-2910.1677655347703,2910.1677655347703,3481.562887417281,1455.0838827673851,2384.0929466469365,1.7172239470161448,2.6984069303146336,0.9811829832984889,True,0.636384352457884,47.65013882926383,0.4352859343998558,46.89446789472274
2b_y0.55 eq recycle h=0.35,2b_y0.55,0.55,0.0,equilibrium,equilibrium,,1.01325,native,True,0.35,0.0,Q1 only,3052.894142247264,1532.5621609990835,-3863.551552537045,3863.551552537045,3052.894142247264,0.0,3591.6401673497226,2.587000860479201,3.80683372648612,1.2198328660069189,True,0.6795676003603972,60.51831163276578,0.838398077066622,90.32277085223228
2b_y0.55 eq recycle h=0.35,2b_y0.55,0.55,0.0,equilibrium,equilibrium,,1.01325,native,True,0.35,0.0,Q1 + Q2+,3052.894142247264,1532.5621609990835,-3863.551552537045,3863.551552537045,4585.4563032463475,0.0,5394.654474407468,3.885683174542017,3.80683372648612,-0.07884944805589722,False,1.0207126062552458,60.51831163276578,0.838398077066622,90.32277085223228
2b_y0.55 eq recycle h=0.35,2b_y0.55,0.55,0.0,equilibrium,equilibrium,,1.01325,native,True,0.35,0.25,Q1 only,3052.894142247264,1532.5621609990835,-3863.551552537045,3863.551552537045,3052.894142247264,965.8878881342613,2455.301475427062,1.7685143092585232,3.80683372648612,2.038319417227597,True,0.46456305589446956,60.51831163276578,0.838398077066622,90.32277085223228
2b_y0.55 eq recycle h=0.35,2b_y0.55,0.55,0.0,equilibrium,equilibrium,,1.01325,native,True,0.35,0.25,Q1 + Q2+,3052.894142247264,1532.5621609990835,-3863.551552537045,3863.551552537045,4585.4563032463475,965.8878881342613,4258.315782484808,3.0671966233213395,3.80683372648612,0.7396371031647804,True,0.8057080617893183,60.51831163276578,0.838398077066622,90.32277085223228
2b_y0.55 eq recycle h=0.35,2b_y0.55,0.55,0.0,equilibrium,equilibrium,,1.01325,native,True,0.35,0.5,Q1 only,3052.894142247264,1532.5621609990835,-3863.551552537045,3863.551552537045,3052.894142247264,1931.7757762685226,1318.9627835044016,0.9500277580378453,3.80683372648612,2.8568059684482745,True,0.24955851142854196,60.51831163276578,0.838398077066622,90.32277085223228
2b_y0.55 eq recycle h=0.35,2b_y0.55,0.55,0.0,equilibrium,equilibrium,,1.01325,native,True,0.35,0.5,Q1 + Q2+,3052.894142247264,1532.5621609990835,-3863.551552537045,3863.551552537045,4585.4563032463475,1931.7757762685226,3121.977090562147,2.2487100721006614,3.80683372648612,1.5581236543854584,True,0.5907035173233907,60.51831163276578,0.838398077066622,90.32277085223228
2b_y0.55 eq recycle h=0.5,2b_y0.55,0.55,0.0,equilibrium,equilibrium,,1.01325,native,True,0.5,0.0,Q1 only,3097.6469208731864,1382.1426736682806,-3872.257284700925,3872.257284700925,3097.6469208731864,0.0,3644.2904951449254,2.6249240479267923,3.3477662312106764,0.722842183283884,True,0.7840822407057743,61.88607440767673,0.8837280600493301,95.20628594807783
2b_y0.55 eq recycle h=0.5,2b_y0.55,0.55,0.0,equilibrium,equilibrium,,1.01325,native,True,0.5,0.0,Q1 + Q2+,3097.6469208731864,1382.1426736682806,-3872.257284700925,3872.257284700925,4479.7895945414675,0.0,5270.34069946055,3.7961419544385557,3.3477662312106764,-0.44837572322787933,False,1.1339328054174589,61.88607440767673,0.8837280600493301,95.20628594807783
2b_y0.55 eq recycle h=0.5,2b_y0.55,0.55,0.0,equilibrium,equilibrium,,1.01325,native,True,0.5,0.25,Q1 only,3097.6469208731864,1382.1426736682806,-3872.257284700925,3872.257284700925,3097.6469208731864,968.0643211752313,2505.3912937623004,1.804593202771435,3.3477662312106764,1.5431730284392413,True,0.5390439708565993,61.88607440767673,0.8837280600493301,95.20628594807783
2b_y0.55 eq recycle h=0.5,2b_y0.55,0.55,0.0,equilibrium,equilibrium,,1.01325,native,True,0.5,0.25,Q1 + Q2+,3097.6469208731864,1382.1426736682806,-3872.257284700925,3872.257284700925,4479.7895945414675,968.0643211752313,4131.441498077925,2.9758111092831983,3.3477662312106764,0.37195512192747815,True,0.8888945355682839,61.88607440767673,0.8837280600493301,95.20628594807783
2b_y0.55 eq recycle h=0.5,2b_y0.55,0.55,0.0,equilibrium,equilibrium,,1.01325,native,True,0.5,0.5,Q1 only,3097.6469208731864,1382.1426736682806,-3872.257284700925,3872.257284700925,3097.6469208731864,1936.1286423504625,1366.4920923796751,0.984262357616078,3.3477662312106764,2.363503873594598,True,0.29400570100742435,61.88607440767673,0.8837280600493301,95.20628594807783
2b_y0.55 eq recycle h=0.5,2b_y0.55,0.55,0.0,equilibrium,equilibrium,,1.01325,native,True,0.5,0.5,Q1 + Q2+,3097.6469208731864,1382.1426736682806,-3872.257284700925,3872.257284700925,4479.7895945414675,1936.1286423504625,2992.5422966953,2.1554802641278417,3.3477662312106764,1.1922859670828347,True,0.6438562657191091,61.88607440767673,0.8837280600493301,95.20628594807783
2b_y0.55 eq recycle h=0.75,2b_y0.55,0.55,0.0,equilibrium,equilibrium,,1.01325,native,True,0.75,0.0,Q1 only,3604.098201617882,912.1500167224262,-4074.208496486627,4074.208496486627,3604.098201617882,0.0,4240.115531315155,3.054087274042742,2.550624938322467,-0.503462335720275,False,1.1973878354892113,64.2343020511873,0.9625301172973976,103.6958332814934
2b_y0.55 eq recycle h=0.75,2b_y0.55,0.55,0.0,equilibrium,equilibrium,,1.01325,native,True,0.75,0.0,Q1 + Q2+,3604.098201617882,912.1500167224262,-4074.208496486627,4074.208496486627,4516.248218340308,0.0,5313.233198047422,3.827036733865811,2.550624938322467,-1.276411795543344,False,1.5004310027576353,64.2343020511873,0.9625301172973976,103.6958332814934
2b_y0.55 eq recycle h=0.75,2b_y0.55,0.55,0.0,equilibrium,equilibrium,,1.01325,native,True,0.75,0.25,Q1 only,3604.098201617882,912.1500167224262,-4074.208496486627,4074.208496486627,3604.098201617882,1018.5521241216568,3041.818914701441,2.1909734224743405,2.550624938322467,0.3596515158481264,True,0.8589947465640843,64.2343020511873,0.9625301172973976,103.6958332814934
2b_y0.55 eq recycle h=0.75,2b_y0.55,0.55,0.0,equilibrium,equilibrium,,1.01325,native,True,0.75,0.25,Q1 + Q2+,3604.098201617882,912.1500167224262,-4074.208496486627,4074.208496486627,4516.248218340308,1018.5521241216568,4114.936581433708,2.9639228822974104,2.550624938322467,-0.41329794397494357,False,1.1620379138325085,64.2343020511873,0.9625301172973976,103.6958332814934
2b_y0.55 eq recycle h=0.75,2b_y0.55,0.55,0.0,equilibrium,equilibrium,,1.01325,native,True,0.75,0.5,Q1 only,3604.098201617882,912.1500167224262,-4074.208496486627,4074.208496486627,3604.098201617882,2037.1042482433136,1843.5222980877274,1.3278595709059409,2.550624938322467,1.222765367416526,True,0.5206016576389578,64.2343020511873,0.9625301172973976,103.6958332814934
2b_y0.55 eq recycle h=0.75,2b_y0.55,0.55,0.0,equilibrium,equilibrium,,1.01325,native,True,0.75,0.5,Q1 + Q2+,3604.098201617882,912.1500167224262,-4074.208496486627,4074.208496486627,4516.248218340308,2037.1042482433136,2916.6399648199936,2.10080903072901,2.550624938322467,0.4498159075934569,True,0.8236448249073819,64.2343020511873,0.9625301172973976,103.6958332814934
"2b_y0.55 kin once-through phi=0 (1.01,1.01,1.01) bar",2b_y0.55,0.55,0.0,kinetic,kinetic,0.0,1.01325,native,False,0.35,0.0,Q1 only,2727.980709243213,530.8021223467297,-10.41739034152278,10.41739034152278,2727.980709243213,0.0,3209.3890696978974,2.3116715199918185,7.88271539478782,5.571043874796002,True,0.2932582751269104,31.36820759930369,0.0,0.0
"2b_y0.55 kin once-through phi=0 (1.01,1.01,1.01) bar",2b_y0.55,0.55,0.0,kinetic,kinetic,0.0,1.01325,native,False,0.35,0.0,Q1 + Q2+,2727.980709243213,530.8021223467297,-10.41739034152278,10.41739034152278,3258.7828315899424,0.0,3833.862154811697,2.76146947670851,7.88271539478782,5.12124591807931,True,0.35031957116381984,31.36820759930369,0.0,0.0
"2b_y0.55 kin once-through phi=0 (1.01,1.01,1.01) bar",2b_y0.55,0.55,0.0,kinetic,kinetic,0.0,1.01325,native,False,0.35,0.25,Q1 only,2727.980709243213,530.8021223467297,-10.41739034152278,10.41739034152278,2727.980709243213,2.604347585380695,3206.3251313621554,2.309464614304808,7.88271539478782,5.573250780483012,True,0.29297830742841025,31.36820759930369,0.0,0.0
"2b_y0.55 kin once-through phi=0 (1.01,1.01,1.01) bar",2b_y0.55,0.55,0.0,kinetic,kinetic,0.0,1.01325,native,False,0.35,0.25,Q1 + Q2+,2727.980709243213,530.8021223467297,-10.41739034152278,10.41739034152278,3258.7828315899424,2.604347585380695,3830.798216475955,2.759262571021499,7.88271539478782,5.123452823766321,True,0.35003960346531965,31.36820759930369,0.0,0.0
"2b_y0.55 kin once-through phi=0 (1.01,1.01,1.01) bar",2b_y0.55,0.55,0.0,kinetic,kinetic,0.0,1.01325,native,False,0.35,0.5,Q1 only,2727.980709243213,530.8021223467297,-10.41739034152278,10.41739034152278,2727.980709243213,5.20869517076139,3203.2611930264134,2.307257708617797,7.88271539478782,5.575457686170023,True,0.29269833972991,31.36820759930369,0.0,0.0
"2b_y0.55 kin once-through phi=0 (1.01,1.01,1.01) bar",2b_y0.55,0.55,0.0,kinetic,kinetic,0.0,1.01325,native,False,0.35,0.5,Q1 + Q2+,2727.980709243213,530.8021223467297,-10.41739034152278,10.41739034152278,3258.7828315899424,5.20869517076139,3827.734278140213,2.7570556653344886,7.88271539478782,5.125659729453332,True,0.34975963576681945,31.36820759930369,0.0,0.0
"2b_y0.55 kin recycle phi=0 (1.01,1.01,1.01) bar",2b_y0.55,0.55,0.0,kinetic,kinetic,0.0,1.01325,native,True,0.35,0.0,Q1 only,3127.589566055527,669.8071000986057,-31.75664236117893,31.75664236117893,3127.589566055527,0.0,3679.5171365359142,2.6502972332527395,8.714257967633493,6.063960734380753,True,0.30413343776331575,36.14152340123414,0.0074426761541774,0.8018185527728989
"2b_y0.55 kin recycle phi=0 (1.01,1.01,1.01) bar",2b_y0.55,0.55,0.0,kinetic,kinetic,0.0,1.01325,native,True,0.35,0.0,Q1 + Q2+,3127.589566055527,669.8071000986057,-31.75664236117893,31.75664236117893,3797.3966661541326,0.0,4467.5254895930975,3.217887022997184,8.714257967633493,5.496370944636309,True,0.36926689971183585,36.14152340123414,0.0074426761541774,0.8018185527728989
"2b_y0.55 kin recycle phi=0 (1.01,1.01,1.01) bar",2b_y0.55,0.55,0.0,kinetic,kinetic,0.0,1.01325,native,True,0.35,0.25,Q1 only,3127.589566055527,669.8071000986057,-31.75664236117893,31.75664236117893,3127.589566055527,7.939160590294732,3670.176947606156,2.6435696448328354,8.714257967633493,6.070688322800658,True,0.3033614169619014,36.14152340123414,0.0074426761541774,0.8018185527728989
"2b_y0.55 kin recycle phi=0 (1.01,1.01,1.01) bar",2b_y0.55,0.55,0.0,kinetic,kinetic,0.0,1.01325,native,True,0.35,0.25,Q1 + Q2+,3127.589566055527,669.8071000986057,-31.75664236117893,31.75664236117893,3797.3966661541326,7.939160590294732,4458.185300663339,3.2111594345772803,8.714257967633493,5.503098533056213,True,0.36849487891042154,36.14152340123414,0.0074426761541774,0.8018185527728989
"2b_y0.55 kin recycle phi=0 (1.01,1.01,1.01) bar",2b_y0.55,0.55,0.0,kinetic,kinetic,0.0,1.01325,native,True,0.35,0.5,Q1 only,3127.589566055527,669.8071000986057,-31.75664236117893,31.75664236117893,3127.589566055527,15.878321180589465,3660.8367586763975,2.6368420564129313,8.714257967633493,6.077415911220562,True,0.30258939616048697,36.14152340123414,0.0074426761541774,0.8018185527728989
"2b_y0.55 kin recycle phi=0 (1.01,1.01,1.01) bar",2b_y0.55,0.55,0.0,kinetic,kinetic,0.0,1.01325,native,True,0.35,0.5,Q1 + Q2+,3127.589566055527,669.8071000986057,-31.75664236117893,31.75664236117893,3797.3966661541326,15.878321180589465,4448.845111733581,3.204431846157376,8.714257967633493,5.509826121476117,True,0.3677228581090072,36.14152340123414,0.0074426761541774,0.8018185527728989
"2b_y0.55 kin once-through phi=0 (1.01,5,5) bar n=1",2b_y0.55,0.55,0.0,kinetic,kinetic,0.0,5.0,1.0,False,0.35,0.0,Q1 only,2727.980709243213,591.8531185322486,-54.89860778653534,54.89860778653534,2727.980709243213,0.0,3209.3890696978974,2.3116715199918185,7.475313428319974,5.163641908328156,True,0.3092407485195375,31.36820759930369,0.0,0.0
"2b_y0.55 kin once-through phi=0 (1.01,5,5) bar n=1",2b_y0.55,0.55,0.0,kinetic,kinetic,0.0,5.0,1.0,False,0.35,0.0,Q1 + Q2+,2727.980709243213,591.8531185322486,-54.89860778653534,54.89860778653534,3319.8338277754615,0.0,3905.6868562064255,2.8132036582117013,7.475313428319974,4.662109770108273,True,0.37633253577756,31.36820759930369,0.0,0.0
"2b_y0.55 kin once-through phi=0 (1.01,5,5) bar n=1",2b_y0.55,0.55,0.0,kinetic,kinetic,0.0,5.0,1.0,False,0.35,0.25,Q1 only,2727.980709243213,591.8531185322486,-54.89860778653534,54.89860778653534,2727.980709243213,13.724651946633834,3193.2424203489168,2.300041347197952,7.475313428319974,5.1752720811220225,True,0.3076849377959622,31.36820759930369,0.0,0.0
"2b_y0.55 kin once-through phi=0 (1.01,5,5) bar n=1",2b_y0.55,0.55,0.0,kinetic,kinetic,0.0,5.0,1.0,False,0.35,0.25,Q1 + Q2+,2727.980709243213,591.8531185322486,-54.89860778653534,54.89860778653534,3319.8338277754615,13.724651946633834,3889.5402068574444,2.801573485417835,7.475313428319974,4.673739942902139,True,0.37477672505398474,31.36820759930369,0.0,0.0
"2b_y0.55 kin once-through phi=0 (1.01,5,5) bar n=1",2b_y0.55,0.55,0.0,kinetic,kinetic,0.0,5.0,1.0,False,0.35,0.5,Q1 only,2727.980709243213,591.8531185322486,-54.89860778653534,54.89860778653534,2727.980709243213,27.44930389326767,3177.0957709999357,2.2884111744040854,7.475313428319974,5.186902253915889,True,0.3061291270723869,31.36820759930369,0.0,0.0
"2b_y0.55 kin once-through phi=0 (1.01,5,5) bar n=1",2b_y0.55,0.55,0.0,kinetic,kinetic,0.0,5.0,1.0,False,0.35,0.5,Q1 + Q2+,2727.980709243213,591.8531185322486,-54.89860778653534,54.89860778653534,3319.8338277754615,27.44930389326767,3873.3935575084633,2.7899433126239677,7.475313428319974,4.685370115696006,True,0.3732209143304093,31.36820759930369,0.0,0.0
"2b_y0.55 kin recycle phi=0 (1.01,5,5) bar n=1",2b_y0.55,0.55,0.0,kinetic,kinetic,0.0,5.0,1.0,True,0.35,0.0,Q1 only,3143.068331637784,686.5471419494742,-153.33851827580204,153.33851827580204,3143.068331637784,0.0,3697.727448985628,2.6634138295101444,8.493114043985347,5.829700214475203,True,0.3135968521930211,36.96490724542366,0.0354465230939566,3.818744663782664
"2b_y0.55 kin recycle phi=0 (1.01,5,5) bar n=1",2b_y0.55,0.55,0.0,kinetic,kinetic,0.0,5.0,1.0,True,0.35,0.0,Q1 + Q2+,3143.068331637784,686.5471419494742,-153.33851827580204,153.33851827580204,3829.6154735872583,0.0,4505.429968926186,3.2451890120834332,8.493114043985347,5.247925031901914,True,0.3820964837251433,36.96490724542366,0.0354465230939566,3.818744663782664
"2b_y0.55 kin recycle phi=0 (1.01,5,5) bar n=1",2b_y0.55,0.55,0.0,kinetic,kinetic,0.0,5.0,1.0,True,0.35,0.25,Q1 only,3143.068331637784,686.5471419494742,-153.33851827580204,153.33851827580204,3143.068331637784,38.33462956895051,3652.627884786863,2.6309293360884287,8.493114043985347,5.862184707896919,True,0.30977204856345947,36.96490724542366,0.0354465230939566,3.818744663782664
"2b_y0.55 kin recycle phi=0 (1.01,5,5) bar n=1",2b_y0.55,0.55,0.0,kinetic,kinetic,0.0,5.0,1.0,True,0.35,0.25,Q1 + Q2+,3143.068331637784,686.5471419494742,-153.33851827580204,153.33851827580204,3829.6154735872583,38.33462956895051,4460.3304047274205,3.2127045186617167,8.493114043985347,5.2804095253236305,True,0.3782716800955816,36.96490724542366,0.0354465230939566,3.818744663782664
"2b_y0.55 kin recycle phi=0 (1.01,5,5) bar n=1",2b_y0.55,0.55,0.0,kinetic,kinetic,0.0,5.0,1.0,True,0.35,0.5,Q1 only,3143.068331637784,686.5471419494742,-153.33851827580204,153.33851827580204,3143.068331637784,76.66925913790102,3607.528320588098,2.598444842666712,8.493114043985347,5.894669201318635,True,0.3059472449338978,36.96490724542366,0.0354465230939566,3.818744663782664
"2b_y0.55 kin recycle phi=0 (1.01,5,5) bar n=1",2b_y0.55,0.55,0.0,kinetic,kinetic,0.0,5.0,1.0,True,0.35,0.5,Q1 + Q2+,3143.068331637784,686.5471419494742,-153.33851827580204,153.33851827580204,3829.6154735872583,76.66925913790102,4415.230840528656,3.180220025240001,8.493114043985347,5.312894018745347,True,0.37444687646602004,36.96490724542366,0.0354465230939566,3.818744663782664
"2b_y0.55 kin once-through phi=0.1 (1.01,1.01,1.01) bar",2b_y0.55,0.55,0.0,kinetic,kinetic,0.1,1.01325,native,False,0.35,0.0,Q1 only,2727.980709243213,469.5301337199472,-10.072136808118469,10.072136808118469,2727.980709243213,0.0,3209.3890696978974,2.3116715199918185,7.752869764148247,5.441198244156428,True,0.29816978619732887,31.36820759930369,0.0,0.0
"2b_y0.55 kin once-through phi=0.1 (1.01,1.01,1.01) bar",2b_y0.55,0.55,0.0,kinetic,kinetic,0.1,1.01325,native,False,0.35,0.0,Q1 + Q2+,2727.980709243213,469.5301337199472,-10.072136808118469,10.072136808118469,3197.51084296316,0.0,3761.7774623096,2.7095480277767505,7.752869764148247,5.043321736371497,True,0.3494896870713047,31.36820759930369,0.0,0.0
"2b_y0.55 kin once-through phi=0.1 (1.01,1.01,1.01) bar",2b_y0.55,0.55,0.0,kinetic,kinetic,0.1,1.01325,native,False,0.35,0.25,Q1 only,2727.980709243213,469.5301337199472,-10.072136808118469,10.072136808118469,2727.980709243213,2.518034202029617,3206.4266765190396,2.3095377556541625,7.752869764148247,5.443332008494085,True,0.297894563679401,31.36820759930369,0.0,0.0
"2b_y0.55 kin once-through phi=0.1 (1.01,1.01,1.01) bar",2b_y0.55,0.55,0.0,kinetic,kinetic,0.1,1.01325,native,False,0.35,0.25,Q1 + Q2+,2727.980709243213,469.5301337199472,-10.072136808118469,10.072136808118469,3197.51084296316,2.518034202029617,3758.815069130742,2.7074142634390945,7.752869764148247,5.045455500709153,True,0.34921446455337674,31.36820759930369,0.0,0.0
"2b_y0.55 kin once-through phi=0.1 (1.01,1.01,1.01) bar",2b_y0.55,0.55,0.0,kinetic,kinetic,0.1,1.01325,native,False,0.35,0.5,Q1 only,2727.980709243213,469.5301337199472,-10.072136808118469,10.072136808118469,2727.980709243213,5.036068404059234,3203.464283340181,2.307403991316506,7.752869764148247,5.445465772831741,True,0.29761934116147304,31.36820759930369,0.0,0.0
"2b_y0.55 kin once-through phi=0.1 (1.01,1.01,1.01) bar",2b_y0.55,0.55,0.0,kinetic,kinetic,0.1,1.01325,native,False,0.35,0.5,Q1 + Q2+,2727.980709243213,469.5301337199472,-10.072136808118469,10.072136808118469,3197.51084296316,5.036068404059234,3755.852675951883,2.705280499101438,7.752869764148247,5.04758926504681,True,0.3489392420354488,31.36820759930369,0.0,0.0
"2b_y0.55 kin recycle phi=0.1 (1.01,1.01,1.01) bar",2b_y0.55,0.55,0.0,kinetic,kinetic,0.1,1.01325,native,True,0.35,0.0,Q1 only,3127.9725386641476,668.8245041871926,-31.75034040170175,31.75034040170175,3127.9725386641476,0.0,3679.9676925460562,2.650621761527183,8.713642598592934,6.06302083706575,True,0.3041921597696928,36.145892695207614,0.0075912788196081,0.817827898291307
"2b_y0.55 kin recycle phi=0.1 (1.01,1.01,1.01) bar",2b_y0.55,0.55,0.0,kinetic,kinetic,0.1,1.01325,native,True,0.35,0.0,Q1 + Q2+,3127.9725386641476,668.8245041871926,-31.75034040170175,31.75034040170175,3796.79704285134,0.0,4466.820050413341,3.217378906459888,8.713642598592934,5.496263692133045,True,0.3692346650732985,36.145892695207614,0.0075912788196081,0.817827898291307
"2b_y0.55 kin recycle phi=0.1 (1.01,1.01,1.01) bar",2b_y0.55,0.55,0.0,kinetic,kinetic,0.1,1.01325,native,True,0.35,0.25,Q1 only,3127.9725386641476,668.8245041871926,-31.75034040170175,31.75034040170175,3127.9725386641476,7.937585100425437,3670.6293571337906,2.6438955081662283,8.713642598592934,6.069747090426706,True,0.30342023766193493,36.145892695207614,0.0075912788196081,0.817827898291307
"2b_y0.55 kin recycle phi=0.1 (1.01,1.01,1.01) bar",2b_y0.55,0.55,0.0,kinetic,kinetic,0.1,1.01325,native,True,0.35,0.25,Q1 + Q2+,3127.9725386641476,668.8245041871926,-31.75034040170175,31.75034040170175,3796.79704285134,7.937585100425437,4457.481715001076,3.2106526530989346,8.713642598592934,5.502989945493999,True,0.3684627429655407,36.145892695207614,0.0075912788196081,0.817827898291307
"2b_y0.55 kin recycle phi=0.1 (1.01,1.01,1.01) bar",2b_y0.55,0.55,0.0,kinetic,kinetic,0.1,1.01325,native,True,0.35,0.5,Q1 only,3127.9725386641476,668.8245041871926,-31.75034040170175,31.75034040170175,3127.9725386641476,15.875170200850874,3661.291021721526,2.6371692548052748,8.713642598592934,6.076473343787659,True,0.3026483155541772,36.145892695207614,0.0075912788196081,0.817827898291307
"2b_y0.55 kin recycle phi=0.1 (1.01,1.01,1.01) bar",2b_y0.55,0.55,0.0,kinetic,kinetic,0.1,1.01325,native,True,0.35,0.5,Q1 + Q2+,3127.9725386641476,668.8245041871926,-31.75034040170175,31.75034040170175,3796.79704285134,15.875170200850874,4448.143379588811,3.2039263997379797,8.713642598592934,5.509716198854954,True,0.3676908208577828,36.145892695207614,0.0075912788196081,0.817827898291307
"2b_y0.55 kin once-through phi=0.1 (1.01,5,5) bar n=1",2b_y0.55,0.55,0.0,kinetic,kinetic,0.1,5.0,1.0,False,0.35,0.0,Q1 only,2727.980709243213,541.4693440814816,-53.458075104413915,53.458075104413915,2727.980709243213,0.0,3209.3890696978974,2.3116715199918185,7.37422584893611,5.062554328944291,True,0.31347989163165196,31.36820759930369,0.0,0.0
"2b_y0.55 kin once-through phi=0.1 (1.01,5,5) bar n=1",2b_y0.55,0.55,0.0,kinetic,kinetic,0.1,5.0,1.0,False,0.35,0.0,Q1 + Q2+,2727.980709243213,541.4693440814816,-53.458075104413915,53.458075104413915,3269.4500533246946,0.0,3846.4118274408174,2.770508804808636,7.37422584893611,4.603717044127474,True,0.3757016480866722,31.36820759930369,0.0,0.0
"2b_y0.55 kin once-through phi=0.1 (1.01,5,5) bar n=1",2b_y0.55,0.55,0.0,kinetic,kinetic,0.1,5.0,1.0,False,0.35,0.25,Q1 only,2727.980709243213,541.4693440814816,-53.458075104413915,53.458075104413915,2727.980709243213,13.364518776103479,3193.6661064318937,2.300346521494419,7.37422584893611,5.073879327441691,True,0.3119441374074939,31.36820759930369,0.0,0.0
"2b_y0.55 kin once-through phi=0.1 (1.01,5,5) bar n=1",2b_y0.55,0.55,0.0,kinetic,kinetic,0.1,5.0,1.0,False,0.35,0.25,Q1 + Q2+,2727.980709243213,541.4693440814816,-53.458075104413915,53.458075104413915,3269.4500533246946,13.364518776103479,3830.6888641748133,2.759183806311236,7.37422584893611,4.615042042624873,True,0.3741658938625141,31.36820759930369,0.0,0.0
"2b_y0.55 kin once-through phi=0.1 (1.01,5,5) bar n=1",2b_y0.55,0.55,0.0,kinetic,kinetic,0.1,5.0,1.0,False,0.35,0.5,Q1 only,2727.980709243213,541.4693440814816,-53.458075104413915,53.458075104413915,2727.980709243213,26.729037552206957,3177.9431431658895,2.28902152299702,7.37422584893611,5.08520432593909,True,0.3104083831833358,31.36820759930369,0.0,0.0
"2b_y0.55 kin once-through phi=0.1 (1.01,5,5) bar n=1",2b_y0.55,0.55,0.0,kinetic,kinetic,0.1,5.0,1.0,False,0.35,0.5,Q1 + Q2+,2727.980709243213,541.4693440814816,-53.458075104413915,53.458075104413915,3269.4500533246946,26.729037552206957,3814.965900908809,2.747858807813837,7.37422584893611,4.626367041122273,True,0.372630139638356,31.36820759930369,0.0,0.0
"2b_y0.55 kin recycle phi=0.1 (1.01,5,5) bar n=1",2b_y0.55,0.55,0.0,kinetic,kinetic,0.1,5.0,1.0,True,0.35,0.0,Q1 only,3143.8610508316174,684.5518642840915,-153.287408683969,153.287408683969,3143.8610508316174,0.0,3698.660059801903,2.66408557413705,8.491684419931284,5.827598845794234,True,0.3137287542014672,36.97367585958053,0.0357447496419107,3.850873373150837
"2b_y0.55 kin recycle phi=0.1 (1.01,5,5) bar n=1",2b_y0.55,0.55,0.0,kinetic,kinetic,0.1,5.0,1.0,True,0.35,0.0,Q1 + Q2+,3143.8610508316174,684.5518642840915,-153.287408683969,153.287408683969,3828.412915115709,0.0,4504.015194253775,3.2441699725570956,8.491684419931284,5.247514447374188,True,0.38204080746836655,36.97367585958053,0.0357447496419107,3.850873373150837
"2b_y0.55 kin recycle phi=0.1 (1.01,5,5) bar n=1",2b_y0.55,0.55,0.0,kinetic,kinetic,0.1,5.0,1.0,True,0.35,0.25,Q1 only,3143.8610508316174,684.5518642840915,-153.287408683969,153.287408683969,3143.8610508316174,38.32185217099225,3653.57552783603,2.631611908191811,8.491684419931284,5.860072511739473,True,0.3099045817123179,36.97367585958053,0.0357447496419107,3.850873373150837
"2b_y0.55 kin recycle phi=0.1 (1.01,5,5) bar n=1",2b_y0.55,0.55,0.0,kinetic,kinetic,0.1,5.0,1.0,True,0.35,0.25,Q1 + Q2+,3143.8610508316174,684.5518642840915,-153.287408683969,153.287408683969,3828.412915115709,38.32185217099225,4458.930662287902,3.211696306611857,8.491684419931284,5.279988113319426,True,0.3782166349792173,36.97367585958053,0.0357447496419107,3.850873373150837
"2b_y0.55 kin recycle phi=0.1 (1.01,5,5) bar n=1",2b_y0.55,0.55,0.0,kinetic,kinetic,0.1,5.0,1.0,True,0.35,0.5,Q1 only,3143.8610508316174,684.5518642840915,-153.287408683969,153.287408683969,3143.8610508316174,76.6437043419845,3608.4909958701564,2.599138242246572,8.491684419931284,5.892546177684712,True,0.30608040922316854,36.97367585958053,0.0357447496419107,3.850873373150837
"2b_y0.55 kin recycle phi=0.1 (1.01,5,5) bar n=1",2b_y0.55,0.55,0.0,kinetic,kinetic,0.1,5.0,1.0,True,0.35,0.5,Q1 + Q2+,3143.8610508316174,684.5518642840915,-153.287408683969,153.287408683969,3828.412915115709,76.6437043419845,4413.846130322028,3.1792226406666177,8.491684419931284,5.312461779264666,True,0.37439246249006797,36.97367585958053,0.0357447496419107,3.850873373150837
"2b_y0.55 kin once-through phi=1 (1.01,1.01,1.01) bar",2b_y0.55,0.55,0.0,kinetic,kinetic,1.0,1.01325,native,False,0.35,0.0,Q1 only,2727.980709243213,383.63443105322096,-9.25671834639514,9.25671834639514,2727.980709243213,0.0,3209.3890696978974,2.3116715199918185,7.7223249552604205,5.4106534352686015,True,0.2993491640645239,31.36820759930369,0.0,0.0
"2b_y0.55 kin once-through phi=1 (1.01,1.01,1.01) bar",2b_y0.55,0.55,0.0,kinetic,kinetic,1.0,1.01325,native,False,0.35,0.0,Q1 + Q2+,2727.980709243213,383.63443105322096,-9.25671834639514,9.25671834639514,3111.6151402964338,0.0,3660.7236944663928,2.6367606180741943,7.7223249552604205,5.085564337186226,True,0.3414464728369197,31.36820759930369,0.0,0.0
"2b_y0.55 kin once-through phi=1 (1.01,1.01,1.01) bar",2b_y0.55,0.55,0.0,kinetic,kinetic,1.0,1.01325,native,False,0.35,0.25,Q1 only,2727.980709243213,383.63443105322096,-9.25671834639514,9.25671834639514,2727.980709243213,2.314179586598785,3206.66650547837,2.3097105006105743,7.7223249552604205,5.412614454649846,True,0.29909522248700604,31.36820759930369,0.0,0.0
"2b_y0.55 kin once-through phi=1 (1.01,1.01,1.01) bar",2b_y0.55,0.55,0.0,kinetic,kinetic,1.0,1.01325,native,False,0.35,0.25,Q1 + Q2+,2727.980709243213,383.63443105322096,-9.25671834639514,9.25671834639514,3111.6151402964338,2.314179586598785,3658.001130246865,2.6347995986929504,7.7223249552604205,5.08752535656747,True,0.3411925312594019,31.36820759930369,0.0,0.0
"2b_y0.55 kin once-through phi=1 (1.01,1.01,1.01) bar",2b_y0.55,0.55,0.0,kinetic,kinetic,1.0,1.01325,native,False,0.35,0.5,Q1 only,2727.980709243213,383.63443105322096,-9.25671834639514,9.25671834639514,2727.980709243213,4.62835917319757,3203.9439412588417,2.30774948122933,7.7223249552604205,5.414575474031091,True,0.2988412809094882,31.36820759930369,0.0,0.0
"2b_y0.55 kin once-through phi=1 (1.01,1.01,1.01) bar",2b_y0.55,0.55,0.0,kinetic,kinetic,1.0,1.01325,native,False,0.35,0.5,Q1 + Q2+,2727.980709243213,383.63443105322096,-9.25671834639514,9.25671834639514,3111.6151402964338,4.62835917319757,3655.2785660273366,2.6328385793117053,7.7223249552604205,5.089486375948715,True,0.34093858968188395,31.36820759930369,0.0,0.0
"2b_y0.55 kin recycle phi=1 (1.01,1.01,1.01) bar",2b_y0.55,0.55,0.0,kinetic,kinetic,1.0,1.01325,native,True,0.35,0.0,Q1 only,3131.285823327137,660.3044031536639,-31.69536231011285,31.69536231011285,3131.285823327137,0.0,3683.8656745025146,2.653429415469568,8.708415521550238,6.05498610608067,True,0.3046971528750864,36.18368831376612,0.0088767335659976,0.9563132284405405
"2b_y0.55 kin recycle phi=1 (1.01,1.01,1.01) bar",2b_y0.55,0.55,0.0,kinetic,kinetic,1.0,1.01325,native,True,0.35,0.0,Q1 + Q2+,3131.285823327137,660.3044031536639,-31.69536231011285,31.69536231011285,3791.590226480801,0.0,4460.69438409506,3.212966687167861,8.708415521550238,5.495448834382377,True,0.36894963029920985,36.18368831376612,0.0088767335659976,0.9563132284405405
"2b_y0.55 kin recycle phi=1 (1.01,1.01,1.01) bar",2b_y0.55,0.55,0.0,kinetic,kinetic,1.0,1.01325,native,True,0.35,0.25,Q1 only,3131.285823327137,660.3044031536639,-31.69536231011285,31.69536231011285,3131.285823327137,7.923840577528212,3674.543509117187,2.6467148091199104,8.708415521550238,6.061700712430328,True,0.30392610487754407,36.18368831376612,0.0088767335659976,0.9563132284405405
"2b_y0.55 kin recycle phi=1 (1.01,1.01,1.01) bar",2b_y0.55,0.55,0.0,kinetic,kinetic,1.0,1.01325,native,True,0.35,0.25,Q1 + Q2+,3131.285823327137,660.3044031536639,-31.69536231011285,31.69536231011285,3791.590226480801,7.923840577528212,4451.372218709733,3.206252080818203,8.708415521550238,5.502163440732035,True,0.3681785823016675,36.18368831376612,0.0088767335659976,0.9563132284405405
"2b_y0.55 kin recycle phi=1 (1.01,1.01,1.01) bar",2b_y0.55,0.55,0.0,kinetic,kinetic,1.0,1.01325,native,True,0.35,0.5,Q1 only,3131.285823327137,660.3044031536639,-31.69536231011285,31.69536231011285,3131.285823327137,15.847681155056424,3665.22134373186,2.6400002027702536,8.708415521550238,6.0684153187799845,True,0.3031550568800019,36.18368831376612,0.0088767335659976,0.9563132284405405
"2b_y0.55 kin recycle phi=1 (1.01,1.01,1.01) bar",2b_y0.55,0.55,0.0,kinetic,kinetic,1.0,1.01325,native,True,0.35,0.5,Q1 + Q2+,3131.285823327137,660.3044031536639,-31.69536231011285,31.69536231011285,3791.590226480801,15.847681155056424,4442.050053324406,3.1995374744685465,8.708415521550238,5.508878047081692,True,0.3674075343041253,36.18368831376612,0.0088767335659976,0.9563132284405405
"2b_y0.55 kin once-through phi=1 (1.01,5,5) bar n=1",2b_y0.55,0.55,0.0,kinetic,kinetic,1.0,5.0,1.0,False,0.35,0.0,Q1 only,2727.980709243213,179.0331326021802,-43.50825025999987,43.50825025999987,2727.980709243213,0.0,3209.3890696978974,2.3116715199918185,6.647105085802542,4.335433565810723,True,0.3477711710815713,31.36820759930369,0.0,0.0
"2b_y0.55 kin once-through phi=1 (1.01,5,5) bar n=1",2b_y0.55,0.55,0.0,kinetic,kinetic,1.0,5.0,1.0,False,0.35,0.0,Q1 + Q2+,2727.980709243213,179.0331326021802,-43.50825025999987,43.50825025999987,2907.013841845393,0.0,3420.016284523992,2.4633829277628037,6.647105085802542,4.183722158039738,True,0.37059485234020273,31.36820759930369,0.0,0.0
"2b_y0.55 kin once-through phi=1 (1.01,5,5) bar n=1",2b_y0.55,0.55,0.0,kinetic,kinetic,1.0,5.0,1.0,False,0.35,0.25,Q1 only,2727.980709243213,179.0331326021802,-43.50825025999987,43.50825025999987,2727.980709243213,10.877062564999967,3196.59252550378,2.3024543742592685,6.647105085802542,4.344650711543274,True,0.34638453048937773,31.36820759930369,0.0,0.0
"2b_y0.55 kin once-through phi=1 (1.01,5,5) bar n=1",2b_y0.55,0.55,0.0,kinetic,kinetic,1.0,5.0,1.0,False,0.35,0.25,Q1 + Q2+,2727.980709243213,179.0331326021802,-43.50825025999987,43.50825025999987,2907.013841845393,10.877062564999967,3407.219740329874,2.454165782030254,6.647105085802542,4.192939303772288,True,0.3692082117480093,31.36820759930369,0.0,0.0
"2b_y0.55 kin once-through phi=1 (1.01,5,5) bar n=1",2b_y0.55,0.55,0.0,kinetic,kinetic,1.0,5.0,1.0,False,0.35,0.5,Q1 only,2727.980709243213,179.0331326021802,-43.50825025999987,43.50825025999987,2727.980709243213,21.754125129999935,3183.7959813096622,2.293237228526719,6.647105085802542,4.353867857275823,True,0.3449978898971843,31.36820759930369,0.0,0.0
"2b_y0.55 kin once-through phi=1 (1.01,5,5) bar n=1",2b_y0.55,0.55,0.0,kinetic,kinetic,1.0,5.0,1.0,False,0.35,0.5,Q1 + Q2+,2727.980709243213,179.0331326021802,-43.50825025999987,43.50825025999987,2907.013841845393,21.754125129999935,3394.423196135757,2.444948636297704,6.647105085802542,4.202156449504837,True,0.3678215711558157,31.36820759930369,0.0,0.0
"2b_y0.55 kin recycle phi=1 (1.01,5,5) bar n=1",2b_y0.55,0.55,0.0,kinetic,kinetic,1.0,5.0,1.0,True,0.35,0.0,Q1 only,3151.042067309901,666.4790222177463,-152.82436685942474,152.82436685942474,3151.042067309901,0.0,3707.108314482237,2.6701707166093533,8.478724724759083,5.808554008149729,True,0.31492598277333794,37.05310814930255,0.038446295997928,4.141917877111264
"2b_y0.55 kin recycle phi=1 (1.01,5,5) bar n=1",2b_y0.55,0.55,0.0,kinetic,kinetic,1.0,5.0,1.0,True,0.35,0.0,Q1 + Q2+,3151.042067309901,666.4790222177463,-152.82436685942474,152.82436685942474,3817.5210895276473,0.0,4491.201281797232,3.2349403167434274,8.478724724759083,5.243784408015655,True,0.38153618872622924,37.05310814930255,0.038446295997928,4.141917877111264
"2b_y0.55 kin recycle phi=1 (1.01,5,5) bar n=1",2b_y0.55,0.55,0.0,kinetic,kinetic,1.0,5.0,1.0,True,0.35,0.25,Q1 only,3151.042067309901,666.4790222177463,-152.82436685942474,152.82436685942474,3151.042067309901,38.206091714856186,3662.1599712882885,2.6377951452542576,8.478724724759083,5.8409295795048255,True,0.3111075345507468,37.05310814930255,0.038446295997928,4.141917877111264
"2b_y0.55 kin recycle phi=1 (1.01,5,5) bar n=1",2b_y0.55,0.55,0.0,kinetic,kinetic,1.0,5.0,1.0,True,0.35,0.25,Q1 + Q2+,3151.042067309901,666.4790222177463,-152.82436685942474,152.82436685942474,3817.5210895276473,38.206091714856186,4446.252938603284,3.202564745388332,8.478724724759083,5.2761599793707505,True,0.37771774050363816,37.05310814930255,0.038446295997928,4.141917877111264
"2b_y0.55 kin recycle phi=1 (1.01,5,5) bar n=1",2b_y0.55,0.55,0.0,kinetic,kinetic,1.0,5.0,1.0,True,0.35,0.5,Q1 only,3151.042067309901,666.4790222177463,-152.82436685942474,152.82436685942474,3151.042067309901,76.41218342971237,3617.2116280943396,2.6054195738991615,8.478724724759083,5.873305150859921,True,0.30728908632815566,37.05310814930255,0.038446295997928,4.141917877111264
"2b_y0.55 kin recycle phi=1 (1.01,5,5) bar n=1",2b_y0.55,0.55,0.0,kinetic,kinetic,1.0,5.0,1.0,True,0.35,0.5,Q1 + Q2+,3151.042067309901,666.4790222177463,-152.82436685942474,152.82436685942474,3817.5210895276473,76.41218342971237,4401.304595409335,3.170189174033236,8.478724724759083,5.308535550725846,True,0.373899292281047,37.05310814930255,0.038446295997928,4.141917877111264
2a_y0.60 eq once-through h=0.35,2a_y0.60,0.6,2.52,equilibrium,equilibrium,,1.01325,native,False,0.35,0.0,Q1 only,3030.936066508513,182.6480037789041,-2101.1520321091284,2101.1520321091284,3030.936066508513,0.0,3565.8071370688385,2.5683937427136296,7.304403065637378,4.736009322923748,True,0.351622674657195,47.12154647393486,0.5121503719964691,44.957627817625365
2a_y0.60 eq once-through h=0.35,2a_y0.60,0.6,2.52,equilibrium,equilibrium,,1.01325,native,False,0.35,0.0,Q1 + Q2+,3030.936066508513,182.6480037789041,-2101.1520321091284,2101.1520321091284,3213.584070287417,0.0,3780.6871415146084,2.7231683667014153,7.304403065637378,4.581234698935963,True,0.3728118974584261,47.12154647393486,0.5121503719964691,44.957627817625365
2a_y0.60 eq once-through h=0.35,2a_y0.60,0.6,2.52,equilibrium,equilibrium,,1.01325,native,False,0.35,0.25,Q1 only,3030.936066508513,182.6480037789041,-2101.1520321091284,2101.1520321091284,3030.936066508513,525.2880080272821,2947.8212452720363,2.1232684073930708,7.304403065637378,5.181134658244307,True,0.2906833574644468,47.12154647393486,0.5121503719964691,44.957627817625365
2a_y0.60 eq once-through h=0.35,2a_y0.60,0.6,2.52,equilibrium,equilibrium,,1.01325,native,False,0.35,0.25,Q1 + Q2+,3030.936066508513,182.6480037789041,-2101.1520321091284,2101.1520321091284,3213.584070287417,525.2880080272821,3162.7012497178057,2.278043031380856,7.304403065637378,5.026360034256522,True,0.31187258026567777,47.12154647393486,0.5121503719964691,44.957627817625365
2a_y0.60 eq once-through h=0.35,2a_y0.60,0.6,2.52,equilibrium,equilibrium,,1.01325,native,False,0.35,0.5,Q1 only,3030.936066508513,182.6480037789041,-2101.1520321091284,2101.1520321091284,3030.936066508513,1050.5760160545642,2329.8353534752337,1.6781430720725117,7.304403065637378,5.626259993564866,True,0.22974404027169848,47.12154647393486,0.5121503719964691,44.957627817625365
2a_y0.60 eq once-through h=0.35,2a_y0.60,0.6,2.52,equilibrium,equilibrium,,1.01325,native,False,0.35,0.5,Q1 + Q2+,3030.936066508513,182.6480037789041,-2101.1520321091284,2101.1520321091284,3213.584070287417,1050.5760160545642,2544.7153579210035,1.8329176960602973,7.304403065637378,5.47148536957708,True,0.25093326307292957,47.12154647393486,0.5121503719964691,44.957627817625365
2a_y0.60 eq once-through h=0.5,2a_y0.60,0.6,2.52,equilibrium,equilibrium,,1.01325,native,False,0.5,0.0,Q1 only,3030.936066508513,182.6480037789041,-2462.720212970776,2462.720212970776,3030.936066508513,0.0,3565.8071370688385,2.5683937427136296,5.866806079622818,3.2984123369091884,True,0.4377839846512796,45.25249431293804,0.4341367029474283,38.10942523969508
2a_y0.60 eq once-through h=0.5,2a_y0.60,0.6,2.52,equilibrium,equilibrium,,1.01325,native,False,0.5,0.0,Q1 + Q2+,3030.936066508513,182.6480037789041,-2462.720212970776,2462.720212970776,3213.584070287417,0.0,3780.6871415146084,2.7231683667014153,5.866806079622818,3.143637712921403,True,0.4641653959144479,45.25249431293804,0.4341367029474283,38.10942523969508
2a_y0.60 eq once-through h=0.5,2a_y0.60,0.6,2.52,equilibrium,equilibrium,,1.01325,native,False,0.5,0.25,Q1 only,3030.936066508513,182.6480037789041,-2462.720212970776,2462.720212970776,3030.936066508513,615.680053242694,2841.477662665669,2.046670828880043,5.866806079622818,3.820135250742775,True,0.3488560557658018,45.25249431293804,0.4341367029474283,38.10942523969508
2a_y0.60 eq once-through h=0.5,2a_y0.60,0.6,2.52,equilibrium,equilibrium,,1.01325,native,False,0.5,0.25,Q1 + Q2+,3030.936066508513,182.6480037789041,-2462.720212970776,2462.720212970776,3213.584070287417,615.680053242694,3056.357667111439,2.2014454528678287,5.866806079622818,3.6653606267549894,True,0.37523746702897015,45.25249431293804,0.4341367029474283,38.10942523969508
2a_y0.60 eq once-through h=0.5,2a_y0.60,0.6,2.52,equilibrium,equilibrium,,1.01325,native,False,0.5,0.5,Q1 only,3030.936066508513,182.6480037789041,-2462.720212970776,2462.720212970776,3030.936066508513,1231.360106485388,2117.1481882625,1.5249479150464573,5.866806079622818,4.341858164576361,True,0.2599281268803242,45.25249431293804,0.4341367029474283,38.10942523969508
2a_y0.60 eq once-through h=0.5,2a_y0.60,0.6,2.52,equilibrium,equilibrium,,1.01325,native,False,0.5,0.5,Q1 + Q2+,3030.936066508513,182.6480037789041,-2462.720212970776,2462.720212970776,3213.584070287417,1231.360106485388,2332.028192708269,1.6797225390342427,5.866806079622818,4.187083540588575,True,0.28630953814349247,45.25249431293804,0.4341367029474283,38.10942523969508
2a_y0.60 eq once-through h=0.75,2a_y0.60,0.6,2.52,equilibrium,equilibrium,,1.01325,native,False,0.75,0.0,Q1 only,3030.936066508513,182.6480037789041,-3056.7147099127747,3056.7147099127747,3030.936066508513,0.0,3565.8071370688385,2.5683937427136296,3.474343939528576,0.9059501968149464,True,0.7392456784408419,40.85583245393267,0.2506205258331766,21.99999246304013
2a_y0.60 eq once-through h=0.75,2a_y0.60,0.6,2.52,equilibrium,equilibrium,,1.01325,native,False,0.75,0.0,Q1 + Q2+,3030.936066508513,182.6480037789041,-3056.7147099127747,3056.7147099127747,3213.584070287417,0.0,3780.6871415146084,2.7231683667014153,3.474343939528576,0.7511755728271607,True,0.7837935489688204,40.85583245393267,0.2506205258331766,21.99999246304013
2a_y0.60 eq once-through h=0.75,2a_y0.60,0.6,2.52,equilibrium,equilibrium,,1.01325,native,False,0.75,0.25,Q1 only,3030.936066508513,182.6480037789041,-3056.7147099127747,3056.7147099127747,3030.936066508513,764.1786774781937,2666.773398859199,1.9208341471029193,3.474343939528576,1.5535097924256567,True,0.5528624052584592,40.85583245393267,0.2506205258331766,21.99999246304013
2a_y0.60 eq once-through h=0.75,2a_y0.60,0.6,2.52,equilibrium,equilibrium,,1.01325,native,False,0.75,0.25,Q1 + Q2+,3030.936066508513,182.6480037789041,-3056.7147099127747,3056.7147099127747,3213.584070287417,764.1786774781937,2881.653403304969,2.075608771090705,3.474343939528576,1.398735168437871,True,0.5974102757864377,40.85583245393267,0.2506205258331766,21.99999246304013
2a_y0.60 eq once-through h=0.75,2a_y0.60,0.6,2.52,equilibrium,equilibrium,,1.01325,native,False,0.75,0.5,Q1 only,3030.936066508513,182.6480037789041,-3056.7147099127747,3056.7147099127747,3030.936066508513,1528.3573549563873,1767.7396606495595,1.2732745514922093,3.474343939528576,2.201069388036367,True,0.3664791320760766,40.85583245393267,0.2506205258331766,21.99999246304013
2a_y0.60 eq once-through h=0.75,2a_y0.60,0.6,2.52,equilibrium,equilibrium,,1.01325,native,False,0.75,0.5,Q1 + Q2+,3030.936066508513,182.6480037789041,-3056.7147099127747,3056.7147099127747,3213.584070287417,1528.3573549563873,1982.619665095329,1.4280491754799949,3.474343939528576,2.0462947640485813,True,0.41102700260405506,40.85583245393267,0.2506205258331766,21.99999246304013
2a_y0.60 eq recycle h=0.35,2a_y0.60,0.6,2.52,equilibrium,equilibrium,,1.01325,native,True,0.35,0.0,Q1 only,3241.742852418413,761.3992236903042,-3068.6328175719946,3068.6328175719946,3241.742852418413,0.0,3813.8151204922506,2.7470299191197736,6.943179383659614,4.1961494645398405,True,0.39564438239702626,58.67909713329282,0.9494107085253264,83.34125212788848
2a_y0.60 eq recycle h=0.35,2a_y0.60,0.6,2.52,equilibrium,equilibrium,,1.01325,native,True,0.35,0.0,Q1 + Q2+,3241.742852418413,761.3992236903042,-3068.6328175719946,3068.6328175719946,4003.142076108717,0.0,4709.578913069079,3.392234225288434,6.943179383659614,3.55094515837118,True,0.4885707307623174,58.67909713329282,0.9494107085253264,83.34125212788848
2a_y0.60 eq recycle h=0.35,2a_y0.60,0.6,2.52,equilibrium,equilibrium,,1.01325,native,True,0.35,0.25,Q1 only,3241.742852418413,761.3992236903042,-3068.6328175719946,3068.6328175719946,3241.742852418413,767.1582043929986,2911.2760565004874,2.09694549351717,6.943179383659614,4.846233890142444,True,0.3020151687931633,58.67909713329282,0.9494107085253264,83.34125212788848
2a_y0.60 eq recycle h=0.35,2a_y0.60,0.6,2.52,equilibrium,equilibrium,,1.01325,native,True,0.35,0.25,Q1 + Q2+,3241.742852418413,761.3992236903042,-3068.6328175719946,3068.6328175719946,4003.142076108717,767.1582043929986,3807.0398490773155,2.74214979968583,6.943179383659614,4.201029583973784,True,0.3949415171584543,58.67909713329282,0.9494107085253264,83.34125212788848
2a_y0.60 eq recycle h=0.35,2a_y0.60,0.6,2.52,equilibrium,equilibrium,,1.01325,native,True,0.35,0.5,Q1 only,3241.742852418413,761.3992236903042,-3068.6328175719946,3068.6328175719946,3241.742852418413,1534.3164087859973,2008.7369925087244,1.4468610679145666,6.943179383659614,5.4963183157450475,True,0.2083859551893004,58.67909713329282,0.9494107085253264,83.34125212788848
2a_y0.60 eq recycle h=0.35,2a_y0.60,0.6,2.52,equilibrium,equilibrium,,1.01325,native,True,0.35,0.5,Q1 + Q2+,3241.742852418413,761.3992236903042,-3068.6328175719946,3068.6328175719946,4003.142076108717,1534.3164087859973,2904.5007850855527,2.0920653740832265,6.943179383659614,4.851114009576388,True,0.3013123035545914,58.67909713329282,0.9494107085253264,83.34125212788848
2a_y0.60 eq recycle h=0.5,2a_y0.60,0.6,2.52,equilibrium,equilibrium,,1.01325,native,True,0.5,0.0,Q1 only,3789.369412924206,415.3832831515969,-3291.2865644720673,3291.2865644720673,3789.369412924206,0.0,4458.081662263771,3.211084785498762,6.703847580406734,3.492762794907972,True,0.47899131759555014,59.35939133439951,0.977806335162105,85.8338794572568
2a_y0.60 eq recycle h=0.5,2a_y0.60,0.6,2.52,equilibrium,equilibrium,,1.01325,native,True,0.5,0.0,Q1 + Q2+,3789.369412924206,415.3832831515969,-3291.2865644720673,3291.2865644720673,4204.752696075802,0.0,4946.767877736238,3.563077635847263,6.703847580406734,3.140769944559471,True,0.5314974114657728,59.35939133439951,0.977806335162105,85.8338794572568
2a_y0.60 eq recycle h=0.5,2a_y0.60,0.6,2.52,equilibrium,equilibrium,,1.01325,native,True,0.5,0.25,Q1 only,3789.369412924206,415.3832831515969,-3291.2865644720673,3291.2865644720673,3789.369412924206,822.8216411180168,3490.056202124928,2.513831558098514,6.703847580406734,4.190016022308219,True,0.37498339989794277,59.35939133439951,0.977806335162105,85.8338794572568
2a_y0.60 eq recycle h=0.5,2a_y0.60,0.6,2.52,equilibrium,equilibrium,,1.01325,native,True,0.5,0.25,Q1 + Q2+,3789.369412924206,415.3832831515969,-3291.2865644720673,3291.2865644720673,4204.752696075802,822.8216411180168,3978.7424175973947,2.8658244084470152,6.703847580406734,3.8380231719597186,True,0.4274894937681654,59.35939133439951,0.977806335162105,85.8338794572568
2a_y0.60 eq recycle h=0.5,2a_y0.60,0.6,2.52,equilibrium,equilibrium,,1.01325,native,True,0.5,0.5,Q1 only,3789.369412924206,415.3832831515969,-3291.2865644720673,3291.2865644720673,3789.369412924206,1645.6432822360337,2522.0307419860846,1.8165783306982655,6.703847580406734,4.887269249708469,True,0.27097548220033524,59.35939133439951,0.977806335162105,85.8338794572568
2a_y0.60 eq recycle h=0.5,2a_y0.60,0.6,2.52,equilibrium,equilibrium,,1.01325,native,True,0.5,0.5,Q1 + Q2+,3789.369412924206,415.3832831515969,-3291.2865644720673,3291.2865644720673,4204.752696075802,1645.6432822360337,3010.716957458551,2.168571181046766,6.703847580406734,4.535276399359968,True,0.32348157607055783,59.35939133439951,0.977806335162105,85.8338794572568
2a_y0.60 eq recycle h=0.75,2a_y0.60,0.6,2.52,equilibrium,equilibrium,,1.01325,native,True,0.75,0.0,Q1 only,5202.8770410866755,-281.90405747212304,-3969.1183879453774,4251.0224454175,5202.8770410866755,0.0,6121.031813043148,4.4088811321675205,6.518600214364858,2.109719082197337,True,0.6763539697451904,59.825771098412304,0.9972732639695178,87.5427270690709
2a_y0.60 eq recycle h=0.75,2a_y0.60,0.6,2.52,equilibrium,equilibrium,,1.01325,native,True,0.75,0.0,Q1 + Q2+,5202.8770410866755,-281.90405747212304,-3969.1183879453774,4251.0224454175,5202.8770410866755,0.0,6121.031813043148,4.4088811321675205,6.518600214364858,2.109719082197337,True,0.6763539697451904,59.825771098412304,0.9972732639695178,87.5427270690709
2a_y0.60 eq recycle h=0.75,2a_y0.60,0.6,2.52,equilibrium,equilibrium,,1.01325,native,True,0.75,0.25,Q1 only,5202.8770410866755,-281.90405747212304,-3969.1183879453774,4251.0224454175,5202.8770410866755,1062.755611354375,4870.731093802707,3.5083095587853372,6.518600214364858,3.0102906555795204,True,0.5381998348440166,59.825771098412304,0.9972732639695178,87.5427270690709
2a_y0.60 eq recycle h=0.75,2a_y0.60,0.6,2.52,equilibrium,equilibrium,,1.01325,native,True,0.75,0.25,Q1 + Q2+,5202.8770410866755,-281.90405747212304,-3969.1183879453774,4251.0224454175,5202.8770410866755,1062.755611354375,4870.731093802707,3.5083095587853372,6.518600214364858,3.0102906555795204,True,0.5381998348440166,59.825771098412304,0.9972732639695178,87.5427270690709
2a_y0.60 eq recycle h=0.75,2a_y0.60,0.6,2.52,equilibrium,equilibrium,,1.01325,native,True,0.75,0.5,Q1 only,5202.8770410866755,-281.90405747212304,-3969.1183879453774,4251.0224454175,5202.8770410866755,2125.51122270875,3620.430374562265,2.607737985403155,6.518600214364858,3.9108622289617028,True,0.40004569994284284,59.825771098412304,0.9972732639695178,87.5427270690709
2a_y0.60 eq recycle h=0.75,2a_y0.60,0.6,2.52,equilibrium,equilibrium,,1.01325,native,True,0.75,0.5,Q1 + Q2+,5202.8770410866755,-281.90405747212304,-3969.1183879453774,4251.0224454175,5202.8770410866755,2125.51122270875,3620.430374562265,2.607737985403155,6.518600214364858,3.9108622289617028,True,0.40004569994284284,59.825771098412304,0.9972732639695178,87.5427270690709
"2a_y0.60 kin once-through phi=0 (1.01,1.01,1.01) bar",2a_y0.60,0.6,2.52,kinetic,kinetic,0.0,1.01325,native,False,0.35,0.0,Q1 only,2727.980709243213,492.0475212642529,-11.981058541851043,11.981058541851043,2727.980709243213,0.0,3209.3890696978974,2.3116715199918185,10.589366237489516,8.277694717497697,True,0.21830121540303438,31.36820759930369,0.0,0.0
"2a_y0.60 kin once-through phi=0 (1.01,1.01,1.01) bar",2a_y0.60,0.6,2.52,kinetic,kinetic,0.0,1.01325,native,False,0.35,0.0,Q1 + Q2+,2727.980709243213,492.0475212642529,-11.981058541851043,11.981058541851043,3220.0282305074657,0.0,3788.2685064793714,2.728629102402542,10.589366237489516,7.860737135086974,True,0.2576763369220701,31.36820759930369,0.0,0.0
"2a_y0.60 kin once-through phi=0 (1.01,1.01,1.01) bar",2a_y0.60,0.6,2.52,kinetic,kinetic,0.0,1.01325,native,False,0.35,0.25,Q1 only,2727.980709243213,492.0475212642529,-11.981058541851043,11.981058541851043,2727.980709243213,2.995264635462761,3205.8652289502943,2.3091333539669723,10.589366237489516,8.280232883522544,True,0.2180615253245233,31.36820759930369,0.0,0.0
"2a_y0.60 kin once-through phi=0 (1.01,1.01,1.01) bar",2a_y0.60,0.6,2.52,kinetic,kinetic,0.0,1.01325,native,False,0.35,0.25,Q1 + Q2+,2727.980709243213,492.0475212642529,-11.981058541851043,11.981058541851043,3220.0282305074657,2.995264635462761,3784.7446657317682,2.726090936377696,10.589366237489516,7.86327530111182,True,0.25743664684355905,31.36820759930369,0.0,0.0
"2a_y0.60 kin once-through phi=0 (1.01,1.01,1.01) bar",2a_y0.60,0.6,2.52,kinetic,kinetic,0.0,1.01325,native,False,0.35,0.5,Q1 only,2727.980709243213,492.0475212642529,-11.981058541851043,11.981058541851043,2727.980709243213,5.990529270925522,3202.341388202691,2.3065951879421256,10.589366237489516,8.28277104954739,True,0.2178218352460122,31.36820759930369,0.0,0.0
"2a_y0.60 kin once-through phi=0 (1.01,1.01,1.01) bar",2a_y0.60,0.6,2.52,kinetic,kinetic,0.0,1.01325,native,False,0.35,0.5,Q1 + Q2+,2727.980709243213,492.0475212642529,-11.981058541851043,11.981058541851043,3220.0282305074657,5.990529270925522,3781.220824984165,2.7235527703528497,10.589366237489516,7.865813467136666,True,0.25719695676504795,31.36820759930369,0.0,0.0
"2a_y0.60 kin recycle phi=0 (1.01,1.01,1.01) bar",2a_y0.60,0.6,2.52,kinetic,kinetic,0.0,1.01325,native,True,0.35,0.0,Q1 only,3132.2467632272355,609.7745931290012,-48.36935738968461,48.36935738968461,3132.2467632272355,0.0,3684.996192032042,2.6542437091307933,11.514834768749568,8.860591059618773,True,0.2305064521059581,36.23568763496127,0.0130646446968859,1.146841759701314
"2a_y0.60 kin recycle phi=0 (1.01,1.01,1.01) bar",2a_y0.60,0.6,2.52,kinetic,kinetic,0.0,1.01325,native,True,0.35,0.0,Q1 + Q2+,3132.2467632272355,609.7745931290012,-48.36935738968461,48.36935738968461,3742.0213563562365,0.0,4402.378066301455,3.1709623779156457,11.514834768749568,8.343872390833923,True,0.27538062348244974,36.23568763496127,0.0130646446968859,1.146841759701314
"2a_y0.60 kin recycle phi=0 (1.01,1.01,1.01) bar",2a_y0.60,0.6,2.52,kinetic,kinetic,0.0,1.01325,native,True,0.35,0.25,Q1 only,3132.2467632272355,609.7745931290012,-48.36935738968461,48.36935738968461,3132.2467632272355,12.092339347421152,3670.76991044684,2.6439967464654064,11.514834768749568,8.870838022284161,True,0.22961655981734302,36.23568763496127,0.0130646446968859,1.146841759701314
"2a_y0.60 kin recycle phi=0 (1.01,1.01,1.01) bar",2a_y0.60,0.6,2.52,kinetic,kinetic,0.0,1.01325,native,True,0.35,0.25,Q1 + Q2+,3132.2467632272355,609.7745931290012,-48.36935738968461,48.36935738968461,3742.0213563562365,12.092339347421152,4388.151784716253,3.1607154152502583,11.514834768749568,8.354119353499309,True,0.2744907311938346,36.23568763496127,0.0130646446968859,1.146841759701314
"2a_y0.60 kin recycle phi=0 (1.01,1.01,1.01) bar",2a_y0.60,0.6,2.52,kinetic,kinetic,0.0,1.01325,native,True,0.35,0.5,Q1 only,3132.2467632272355,609.7745931290012,-48.36935738968461,48.36935738968461,3132.2467632272355,24.184678694842304,3656.5436288616393,2.63374978380002,11.514834768749568,8.881084984949547,True,0.228726667528728,36.23568763496127,0.0130646446968859,1.146841759701314
"2a_y0.60 kin recycle phi=0 (1.01,1.01,1.01) bar",2a_y0.60,0.6,2.52,kinetic,kinetic,0.0,1.01325,native,True,0.35,0.5,Q1 + Q2+,3132.2467632272355,609.7745931290012,-48.36935738968461,48.36935738968461,3742.0213563562365,24.184678694842304,4373.925503131052,3.1504684525848723,11.514834768749568,8.364366316164695,True,0.27360083890521963,36.23568763496127,0.0130646446968859,1.146841759701314
"2a_y0.60 kin once-through phi=0 (1.01,5,5) bar n=1",2a_y0.60,0.6,2.52,kinetic,kinetic,0.0,5.0,1.0,False,0.35,0.0,Q1 only,2727.980709243213,552.5228858675483,-60.03315430623443,60.03315430623443,2727.980709243213,0.0,3209.3890696978974,2.3116715199918185,10.176565020781968,7.864893500790149,True,0.2271563651655605,31.36820759930369,0.0,0.0
"2a_y0.60 kin once-through phi=0 (1.01,5,5) bar n=1",2a_y0.60,0.6,2.52,kinetic,kinetic,0.0,5.0,1.0,False,0.35,0.0,Q1 + Q2+,2727.980709243213,552.5228858675483,-60.03315430623443,60.03315430623443,3280.503595110761,0.0,3859.4159942479546,2.7798754977824216,10.176565020781968,7.396689522999546,True,0.2731644216005624,31.36820759930369,0.0,0.0
"2a_y0.60 kin once-through phi=0 (1.01,5,5) bar n=1",2a_y0.60,0.6,2.52,kinetic,kinetic,0.0,5.0,1.0,False,0.35,0.25,Q1 only,2727.980709243213,552.5228858675483,-60.03315430623443,60.03315430623443,2727.980709243213,15.008288576558607,3191.7322596078284,2.298953602614802,10.176565020781968,7.877611418167167,True,0.22590663921667256,31.36820759930369,0.0,0.0
"2a_y0.60 kin once-through phi=0 (1.01,5,5) bar n=1",2a_y0.60,0.6,2.52,kinetic,kinetic,0.0,5.0,1.0,False,0.35,0.25,Q1 + Q2+,2727.980709243213,552.5228858675483,-60.03315430623443,60.03315430623443,3280.503595110761,15.008288576558607,3841.759184157885,2.7671575804054047,10.176565020781968,7.4094074403765635,True,0.2719146956516744,31.36820759930369,0.0,0.0
"2a_y0.60 kin once-through phi=0 (1.01,5,5) bar n=1",2a_y0.60,0.6,2.52,kinetic,kinetic,0.0,5.0,1.0,False,0.35,0.5,Q1 only,2727.980709243213,552.5228858675483,-60.03315430623443,60.03315430623443,2727.980709243213,30.016577153117215,3174.0754495177594,2.286235685237786,10.176565020781968,7.890329335544182,True,0.2246569132677847,31.36820759930369,0.0,0.0
"2a_y0.60 kin once-through phi=0 (1.01,5,5) bar n=1",2a_y0.60,0.6,2.52,kinetic,kinetic,0.0,5.0,1.0,False,0.35,0.5,Q1 + Q2+,2727.980709243213,552.5228858675483,-60.03315430623443,60.03315430623443,3280.503595110761,30.016577153117215,3824.102374067816,2.7544396630283887,10.176565020781968,7.422125357753579,True,0.27066496970278653,31.36820759930369,0.0,0.0
"2a_y0.60 kin recycle phi=0 (1.01,5,5) bar n=1",2a_y0.60,0.6,2.52,kinetic,kinetic,0.0,5.0,1.0,True,0.35,0.0,Q1 only,3165.1230600177037,624.3591279560118,-230.7940164834482,230.7940164834482,3165.1230600177037,0.0,3723.674188256122,2.682102850038871,11.246575852809649,8.564473002770779,True,0.2384817285848671,37.401393625951854,0.0617216600229515,5.418056046275788
"2a_y0.60 kin recycle phi=0 (1.01,5,5) bar n=1",2a_y0.60,0.6,2.52,kinetic,kinetic,0.0,5.0,1.0,True,0.35,0.0,Q1 + Q2+,3165.1230600177037,624.3591279560118,-230.7940164834482,230.7940164834482,3789.4821879737156,0.0,4458.214338792606,3.2111803502764875,11.246575852809649,8.035395502533161,True,0.28552515826177105,37.401393625951854,0.0617216600229515,5.418056046275788
"2a_y0.60 kin recycle phi=0 (1.01,5,5) bar n=1",2a_y0.60,0.6,2.52,kinetic,kinetic,0.0,5.0,1.0,True,0.35,0.25,Q1 only,3165.1230600177037,624.3591279560118,-230.7940164834482,230.7940164834482,3165.1230600177037,57.69850412086205,3655.7935951727545,2.633209546552377,11.246575852809649,8.613366306257271,True,0.23413433395325758,37.401393625951854,0.0617216600229515,5.418056046275788
"2a_y0.60 kin recycle phi=0 (1.01,5,5) bar n=1",2a_y0.60,0.6,2.52,kinetic,kinetic,0.0,5.0,1.0,True,0.35,0.25,Q1 + Q2+,3165.1230600177037,624.3591279560118,-230.7940164834482,230.7940164834482,3789.4821879737156,57.69850412086205,4390.333745709239,3.162287046789994,11.246575852809649,8.084288806019654,True,0.28117776363016156,37.401393625951854,0.0617216600229515,5.418056046275788
"2a_y0.60 kin recycle phi=0 (1.01,5,5) bar n=1",2a_y0.60,0.6,2.52,kinetic,kinetic,0.0,5.0,1.0,True,0.35,0.5,Q1 only,3165.1230600177037,624.3591279560118,-230.7940164834482,230.7940164834482,3165.1230600177037,115.3970082417241,3587.913002089388,2.5843162430658846,11.246575852809649,8.662259609743764,True,0.2297869393216482,37.401393625951854,0.0617216600229515,5.418056046275788
"2a_y0.60 kin recycle phi=0 (1.01,5,5) bar n=1",2a_y0.60,0.6,2.52,kinetic,kinetic,0.0,5.0,1.0,True,0.35,0.5,Q1 + Q2+,3165.1230600177037,624.3591279560118,-230.7940164834482,230.7940164834482,3789.4821879737156,115.3970082417241,4322.4531526258725,3.1133937433035013,11.246575852809649,8.133182109506148,True,0.2768303689985521,37.401393625951854,0.0617216600229515,5.418056046275788
"2a_y0.60 kin once-through phi=0.1 (1.01,1.01,1.01) bar",2a_y0.60,0.6,2.52,kinetic,kinetic,0.1,1.01325,native,False,0.35,0.0,Q1 only,2727.980709243213,375.4827942166858,-11.350097873626286,11.350097873626286,2727.980709243213,0.0,3209.3890696978974,2.3116715199918185,10.305993600526255,7.994322080534436,True,0.2243036052218951,31.36820759930369,0.0,0.0
"2a_y0.60 kin once-through phi=0.1 (1.01,1.01,1.01) bar",2a_y0.60,0.6,2.52,kinetic,kinetic,0.1,1.01325,native,False,0.35,0.0,Q1 + Q2+,2727.980709243213,375.4827942166858,-11.350097873626286,11.350097873626286,3103.4635034598987,0.0,3651.133533482234,2.6298529787890317,10.305993600526255,7.676140621737224,True,0.25517704364329735,31.36820759930369,0.0,0.0
"2a_y0.60 kin once-through phi=0.1 (1.01,1.01,1.01) bar",2a_y0.60,0.6,2.52,kinetic,kinetic,0.1,1.01325,native,False,0.35,0.25,Q1 only,2727.980709243213,375.4827942166858,-11.350097873626286,11.350097873626286,2727.980709243213,2.8375244684065715,3206.0508056174194,2.3092670218666416,10.305993600526255,7.996726578659613,True,0.22407029456613706,31.36820759930369,0.0,0.0
"2a_y0.60 kin once-through phi=0.1 (1.01,1.01,1.01) bar",2a_y0.60,0.6,2.52,kinetic,kinetic,0.1,1.01325,native,False,0.35,0.25,Q1 + Q2+,2727.980709243213,375.4827942166858,-11.350097873626286,11.350097873626286,3103.4635034598987,2.8375244684065715,3647.7952694017554,2.6274484806638543,10.305993600526255,7.678545119862401,True,0.2549437329875393,31.36820759930369,0.0,0.0
"2a_y0.60 kin once-through phi=0.1 (1.01,1.01,1.01) bar",2a_y0.60,0.6,2.52,kinetic,kinetic,0.1,1.01325,native,False,0.35,0.5,Q1 only,2727.980709243213,375.4827942166858,-11.350097873626286,11.350097873626286,2727.980709243213,5.675048936813143,3202.712541536941,2.306862523741464,10.305993600526255,7.999131076784791,True,0.22383698391037898,31.36820759930369,0.0,0.0
"2a_y0.60 kin once-through phi=0.1 (1.01,1.01,1.01) bar",2a_y0.60,0.6,2.52,kinetic,kinetic,0.1,1.01325,native,False,0.35,0.5,Q1 + Q2+,2727.980709243213,375.4827942166858,-11.350097873626286,11.350097873626286,3103.4635034598987,5.675048936813143,3644.457005321277,2.6250439825386764,10.305993600526255,7.680949617987579,True,0.25471042233178115,31.36820759930369,0.0,0.0
"2a_y0.60 kin recycle phi=0.1 (1.01,1.01,1.01) bar",2a_y0.60,0.6,2.52,kinetic,kinetic,0.1,1.01325,native,True,0.35,0.0,Q1 only,3134.824843722231,603.403504356712,-48.32911641104239,48.32911641104239,3134.824843722231,0.0,3688.029227908507,2.6564283562715643,11.509514114495625,8.853085758224061,True,0.23080282363318302,36.265084422518534,0.0142916778578798,1.2545532897287217
"2a_y0.60 kin recycle phi=0.1 (1.01,1.01,1.01) bar",2a_y0.60,0.6,2.52,kinetic,kinetic,0.1,1.01325,native,True,0.35,0.0,Q1 + Q2+,3134.824843722231,603.403504356712,-48.32911641104239,48.32911641104239,3738.228348078943,0.0,4397.915703622286,3.167748209582269,11.509514114495625,8.341765904913355,True,0.27522866543885266,36.265084422518534,0.0142916778578798,1.2545532897287217
"2a_y0.60 kin recycle phi=0.1 (1.01,1.01,1.01) bar",2a_y0.60,0.6,2.52,kinetic,kinetic,0.1,1.01325,native,True,0.35,0.25,Q1 only,3134.824843722231,603.403504356712,-48.32911641104239,48.32911641104239,3134.824843722231,12.082279102760598,3673.814781905259,2.6461899185862072,11.509514114495625,8.863324195909417,True,0.22991326065219997,36.265084422518534,0.0142916778578798,1.2545532897287217
"2a_y0.60 kin recycle phi=0.1 (1.01,1.01,1.01) bar",2a_y0.60,0.6,2.52,kinetic,kinetic,0.1,1.01325,native,True,0.35,0.25,Q1 + Q2+,3134.824843722231,603.403504356712,-48.32911641104239,48.32911641104239,3738.228348078943,12.082279102760598,4383.701257619038,3.157509771896911,11.509514114495625,8.352004342598715,True,0.2743391024578696,36.265084422518534,0.0142916778578798,1.2545532897287217
"2a_y0.60 kin recycle phi=0.1 (1.01,1.01,1.01) bar",2a_y0.60,0.6,2.52,kinetic,kinetic,0.1,1.01325,native,True,0.35,0.5,Q1 only,3134.824843722231,603.403504356712,-48.32911641104239,48.32911641104239,3134.824843722231,24.164558205521196,3659.6003359020115,2.6359514809008497,11.509514114495625,8.873562633594775,True,0.2290236976712169,36.265084422518534,0.0142916778578798,1.2545532897287217
"2a_y0.60 kin recycle phi=0.1 (1.01,1.01,1.01) bar",2a_y0.60,0.6,2.52,kinetic,kinetic,0.1,1.01325,native,True,0.35,0.5,Q1 + Q2+,3134.824843722231,603.403504356712,-48.32911641104239,48.32911641104239,3738.228348078943,24.164558205521196,4369.48681161579,3.147271334211554,11.509514114495625,8.36224278028407,True,0.2734495394768865,36.265084422518534,0.0142916778578798,1.2545532897287217
"2a_y0.60 kin once-through phi=0.1 (1.01,5,5) bar n=1",2a_y0.60,0.6,2.52,kinetic,kinetic,0.1,5.0,1.0,False,0.35,0.0,Q1 only,2727.980709243213,476.6416359720668,-57.92928251102659,57.92928251102659,2727.980709243213,0.0,3209.3890696978974,2.3116715199918185,10.014361174203636,7.702689654211817,True,0.2308356449082882,31.36820759930369,0.0,0.0
"2a_y0.60 kin once-through phi=0.1 (1.01,5,5) bar n=1",2a_y0.60,0.6,2.52,kinetic,kinetic,0.1,5.0,1.0,False,0.35,0.0,Q1 + Q2+,2727.980709243213,476.6416359720668,-57.92928251102659,57.92928251102659,3204.62234521528,0.0,3770.143935547388,2.7155742643864453,10.014361174203636,7.29878690981719,True,0.27116799735379965,31.36820759930369,0.0,0.0
"2a_y0.60 kin once-through phi=0.1 (1.01,5,5) bar n=1",2a_y0.60,0.6,2.52,kinetic,kinetic,0.1,5.0,1.0,False,0.35,0.25,Q1 only,2727.980709243213,476.6416359720668,-57.92928251102659,57.92928251102659,2727.980709243213,14.482320627756648,3192.351045429949,2.2993993041271175,10.014361174203636,7.714961870076518,True,0.22961018322868415,31.36820759930369,0.0,0.0
"2a_y0.60 kin once-through phi=0.1 (1.01,5,5) bar n=1",2a_y0.60,0.6,2.52,kinetic,kinetic,0.1,5.0,1.0,False,0.35,0.25,Q1 + Q2+,2727.980709243213,476.6416359720668,-57.92928251102659,57.92928251102659,3204.62234521528,14.482320627756648,3753.105911279439,2.703302048521744,10.014361174203636,7.311059125681892,True,0.26994253567419557,31.36820759930369,0.0,0.0
"2a_y0.60 kin once-through phi=0.1 (1.01,5,5) bar n=1",2a_y0.60,0.6,2.52,kinetic,kinetic,0.1,5.0,1.0,False,0.35,0.5,Q1 only,2727.980709243213,476.6416359720668,-57.92928251102659,57.92928251102659,2727.980709243213,28.964641255513296,3175.3130211619996,2.287127088262415,10.014361174203636,7.7272340859412205,True,0.22838472154908,31.36820759930369,0.0,0.0
"2a_y0.60 kin once-through phi=0.1 (1.01,5,5) bar n=1",2a_y0.60,0.6,2.52,kinetic,kinetic,0.1,5.0,1.0,False,0.35,0.5,Q1 + Q2+,2727.980709243213,476.6416359720668,-57.92928251102659,57.92928251102659,3204.62234521528,28.964641255513296,3736.06788701149,2.691029832657042,10.014361174203636,7.323331341546593,True,0.26871707399459144,31.36820759930369,0.0,0.0
"2a_y0.60 kin recycle phi=0.1 (1.01,5,5) bar n=1",2a_y0.60,0.6,2.52,kinetic,kinetic,0.1,5.0,1.0,True,0.35,0.0,Q1 only,3167.9077848995967,617.4222995282322,-230.5944088248698,230.5944088248698,3167.9077848995967,0.0,3726.9503351759963,2.684462606168624,11.241464067808312,8.557001461639688,True,0.2388000877800252,37.43174978584321,0.0629887377586996,5.529282772593877
"2a_y0.60 kin recycle phi=0.1 (1.01,5,5) bar n=1",2a_y0.60,0.6,2.52,kinetic,kinetic,0.1,5.0,1.0,True,0.35,0.0,Q1 + Q2+,3167.9077848995967,617.4222995282322,-230.5944088248698,230.5944088248698,3785.3300844278288,0.0,4453.329511091563,3.207661887157389,11.241464067808312,8.033802180650923,True,0.28534200419169864,37.43174978584321,0.0629887377586996,5.529282772593877
"2a_y0.60 kin recycle phi=0.1 (1.01,5,5) bar n=1",2a_y0.60,0.6,2.52,kinetic,kinetic,0.1,5.0,1.0,True,0.35,0.25,Q1 only,3167.9077848995967,617.4222995282322,-230.5944088248698,230.5944088248698,3167.9077848995967,57.64860220621745,3659.1284502275053,2.6356115892109493,11.241464067808312,8.605852478597363,True,0.2344544779321436,37.43174978584321,0.0629887377586996,5.529282772593877
"2a_y0.60 kin recycle phi=0.1 (1.01,5,5) bar n=1",2a_y0.60,0.6,2.52,kinetic,kinetic,0.1,5.0,1.0,True,0.35,0.25,Q1 + Q2+,3167.9077848995967,617.4222995282322,-230.5944088248698,230.5944088248698,3785.3300844278288,57.64860220621745,4385.507626143072,3.1588108701997144,11.241464067808312,8.082653197608598,True,0.28099639434381707,37.43174978584321,0.0629887377586996,5.529282772593877
"2a_y0.60 kin recycle phi=0.1 (1.01,5,5) bar n=1",2a_y0.60,0.6,2.52,kinetic,kinetic,0.1,5.0,1.0,True,0.35,0.5,Q1 only,3167.9077848995967,617.4222995282322,-230.5944088248698,230.5944088248698,3167.9077848995967,115.2972044124349,3591.3065652790137,2.5867605722532736,11.241464067808312,8.654703495555038,True,0.23010886808426195,37.43174978584321,0.0629887377586996,5.529282772593877
"2a_y0.60 kin recycle phi=0.1 (1.01,5,5) bar n=1",2a_y0.60,0.6,2.52,kinetic,kinetic,0.1,5.0,1.0,True,0.35,0.5,Q1 + Q2+,3167.9077848995967,617.4222995282322,-230.5944088248698,230.5944088248698,3785.3300844278288,115.2972044124349,4317.685741194581,3.109959853242039,11.241464067808312,8.131504214566274,True,0.27665078449593544,37.43174978584321,0.0629887377586996,5.529282772593877
"2a_y0.60 kin once-through phi=1 (1.01,1.01,1.01) bar",2a_y0.60,0.6,2.52,kinetic,kinetic,1.0,1.01325,native,False,0.35,0.0,Q1 only,2727.980709243213,106.3236876077426,-9.654526870831384,9.654526870831384,2727.980709243213,0.0,3209.3890696978974,2.3116715199918185,9.802675877628118,7.4910043576362995,True,0.23582045850027195,31.36820759930369,0.0,0.0
"2a_y0.60 kin once-through phi=1 (1.01,1.01,1.01) bar",2a_y0.60,0.6,2.52,kinetic,kinetic,1.0,1.01325,native,False,0.35,0.0,Q1 + Q2+,2727.980709243213,106.3236876077426,-9.654526870831384,9.654526870831384,2834.3043968509555,0.0,3334.4757610011243,2.4017694593615992,9.802675877628118,7.400906418266519,True,0.24501161614890993,31.36820759930369,0.0,0.0
"2a_y0.60 kin once-through phi=1 (1.01,1.01,1.01) bar",2a_y0.60,0.6,2.52,kinetic,kinetic,1.0,1.01325,native,False,0.35,0.25,Q1 only,2727.980709243213,106.3236876077426,-9.654526870831384,9.654526870831384,2727.980709243213,2.413631717707846,3206.549502971183,2.3096262255794837,9.802675877628118,7.493049652048635,True,0.23561181195948377,31.36820759930369,0.0,0.0
"2a_y0.60 kin once-through phi=1 (1.01,1.01,1.01) bar",2a_y0.60,0.6,2.52,kinetic,kinetic,1.0,1.01325,native,False,0.35,0.25,Q1 + Q2+,2727.980709243213,106.3236876077426,-9.654526870831384,9.654526870831384,2834.3043968509555,2.413631717707846,3331.6361942744093,2.3997241649492635,9.802675877628118,7.402951712678854,True,0.24480296960812165,31.36820759930369,0.0,0.0
"2a_y0.60 kin once-through phi=1 (1.01,1.01,1.01) bar",2a_y0.60,0.6,2.52,kinetic,kinetic,1.0,1.01325,native,False,0.35,0.5,Q1 only,2727.980709243213,106.3236876077426,-9.654526870831384,9.654526870831384,2727.980709243213,4.827263435415692,3203.7099362444674,2.3075809311671476,9.802675877628118,7.495094946460971,True,0.23540316541869546,31.36820759930369,0.0,0.0
"2a_y0.60 kin once-through phi=1 (1.01,1.01,1.01) bar",2a_y0.60,0.6,2.52,kinetic,kinetic,1.0,1.01325,native,False,0.35,0.5,Q1 + Q2+,2727.980709243213,106.3236876077426,-9.654526870831384,9.654526870831384,2834.3043968509555,4.827263435415692,3328.796627547694,2.3976788705369283,9.802675877628118,7.40499700709119,True,0.24459432306733345,31.36820759930369,0.0,0.0
"2a_y0.60 kin recycle phi=1 (1.01,1.01,1.01) bar",2a_y0.60,0.6,2.52,kinetic,kinetic,1.0,1.01325,native,True,0.35,0.0,Q1 only,3157.9246424103076,546.2917997254096,-47.96660060167101,47.96660060167101,3157.9246424103076,0.0,3715.2054616591854,2.676002961973078,11.461981320890214,8.785978358917136,True,0.23346774759577446,36.52845662239418,0.0252849342981611,2.219564268085071
"2a_y0.60 kin recycle phi=1 (1.01,1.01,1.01) bar",2a_y0.60,0.6,2.52,kinetic,kinetic,1.0,1.01325,native,True,0.35,0.0,Q1 + Q2+,3157.9246424103076,546.2917997254096,-47.96660060167101,47.96660060167101,3704.2164421357174,0.0,4357.901696630256,3.138926761526133,11.461981320890214,8.323054559364081,True,0.27385551185685786,36.52845662239418,0.0252849342981611,2.219564268085071
"2a_y0.60 kin recycle phi=1 (1.01,1.01,1.01) bar",2a_y0.60,0.6,2.52,kinetic,kinetic,1.0,1.01325,native,True,0.35,0.25,Q1 only,3157.9246424103076,546.2917997254096,-47.96660060167101,47.96660060167101,3157.9246424103076,11.991650150417753,3701.097637952812,2.665841322619655,11.461981320890214,8.796139998270558,True,0.2325811958671564,36.52845662239418,0.0252849342981611,2.219564268085071
"2a_y0.60 kin recycle phi=1 (1.01,1.01,1.01) bar",2a_y0.60,0.6,2.52,kinetic,kinetic,1.0,1.01325,native,True,0.35,0.25,Q1 + Q2+,3157.9246424103076,546.2917997254096,-47.96660060167101,47.96660060167101,3704.2164421357174,11.991650150417753,4343.793872923882,3.1287651221727093,11.461981320890214,8.333216198717505,True,0.27296896012823973,36.52845662239418,0.0252849342981611,2.219564268085071
"2a_y0.60 kin recycle phi=1 (1.01,1.01,1.01) bar",2a_y0.60,0.6,2.52,kinetic,kinetic,1.0,1.01325,native,True,0.35,0.5,Q1 only,3157.9246424103076,546.2917997254096,-47.96660060167101,47.96660060167101,3157.9246424103076,23.983300300835506,3686.9898142464376,2.655679683266231,11.461981320890214,8.806301637623983,True,0.23169464413853827,36.52845662239418,0.0252849342981611,2.219564268085071
"2a_y0.60 kin recycle phi=1 (1.01,1.01,1.01) bar",2a_y0.60,0.6,2.52,kinetic,kinetic,1.0,1.01325,native,True,0.35,0.5,Q1 + Q2+,3157.9246424103076,546.2917997254096,-47.96660060167101,47.96660060167101,3704.2164421357174,23.983300300835506,4329.686049217508,3.1186034828192857,11.461981320890214,8.343377838070928,True,0.2720824083996216,36.52845662239418,0.0252849342981611,2.219564268085071
"2a_y0.60 kin once-through phi=1 (1.01,5,5) bar n=1",2a_y0.60,0.6,2.52,kinetic,kinetic,1.0,5.0,1.0,False,0.35,0.0,Q1 only,2727.980709243213,-68.87352741236228,-43.665387872361784,112.53891528472406,2727.980709243213,0.0,3209.3890696978974,2.3116715199918185,8.838201938664543,6.526530418672724,True,0.26155450351037274,31.36820759930369,0.0,0.0
"2a_y0.60 kin once-through phi=1 (1.01,5,5) bar n=1",2a_y0.60,0.6,2.52,kinetic,kinetic,1.0,5.0,1.0,False,0.35,0.0,Q1 + Q2+,2727.980709243213,-68.87352741236228,-43.665387872361784,112.53891528472406,2727.980709243213,0.0,3209.3890696978974,2.3116715199918185,8.838201938664543,6.526530418672724,True,0.26155450351037274,31.36820759930369,0.0,0.0
"2a_y0.60 kin once-through phi=1 (1.01,5,5) bar n=1",2a_y0.60,0.6,2.52,kinetic,kinetic,1.0,5.0,1.0,False,0.35,0.25,Q1 only,2727.980709243213,-68.87352741236228,-43.665387872361784,112.53891528472406,2727.980709243213,28.134728821181014,3176.2893887318023,2.287830350177733,8.838201938664543,6.55037158848681,True,0.2588569899233854,31.36820759930369,0.0,0.0
"2a_y0.60 kin once-through phi=1 (1.01,5,5) bar n=1",2a_y0.60,0.6,2.52,kinetic,kinetic,1.0,5.0,1.0,False,0.35,0.25,Q1 + Q2+,2727.980709243213,-68.87352741236228,-43.665387872361784,112.53891528472406,2727.980709243213,28.134728821181014,3176.2893887318023,2.287830350177733,8.838201938664543,6.55037158848681,True,0.2588569899233854,31.36820759930369,0.0,0.0
"2a_y0.60 kin once-through phi=1 (1.01,5,5) bar n=1",2a_y0.60,0.6,2.52,kinetic,kinetic,1.0,5.0,1.0,False,0.35,0.5,Q1 only,2727.980709243213,-68.87352741236228,-43.665387872361784,112.53891528472406,2727.980709243213,56.26945764236203,3143.189707765707,2.263989180363648,8.838201938664543,6.574212758300895,True,0.25615947633639813,31.36820759930369,0.0,0.0
"2a_y0.60 kin once-through phi=1 (1.01,5,5) bar n=1",2a_y0.60,0.6,2.52,kinetic,kinetic,1.0,5.0,1.0,False,0.35,0.5,Q1 + Q2+,2727.980709243213,-68.87352741236228,-43.665387872361784,112.53891528472406,2727.980709243213,56.26945764236203,3143.189707765707,2.263989180363648,8.838201938664543,6.574212758300895,True,0.25615947633639813,31.36820759930369,0.0,0.0
"2a_y0.60 kin recycle phi=1 (1.01,5,5) bar n=1",2a_y0.60,0.6,2.52,kinetic,kinetic,1.0,5.0,1.0,True,0.35,0.0,Q1 only,3193.8109846080424,552.9255773517071,-228.73698616035745,228.73698616035745,3193.8109846080424,0.0,3757.4246877741675,2.7064127940272784,11.193792524950592,8.487379730923314,True,0.24177800222710705,37.7140905102184,0.07477374771318,6.563795525743246
"2a_y0.60 kin recycle phi=1 (1.01,5,5) bar n=1",2a_y0.60,0.6,2.52,kinetic,kinetic,1.0,5.0,1.0,True,0.35,0.0,Q1 + Q2+,3193.8109846080424,552.9255773517071,-228.73698616035745,228.73698616035745,3746.7365619597495,0.0,4407.92536701147,3.174958009727709,11.193792524950592,8.018834515222883,True,0.2836355955902196,37.7140905102184,0.07477374771318,6.563795525743246
"2a_y0.60 kin recycle phi=1 (1.01,5,5) bar n=1",2a_y0.60,0.6,2.52,kinetic,kinetic,1.0,5.0,1.0,True,0.35,0.25,Q1 only,3193.8109846080424,552.9255773517071,-228.73698616035745,228.73698616035745,3193.8109846080424,57.18424654008936,3690.149103609356,2.6579552687702215,11.193792524950592,8.53583725618037,True,0.23744903819199145,37.7140905102184,0.07477374771318,6.563795525743246
"2a_y0.60 kin recycle phi=1 (1.01,5,5) bar n=1",2a_y0.60,0.6,2.52,kinetic,kinetic,1.0,5.0,1.0,True,0.35,0.25,Q1 + Q2+,3193.8109846080424,552.9255773517071,-228.73698616035745,228.73698616035745,3746.7365619597495,57.18424654008936,4340.649782846659,3.126500484470652,11.193792524950592,8.06729204047994,True,0.279306631555104,37.7140905102184,0.07477374771318,6.563795525743246
"2a_y0.60 kin recycle phi=1 (1.01,5,5) bar n=1",2a_y0.60,0.6,2.52,kinetic,kinetic,1.0,5.0,1.0,True,0.35,0.5,Q1 only,3193.8109846080424,552.9255773517071,-228.73698616035745,228.73698616035745,3193.8109846080424,114.36849308017872,3622.8735194445458,2.609497743513166,11.193792524950592,8.584294781437425,True,0.23312007415687597,37.7140905102184,0.07477374771318,6.563795525743246
"2a_y0.60 kin recycle phi=1 (1.01,5,5) bar n=1",2a_y0.60,0.6,2.52,kinetic,kinetic,1.0,5.0,1.0,True,0.35,0.5,Q1 + Q2+,3193.8109846080424,552.9255773517071,-228.73698616035745,228.73698616035745,3746.7365619597495,114.36849308017872,4273.374198681848,3.078042959213596,11.193792524950592,8.115749565736996,True,0.2749776675199885,37.7140905102184,0.07477374771318,6.563795525743246
2b_y0.60 eq once-through h=0.35,2b_y0.60,0.6,0.0,equilibrium,equilibrium,,1.01325,native,False,0.35,0.0,Q1 only,3030.936066508513,303.3743121064066,-1927.611098077524,1927.611098077524,3030.936066508513,0.0,3565.8071370688385,2.5683937427136296,5.898358826290231,3.3299650835766013,True,0.4354420981079951,47.31595618425595,0.5202644376871547,45.6698974270129
2b_y0.60 eq once-through h=0.35,2b_y0.60,0.6,0.0,equilibrium,equilibrium,,1.01325,native,False,0.35,0.0,Q1 + Q2+,3030.936066508513,303.3743121064066,-1927.611098077524,1927.611098077524,3334.3103786149195,0.0,3922.718092488141,2.825470984798689,5.898358826290231,3.072887841491542,True,0.4790266357151701,47.31595618425595,0.5202644376871547,45.6698974270129
2b_y0.60 eq once-through h=0.35,2b_y0.60,0.6,0.0,equilibrium,equilibrium,,1.01325,native,False,0.35,0.25,Q1 only,3030.936066508513,303.3743121064066,-1927.611098077524,1927.611098077524,3030.936066508513,481.902774519381,2998.862696457802,2.160032746799353,5.898358826290231,3.7383260794908777,True,0.3662091117908309,47.31595618425595,0.5202644376871547,45.6698974270129
2b_y0.60 eq once-through h=0.35,2b_y0.60,0.6,0.0,equilibrium,equilibrium,,1.01325,native,False,0.35,0.25,Q1 + Q2+,3030.936066508513,303.3743121064066,-1927.611098077524,1927.611098077524,3334.3103786149195,481.902774519381,3355.773651877104,2.417109988884413,5.898358826290231,3.481248837405818,True,0.409793649398006,47.31595618425595,0.5202644376871547,45.6698974270129
2b_y0.60 eq once-through h=0.35,2b_y0.60,0.6,0.0,equilibrium,equilibrium,,1.01325,native,False,0.35,0.5,Q1 only,3030.936066508513,303.3743121064066,-1927.611098077524,1927.611098077524,3030.936066508513,963.805549038762,2431.918255846766,1.7516717508850774,5.898358826290231,4.146687075405153,True,0.29697612547366675,47.31595618425595,0.5202644376871547,45.6698974270129
2b_y0.60 eq once-through h=0.35,2b_y0.60,0.6,0.0,equilibrium,equilibrium,,1.01325,native,False,0.35,0.5,Q1 + Q2+,3030.936066508513,303.3743121064066,-1927.611098077524,1927.611098077524,3334.3103786149195,963.805549038762,2788.829211266068,2.008748992970137,5.898358826290231,3.889609833320094,True,0.3405606630808418,47.31595618425595,0.5202644376871547,45.6698974270129
2b_y0.60 eq once-through h=0.5,2b_y0.60,0.6,0.0,equilibrium,equilibrium,,1.01325,native,False,0.5,0.0,Q1 only,3030.936066508513,303.3743121064066,-2224.309715508326,2224.309715508326,3030.936066508513,0.0,3565.8071370688385,2.5683937427136296,4.733213674976126,2.164819932262496,True,0.5426321140523166,46.41018162200502,0.4824578170746345,42.35115341846306
2b_y0.60 eq once-through h=0.5,2b_y0.60,0.6,0.0,equilibrium,equilibrium,,1.01325,native,False,0.5,0.0,Q1 + Q2+,3030.936066508513,303.3743121064066,-2224.309715508326,2224.309715508326,3334.3103786149195,0.0,3922.718092488141,2.825470984798689,4.733213674976126,1.9077426901774368,True,0.5969455804914492,46.41018162200502,0.4824578170746345,42.35115341846306
2b_y0.60 eq once-through h=0.5,2b_y0.60,0.6,0.0,equilibrium,equilibrium,,1.01325,native,False,0.5,0.25,Q1 only,3030.936066508513,303.3743121064066,-2224.309715508326,2224.309715508326,3030.936066508513,556.0774288770815,2911.598397213449,2.0971776703675626,4.733213674976126,2.636036004608563,True,0.4430769059624465,46.41018162200502,0.4824578170746345,42.35115341846306
2b_y0.60 eq once-through h=0.5,2b_y0.60,0.6,0.0,equilibrium,equilibrium,,1.01325,native,False,0.5,0.25,Q1 + Q2+,3030.936066508513,303.3743121064066,-2224.309715508326,2224.309715508326,3334.3103786149195,556.0774288770815,3268.5093526327505,2.3542549124526215,4.733213674976126,2.3789587625235042,True,0.497390372401579,46.41018162200502,0.4824578170746345,42.35115341846306
2b_y0.60 eq once-through h=0.5,2b_y0.60,0.6,0.0,equilibrium,equilibrium,,1.01325,native,False,0.5,0.5,Q1 only,3030.936066508513,303.3743121064066,-2224.309715508326,2224.309715508326,3030.936066508513,1112.154857754163,2257.3896573580587,1.6259615980214954,4.733213674976126,3.10725207695463,True,0.34352169787257636,46.41018162200502,0.4824578170746345,42.35115341846306
2b_y0.60 eq once-through h=0.5,2b_y0.60,0.6,0.0,equilibrium,equilibrium,,1.01325,native,False,0.5,0.5,Q1 + Q2+,3030.936066508513,303.3743121064066,-2224.309715508326,2224.309715508326,3334.3103786149195,1112.154857754163,2614.3006127773606,1.8830388401065548,4.733213674976126,2.850174834869571,True,0.39783516431170896,46.41018162200502,0.4824578170746345,42.35115341846306
2b_y0.60 eq once-through h=0.75,2b_y0.60,0.6,0.0,equilibrium,equilibrium,,1.01325,native,False,0.75,0.0,Q1 only,3030.936066508513,303.3743121064066,-2710.546428139526,2710.546428139526,3030.936066508513,0.0,3565.8071370688385,2.5683937427136296,2.7954358232912164,0.2270420805775868,True,0.918781150800923,43.70250121894985,0.3694399794593906,32.4302119175283
2b_y0.60 eq once-through h=0.75,2b_y0.60,0.6,0.0,equilibrium,equilibrium,,1.01325,native,False,0.75,0.0,Q1 + Q2+,3030.936066508513,303.3743121064066,-2710.546428139526,2710.546428139526,3334.3103786149195,0.0,3922.718092488141,2.825470984798689,2.7954358232912164,-0.03003516150747254,False,1.0107443573761283,43.70250121894985,0.3694399794593906,32.4302119175283
2b_y0.60 eq once-through h=0.75,2b_y0.60,0.6,0.0,equilibrium,equilibrium,,1.01325,native,False,0.75,0.25,Q1 only,3030.936066508513,303.3743121064066,-2710.546428139526,2710.546428139526,3030.936066508513,677.6366070348815,2768.5875993807426,1.9941692842785885,2.7954358232912164,0.8012665390126279,True,0.7133661476551968,43.70250121894985,0.3694399794593906,32.4302119175283
2b_y0.60 eq once-through h=0.75,2b_y0.60,0.6,0.0,equilibrium,equilibrium,,1.01325,native,False,0.75,0.25,Q1 + Q2+,3030.936066508513,303.3743121064066,-2710.546428139526,2710.546428139526,3334.3103786149195,677.6366070348815,3125.498554800045,2.2512465263636487,2.7954358232912164,0.5441892969275677,True,0.8053293542304024,43.70250121894985,0.3694399794593906,32.4302119175283
2b_y0.60 eq once-through h=0.75,2b_y0.60,0.6,0.0,equilibrium,equilibrium,,1.01325,native,False,0.75,0.5,Q1 only,3030.936066508513,303.3743121064066,-2710.546428139526,2710.546428139526,3030.936066508513,1355.273214069763,1971.3680616926467,1.4199448258435474,2.7954358232912164,1.375490997447669,True,0.5079511445094705,43.70250121894985,0.3694399794593906,32.4302119175283
2b_y0.60 eq once-through h=0.75,2b_y0.60,0.6,0.0,equilibrium,equilibrium,,1.01325,native,False,0.75,0.5,Q1 + Q2+,3030.936066508513,303.3743121064066,-2710.546428139526,2710.546428139526,3334.3103786149195,1355.273214069763,2328.2790171119486,1.6770220679286068,2.7954358232912164,1.1184137553626097,True,0.5999143510846758,43.70250121894985,0.3694399794593906,32.4302119175283
2b_y0.60 eq recycle h=0.35,2b_y0.60,0.6,0.0,equilibrium,equilibrium,,1.01325,native,True,0.35,0.0,Q1 only,3094.326520805335,1127.7220157491215,-3197.230981434758,3197.230981434758,3094.326520805335,0.0,3640.3841421239235,2.6221103644407533,4.802755435542439,2.1806450711016856,True,0.5459595849990649,57.5550234782261,0.903241325304174,79.28840737580033
2b_y0.60 eq recycle h=0.35,2b_y0.60,0.6,0.0,equilibrium,equilibrium,,1.01325,native,True,0.35,0.0,Q1 + Q2+,3094.326520805335,1127.7220157491215,-3197.230981434758,3197.230981434758,4222.048536554456,0.0,4967.1159253581845,3.5777340084943843,4.802755435542439,1.2250214270480546,True,0.7449336233149884,57.5550234782261,0.903241325304174,79.28840737580033
2b_y0.60 eq recycle h=0.35,2b_y0.60,0.6,0.0,equilibrium,equilibrium,,1.01325,native,True,0.35,0.25,Q1 only,3094.326520805335,1127.7220157491215,-3197.230981434758,3197.230981434758,3094.326520805335,799.3077453586895,2700.022088760759,1.9447826456655164,4.802755435542439,2.8579727898769223,True,0.40493060114477103,57.5550234782261,0.903241325304174,79.28840737580033
2b_y0.60 eq recycle h=0.35,2b_y0.60,0.6,0.0,equilibrium,equilibrium,,1.01325,native,True,0.35,0.25,Q1 + Q2+,3094.326520805335,1127.7220157491215,-3197.230981434758,3197.230981434758,4222.048536554456,799.3077453586895,4026.7538719950203,2.9004062897191485,4.802755435542439,1.9023491458232904,True,0.6039046394606947,57.5550234782261,0.903241325304174,79.28840737580033
2b_y0.60 eq recycle h=0.35,2b_y0.60,0.6,0.0,equilibrium,equilibrium,,1.01325,native,True,0.35,0.5,Q1 only,3094.326520805335,1127.7220157491215,-3197.230981434758,3197.230981434758,3094.326520805335,1598.615490717379,1759.660035397595,1.2674549268902808,4.802755435542439,3.535300508652158,True,0.2639016172904774,57.5550234782261,0.903241325304174,79.28840737580033
2b_y0.60 eq recycle h=0.35,2b_y0.60,0.6,0.0,equilibrium,equilibrium,,1.01325,native,True,0.35,0.5,Q1 + Q2+,3094.326520805335,1127.7220157491215,-3197.230981434758,3197.230981434758,4222.048536554456,1598.615490717379,3086.3918186318556,2.2230785709439123,4.802755435542439,2.5796768645985266,True,0.462875655606401,57.5550234782261,0.903241325304174,79.28840737580033
2b_y0.60 eq recycle h=0.5,2b_y0.60,0.6,0.0,equilibrium,equilibrium,,1.01325,native,True,0.5,0.0,Q1 only,3275.2824712457,842.1916356032704,-3170.8259541487305,3170.8259541487305,3275.2824712457,0.0,3853.2734955831766,2.775451154420932,4.432782400509089,1.6573312460881566,True,0.6261194219915197,58.64821141945664,0.948121479711084,83.2280809337009
2b_y0.60 eq recycle h=0.5,2b_y0.60,0.6,0.0,equilibrium,equilibrium,,1.01325,native,True,0.5,0.0,Q1 + Q2+,3275.2824712457,842.1916356032704,-3170.8259541487305,3170.8259541487305,4117.47410684897,0.0,4844.0871845282,3.489118377874099,4.432782400509089,0.9436640226349895,True,0.7871169984507669,58.64821141945664,0.948121479711084,83.2280809337009
2b_y0.60 eq recycle h=0.5,2b_y0.60,0.6,0.0,equilibrium,equilibrium,,1.01325,native,True,0.5,0.25,Q1 only,3275.2824712457,842.1916356032704,-3170.8259541487305,3170.8259541487305,3275.2824712457,792.7064885371826,2920.677626715903,2.1037172938935655,4.432782400509089,2.329065106615523,True,0.47458167440205534,58.64821141945664,0.948121479711084,83.2280809337009
2b_y0.60 eq recycle h=0.5,2b_y0.60,0.6,0.0,equilibrium,equilibrium,,1.01325,native,True,0.5,0.25,Q1 + Q2+,3275.2824712457,842.1916356032704,-3170.8259541487305,3170.8259541487305,4117.47410684897,792.7064885371826,3911.4913156609264,2.8173845173467336,4.432782400509089,1.615397883162355,True,0.6355792508613027,58.64821141945664,0.948121479711084,83.2280809337009
2b_y0.60 eq recycle h=0.5,2b_y0.60,0.6,0.0,equilibrium,equilibrium,,1.01325,native,True,0.5,0.5,Q1 only,3275.2824712457,842.1916356032704,-3170.8259541487305,3170.8259541487305,3275.2824712457,1585.4129770743652,1988.0817578486292,1.4319834333661992,4.432782400509089,3.0007989671428894,True,0.3230439268125909,58.64821141945664,0.948121479711084,83.2280809337009
2b_y0.60 eq recycle h=0.5,2b_y0.60,0.6,0.0,equilibrium,equilibrium,,1.01325,native,True,0.5,0.5,Q1 + Q2+,3275.2824712457,842.1916356032704,-3170.8259541487305,3170.8259541487305,4117.47410684897,1585.4129770743652,2978.895446793653,2.1456506568193667,4.432782400509089,2.287131743689722,True,0.4840415032718382,58.64821141945664,0.948121479711084,83.2280809337009
2b_y0.60 eq recycle h=0.75,2b_y0.60,0.6,0.0,equilibrium,equilibrium,,1.01325,native,True,0.75,0.0,Q1 only,4968.097116795305,285.378509208593,-4284.60357887396,4284.60357887396,4968.097116795305,0.0,5844.820137406241,4.209930288192981,4.079078570146555,-0.1308517180464266,False,1.032078744205637,59.598552439314936,0.9877890136345798,86.71017979389238
2b_y0.60 eq recycle h=0.75,2b_y0.60,0.6,0.0,equilibrium,equilibrium,,1.01325,native,True,0.75,0.0,Q1 + Q2+,4968.097116795305,285.378509208593,-4284.60357887396,4284.60357887396,5253.475626003898,0.0,6180.559560004585,4.4517580144375115,4.079078570146555,-0.3726794442909567,False,1.0913636346743787,59.598552439314936,0.9877890136345798,86.71017979389238
2b_y0.60 eq recycle h=0.75,2b_y0.60,0.6,0.0,equilibrium,equilibrium,,1.01325,native,True,0.75,0.25,Q1 only,4968.097116795305,285.378509208593,-4284.60357887396,4284.60357887396,4968.097116795305,1071.15089471849,4584.642614208017,3.302244611184872,4.079078570146555,0.7768339589616828,True,0.809556509980691,59.598552439314936,0.9877890136345798,86.71017979389238
2b_y0.60 eq recycle h=0.75,2b_y0.60,0.6,0.0,equilibrium,equilibrium,,1.01325,native,True,0.75,0.25,Q1 + Q2+,4968.097116795305,285.378509208593,-4284.60357887396,4284.60357887396,5253.475626003898,1071.15089471849,4920.382036806362,3.5440723374294025,4.079078570146555,0.5350062327171523,True,0.8688414004494328,59.598552439314936,0.9877890136345798,86.71017979389238
2b_y0.60 eq recycle h=0.75,2b_y0.60,0.6,0.0,equilibrium,equilibrium,,1.01325,native,True,0.75,0.5,Q1 only,4968.097116795305,285.378509208593,-4284.60357887396,4284.60357887396,4968.097116795305,2142.30178943698,3324.465091009794,2.3945589341767626,4.079078570146555,1.6845196359697923,True,0.587034275755745,59.598552439314936,0.9877890136345798,86.71017979389238
2b_y0.60 eq recycle h=0.75,2b_y0.60,0.6,0.0,equilibrium,equilibrium,,1.01325,native,True,0.75,0.5,Q1 + Q2+,4968.097116795305,285.378509208593,-4284.60357887396,4284.60357887396,5253.475626003898,2142.30178943698,3660.2045136081383,2.636386660421293,4.079078570146555,1.4426919097252617,True,0.6463191662244868,59.598552439314936,0.9877890136345798,86.71017979389238
"2b_y0.60 kin once-through phi=0 (1.01,1.01,1.01) bar",2b_y0.60,0.6,0.0,kinetic,kinetic,0.0,1.01325,native,False,0.35,0.0,Q1 only,2727.980709243213,461.8410530362956,-9.941691590622089,9.941691590622089,2727.980709243213,0.0,3209.3890696978974,2.3116715199918185,8.224171336675518,5.912499816683699,True,0.2810826070321478,31.36820759930369,0.0,0.0
"2b_y0.60 kin once-through phi=0 (1.01,1.01,1.01) bar",2b_y0.60,0.6,0.0,kinetic,kinetic,0.0,1.01325,native,False,0.35,0.0,Q1 + Q2+,2727.980709243213,461.8410530362956,-9.941691590622089,9.941691590622089,3189.8217622795087,0.0,3752.731485034716,2.7030323552974367,8.224171336675518,5.521138981378082,True,0.3286692658314791,31.36820759930369,0.0,0.0
"2b_y0.60 kin once-through phi=0 (1.01,1.01,1.01) bar",2b_y0.60,0.6,0.0,kinetic,kinetic,0.0,1.01325,native,False,0.35,0.25,Q1 only,2727.980709243213,461.8410530362956,-9.941691590622089,9.941691590622089,2727.980709243213,2.485422897655522,3206.4650427594793,2.309565390242375,8.224171336675518,5.914605946433143,True,0.2808265168240011,31.36820759930369,0.0,0.0
"2b_y0.60 kin once-through phi=0 (1.01,1.01,1.01) bar",2b_y0.60,0.6,0.0,kinetic,kinetic,0.0,1.01325,native,False,0.35,0.25,Q1 + Q2+,2727.980709243213,461.8410530362956,-9.941691590622089,9.941691590622089,3189.8217622795087,2.485422897655522,3749.807458096298,2.7009262255479927,8.224171336675518,5.523245111127525,True,0.32841317562333233,31.36820759930369,0.0,0.0
"2b_y0.60 kin once-through phi=0 (1.01,1.01,1.01) bar",2b_y0.60,0.6,0.0,kinetic,kinetic,0.0,1.01325,native,False,0.35,0.5,Q1 only,2727.980709243213,461.8410530362956,-9.941691590622089,9.941691590622089,2727.980709243213,4.970845795311044,3203.541015821061,2.3074592604929314,8.224171336675518,5.916712076182586,True,0.28057042661585435,31.36820759930369,0.0,0.0
"2b_y0.60 kin once-through phi=0 (1.01,1.01,1.01) bar",2b_y0.60,0.6,0.0,kinetic,kinetic,0.0,1.01325,native,False,0.35,0.5,Q1 + Q2+,2727.980709243213,461.8410530362956,-9.941691590622089,9.941691590622089,3189.8217622795087,4.970845795311044,3746.8834311578794,2.6988200957985486,8.224171336675518,5.525351240876969,True,0.32815708541518557,31.36820759930369,0.0,0.0
"2b_y0.60 kin recycle phi=0 (1.01,1.01,1.01) bar",2b_y0.60,0.6,0.0,kinetic,kinetic,0.0,1.01325,native,True,0.35,0.0,Q1 only,3129.028264073608,580.2351178067581,-35.923158049802424,35.923158049802424,3129.028264073608,0.0,3681.2097224395393,2.651516375757302,9.152953663118724,6.501437287361423,True,0.2896896972658594,36.163186141834885,0.0100384045621146,0.8811920890089981
"2b_y0.60 kin recycle phi=0 (1.01,1.01,1.01) bar",2b_y0.60,0.6,0.0,kinetic,kinetic,0.0,1.01325,native,True,0.35,0.0,Q1 + Q2+,3129.028264073608,580.2351178067581,-35.923158049802424,35.923158049802424,3709.263381880366,0.0,4363.839272800431,3.143203502498416,9.152953663118724,6.0097501606203085,True,0.34340865453779856,36.163186141834885,0.0100384045621146,0.8811920890089981
"2b_y0.60 kin recycle phi=0 (1.01,1.01,1.01) bar",2b_y0.60,0.6,0.0,kinetic,kinetic,0.0,1.01325,native,True,0.35,0.25,Q1 only,3129.028264073608,580.2351178067581,-35.923158049802424,35.923158049802424,3129.028264073608,8.980789512450606,3670.6440877190093,2.6439061183707198,9.152953663118724,6.509047544748005,True,0.28885824354428674,36.163186141834885,0.0100384045621146,0.8811920890089981
"2b_y0.60 kin recycle phi=0 (1.01,1.01,1.01) bar",2b_y0.60,0.6,0.0,kinetic,kinetic,0.0,1.01325,native,True,0.35,0.25,Q1 + Q2+,3129.028264073608,580.2351178067581,-35.923158049802424,35.923158049802424,3709.263381880366,8.980789512450606,4353.273638079901,3.135593245111833,9.152953663118724,6.017360418006891,True,0.34257720081622584,36.163186141834885,0.0100384045621146,0.8811920890089981
"2b_y0.60 kin recycle phi=0 (1.01,1.01,1.01) bar",2b_y0.60,0.6,0.0,kinetic,kinetic,0.0,1.01325,native,True,0.35,0.5,Q1 only,3129.028264073608,580.2351178067581,-35.923158049802424,35.923158049802424,3129.028264073608,17.961579024901212,3660.078452998479,2.636295860984137,9.152953663118724,6.516657802134588,True,0.288026789822714,36.163186141834885,0.0100384045621146,0.8811920890089981
"2b_y0.60 kin recycle phi=0 (1.01,1.01,1.01) bar",2b_y0.60,0.6,0.0,kinetic,kinetic,0.0,1.01325,native,True,0.35,0.5,Q1 + Q2+,3129.028264073608,580.2351178067581,-35.923158049802424,35.923158049802424,3709.263381880366,17.961579024901212,4342.70800335937,3.12798298772525,9.152953663118724,6.024970675393474,True,0.34174574709465305,36.163186141834885,0.0100384045621146,0.8811920890089981
"2b_y0.60 kin once-through phi=0 (1.01,5,5) bar n=1",2b_y0.60,0.6,0.0,kinetic,kinetic,0.0,5.0,1.0,False,0.35,0.0,Q1 only,2727.980709243213,517.3200288549917,-51.25049012439657,51.25049012439657,2727.980709243213,0.0,3209.3890696978974,2.3116715199918185,7.851928108241776,5.540256588249957,True,0.2944081362086559,31.36820759930369,0.0,0.0
"2b_y0.60 kin once-through phi=0 (1.01,5,5) bar n=1",2b_y0.60,0.6,0.0,kinetic,kinetic,0.0,5.0,1.0,False,0.35,0.0,Q1 + Q2+,2727.980709243213,517.3200288549917,-51.25049012439657,51.25049012439657,3245.3007380982044,0.0,3818.000868350829,2.750044846230326,7.851928108241776,5.10188326201145,True,0.3502381591272775,31.36820759930369,0.0,0.0
"2b_y0.60 kin once-through phi=0 (1.01,5,5) bar n=1",2b_y0.60,0.6,0.0,kinetic,kinetic,0.0,5.0,1.0,False,0.35,0.25,Q1 only,2727.980709243213,517.3200288549917,-51.25049012439657,51.25049012439657,2727.980709243213,12.812622531099143,3194.3153961318985,2.300814194461183,7.851928108241776,5.5511139137805925,True,0.293025377046707,31.36820759930369,0.0,0.0
"2b_y0.60 kin once-through phi=0 (1.01,5,5) bar n=1",2b_y0.60,0.6,0.0,kinetic,kinetic,0.0,5.0,1.0,False,0.35,0.25,Q1 + Q2+,2727.980709243213,517.3200288549917,-51.25049012439657,51.25049012439657,3245.3007380982044,12.812622531099143,3802.9271947848297,2.7391875206996903,7.851928108241776,5.112740587542085,True,0.34885539996532855,31.36820759930369,0.0,0.0
"2b_y0.60 kin once-through phi=0 (1.01,5,5) bar n=1",2b_y0.60,0.6,0.0,kinetic,kinetic,0.0,5.0,1.0,False,0.35,0.5,Q1 only,2727.980709243213,517.3200288549917,-51.25049012439657,51.25049012439657,2727.980709243213,25.625245062198285,3179.2417225658996,2.289956868930548,7.851928108241776,5.5619712393112275,True,0.29164261788475815,31.36820759930369,0.0,0.0
"2b_y0.60 kin once-through phi=0 (1.01,5,5) bar n=1",2b_y0.60,0.6,0.0,kinetic,kinetic,0.0,5.0,1.0,False,0.35,0.5,Q1 + Q2+,2727.980709243213,517.3200288549917,-51.25049012439657,51.25049012439657,3245.3007380982044,25.625245062198285,3787.853521218831,2.728330195169055,7.851928108241776,5.123597913072721,True,0.34747264080337964,31.36820759930369,0.0,0.0
"2b_y0.60 kin recycle phi=0 (1.01,5,5) bar n=1",2b_y0.60,0.6,0.0,kinetic,kinetic,0.0,5.0,1.0,True,0.35,0.0,Q1 only,3149.882130842018,594.3220804771819,-172.57007770496512,172.57007770496512,3149.882130842018,0.0,3705.7436833435504,2.669187794666863,8.931886127894977,6.262698333228114,True,0.2988380904600632,37.06362054601261,0.0476228820913747,4.180435914398674
"2b_y0.60 kin recycle phi=0 (1.01,5,5) bar n=1",2b_y0.60,0.6,0.0,kinetic,kinetic,0.0,5.0,1.0,True,0.35,0.0,Q1 + Q2+,3149.882130842018,594.3220804771819,-172.57007770496512,172.57007770496512,3744.2042113191997,0.0,4404.9461309637645,3.1728121137415104,8.931886127894977,5.759074014153466,True,0.355223081475767,37.06362054601261,0.0476228820913747,4.180435914398674
"2b_y0.60 kin recycle phi=0 (1.01,5,5) bar n=1",2b_y0.60,0.6,0.0,kinetic,kinetic,0.0,5.0,1.0,True,0.35,0.25,Q1 only,3149.882130842018,594.3220804771819,-172.57007770496512,172.57007770496512,3149.882130842018,43.14251942624128,3654.9877781362075,2.6326291294532793,8.931886127894977,6.299256998441697,True,0.2947450394862708,37.06362054601261,0.0476228820913747,4.180435914398674
"2b_y0.60 kin recycle phi=0 (1.01,5,5) bar n=1",2b_y0.60,0.6,0.0,kinetic,kinetic,0.0,5.0,1.0,True,0.35,0.25,Q1 + Q2+,3149.882130842018,594.3220804771819,-172.57007770496512,172.57007770496512,3744.2042113191997,43.14251942624128,4354.190225756422,3.136253448527927,8.931886127894977,5.795632679367049,True,0.3511300305019746,37.06362054601261,0.0476228820913747,4.180435914398674
"2b_y0.60 kin recycle phi=0 (1.01,5,5) bar n=1",2b_y0.60,0.6,0.0,kinetic,kinetic,0.0,5.0,1.0,True,0.35,0.5,Q1 only,3149.882130842018,594.3220804771819,-172.57007770496512,172.57007770496512,3149.882130842018,86.28503885248256,3604.2318729288654,2.5960704642396966,8.931886127894977,6.33581566365528,True,0.2906519885124785,37.06362054601261,0.0476228820913747,4.180435914398674
"2b_y0.60 kin recycle phi=0 (1.01,5,5) bar n=1",2b_y0.60,0.6,0.0,kinetic,kinetic,0.0,5.0,1.0,True,0.35,0.5,Q1 + Q2+,3149.882130842018,594.3220804771819,-172.57007770496512,172.57007770496512,3744.2042113191997,86.28503885248256,4303.434320549079,3.0996947833143436,8.931886127894977,5.832191344580633,True,0.3470369795281822,37.06362054601261,0.0476228820913747,4.180435914398674
"2b_y0.60 kin once-through phi=0.1 (1.01,1.01,1.01) bar",2b_y0.60,0.6,0.0,kinetic,kinetic,0.1,1.01325,native,False,0.35,0.0,Q1 only,2727.980709243213,386.98146577900496,-9.533427583887311,9.533427583887311,2727.980709243213,0.0,3209.3890696978974,2.3116715199918185,8.053140132791238,5.7414686127994194,True,0.28705219105514157,31.36820759930369,0.0,0.0
"2b_y0.60 kin once-through phi=0.1 (1.01,1.01,1.01) bar",2b_y0.60,0.6,0.0,kinetic,kinetic,0.1,1.01325,native,False,0.35,0.0,Q1 + Q2+,2727.980709243213,386.98146577900496,-9.533427583887311,9.533427583887311,3114.9621750222177,0.0,3664.66138237908,2.6395968715806073,8.053140132791238,5.413543261210631,True,0.3277723755026372,31.36820759930369,0.0,0.0
"2b_y0.60 kin once-through phi=0.1 (1.01,1.01,1.01) bar",2b_y0.60,0.6,0.0,kinetic,kinetic,0.1,1.01325,native,False,0.35,0.25,Q1 only,2727.980709243213,386.98146577900496,-9.533427583887311,9.533427583887311,2727.980709243213,2.383356895971828,3206.5851204085193,2.309651880248867,8.053140132791238,5.743488252542372,True,0.28680140195801307,31.36820759930369,0.0,0.0
"2b_y0.60 kin once-through phi=0.1 (1.01,1.01,1.01) bar",2b_y0.60,0.6,0.0,kinetic,kinetic,0.1,1.01325,native,False,0.35,0.25,Q1 + Q2+,2727.980709243213,386.98146577900496,-9.533427583887311,9.533427583887311,3114.9621750222177,2.383356895971828,3661.8574330897013,2.6375772318376556,8.053140132791238,5.415562900953583,True,0.3275215864055087,31.36820759930369,0.0,0.0
"2b_y0.60 kin once-through phi=0.1 (1.01,1.01,1.01) bar",2b_y0.60,0.6,0.0,kinetic,kinetic,0.1,1.01325,native,False,0.35,0.5,Q1 only,2727.980709243213,386.98146577900496,-9.533427583887311,9.533427583887311,2727.980709243213,4.766713791943656,3203.7811711191403,2.307632240505914,8.053140132791238,5.745507892285325,True,0.2865506128608845,31.36820759930369,0.0,0.0
"2b_y0.60 kin once-through phi=0.1 (1.01,1.01,1.01) bar",2b_y0.60,0.6,0.0,kinetic,kinetic,0.1,1.01325,native,False,0.35,0.5,Q1 + Q2+,2727.980709243213,386.98146577900496,-9.533427583887311,9.533427583887311,3114.9621750222177,4.766713791943656,3659.0534838003223,2.635557592094703,8.053140132791238,5.417582540696536,True,0.32727079730838016,31.36820759930369,0.0,0.0
"2b_y0.60 kin recycle phi=0.1 (1.01,1.01,1.01) bar",2b_y0.60,0.6,0.0,kinetic,kinetic,0.1,1.01325,native,True,0.35,0.0,Q1 only,3130.0806907492774,577.6105246897606,-35.90650059166802,35.90650059166802,3130.0806907492774,0.0,3682.4478714697384,2.652408194663786,9.15088961633597,6.498481421672184,True,0.28985249586321793,36.175196602884675,0.0105397258002814,0.9251991128733276
"2b_y0.60 kin recycle phi=0.1 (1.01,1.01,1.01) bar",2b_y0.60,0.6,0.0,kinetic,kinetic,0.1,1.01325,native,True,0.35,0.0,Q1 + Q2+,3130.0806907492774,577.6105246897606,-35.90650059166802,35.90650059166802,3707.691215439038,0.0,4361.989665222398,3.1418712597978753,9.15088961633597,6.009018356538094,True,0.3433405266072792,36.175196602884675,0.0105397258002814,0.9251991128733276
"2b_y0.60 kin recycle phi=0.1 (1.01,1.01,1.01) bar",2b_y0.60,0.6,0.0,kinetic,kinetic,0.1,1.01325,native,True,0.35,0.25,Q1 only,3130.0806907492774,577.6105246897606,-35.90650059166802,35.90650059166802,3130.0806907492774,8.976625147917005,3671.887136001601,2.6448014661301964,9.15088961633597,6.506088150205773,True,0.2890212402309775,36.175196602884675,0.0105397258002814,0.9251991128733276
"2b_y0.60 kin recycle phi=0.1 (1.01,1.01,1.01) bar",2b_y0.60,0.6,0.0,kinetic,kinetic,0.1,1.01325,native,True,0.35,0.25,Q1 + Q2+,3130.0806907492774,577.6105246897606,-35.90650059166802,35.90650059166802,3707.691215439038,8.976625147917005,4351.42892975426,3.134264531264286,9.15088961633597,6.016625085071684,True,0.3425092709750388,36.175196602884675,0.0105397258002814,0.9251991128733276
"2b_y0.60 kin recycle phi=0.1 (1.01,1.01,1.01) bar",2b_y0.60,0.6,0.0,kinetic,kinetic,0.1,1.01325,native,True,0.35,0.5,Q1 only,3130.0806907492774,577.6105246897606,-35.90650059166802,35.90650059166802,3130.0806907492774,17.95325029583401,3661.3264005334627,2.6371947375966065,9.15088961633597,6.513694878739363,True,0.2881899845987371,36.175196602884675,0.0105397258002814,0.9251991128733276
"2b_y0.60 kin recycle phi=0.1 (1.01,1.01,1.01) bar",2b_y0.60,0.6,0.0,kinetic,kinetic,0.1,1.01325,native,True,0.35,0.5,Q1 + Q2+,3130.0806907492774,577.6105246897606,-35.90650059166802,35.90650059166802,3707.691215439038,17.95325029583401,4340.868194286122,3.126657802730696,9.15088961633597,6.024231813605274,True,0.3416780153427984,36.175196602884675,0.0105397258002814,0.9251991128733276
"2b_y0.60 kin once-through phi=0.1 (1.01,5,5) bar n=1",2b_y0.60,0.6,0.0,kinetic,kinetic,0.1,5.0,1.0,False,0.35,0.0,Q1 only,2727.980709243213,461.5702011971495,-49.694292293793005,49.694292293793005,2727.980709243213,0.0,3209.3890696978974,2.3116715199918185,7.736142939652037,5.424471419660218,True,0.2988144787427874,31.36820759930369,0.0,0.0
"2b_y0.60 kin once-through phi=0.1 (1.01,5,5) bar n=1",2b_y0.60,0.6,0.0,kinetic,kinetic,0.1,5.0,1.0,False,0.35,0.0,Q1 + Q2+,2727.980709243213,461.5702011971495,-49.694292293793005,49.694292293793005,3189.5509104403623,0.0,3752.412835812191,2.7028028373684534,7.736142939652037,5.033340102283583,True,0.3493734356322561,31.36820759930369,0.0,0.0
"2b_y0.60 kin once-through phi=0.1 (1.01,5,5) bar n=1",2b_y0.60,0.6,0.0,kinetic,kinetic,0.1,5.0,1.0,False,0.35,0.25,Q1 only,2727.980709243213,461.5702011971495,-49.694292293793005,49.694292293793005,2727.980709243213,12.423573073448251,3194.773101376194,2.3011438722144284,7.736142939652037,5.434999067437609,True,0.29745363938659736,31.36820759930369,0.0,0.0
"2b_y0.60 kin once-through phi=0.1 (1.01,5,5) bar n=1",2b_y0.60,0.6,0.0,kinetic,kinetic,0.1,5.0,1.0,False,0.35,0.25,Q1 + Q2+,2727.980709243213,461.5702011971495,-49.694292293793005,49.694292293793005,3189.5509104403623,12.423573073448251,3737.7968674904873,2.692275189591063,7.736142939652037,5.043867750060974,True,0.348012596276066,31.36820759930369,0.0,0.0
"2b_y0.60 kin once-through phi=0.1 (1.01,5,5) bar n=1",2b_y0.60,0.6,0.0,kinetic,kinetic,0.1,5.0,1.0,False,0.35,0.5,Q1 only,2727.980709243213,461.5702011971495,-49.694292293793005,49.694292293793005,2727.980709243213,24.847146146896502,3180.15713305449,2.290616224437038,7.736142939652037,5.445526715214999,True,0.2960928000304073,31.36820759930369,0.0,0.0
"2b_y0.60 kin once-through phi=0.1 (1.01,5,5) bar n=1",2b_y0.60,0.6,0.0,kinetic,kinetic,0.1,5.0,1.0,False,0.35,0.5,Q1 + Q2+,2727.980709243213,461.5702011971495,-49.694292293793005,49.694292293793005,3189.5509104403623,24.847146146896502,3723.180899168783,2.6817475418136727,7.736142939652037,5.0543953978383644,True,0.346651756919876,31.36820759930369,0.0,0.0
"2b_y0.60 kin recycle phi=0.1 (1.01,5,5) bar n=1",2b_y0.60,0.6,0.0,kinetic,kinetic,0.1,5.0,1.0,True,0.35,0.0,Q1 only,3151.29179398152,590.790813541938,-172.47305065895364,172.47305065895364,3151.29179398152,0.0,3707.4021105664942,2.6703823332210863,8.929312199536284,6.2589298663151975,True,0.2990580095698484,37.079113350735234,0.0482695576935795,4.237202447495841
"2b_y0.60 kin recycle phi=0.1 (1.01,5,5) bar n=1",2b_y0.60,0.6,0.0,kinetic,kinetic,0.1,5.0,1.0,True,0.35,0.0,Q1 + Q2+,3151.29179398152,590.790813541938,-172.47305065895364,172.47305065895364,3742.082607523458,0.0,4402.450126498186,3.1710142817206664,8.929312199536284,5.758297917815618,True,0.3551241362000248,37.079113350735234,0.0482695576935795,4.237202447495841
"2b_y0.60 kin recycle phi=0.1 (1.01,5,5) bar n=1",2b_y0.60,0.6,0.0,kinetic,kinetic,0.1,5.0,1.0,True,0.35,0.25,Q1 only,3151.29179398152,590.790813541938,-172.47305065895364,172.47305065895364,3151.29179398152,43.11826266473841,3656.674742725626,2.633844223015295,8.929312199536284,6.295467976520989,True,0.29496608071919306,37.079113350735234,0.0482695576935795,4.237202447495841
"2b_y0.60 kin recycle phi=0.1 (1.01,5,5) bar n=1",2b_y0.60,0.6,0.0,kinetic,kinetic,0.1,5.0,1.0,True,0.35,0.25,Q1 + Q2+,3151.29179398152,590.790813541938,-172.47305065895364,172.47305065895364,3742.082607523458,43.11826266473841,4351.722758657317,3.134476171514874,8.929312199536284,5.794836028021409,True,0.35103220734936935,37.079113350735234,0.0482695576935795,4.237202447495841
"2b_y0.60 kin recycle phi=0.1 (1.01,5,5) bar n=1",2b_y0.60,0.6,0.0,kinetic,kinetic,0.1,5.0,1.0,True,0.35,0.5,Q1 only,3151.29179398152,590.790813541938,-172.47305065895364,172.47305065895364,3151.29179398152,86.23652532947682,3605.9473748847568,2.597306112809503,8.929312199536284,6.33200608672678,True,0.29087415186853766,37.079113350735234,0.0482695576935795,4.237202447495841
"2b_y0.60 kin recycle phi=0.1 (1.01,5,5) bar n=1",2b_y0.60,0.6,0.0,kinetic,kinetic,0.1,5.0,1.0,True,0.35,0.5,Q1 + Q2+,3151.29179398152,590.790813541938,-172.47305065895364,172.47305065895364,3742.082607523458,86.23652532947682,4300.995390816449,3.097938061309083,8.929312199536284,5.831374138227201,True,0.346940278498714,37.079113350735234,0.0482695576935795,4.237202447495841
"2b_y0.60 kin once-through phi=1 (1.01,1.01,1.01) bar",2b_y0.60,0.6,0.0,kinetic,kinetic,1.0,1.01325,native,False,0.35,0.0,Q1 only,2727.980709243213,252.05201586936667,-8.53462324102755,8.53462324102755,2727.980709243213,0.0,3209.3890696978974,2.3116715199918185,7.881282605665247,5.569611085673429,True,0.29331158843741195,31.36820759930369,0.0,0.0
"2b_y0.60 kin once-through phi=1 (1.01,1.01,1.01) bar",2b_y0.60,0.6,0.0,kinetic,kinetic,1.0,1.01325,native,False,0.35,0.0,Q1 + Q2+,2727.980709243213,252.05201586936667,-8.53462324102755,8.53462324102755,2980.0327251125796,0.0,3505.920853073623,2.5252586119633675,7.881282605665247,5.35602399370188,True,0.3204121382664483,31.36820759930369,0.0,0.0
"2b_y0.60 kin once-through phi=1 (1.01,1.01,1.01) bar",2b_y0.60,0.6,0.0,kinetic,kinetic,1.0,1.01325,native,False,0.35,0.25,Q1 only,2727.980709243213,252.05201586936667,-8.53462324102755,8.53462324102755,2727.980709243213,2.1336558102568874,3206.878886391713,2.309863475179286,7.881282605665247,5.571419130485961,True,0.29308217846659923,31.36820759930369,0.0,0.0
"2b_y0.60 kin once-through phi=1 (1.01,1.01,1.01) bar",2b_y0.60,0.6,0.0,kinetic,kinetic,1.0,1.01325,native,False,0.35,0.25,Q1 + Q2+,2727.980709243213,252.05201586936667,-8.53462324102755,8.53462324102755,2980.0327251125796,2.1336558102568874,3503.4106697674383,2.523450567150835,7.881282605665247,5.357832038514412,True,0.32018272829563565,31.36820759930369,0.0,0.0
"2b_y0.60 kin once-through phi=1 (1.01,1.01,1.01) bar",2b_y0.60,0.6,0.0,kinetic,kinetic,1.0,1.01325,native,False,0.35,0.5,Q1 only,2727.980709243213,252.05201586936667,-8.53462324102755,8.53462324102755,2727.980709243213,4.267311620513775,3204.3687030855285,2.3080554303667538,7.881282605665247,5.573227175298493,True,0.2928527684957865,31.36820759930369,0.0,0.0
"2b_y0.60 kin once-through phi=1 (1.01,1.01,1.01) bar",2b_y0.60,0.6,0.0,kinetic,kinetic,1.0,1.01325,native,False,0.35,0.5,Q1 + Q2+,2727.980709243213,252.05201586936667,-8.53462324102755,8.53462324102755,2980.0327251125796,4.267311620513775,3500.900486461254,2.5216425223383023,7.881282605665247,5.359640083326945,True,0.3199533183248229,31.36820759930369,0.0,0.0
"2b_y0.60 kin recycle phi=1 (1.01,1.01,1.01) bar",2b_y0.60,0.6,0.0,kinetic,kinetic,1.0,1.01325,native,True,0.35,0.0,Q1 only,3139.323597961488,554.5385990107105,-35.75936755711308,35.75936755711308,3139.323597961488,0.0,3693.3218799546917,2.660240568731534,9.13287199944046,6.472631430708927,True,0.2912819284989998,36.28066865870685,0.0149421697495669,1.3116548246760702
"2b_y0.60 kin recycle phi=1 (1.01,1.01,1.01) bar",2b_y0.60,0.6,0.0,kinetic,kinetic,1.0,1.01325,native,True,0.35,0.0,Q1 + Q2+,3139.323597961488,554.5385990107105,-35.75936755711308,35.75936755711308,3693.8621969721985,0.0,4345.720231731998,3.1301526475544246,9.13287199944046,6.002719351886036,True,0.34273475504159023,36.28066865870685,0.0149421697495669,1.3116548246760702
"2b_y0.60 kin recycle phi=1 (1.01,1.01,1.01) bar",2b_y0.60,0.6,0.0,kinetic,kinetic,1.0,1.01325,native,True,0.35,0.25,Q1 only,3139.323597961488,554.5385990107105,-35.75936755711308,35.75936755711308,3139.323597961488,8.93984188927827,3682.8044189084817,2.6526650100706344,9.13287199944046,6.480206989369826,True,0.29045244587169883,36.28066865870685,0.0149421697495669,1.3116548246760702
"2b_y0.60 kin recycle phi=1 (1.01,1.01,1.01) bar",2b_y0.60,0.6,0.0,kinetic,kinetic,1.0,1.01325,native,True,0.35,0.25,Q1 + Q2+,3139.323597961488,554.5385990107105,-35.75936755711308,35.75936755711308,3693.8621969721985,8.93984188927827,4335.202770685789,3.1225770888935256,9.13287199944046,6.010294910546936,True,0.3419052724142893,36.28066865870685,0.0149421697495669,1.3116548246760702
"2b_y0.60 kin recycle phi=1 (1.01,1.01,1.01) bar",2b_y0.60,0.6,0.0,kinetic,kinetic,1.0,1.01325,native,True,0.35,0.5,Q1 only,3139.323597961488,554.5385990107105,-35.75936755711308,35.75936755711308,3139.323597961488,17.87968377855654,3672.286957862272,2.6450894514097345,9.13287199944046,6.487782548030726,True,0.2896229632443978,36.28066865870685,0.0149421697495669,1.3116548246760702
"2b_y0.60 kin recycle phi=1 (1.01,1.01,1.01) bar",2b_y0.60,0.6,0.0,kinetic,kinetic,1.0,1.01325,native,True,0.35,0.5,Q1 + Q2+,3139.323597961488,554.5385990107105,-35.75936755711308,35.75936755711308,3693.8621969721985,17.87968377855654,4324.685309639579,3.1150015302326257,9.13287199944046,6.0178704692078355,True,0.34107578978698827,36.28066865870685,0.0149421697495669,1.3116548246760702
"2b_y0.60 kin once-through phi=1 (1.01,5,5) bar n=1",2b_y0.60,0.6,0.0,kinetic,kinetic,1.0,5.0,1.0,False,0.35,0.0,Q1 only,2727.980709243213,61.599365900381585,-39.06437658842723,39.06437658842723,2727.980709243213,0.0,3209.3890696978974,2.3116715199918185,6.902268973109012,4.590597453117194,True,0.3349147257225133,31.36820759930369,0.0,0.0
"2b_y0.60 kin once-through phi=1 (1.01,5,5) bar n=1",2b_y0.60,0.6,0.0,kinetic,kinetic,1.0,5.0,1.0,False,0.35,0.0,Q1 + Q2+,2727.980709243213,61.599365900381585,-39.06437658842723,39.06437658842723,2789.5800751435945,0.0,3281.8589119336407,2.3638703861051242,6.902268973109012,4.538398587003888,True,0.34247729193322907,31.36820759930369,0.0,0.0
"2b_y0.60 kin once-through phi=1 (1.01,5,5) bar n=1",2b_y0.60,0.6,0.0,kinetic,kinetic,1.0,5.0,1.0,False,0.35,0.25,Q1 only,2727.980709243213,61.599365900381585,-39.06437658842723,39.06437658842723,2727.980709243213,9.766094147106807,3197.8995471718895,2.3033958010232305,6.902268973109012,4.598873172085781,True,0.3337157404321936,31.36820759930369,0.0,0.0
"2b_y0.60 kin once-through phi=1 (1.01,5,5) bar n=1",2b_y0.60,0.6,0.0,kinetic,kinetic,1.0,5.0,1.0,False,0.35,0.25,Q1 + Q2+,2727.980709243213,61.599365900381585,-39.06437658842723,39.06437658842723,2789.5800751435945,9.766094147106807,3270.3693894076328,2.355594667136536,6.902268973109012,4.546674305972476,True,0.3412783066429093,31.36820759930369,0.0,0.0
"2b_y0.60 kin once-through phi=1 (1.01,5,5) bar n=1",2b_y0.60,0.6,0.0,kinetic,kinetic,1.0,5.0,1.0,False,0.35,0.5,Q1 only,2727.980709243213,61.599365900381585,-39.06437658842723,39.06437658842723,2727.980709243213,19.532188294213615,3186.4100246458815,2.295120082054643,6.902268973109012,4.607148891054369,True,0.3325167551418739,31.36820759930369,0.0,0.0
"2b_y0.60 kin once-through phi=1 (1.01,5,5) bar n=1",2b_y0.60,0.6,0.0,kinetic,kinetic,1.0,5.0,1.0,False,0.35,0.5,Q1 + Q2+,2727.980709243213,61.599365900381585,-39.06437658842723,39.06437658842723,2789.5800751435945,19.532188294213615,3258.879866881625,2.3473189481679486,6.902268973109012,4.554950024941064,True,0.3400793213525896,31.36820759930369,0.0,0.0
"2b_y0.60 kin recycle phi=1 (1.01,5,5) bar n=1",2b_y0.60,0.6,0.0,kinetic,kinetic,1.0,5.0,1.0,True,0.35,0.0,Q1 only,3164.182366134422,558.5064945957212,-171.5855501517854,171.5855501517854,3164.182366134422,0.0,3722.5674895699085,2.6813057127088142,8.9057411299695,6.224435417260686,True,0.3010760894099778,37.2207833315231,0.0541829169205535,4.7562894536067155
"2b_y0.60 kin recycle phi=1 (1.01,5,5) bar n=1",2b_y0.60,0.6,0.0,kinetic,kinetic,1.0,5.0,1.0,True,0.35,0.0,Q1 + Q2+,3164.182366134422,558.5064945957212,-171.5855501517854,171.5855501517854,3722.688860730143,0.0,4379.6339538001685,3.1545801581302264,8.9057411299695,5.751160971839274,True,0.3542187126363317,37.2207833315231,0.0541829169205535,4.7562894536067155
"2b_y0.60 kin recycle phi=1 (1.01,5,5) bar n=1",2b_y0.60,0.6,0.0,kinetic,kinetic,1.0,5.0,1.0,True,0.35,0.25,Q1 only,3164.182366134422,558.5064945957212,-171.5855501517854,171.5855501517854,3164.182366134422,42.89638753794635,3672.1011512899713,2.644955617913051,8.9057411299695,6.26078551205645,True,0.2969944420473076,37.2207833315231,0.0541829169205535,4.7562894536067155
"2b_y0.60 kin recycle phi=1 (1.01,5,5) bar n=1",2b_y0.60,0.6,0.0,kinetic,kinetic,1.0,5.0,1.0,True,0.35,0.25,Q1 + Q2+,3164.182366134422,558.5064945957212,-171.5855501517854,171.5855501517854,3722.688860730143,42.89638753794635,4329.167615520231,3.1182300633344635,8.9057411299695,5.787511066635037,True,0.35013706527366156,37.2207833315231,0.0541829169205535,4.7562894536067155
"2b_y0.60 kin recycle phi=1 (1.01,5,5) bar n=1",2b_y0.60,0.6,0.0,kinetic,kinetic,1.0,5.0,1.0,True,0.35,0.5,Q1 only,3164.182366134422,558.5064945957212,-171.5855501517854,171.5855501517854,3164.182366134422,85.7927750758927,3621.6348130100346,2.6086055231172884,8.9057411299695,6.297135606852212,True,0.29291279468463755,37.2207833315231,0.0541829169205535,4.7562894536067155
"2b_y0.60 kin recycle phi=1 (1.01,5,5) bar n=1",2b_y0.60,0.6,0.0,kinetic,kinetic,1.0,5.0,1.0,True,0.35,0.5,Q1 + Q2+,3164.182366134422,558.5064945957212,-171.5855501517854,171.5855501517854,3722.688860730143,85.7927750758927,4278.701277240295,3.081879968538701,8.9057411299695,5.8238611614308,True,0.3460554179109915,37.2207833315231,0.0541829169205535,4.7562894536067155
2a_y0.65 eq once-through h=0.35,2a_y0.65,0.65,2.52,equilibrium,equilibrium,,1.01325,native,False,0.35,0.0,Q1 only,3030.936066508513,40.817444608046216,-1886.051942586939,1886.051942586939,3030.936066508513,0.0,3565.8071370688385,2.5683937427136296,7.498089678395848,4.9296959356822185,True,0.34253974717239116,43.97218913689067,0.4713378602386876,33.418285719907175
2a_y0.65 eq once-through h=0.35,2a_y0.65,0.65,2.52,equilibrium,equilibrium,,1.01325,native,False,0.35,0.0,Q1 + Q2+,3030.936066508513,40.817444608046216,-1886.051942586939,1886.051942586939,3071.753511116559,0.0,3613.827660137128,2.602982156003927,7.498089678395848,4.895107522391921,True,0.3471527105769176,43.97218913689067,0.4713378602386876,33.418285719907175
2a_y0.65 eq once-through h=0.35,2a_y0.65,0.65,2.52,equilibrium,equilibrium,,1.01325,native,False,0.35,0.25,Q1 only,3030.936066508513,40.817444608046216,-1886.051942586939,1886.051942586939,3030.936066508513,471.51298564673476,3011.085977484445,2.1688369802582796,7.498089678395848,5.3292526981375685,True,0.28925193926492004,43.97218913689067,0.4713378602386876,33.418285719907175
2a_y0.65 eq once-through h=0.35,2a_y0.65,0.65,2.52,equilibrium,equilibrium,,1.01325,native,False,0.35,0.25,Q1 + Q2+,3030.936066508513,40.817444608046216,-1886.051942586939,1886.051942586939,3071.753511116559,471.51298564673476,3059.1065005527344,2.203425393548577,7.498089678395848,5.294664284847271,True,0.2938649026694465,43.97218913689067,0.4713378602386876,33.418285719907175
2a_y0.65 eq once-through h=0.35,2a_y0.65,0.65,2.52,equilibrium,equilibrium,,1.01325,native,False,0.35,0.5,Q1 only,3030.936066508513,40.817444608046216,-1886.051942586939,1886.051942586939,3030.936066508513,943.0259712934695,2456.364817900051,1.7692802178029297,7.498089678395848,5.7288094605929185,True,0.2359641313574489,43.97218913689067,0.4713378602386876,33.418285719907175
2a_y0.65 eq once-through h=0.35,2a_y0.65,0.65,2.52,equilibrium,equilibrium,,1.01325,native,False,0.35,0.5,Q1 + Q2+,3030.936066508513,40.817444608046216,-1886.051942586939,1886.051942586939,3071.753511116559,943.0259712934695,2504.3853409683406,1.8038686310932273,7.498089678395848,5.694221047302621,True,0.24057709476197536,43.97218913689067,0.4713378602386876,33.418285719907175
2a_y0.65 eq once-through h=0.5,2a_y0.65,0.65,2.52,equilibrium,equilibrium,,1.01325,native,False,0.5,0.0,Q1 only,3030.936066508513,40.817444608046216,-2251.4157078946055,2251.4157078946055,3030.936066508513,0.0,3565.8071370688385,2.5683937427136296,6.027415701828215,3.459021959114585,True,0.4261185671886864,41.30747619563191,0.3336313756206389,23.65476991381529
2a_y0.65 eq once-through h=0.5,2a_y0.65,0.65,2.52,equilibrium,equilibrium,,1.01325,native,False,0.5,0.0,Q1 + Q2+,3030.936066508513,40.817444608046216,-2251.4157078946055,2251.4157078946055,3071.753511116559,0.0,3613.827660137128,2.602982156003927,6.027415701828215,3.4244335458242876,True,0.4318570818359848,41.30747619563191,0.3336313756206389,23.65476991381529
2a_y0.65 eq once-through h=0.5,2a_y0.65,0.65,2.52,equilibrium,equilibrium,,1.01325,native,False,0.5,0.25,Q1 only,3030.936066508513,40.817444608046216,-2251.4157078946055,2251.4157078946055,3030.936066508513,562.8539269736514,2903.6260465116015,2.0914353139051283,6.027415701828215,3.9359803879230864,True,0.34698706997606976,41.30747619563191,0.3336313756206389,23.65476991381529
2a_y0.65 eq once-through h=0.5,2a_y0.65,0.65,2.52,equilibrium,equilibrium,,1.01325,native,False,0.5,0.25,Q1 + Q2+,3030.936066508513,40.817444608046216,-2251.4157078946055,2251.4157078946055,3071.753511116559,562.8539269736514,2951.6465695798915,2.126023727195426,6.027415701828215,3.9013919746327885,True,0.35272558462336817,41.30747619563191,0.3336313756206389,23.65476991381529
2a_y0.65 eq once-through h=0.5,2a_y0.65,0.65,2.52,equilibrium,equilibrium,,1.01325,native,False,0.5,0.5,Q1 only,3030.936066508513,40.817444608046216,-2251.4157078946055,2251.4157078946055,3030.936066508513,1125.7078539473027,2241.444955954365,1.6144768850966267,6.027415701828215,4.412938816731588,True,0.267855572763453,41.30747619563191,0.3336313756206389,23.65476991381529
2a_y0.65 eq once-through h=0.5,2a_y0.65,0.65,2.52,equilibrium,equilibrium,,1.01325,native,False,0.5,0.5,Q1 + Q2+,3030.936066508513,40.817444608046216,-2251.4157078946055,2251.4157078946055,3071.753511116559,1125.7078539473027,2289.4654790226546,1.6490652983869245,6.027415701828215,4.37835040344129,True,0.2735940874107515,41.30747619563191,0.3336313756206389,23.65476991381529
2a_y0.65 eq once-through h=0.75,2a_y0.65,0.65,2.52,equilibrium,equilibrium,,1.01325,native,False,0.75,0.0,Q1 only,3030.936066508513,40.817444608046216,-2853.7005884747905,2853.7005884747905,3030.936066508513,0.0,3565.8071370688385,2.5683937427136296,3.578310290541819,1.0099165478281895,True,0.7177671957354849,35.84789718347229,0.0514916148401031,3.6508026239067175
2a_y0.65 eq once-through h=0.75,2a_y0.65,0.65,2.52,equilibrium,equilibrium,,1.01325,native,False,0.75,0.0,Q1 + Q2+,3030.936066508513,40.817444608046216,-2853.7005884747905,2853.7005884747905,3071.753511116559,0.0,3613.827660137128,2.602982156003927,3.578310290541819,0.9753281345378921,True,0.7274333259706748,35.84789718347229,0.0514916148401031,3.6508026239067175
2a_y0.65 eq once-through h=0.75,2a_y0.65,0.65,2.52,equilibrium,equilibrium,,1.01325,native,False,0.75,0.25,Q1 only,3030.936066508513,40.817444608046216,-2853.7005884747905,2853.7005884747905,3030.936066508513,713.4251471186976,2726.4834345762533,1.9638423290426057,3.578310290541819,1.6144679614992135,True,0.5488183442988241,35.84789718347229,0.0514916148401031,3.6508026239067175
2a_y0.65 eq once-through h=0.75,2a_y0.65,0.65,2.52,equilibrium,equilibrium,,1.01325,native,False,0.75,0.25,Q1 + Q2+,3030.936066508513,40.817444608046216,-2853.7005884747905,2853.7005884747905,3071.753511116559,713.4251471186976,2774.503957644543,1.9984307423329035,3.578310290541819,1.5798795482089156,True,0.5584844745340142,35.84789718347229,0.0514916148401031,3.6508026239067175
2a_y0.65 eq once-through h=0.75,2a_y0.65,0.65,2.52,equilibrium,equilibrium,,1.01325,native,False,0.75,0.5,Q1 only,3030.936066508513,40.817444608046216,-2853.7005884747905,2853.7005884747905,3030.936066508513,1426.8502942373952,1887.1597320836677,1.3592909153715818,3.578310290541819,2.2190193751702374,True,0.3798694928621635,35.84789718347229,0.0514916148401031,3.6508026239067175
2a_y0.65 eq once-through h=0.75,2a_y0.65,0.65,2.52,equilibrium,equilibrium,,1.01325,native,False,0.75,0.5,Q1 + Q2+,3030.936066508513,40.817444608046216,-2853.7005884747905,2853.7005884747905,3071.753511116559,1426.8502942373952,1935.1802551519572,1.3938793286618798,3.578310290541819,2.184430961879939,True,0.38953562309735357,35.84789718347229,0.0514916148401031,3.6508026239067175
2a_y0.65 eq recycle h=0.35,2a_y0.65,0.65,2.52,equilibrium,equilibrium,,1.01325,native,True,0.35,0.0,Q1 only,3539.796222726071,250.1435734185664,-2463.313763624842,2463.313763624842,3539.796222726071,0.0,4164.466144383613,2.9995982328337405,8.225485692643492,5.225887459809751,True,0.36467126014412105,54.84270644837154,0.9772015695952582,69.28448574476649
2a_y0.65 eq recycle h=0.35,2a_y0.65,0.65,2.52,equilibrium,equilibrium,,1.01325,native,True,0.35,0.0,Q1 + Q2+,3539.796222726071,250.1435734185664,-2463.313763624842,2463.313763624842,3789.9397961446375,0.0,4458.752701346632,3.211568124197488,8.225485692643492,5.013917568446004,True,0.39044115377524413,54.84270644837154,0.9772015695952582,69.28448574476649
2a_y0.65 eq recycle h=0.35,2a_y0.65,0.65,2.52,equilibrium,equilibrium,,1.01325,native,True,0.35,0.25,Q1 only,3539.796222726071,250.1435734185664,-2463.313763624842,2463.313763624842,3539.796222726071,615.8284409062105,3439.9620962586596,2.477749576345704,8.225485692643492,5.747736116297788,True,0.3012283613308929,54.84270644837154,0.9772015695952582,69.28448574476649
2a_y0.65 eq recycle h=0.35,2a_y0.65,0.65,2.52,equilibrium,equilibrium,,1.01325,native,True,0.35,0.25,Q1 + Q2+,3539.796222726071,250.1435734185664,-2463.313763624842,2463.313763624842,3789.9397961446375,615.8284409062105,3734.2486532216785,2.689719467709451,8.225485692643492,5.535766224934041,True,0.32699825496201596,54.84270644837154,0.9772015695952582,69.28448574476649
2a_y0.65 eq recycle h=0.35,2a_y0.65,0.65,2.52,equilibrium,equilibrium,,1.01325,native,True,0.35,0.5,Q1 only,3539.796222726071,250.1435734185664,-2463.313763624842,2463.313763624842,3539.796222726071,1231.656881812421,2715.4580481337057,1.9559009198576673,8.225485692643492,6.269584772785825,True,0.23778546251766483,54.84270644837154,0.9772015695952582,69.28448574476649
2a_y0.65 eq recycle h=0.35,2a_y0.65,0.65,2.52,equilibrium,equilibrium,,1.01325,native,True,0.35,0.5,Q1 + Q2+,3539.796222726071,250.1435734185664,-2463.313763624842,2463.313763624842,3789.9397961446375,1231.656881812421,3009.7446050967255,2.167870811221415,8.225485692643492,6.057614881422077,True,0.26355535614878794,54.84270644837154,0.9772015695952582,69.28448574476649
2a_y0.65 eq recycle h=0.5,2a_y0.65,0.65,2.52,equilibrium,equilibrium,,1.01325,native,True,0.5,0.0,Q1 only,4390.90764935688,32.23520085236514,-3062.684401745035,3062.684401745035,4390.90764935688,0.0,5165.773705125742,3.7208240239896693,8.134841794895328,4.414017770905659,True,0.45739353238860936,55.06018882432427,0.9884407351323168,70.08135286887267
2a_y0.65 eq recycle h=0.5,2a_y0.65,0.65,2.52,equilibrium,equilibrium,,1.01325,native,True,0.5,0.0,Q1 + Q2+,4390.90764935688,32.23520085236514,-3062.684401745035,3062.684401745035,4423.142850209245,0.0,5203.697470834406,3.7481399047432027,8.134841794895328,4.386701890152125,True,0.46075141954145776,55.06018882432427,0.9884407351323168,70.08135286887267
2a_y0.65 eq recycle h=0.5,2a_y0.65,0.65,2.52,equilibrium,equilibrium,,1.01325,native,True,0.5,0.25,Q1 only,4390.90764935688,32.23520085236514,-3062.684401745035,3062.684401745035,4390.90764935688,765.6711004362587,4264.984175200731,3.071999759740999,8.134841794895328,5.062842035154329,True,0.37763484984658224,55.06018882432427,0.9884407351323168,70.08135286887267
2a_y0.65 eq recycle h=0.5,2a_y0.65,0.65,2.52,equilibrium,equilibrium,,1.01325,native,True,0.5,0.25,Q1 + Q2+,4390.90764935688,32.23520085236514,-3062.684401745035,3062.684401745035,4423.142850209245,765.6711004362587,4302.907940909396,3.0993156404945315,8.134841794895328,5.035526154400797,True,0.3809927369994306,55.06018882432427,0.9884407351323168,70.08135286887267
2a_y0.65 eq recycle h=0.5,2a_y0.65,0.65,2.52,equilibrium,equilibrium,,1.01325,native,True,0.5,0.5,Q1 only,4390.90764935688,32.23520085236514,-3062.684401745035,3062.684401745035,4390.90764935688,1531.3422008725174,3364.1946452757206,2.4231754954923272,8.134841794895328,5.711666299403001,True,0.297876167304555,55.06018882432427,0.9884407351323168,70.08135286887267
2a_y0.65 eq recycle h=0.5,2a_y0.65,0.65,2.52,equilibrium,equilibrium,,1.01325,native,True,0.5,0.5,Q1 + Q2+,4390.90764935688,32.23520085236514,-3062.684401745035,3062.684401745035,4423.142850209245,1531.3422008725174,3402.1184109843853,2.450491376245861,8.134841794895328,5.684350418649467,True,0.3012340544574035,55.06018882432427,0.9884407351323168,70.08135286887267
2a_y0.65 eq recycle h=0.75,2a_y0.65,0.65,2.52,equilibrium,equilibrium,,1.01325,native,True,0.75,0.0,Q1 only,4803.323736875364,-635.7715763214592,-2811.835024946532,3447.606601267991,4803.323736875364,0.0,5650.969102206312,4.070302493786992,8.06925005492425,3.9989475611372587,True,0.5044214104262508,55.231469843434425,0.9972922925827032,70.708936394188
2a_y0.65 eq recycle h=0.75,2a_y0.65,0.65,2.52,equilibrium,equilibrium,,1.01325,native,True,0.75,0.0,Q1 + Q2+,4803.323736875364,-635.7715763214592,-2811.835024946532,3447.606601267991,4803.323736875364,0.0,5650.969102206312,4.070302493786992,8.06925005492425,3.9989475611372587,True,0.5044214104262508,55.231469843434425,0.9972922925827032,70.708936394188
2a_y0.65 eq recycle h=0.75,2a_y0.65,0.65,2.52,equilibrium,equilibrium,,1.01325,native,True,0.75,0.25,Q1 only,4803.323736875364,-635.7715763214592,-2811.835024946532,3447.606601267991,4803.323736875364,861.9016503169978,4636.967160656902,3.3399331435489956,8.06925005492425,4.729316911375255,True,0.41390874254922927,55.231469843434425,0.9972922925827032,70.708936394188
2a_y0.65 eq recycle h=0.75,2a_y0.65,0.65,2.52,equilibrium,equilibrium,,1.01325,native,True,0.75,0.25,Q1 + Q2+,4803.323736875364,-635.7715763214592,-2811.835024946532,3447.606601267991,4803.323736875364,861.9016503169978,4636.967160656902,3.3399331435489956,8.06925005492425,4.729316911375255,True,0.41390874254922927,55.231469843434425,0.9972922925827032,70.708936394188
2a_y0.65 eq recycle h=0.75,2a_y0.65,0.65,2.52,equilibrium,equilibrium,,1.01325,native,True,0.75,0.5,Q1 only,4803.323736875364,-635.7715763214592,-2811.835024946532,3447.606601267991,4803.323736875364,1723.8033006339956,3622.965219107493,2.609563793311001,8.06925005492425,5.45968626161325,True,0.32339607467220793,55.231469843434425,0.9972922925827032,70.708936394188
2a_y0.65 eq recycle h=0.75,2a_y0.65,0.65,2.52,equilibrium,equilibrium,,1.01325,native,True,0.75,0.5,Q1 + Q2+,4803.323736875364,-635.7715763214592,-2811.835024946532,3447.606601267991,4803.323736875364,1723.8033006339956,3622.965219107493,2.609563793311001,8.06925005492425,5.45968626161325,True,0.32339607467220793,55.231469843434425,0.9972922925827032,70.708936394188
"2a_y0.65 kin once-through phi=0 (1.01,1.01,1.01) bar",2a_y0.65,0.65,2.52,kinetic,kinetic,0.0,1.01325,native,False,0.35,0.0,Q1 only,2727.980709243213,418.85163075637746,-11.214889466916544,11.214889466916544,2727.980709243213,0.0,3209.3890696978974,2.3116715199918185,10.952435289027598,8.640763769035779,True,0.21106461339312402,31.36820759930369,0.0,0.0
"2a_y0.65 kin once-through phi=0 (1.01,1.01,1.01) bar",2a_y0.65,0.65,2.52,kinetic,kinetic,0.0,1.01325,native,False,0.35,0.0,Q1 + Q2+,2727.980709243213,418.85163075637746,-11.214889466916544,11.214889466916544,3146.83233999959,0.0,3702.1556941171652,2.666603423520658,10.952435289027598,8.285831865506939,True,0.24347127859245357,31.36820759930369,0.0,0.0
"2a_y0.65 kin once-through phi=0 (1.01,1.01,1.01) bar",2a_y0.65,0.65,2.52,kinetic,kinetic,0.0,1.01325,native,False,0.35,0.25,Q1 only,2727.980709243213,418.85163075637746,-11.214889466916544,11.214889466916544,2727.980709243213,2.803722366729136,3206.090572795863,2.309295665528049,10.952435289027598,8.643139623499549,True,0.21084768862698097,31.36820759930369,0.0,0.0
"2a_y0.65 kin once-through phi=0 (1.01,1.01,1.01) bar",2a_y0.65,0.65,2.52,kinetic,kinetic,0.0,1.01325,native,False,0.35,0.25,Q1 + Q2+,2727.980709243213,418.85163075637746,-11.214889466916544,11.214889466916544,3146.83233999959,2.803722366729136,3698.857197215131,2.6642275690568886,10.952435289027598,8.288207719970709,True,0.2432543538263105,31.36820759930369,0.0,0.0
"2a_y0.65 kin once-through phi=0 (1.01,1.01,1.01) bar",2a_y0.65,0.65,2.52,kinetic,kinetic,0.0,1.01325,native,False,0.35,0.5,Q1 only,2727.980709243213,418.85163075637746,-11.214889466916544,11.214889466916544,2727.980709243213,5.607444733458272,3202.7920758938294,2.3069198110642803,10.952435289027598,8.645515477963318,True,0.21063076386083796,31.36820759930369,0.0,0.0
"2a_y0.65 kin once-through phi=0 (1.01,1.01,1.01) bar",2a_y0.65,0.65,2.52,kinetic,kinetic,0.0,1.01325,native,False,0.35,0.5,Q1 + Q2+,2727.980709243213,418.85163075637746,-11.214889466916544,11.214889466916544,3146.83233999959,5.607444733458272,3695.558700313097,2.6618517145931198,10.952435289027598,8.290583574434478,True,0.24303742906016748,31.36820759930369,0.0,0.0
"2a_y0.65 kin recycle phi=0 (1.01,1.01,1.01) bar",2a_y0.65,0.65,2.52,kinetic,kinetic,0.0,1.01325,native,True,0.35,0.0,Q1 only,3135.0333296157005,516.8322870600948,-53.63685077145047,53.63685077145047,3135.0333296157005,0.0,3688.274505430236,2.656605025740165,11.970351786688934,9.313746760948769,True,0.22193207627317332,36.25609942958711,0.0172301267384731,1.2216317569840884
"2a_y0.65 kin recycle phi=0 (1.01,1.01,1.01) bar",2a_y0.65,0.65,2.52,kinetic,kinetic,0.0,1.01325,native,True,0.35,0.0,Q1 + Q2+,3135.0333296157005,516.8322870600948,-53.63685077145047,53.63685077145047,3651.8656166757955,0.0,4296.312490206818,3.0945650430382705,11.970351786688934,8.875786743650663,True,0.2585191394691872,36.25609942958711,0.0172301267384731,1.2216317569840884
"2a_y0.65 kin recycle phi=0 (1.01,1.01,1.01) bar",2a_y0.65,0.65,2.52,kinetic,kinetic,0.0,1.01325,native,True,0.35,0.25,Q1 only,3135.0333296157005,516.8322870600948,-53.63685077145047,53.63685077145047,3135.0333296157005,13.409212692862617,3672.498961085692,2.645242153934446,11.970351786688934,9.325109632754486,True,0.22098282498898347,36.25609942958711,0.0172301267384731,1.2216317569840884
"2a_y0.65 kin recycle phi=0 (1.01,1.01,1.01) bar",2a_y0.65,0.65,2.52,kinetic,kinetic,0.0,1.01325,native,True,0.35,0.25,Q1 + Q2+,3135.0333296157005,516.8322870600948,-53.63685077145047,53.63685077145047,3651.8656166757955,13.409212692862617,4280.5369458622745,3.083202171232553,11.970351786688934,8.88714961545638,True,0.25756988818499743,36.25609942958711,0.0172301267384731,1.2216317569840884
"2a_y0.65 kin recycle phi=0 (1.01,1.01,1.01) bar",2a_y0.65,0.65,2.52,kinetic,kinetic,0.0,1.01325,native,True,0.35,0.5,Q1 only,3135.0333296157005,516.8322870600948,-53.63685077145047,53.63685077145047,3135.0333296157005,26.818425385725234,3656.7234167411475,2.633879282128728,11.970351786688934,9.336472504560206,True,0.22003357370479365,36.25609942958711,0.0172301267384731,1.2216317569840884
"2a_y0.65 kin recycle phi=0 (1.01,1.01,1.01) bar",2a_y0.65,0.65,2.52,kinetic,kinetic,0.0,1.01325,native,True,0.35,0.5,Q1 + Q2+,3135.0333296157005,516.8322870600948,-53.63685077145047,53.63685077145047,3651.8656166757955,26.818425385725234,4264.76140151773,3.071839299426834,11.970351786688934,8.8985124872621,True,0.2566206369008076,36.25609942958711,0.0172301267384731,1.2216317569840884
"2a_y0.65 kin once-through phi=0 (1.01,5,5) bar n=1",2a_y0.65,0.65,2.52,kinetic,kinetic,0.0,5.0,1.0,False,0.35,0.0,Q1 only,2727.980709243213,472.9352624897095,-55.03032803877301,55.03032803877301,2727.980709243213,0.0,3209.3890696978974,2.3116715199918185,10.581429834774491,8.269758314782672,True,0.2184649481296763,31.36820759930369,0.0,0.0
"2a_y0.65 kin once-through phi=0 (1.01,5,5) bar n=1",2a_y0.65,0.65,2.52,kinetic,kinetic,0.0,5.0,1.0,False,0.35,0.0,Q1 + Q2+,2727.980709243213,472.9352624897095,-55.03032803877301,55.03032803877301,3200.9159717329226,0.0,3765.7834961563794,2.712433509764323,10.581429834774491,7.868996325010168,True,0.2563390347162974,31.36820759930369,0.0,0.0
"2a_y0.65 kin once-through phi=0 (1.01,5,5) bar n=1",2a_y0.65,0.65,2.52,kinetic,kinetic,0.0,5.0,1.0,False,0.35,0.25,Q1 only,2727.980709243213,472.9352624897095,-55.03032803877301,55.03032803877301,2727.980709243213,13.757582009693252,3193.203679098259,2.3000134424958887,10.581429834774491,8.281416392278603,True,0.21736319934166118,31.36820759930369,0.0,0.0
"2a_y0.65 kin once-through phi=0 (1.01,5,5) bar n=1",2a_y0.65,0.65,2.52,kinetic,kinetic,0.0,5.0,1.0,False,0.35,0.25,Q1 + Q2+,2727.980709243213,472.9352624897095,-55.03032803877301,55.03032803877301,3200.9159717329226,13.757582009693252,3749.598105556741,2.700775432268393,10.581429834774491,7.8806544025060985,True,0.2552372859282822,31.36820759930369,0.0,0.0
"2a_y0.65 kin once-through phi=0 (1.01,5,5) bar n=1",2a_y0.65,0.65,2.52,kinetic,kinetic,0.0,5.0,1.0,False,0.35,0.5,Q1 only,2727.980709243213,472.9352624897095,-55.03032803877301,55.03032803877301,2727.980709243213,27.515164019386503,3177.0182884986193,2.2883553649999584,10.581429834774491,8.293074469774533,True,0.216261450553646,31.36820759930369,0.0,0.0
"2a_y0.65 kin once-through phi=0 (1.01,5,5) bar n=1",2a_y0.65,0.65,2.52,kinetic,kinetic,0.0,5.0,1.0,False,0.35,0.5,Q1 + Q2+,2727.980709243213,472.9352624897095,-55.03032803877301,55.03032803877301,3200.9159717329226,27.515164019386503,3733.4127149571013,2.6891173547724625,10.581429834774491,7.892312480002029,True,0.25413553714026704,31.36820759930369,0.0,0.0
"2a_y0.65 kin recycle phi=0 (1.01,5,5) bar n=1",2a_y0.65,0.65,2.52,kinetic,kinetic,0.0,5.0,1.0,True,0.35,0.0,Q1 only,3178.6623080899517,529.1788266140069,-254.9324702445927,254.9324702445927,3178.6623080899517,0.0,3739.6027153999435,2.6935759129035284,11.70163185731173,9.008055944408202,True,0.23018805802033973,37.489284960569066,0.080959391832109,5.740094985336525
"2a_y0.65 kin recycle phi=0 (1.01,5,5) bar n=1",2a_y0.65,0.65,2.52,kinetic,kinetic,0.0,5.0,1.0,True,0.35,0.0,Q1 + Q2+,3178.6623080899517,529.1788266140069,-254.9324702445927,254.9324702445927,3707.8411347039587,0.0,4362.166040828187,3.141998300320501,11.70163185731173,8.55963355699123,True,0.2685094129292089,37.489284960569066,0.080959391832109,5.740094985336525
"2a_y0.65 kin recycle phi=0 (1.01,5,5) bar n=1",2a_y0.65,0.65,2.52,kinetic,kinetic,0.0,5.0,1.0,True,0.35,0.25,Q1 only,3178.6623080899517,529.1788266140069,-254.9324702445927,254.9324702445927,3178.6623080899517,63.73311756114818,3664.6225770927103,2.6395689207546473,11.70163185731173,9.062062936557084,True,0.22557271950965715,37.489284960569066,0.080959391832109,5.740094985336525
"2a_y0.65 kin recycle phi=0 (1.01,5,5) bar n=1",2a_y0.65,0.65,2.52,kinetic,kinetic,0.0,5.0,1.0,True,0.35,0.25,Q1 + Q2+,3178.6623080899517,529.1788266140069,-254.9324702445927,254.9324702445927,3707.8411347039587,63.73311756114818,4287.185902520954,3.0879913081716204,11.70163185731173,8.61364054914011,True,0.26389407441852636,37.489284960569066,0.080959391832109,5.740094985336525
"2a_y0.65 kin recycle phi=0 (1.01,5,5) bar n=1",2a_y0.65,0.65,2.52,kinetic,kinetic,0.0,5.0,1.0,True,0.35,0.5,Q1 only,3178.6623080899517,529.1788266140069,-254.9324702445927,254.9324702445927,3178.6623080899517,127.46623512229635,3589.6424387854768,2.5855619286057663,11.70163185731173,9.116069928705963,True,0.22095738099897455,37.489284960569066,0.080959391832109,5.740094985336525
"2a_y0.65 kin recycle phi=0 (1.01,5,5) bar n=1",2a_y0.65,0.65,2.52,kinetic,kinetic,0.0,5.0,1.0,True,0.35,0.5,Q1 + Q2+,3178.6623080899517,529.1788266140069,-254.9324702445927,254.9324702445927,3707.8411347039587,127.46623512229635,4212.205764213721,3.0339843160227393,11.70163185731173,8.667647541288991,True,0.2592787359078438,37.489284960569066,0.080959391832109,5.740094985336525
"2a_y0.65 kin once-through phi=0.1 (1.01,1.01,1.01) bar",2a_y0.65,0.65,2.52,kinetic,kinetic,0.1,1.01325,native,False,0.35,0.0,Q1 only,2727.980709243213,296.3392468691247,-10.5583254410115,10.5583254410115,2727.980709243213,0.0,3209.3890696978974,2.3116715199918185,10.645321283182133,8.333649763190314,True,0.21715375783386467,31.36820759930369,0.0,0.0
"2a_y0.65 kin once-through phi=0.1 (1.01,1.01,1.01) bar",2a_y0.65,0.65,2.52,kinetic,kinetic,0.1,1.01325,native,False,0.35,0.0,Q1 + Q2+,2727.980709243213,296.3392468691247,-10.5583254410115,10.5583254410115,3024.3199561123374,0.0,3558.0234777792207,2.5627872976518526,10.645321283182133,8.08253398553028,True,0.24074306725722197,31.36820759930369,0.0,0.0
"2a_y0.65 kin once-through phi=0.1 (1.01,1.01,1.01) bar",2a_y0.65,0.65,2.52,kinetic,kinetic,0.1,1.01325,native,False,0.35,0.25,Q1 only,2727.980709243213,296.3392468691247,-10.5583254410115,10.5583254410115,2727.980709243213,2.639581360252875,3206.2836798623057,2.3094347574536807,10.645321283182133,8.335886525728451,True,0.2169436408746263,31.36820759930369,0.0,0.0
"2a_y0.65 kin once-through phi=0.1 (1.01,1.01,1.01) bar",2a_y0.65,0.65,2.52,kinetic,kinetic,0.1,1.01325,native,False,0.35,0.25,Q1 + Q2+,2727.980709243213,296.3392468691247,-10.5583254410115,10.5583254410115,3024.3199561123374,2.639581360252875,3554.918087943629,2.5605505351137148,10.645321283182133,8.084770748068419,True,0.24053295029798358,31.36820759930369,0.0,0.0
"2a_y0.65 kin once-through phi=0.1 (1.01,1.01,1.01) bar",2a_y0.65,0.65,2.52,kinetic,kinetic,0.1,1.01325,native,False,0.35,0.5,Q1 only,2727.980709243213,296.3392468691247,-10.5583254410115,10.5583254410115,2727.980709243213,5.27916272050575,3203.1782900267144,2.3071979949155432,10.645321283182133,8.33812328826659,True,0.21673352391538797,31.36820759930369,0.0,0.0
"2a_y0.65 kin once-through phi=0.1 (1.01,1.01,1.01) bar",2a_y0.65,0.65,2.52,kinetic,kinetic,0.1,1.01325,native,False,0.35,0.5,Q1 + Q2+,2727.980709243213,296.3392468691247,-10.5583254410115,10.5583254410115,3024.3199561123374,5.27916272050575,3551.8126981080377,2.558313772575577,10.645321283182133,8.087007510606556,True,0.2403228333387452,31.36820759930369,0.0,0.0
"2a_y0.65 kin recycle phi=0.1 (1.01,1.01,1.01) bar",2a_y0.65,0.65,2.52,kinetic,kinetic,0.1,1.01325,native,True,0.35,0.0,Q1 only,3139.3669361326924,506.1578360368743,-53.56987576782227,53.56987576782227,3139.3669361326924,0.0,3693.372866038462,2.6602772931906773,11.961327933416191,9.301050640225514,True,0.22240651773777548,36.30540569160832,0.0197782038115395,1.402292753792102
"2a_y0.65 kin recycle phi=0.1 (1.01,1.01,1.01) bar",2a_y0.65,0.65,2.52,kinetic,kinetic,0.1,1.01325,native,True,0.35,0.0,Q1 + Q2+,3139.3669361326924,506.1578360368743,-53.56987576782227,53.56987576782227,3645.524772169567,0.0,4288.852673140667,3.0891918563408436,11.961327933416191,8.872136077075348,True,0.2582649579994051,36.30540569160832,0.0197782038115395,1.402292753792102
"2a_y0.65 kin recycle phi=0.1 (1.01,1.01,1.01) bar",2a_y0.65,0.65,2.52,kinetic,kinetic,0.1,1.01325,native,True,0.35,0.25,Q1 only,3139.3669361326924,506.1578360368743,-53.56987576782227,53.56987576782227,3139.3669361326924,13.392468941955567,3677.6170202243966,2.6489286099208167,11.961327933416191,9.312399323495374,True,0.22145773652108833,36.30540569160832,0.0197782038115395,1.402292753792102
"2a_y0.65 kin recycle phi=0.1 (1.01,1.01,1.01) bar",2a_y0.65,0.65,2.52,kinetic,kinetic,0.1,1.01325,native,True,0.35,0.25,Q1 + Q2+,3139.3669361326924,506.1578360368743,-53.56987576782227,53.56987576782227,3645.524772169567,13.392468941955567,4273.096827326602,3.0778431730709817,11.961327933416191,8.88348476034521,True,0.25731617678271784,36.30540569160832,0.0197782038115395,1.402292753792102
"2a_y0.65 kin recycle phi=0.1 (1.01,1.01,1.01) bar",2a_y0.65,0.65,2.52,kinetic,kinetic,0.1,1.01325,native,True,0.35,0.5,Q1 only,3139.3669361326924,506.1578360368743,-53.56987576782227,53.56987576782227,3139.3669361326924,26.784937883911134,3661.8611744103314,2.6375799266509548,11.961327933416191,9.323748006765236,True,0.22050895530440107,36.30540569160832,0.0197782038115395,1.402292753792102
"2a_y0.65 kin recycle phi=0.1 (1.01,1.01,1.01) bar",2a_y0.65,0.65,2.52,kinetic,kinetic,0.1,1.01325,native,True,0.35,0.5,Q1 + Q2+,3139.3669361326924,506.1578360368743,-53.56987576782227,53.56987576782227,3645.524772169567,26.784937883911134,4257.340981512536,3.0664944898011197,11.961327933416191,8.894833443615072,True,0.25636739556603055,36.30540569160832,0.0197782038115395,1.402292753792102
"2a_y0.65 kin once-through phi=0.1 (1.01,5,5) bar n=1",2a_y0.65,0.65,2.52,kinetic,kinetic,0.1,5.0,1.0,False,0.35,0.0,Q1 only,2727.980709243213,397.60216608821656,-52.988384864859405,52.988384864859405,2727.980709243213,0.0,3209.3890696978974,2.3116715199918185,10.416644594434954,8.104973074443135,True,0.22192093615508574,31.36820759930369,0.0,0.0
"2a_y0.65 kin once-through phi=0.1 (1.01,5,5) bar n=1",2a_y0.65,0.65,2.52,kinetic,kinetic,0.1,5.0,1.0,False,0.35,0.0,Q1 + Q2+,2727.980709243213,397.60216608821656,-52.988384864859405,52.988384864859405,3125.5828753314295,0.0,3677.1563239193288,2.648596777754425,10.416644594434954,7.76804781668053,True,0.25426582943699794,31.36820759930369,0.0,0.0
"2a_y0.65 kin once-through phi=0.1 (1.01,5,5) bar n=1",2a_y0.65,0.65,2.52,kinetic,kinetic,0.1,5.0,1.0,False,0.35,0.25,Q1 only,2727.980709243213,397.60216608821656,-52.988384864859405,52.988384864859405,2727.980709243213,13.247096216214851,3193.804250619998,2.300446024539503,10.416644594434954,8.116198569895452,True,0.22084328630819428,31.36820759930369,0.0,0.0
"2a_y0.65 kin once-through phi=0.1 (1.01,5,5) bar n=1",2a_y0.65,0.65,2.52,kinetic,kinetic,0.1,5.0,1.0,False,0.35,0.25,Q1 + Q2+,2727.980709243213,397.60216608821656,-52.988384864859405,52.988384864859405,3125.5828753314295,13.247096216214851,3661.5715048414295,2.637371282302109,10.416644594434954,7.779273312132846,True,0.2531881795901065,31.36820759930369,0.0,0.0
"2a_y0.65 kin once-through phi=0.1 (1.01,5,5) bar n=1",2a_y0.65,0.65,2.52,kinetic,kinetic,0.1,5.0,1.0,False,0.35,0.5,Q1 only,2727.980709243213,397.60216608821656,-52.988384864859405,52.988384864859405,2727.980709243213,26.494192432429703,3178.219431542098,2.2892205290871868,10.416644594434954,8.127424065347768,True,0.21976563646130276,31.36820759930369,0.0,0.0
"2a_y0.65 kin once-through phi=0.1 (1.01,5,5) bar n=1",2a_y0.65,0.65,2.52,kinetic,kinetic,0.1,5.0,1.0,False,0.35,0.5,Q1 + Q2+,2727.980709243213,397.60216608821656,-52.988384864859405,52.988384864859405,3125.5828753314295,26.494192432429703,3645.9866857635293,2.626145786849793,10.416644594434954,7.790498807585161,True,0.25211052974321496,31.36820759930369,0.0,0.0
"2a_y0.65 kin recycle phi=0.1 (1.01,5,5) bar n=1",2a_y0.65,0.65,2.52,kinetic,kinetic,0.1,5.0,1.0,True,0.35,0.0,Q1 only,3183.157735938739,518.0792302880747,-254.6040738408633,254.6040738408633,3183.157735938739,0.0,3744.8914540455753,2.6973853066037874,11.693394467743229,8.99600916113944,True,0.23067598669014802,37.537644095144856,0.0834585227292202,5.917285653467486
"2a_y0.65 kin recycle phi=0.1 (1.01,5,5) bar n=1",2a_y0.65,0.65,2.52,kinetic,kinetic,0.1,5.0,1.0,True,0.35,0.0,Q1 + Q2+,3183.157735938739,518.0792302880747,-254.6040738408633,254.6040738408633,3701.2369662268134,0.0,4354.396430855075,3.1364019747562786,11.693394467743229,8.55699249298695,True,0.26821997525254015,37.537644095144856,0.0834585227292202,5.917285653467486
"2a_y0.65 kin recycle phi=0.1 (1.01,5,5) bar n=1",2a_y0.65,0.65,2.52,kinetic,kinetic,0.1,5.0,1.0,True,0.35,0.25,Q1 only,3183.157735938739,518.0792302880747,-254.6040738408633,254.6040738408633,3183.157735938739,63.65101846021582,3670.0079029159097,2.6434478846512057,11.693394467743229,9.049946583092023,True,0.2260633464425817,37.537644095144856,0.0834585227292202,5.917285653467486
"2a_y0.65 kin recycle phi=0.1 (1.01,5,5) bar n=1",2a_y0.65,0.65,2.52,kinetic,kinetic,0.1,5.0,1.0,True,0.35,0.25,Q1 + Q2+,3183.157735938739,518.0792302880747,-254.6040738408633,254.6040738408633,3701.2369662268134,63.65101846021582,4279.512879725409,3.082464552803697,11.693394467743229,8.610929914939533,True,0.26360733500497385,37.537644095144856,0.0834585227292202,5.917285653467486
"2a_y0.65 kin recycle phi=0.1 (1.01,5,5) bar n=1",2a_y0.65,0.65,2.52,kinetic,kinetic,0.1,5.0,1.0,True,0.35,0.5,Q1 only,3183.157735938739,518.0792302880747,-254.6040738408633,254.6040738408633,3183.157735938739,127.30203692043165,3595.1243517862436,2.589510462698623,11.693394467743229,9.103884005044605,True,0.2214507061950153,37.537644095144856,0.0834585227292202,5.917285653467486
"2a_y0.65 kin recycle phi=0.1 (1.01,5,5) bar n=1",2a_y0.65,0.65,2.52,kinetic,kinetic,0.1,5.0,1.0,True,0.35,0.5,Q1 + Q2+,3183.157735938739,518.0792302880747,-254.6040738408633,254.6040738408633,3701.2369662268134,127.30203692043165,4204.629328595743,3.028527130851114,11.693394467743229,8.664867336892115,True,0.2589946947574074,37.537644095144856,0.0834585227292202,5.917285653467486
"2a_y0.65 kin once-through phi=1 (1.01,1.01,1.01) bar",2a_y0.65,0.65,2.52,kinetic,kinetic,1.0,1.01325,native,False,0.35,0.0,Q1 only,2727.980709243213,-15.473331161094949,-8.715677076663265,24.189008237758216,2727.980709243213,0.0,3209.3890696978974,2.3116715199918185,9.999109086696718,7.687437566704899,True,0.2311877488232801,31.36820759930369,0.0,0.0
"2a_y0.65 kin once-through phi=1 (1.01,1.01,1.01) bar",2a_y0.65,0.65,2.52,kinetic,kinetic,1.0,1.01325,native,False,0.35,0.0,Q1 + Q2+,2727.980709243213,-15.473331161094949,-8.715677076663265,24.189008237758216,2727.980709243213,0.0,3209.3890696978974,2.3116715199918185,9.999109086696718,7.687437566704899,True,0.2311877488232801,31.36820759930369,0.0,0.0
"2a_y0.65 kin once-through phi=1 (1.01,1.01,1.01) bar",2a_y0.65,0.65,2.52,kinetic,kinetic,1.0,1.01325,native,False,0.35,0.25,Q1 only,2727.980709243213,-15.473331161094949,-8.715677076663265,24.189008237758216,2727.980709243213,6.047252059439554,3202.2746555103217,2.3065471214531295,9.999109086696718,7.692561965243589,True,0.23067526331139515,31.36820759930369,0.0,0.0
"2a_y0.65 kin once-through phi=1 (1.01,1.01,1.01) bar",2a_y0.65,0.65,2.52,kinetic,kinetic,1.0,1.01325,native,False,0.35,0.25,Q1 + Q2+,2727.980709243213,-15.473331161094949,-8.715677076663265,24.189008237758216,2727.980709243213,6.047252059439554,3202.2746555103217,2.3065471214531295,9.999109086696718,7.692561965243589,True,0.23067526331139515,31.36820759930369,0.0,0.0
"2a_y0.65 kin once-through phi=1 (1.01,1.01,1.01) bar",2a_y0.65,0.65,2.52,kinetic,kinetic,1.0,1.01325,native,False,0.35,0.5,Q1 only,2727.980709243213,-15.473331161094949,-8.715677076663265,24.189008237758216,2727.980709243213,12.094504118879108,3195.1602413227456,2.3014227229144404,9.999109086696718,7.697686363782278,True,0.23016277779951022,31.36820759930369,0.0,0.0
"2a_y0.65 kin once-through phi=1 (1.01,1.01,1.01) bar",2a_y0.65,0.65,2.52,kinetic,kinetic,1.0,1.01325,native,False,0.35,0.5,Q1 + Q2+,2727.980709243213,-15.473331161094949,-8.715677076663265,24.189008237758216,2727.980709243213,12.094504118879108,3195.1602413227456,2.3014227229144404,9.999109086696718,7.697686363782278,True,0.23016277779951022,31.36820759930369,0.0,0.0
"2a_y0.65 kin recycle phi=1 (1.01,1.01,1.01) bar",2a_y0.65,0.65,2.52,kinetic,kinetic,1.0,1.01325,native,True,0.35,0.0,Q1 only,3179.250474472247,407.9033685333365,-52.94969599782308,52.94969599782308,3179.250474472247,0.0,3740.2946758497023,2.694074320927588,11.878395838514248,9.18432151758666,True,0.22680455825460719,36.759106112603696,0.0432247924846198,3.0646773520447126
"2a_y0.65 kin recycle phi=1 (1.01,1.01,1.01) bar",2a_y0.65,0.65,2.52,kinetic,kinetic,1.0,1.01325,native,True,0.35,0.0,Q1 + Q2+,3179.250474472247,407.9033685333365,-52.94969599782308,52.94969599782308,3587.1538430055834,0.0,4220.180991771274,3.039728744638241,11.878395838514248,8.838667093876007,True,0.25590397777301643,36.759106112603696,0.0432247924846198,3.0646773520447126
"2a_y0.65 kin recycle phi=1 (1.01,1.01,1.01) bar",2a_y0.65,0.65,2.52,kinetic,kinetic,1.0,1.01325,native,True,0.35,0.25,Q1 only,3179.250474472247,407.9033685333365,-52.94969599782308,52.94969599782308,3179.250474472247,13.23742399945577,3724.721235850343,2.682857021643208,11.878395838514248,9.19553881687104,True,0.22586021362786815,36.759106112603696,0.0432247924846198,3.0646773520447126
"2a_y0.65 kin recycle phi=1 (1.01,1.01,1.01) bar",2a_y0.65,0.65,2.52,kinetic,kinetic,1.0,1.01325,native,True,0.35,0.25,Q1 + Q2+,3179.250474472247,407.9033685333365,-52.94969599782308,52.94969599782308,3587.1538430055834,13.23742399945577,4204.6075517719155,3.0285114453538613,11.878395838514248,8.849884393160387,True,0.25495963314627745,36.759106112603696,0.0432247924846198,3.0646773520447126
"2a_y0.65 kin recycle phi=1 (1.01,1.01,1.01) bar",2a_y0.65,0.65,2.52,kinetic,kinetic,1.0,1.01325,native,True,0.35,0.5,Q1 only,3179.250474472247,407.9033685333365,-52.94969599782308,52.94969599782308,3179.250474472247,26.47484799891154,3709.1477958509827,2.671639722358827,11.878395838514248,9.206756116155422,True,0.22491586900112903,36.759106112603696,0.0432247924846198,3.0646773520447126
"2a_y0.65 kin recycle phi=1 (1.01,1.01,1.01) bar",2a_y0.65,0.65,2.52,kinetic,kinetic,1.0,1.01325,native,True,0.35,0.5,Q1 + Q2+,3179.250474472247,407.9033685333365,-52.94969599782308,52.94969599782308,3587.1538430055834,26.47484799891154,4189.034111772555,3.0172941460694798,11.878395838514248,8.861101692444768,True,0.2540152885195383,36.759106112603696,0.0432247924846198,3.0646773520447126
"2a_y0.65 kin once-through phi=1 (1.01,5,5) bar n=1",2a_y0.65,0.65,2.52,kinetic,kinetic,1.0,5.0,1.0,False,0.35,0.0,Q1 only,2727.980709243213,-148.14250047431733,-39.10340414040318,187.2459046147205,2727.980709243213,0.0,3209.3890696978974,2.3116715199918185,9.208355722865289,6.89668420287347,True,0.25104064064898163,31.36820759930369,0.0,0.0
"2a_y0.65 kin once-through phi=1 (1.01,5,5) bar n=1",2a_y0.65,0.65,2.52,kinetic,kinetic,1.0,5.0,1.0,False,0.35,0.0,Q1 + Q2+,2727.980709243213,-148.14250047431733,-39.10340414040318,187.2459046147205,2727.980709243213,0.0,3209.3890696978974,2.3116715199918185,9.208355722865289,6.89668420287347,True,0.25104064064898163,31.36820759930369,0.0,0.0
"2a_y0.65 kin once-through phi=1 (1.01,5,5) bar n=1",2a_y0.65,0.65,2.52,kinetic,kinetic,1.0,5.0,1.0,False,0.35,0.25,Q1 only,2727.980709243213,-148.14250047431733,-39.10340414040318,187.2459046147205,2727.980709243213,46.811476153680125,3154.3167448112154,2.2720038068490607,9.208355722865289,6.936351916016228,True,0.24673284517098346,31.36820759930369,0.0,0.0
"2a_y0.65 kin once-through phi=1 (1.01,5,5) bar n=1",2a_y0.65,0.65,2.52,kinetic,kinetic,1.0,5.0,1.0,False,0.35,0.25,Q1 + Q2+,2727.980709243213,-148.14250047431733,-39.10340414040318,187.2459046147205,2727.980709243213,46.811476153680125,3154.3167448112154,2.2720038068490607,9.208355722865289,6.936351916016228,True,0.24673284517098346,31.36820759930369,0.0,0.0
"2a_y0.65 kin once-through phi=1 (1.01,5,5) bar n=1",2a_y0.65,0.65,2.52,kinetic,kinetic,1.0,5.0,1.0,False,0.35,0.5,Q1 only,2727.980709243213,-148.14250047431733,-39.10340414040318,187.2459046147205,2727.980709243213,93.62295230736025,3099.2444199245324,2.2323360937063015,9.208355722865289,6.976019629158987,True,0.24242504969298512,31.36820759930369,0.0,0.0
"2a_y0.65 kin once-through phi=1 (1.01,5,5) bar n=1",2a_y0.65,0.65,2.52,kinetic,kinetic,1.0,5.0,1.0,False,0.35,0.5,Q1 + Q2+,2727.980709243213,-148.14250047431733,-39.10340414040318,187.2459046147205,2727.980709243213,93.62295230736025,3099.2444199245324,2.2323360937063015,9.208355722865289,6.976019629158987,True,0.24242504969298512,31.36820759930369,0.0,0.0
"2a_y0.65 kin recycle phi=1 (1.01,5,5) bar n=1",2a_y0.65,0.65,2.52,kinetic,kinetic,1.0,5.0,1.0,True,0.35,0.0,Q1 only,3226.411157932095,411.3885279760516,-251.4449237968275,251.4449237968275,3226.411157932095,0.0,3795.7778328612885,2.7340379498667846,11.613791096459211,8.879753146592426,True,0.2354130470540608,38.00272914377989,0.1074934527351998,7.621384190748256
"2a_y0.65 kin recycle phi=1 (1.01,5,5) bar n=1",2a_y0.65,0.65,2.52,kinetic,kinetic,1.0,5.0,1.0,True,0.35,0.0,Q1 + Q2+,3226.411157932095,411.3885279760516,-251.4449237968275,251.4449237968275,3637.799685908147,0.0,4279.764336362526,3.082645672990097,11.613791096459211,8.531145423469114,True,0.2654297504912007,38.00272914377989,0.1074934527351998,7.621384190748256
"2a_y0.65 kin recycle phi=1 (1.01,5,5) bar n=1",2a_y0.65,0.65,2.52,kinetic,kinetic,1.0,5.0,1.0,True,0.35,0.25,Q1 only,3226.411157932095,411.3885279760516,-251.4449237968275,251.4449237968275,3226.411157932095,62.86123094920688,3721.8234435092804,2.6807697882538593,11.613791096459211,8.933021308205351,True,0.23082641714393906,38.00272914377989,0.1074934527351998,7.621384190748256
"2a_y0.65 kin recycle phi=1 (1.01,5,5) bar n=1",2a_y0.65,0.65,2.52,kinetic,kinetic,1.0,5.0,1.0,True,0.35,0.25,Q1 + Q2+,3226.411157932095,411.3885279760516,-251.4449237968275,251.4449237968275,3637.799685908147,62.86123094920688,4205.809947010518,3.0293775113771715,11.613791096459211,8.58441358508204,True,0.260843120581079,38.00272914377989,0.1074934527351998,7.621384190748256
"2a_y0.65 kin recycle phi=1 (1.01,5,5) bar n=1",2a_y0.65,0.65,2.52,kinetic,kinetic,1.0,5.0,1.0,True,0.35,0.5,Q1 only,3226.411157932095,411.3885279760516,-251.4449237968275,251.4449237968275,3226.411157932095,125.72246189841375,3647.8690541572723,2.627501626640934,11.613791096459211,8.986289469818278,True,0.22623978723381732,38.00272914377989,0.1074934527351998,7.621384190748256
"2a_y0.65 kin recycle phi=1 (1.01,5,5) bar n=1",2a_y0.65,0.65,2.52,kinetic,kinetic,1.0,5.0,1.0,True,0.35,0.5,Q1 + Q2+,3226.411157932095,411.3885279760516,-251.4449237968275,251.4449237968275,3637.799685908147,125.72246189841375,4131.8555576585095,2.9761093497642466,11.613791096459211,8.637681746694964,True,0.2562564906709573,38.00272914377989,0.1074934527351998,7.621384190748256
2b_y0.65 eq once-through h=0.35,2b_y0.65,0.65,0.0,equilibrium,equilibrium,,1.01325,native,False,0.35,0.0,Q1 only,3030.936066508513,166.46656841671978,-1728.757906634722,1728.757906634722,3030.936066508513,0.0,3565.8071370688385,2.5683937427136296,6.0666456734460725,3.498251930732443,True,0.42336307095625875,44.85080943001528,0.5167424448840945,36.63751233137761
2b_y0.65 eq once-through h=0.35,2b_y0.65,0.65,0.0,equilibrium,equilibrium,,1.01325,native,False,0.35,0.0,Q1 + Q2+,3030.936066508513,166.46656841671978,-1728.757906634722,1728.757906634722,3197.4026349252326,0.0,3761.650158735568,2.7094563330522745,6.0666456734460725,3.357189340393798,True,0.44661522674905224,44.85080943001528,0.5167424448840945,36.63751233137761
2b_y0.65 eq once-through h=0.35,2b_y0.65,0.65,0.0,equilibrium,equilibrium,,1.01325,native,False,0.35,0.25,Q1 only,3030.936066508513,166.46656841671978,-1728.757906634722,1728.757906634722,3030.936066508513,432.1894766586805,3057.348929235097,2.2021594430916203,6.0666456734460725,3.8644862303544523,True,0.3629945709093498,44.85080943001528,0.5167424448840945,36.63751233137761
2b_y0.65 eq once-through h=0.35,2b_y0.65,0.65,0.0,equilibrium,equilibrium,,1.01325,native,False,0.35,0.25,Q1 + Q2+,3030.936066508513,166.46656841671978,-1728.757906634722,1728.757906634722,3197.4026349252326,432.1894766586805,3253.1919509018257,2.3432220334302647,6.0666456734460725,3.723423640015808,True,0.3862467267021432,44.85080943001528,0.5167424448840945,36.63751233137761
2b_y0.65 eq once-through h=0.35,2b_y0.65,0.65,0.0,equilibrium,equilibrium,,1.01325,native,False,0.35,0.5,Q1 only,3030.936066508513,166.46656841671978,-1728.757906634722,1728.757906634722,3030.936066508513,864.378953317361,2548.890721401355,1.8359251434696109,6.0666456734460725,4.230720529976462,True,0.30262607086244075,44.85080943001528,0.5167424448840945,36.63751233137761
2b_y0.65 eq once-through h=0.35,2b_y0.65,0.65,0.0,equilibrium,equilibrium,,1.01325,native,False,0.35,0.5,Q1 + Q2+,3030.936066508513,166.46656841671978,-1728.757906634722,1728.757906634722,3197.4026349252326,864.378953317361,2744.733743068084,1.9769877338082555,6.0666456734460725,4.089657939637817,True,0.32587822665523425,44.85080943001528,0.5167424448840945,36.63751233137761
2b_y0.65 eq once-through h=0.5,2b_y0.65,0.65,0.0,equilibrium,equilibrium,,1.01325,native,False,0.5,0.0,Q1 only,3030.936066508513,166.46656841671978,-2028.4410016189604,2028.4410016189604,3030.936066508513,0.0,3565.8071370688385,2.5683937427136296,4.873414664771885,2.3050209220582554,True,0.5270213842625787,43.22870993160377,0.4329163205665254,30.694163388819977
2b_y0.65 eq once-through h=0.5,2b_y0.65,0.65,0.0,equilibrium,equilibrium,,1.01325,native,False,0.5,0.0,Q1 + Q2+,3030.936066508513,166.46656841671978,-2028.4410016189604,2028.4410016189604,3197.4026349252326,0.0,3761.650158735568,2.7094563330522745,4.873414664771885,2.1639583317196105,True,0.5559667131627304,43.22870993160377,0.4329163205665254,30.694163388819977
2b_y0.65 eq once-through h=0.5,2b_y0.65,0.65,0.0,equilibrium,equilibrium,,1.01325,native,False,0.5,0.25,Q1 only,3030.936066508513,166.46656841671978,-2028.4410016189604,2028.4410016189604,3030.936066508513,507.1102504047401,2969.206842475027,2.1386721103778332,4.873414664771885,2.734742554394052,True,0.4388446823204896,43.22870993160377,0.4329163205665254,30.694163388819977
2b_y0.65 eq once-through h=0.5,2b_y0.65,0.65,0.0,equilibrium,equilibrium,,1.01325,native,False,0.5,0.25,Q1 + Q2+,3030.936066508513,166.46656841671978,-2028.4410016189604,2028.4410016189604,3197.4026349252326,507.1102504047401,3165.0498641417557,2.2797347007164777,4.873414664771885,2.5936799640554073,True,0.46779001122064123,43.22870993160377,0.4329163205665254,30.694163388819977
2b_y0.65 eq once-through h=0.5,2b_y0.65,0.65,0.0,equilibrium,equilibrium,,1.01325,native,False,0.5,0.5,Q1 only,3030.936066508513,166.46656841671978,-2028.4410016189604,2028.4410016189604,3030.936066508513,1014.2205008094802,2372.6065478812147,1.7089504780420368,4.873414664771885,3.164464186729848,True,0.3506679803784005,43.22870993160377,0.4329163205665254,30.694163388819977
2b_y0.65 eq once-through h=0.5,2b_y0.65,0.65,0.0,equilibrium,equilibrium,,1.01325,native,False,0.5,0.5,Q1 + Q2+,3030.936066508513,166.46656841671978,-2028.4410016189604,2028.4410016189604,3197.4026349252326,1014.2205008094802,2568.449569547944,1.8500130683806815,4.873414664771885,3.0234015963912038,True,0.37961330927855225,43.22870993160377,0.4329163205665254,30.694163388819977
2b_y0.65 eq once-through h=0.75,2b_y0.65,0.65,0.0,equilibrium,equilibrium,,1.01325,native,False,0.75,0.0,Q1 only,3030.936066508513,166.46656841671978,-2520.956665274142,2520.956665274142,3030.936066508513,0.0,3565.8071370688385,2.5683937427136296,2.887470593396883,0.31907685068325353,True,0.8894960691849386,39.487772930420896,0.2395928490772102,16.987352305741236
2b_y0.65 eq once-through h=0.75,2b_y0.65,0.65,0.0,equilibrium,equilibrium,,1.01325,native,False,0.75,0.0,Q1 + Q2+,3030.936066508513,166.46656841671978,-2520.956665274142,2520.956665274142,3197.4026349252326,0.0,3761.650158735568,2.7094563330522745,2.887470593396883,0.17801426034460865,True,0.9383494118514333,39.487772930420896,0.2395928490772102,16.987352305741236
2b_y0.65 eq once-through h=0.75,2b_y0.65,0.65,0.0,equilibrium,equilibrium,,1.01325,native,False,0.75,0.25,Q1 only,3030.936066508513,166.46656841671978,-2520.956665274142,2520.956665274142,3030.936066508513,630.2391663185355,2824.34929434115,2.0343335396390576,2.887470593396883,0.8531370537578256,True,0.7045382710706063,39.487772930420896,0.2395928490772102,16.987352305741236
2b_y0.65 eq once-through h=0.75,2b_y0.65,0.65,0.0,equilibrium,equilibrium,,1.01325,native,False,0.75,0.25,Q1 + Q2+,3030.936066508513,166.46656841671978,-2520.956665274142,2520.956665274142,3197.4026349252326,630.2391663185355,3020.192316007879,2.1753961299777025,2.887470593396883,0.7120744634191807,True,0.7533916137371011,39.487772930420896,0.2395928490772102,16.987352305741236
2b_y0.65 eq once-through h=0.75,2b_y0.65,0.65,0.0,equilibrium,equilibrium,,1.01325,native,False,0.75,0.5,Q1 only,3030.936066508513,166.46656841671978,-2520.956665274142,2520.956665274142,3030.936066508513,1260.478332637071,2082.891451613461,1.5002733365644854,2.887470593396883,1.3871972568323978,True,0.5195804729562739,39.487772930420896,0.2395928490772102,16.987352305741236
2b_y0.65 eq once-through h=0.75,2b_y0.65,0.65,0.0,equilibrium,equilibrium,,1.01325,native,False,0.75,0.5,Q1 + Q2+,3030.936066508513,166.46656841671978,-2520.956665274142,2520.956665274142,3197.4026349252326,1260.478332637071,2278.7344732801903,1.6413359269031302,2.887470593396883,1.246134666493753,True,0.5684338156227686,39.487772930420896,0.2395928490772102,16.987352305741236
2b_y0.65 eq recycle h=0.35,2b_y0.65,0.65,0.0,equilibrium,equilibrium,,1.01325,native,True,0.35,0.0,Q1 only,3226.425522580808,612.3895291764026,-2488.5916008039194,2488.5916008039194,3226.425522580808,0.0,3795.794732448009,2.7340501223683025,5.866818815716237,3.1327686933479346,True,0.466019184885041,54.38055927219059,0.9533185628548844,67.59115870607687
2b_y0.65 eq recycle h=0.35,2b_y0.65,0.65,0.0,equilibrium,equilibrium,,1.01325,native,True,0.35,0.0,Q1 + Q2+,3226.425522580808,612.3895291764026,-2488.5916008039194,2488.5916008039194,3838.8150517572103,0.0,4516.253002067307,3.2529846694278417,5.866818815716237,2.6138341462883954,True,0.5544716432547114,54.38055927219059,0.9533185628548844,67.59115870607687
2b_y0.65 eq recycle h=0.35,2b_y0.65,0.65,0.0,equilibrium,equilibrium,,1.01325,native,True,0.35,0.25,Q1 only,3226.425522580808,612.3895291764026,-2488.5916008039194,2488.5916008039194,3226.425522580808,622.1479002009798,3063.8560263292097,2.2068464008594733,5.866818815716237,3.659972414856764,True,0.3761572446975347,54.38055927219059,0.9533185628548844,67.59115870607687
2b_y0.65 eq recycle h=0.35,2b_y0.65,0.65,0.0,equilibrium,equilibrium,,1.01325,native,True,0.35,0.25,Q1 + Q2+,3226.425522580808,612.3895291764026,-2488.5916008039194,2488.5916008039194,3838.8150517572103,622.1479002009798,3784.3142959485062,2.7257809479190125,5.866818815716237,3.1410378677972246,True,0.46460970306720506,54.38055927219059,0.9533185628548844,67.59115870607687
2b_y0.65 eq recycle h=0.35,2b_y0.65,0.65,0.0,equilibrium,equilibrium,,1.01325,native,True,0.35,0.5,Q1 only,3226.425522580808,612.3895291764026,-2488.5916008039194,2488.5916008039194,3226.425522580808,1244.2958004019597,2331.91732021041,1.6796426793506436,5.866818815716237,4.1871761363655935,True,0.28629530451002827,54.38055927219059,0.9533185628548844,67.59115870607687
2b_y0.65 eq recycle h=0.35,2b_y0.65,0.65,0.0,equilibrium,equilibrium,,1.01325,native,True,0.35,0.5,Q1 + Q2+,3226.425522580808,612.3895291764026,-2488.5916008039194,2488.5916008039194,3838.8150517572103,1244.2958004019597,3052.3755898297068,2.1985772264101833,5.866818815716237,3.668241589306054,True,0.37474776287969874,54.38055927219059,0.9533185628548844,67.59115870607687
2b_y0.65 eq recycle h=0.5,2b_y0.65,0.65,0.0,equilibrium,equilibrium,,1.01325,native,True,0.5,0.0,Q1 only,3714.024341485701,331.28949516084316,-2706.078878466264,2706.078878466264,3714.024341485701,0.0,4369.440401747884,3.147237905927367,5.68653095389656,2.5392930479691933,True,0.5534548095215761,54.88833925476042,0.9795597875202148,69.45168555419004
2b_y0.65 eq recycle h=0.5,2b_y0.65,0.65,0.0,equilibrium,equilibrium,,1.01325,native,True,0.5,0.0,Q1 + Q2+,3714.024341485701,331.28949516084316,-2706.078878466264,2706.078878466264,4045.313836646544,0.0,4759.192748995934,3.4279702762996793,5.68653095389656,2.258560677596881,True,0.602822758566142,54.88833925476042,0.9795597875202148,69.45168555419004
2b_y0.65 eq recycle h=0.5,2b_y0.65,0.65,0.0,equilibrium,equilibrium,,1.01325,native,True,0.5,0.25,Q1 only,3714.024341485701,331.28949516084316,-2706.078878466264,2706.078878466264,3714.024341485701,676.519719616566,3573.534849257806,2.5739598899752987,5.68653095389656,3.1125710639212616,True,0.4526414981020289,54.88833925476042,0.9795597875202148,69.45168555419004
2b_y0.65 eq recycle h=0.5,2b_y0.65,0.65,0.0,equilibrium,equilibrium,,1.01325,native,True,0.5,0.25,Q1 + Q2+,3714.024341485701,331.28949516084316,-2706.078878466264,2706.078878466264,4045.313836646544,676.519719616566,3963.2871965058566,2.854692260347611,5.68653095389656,2.8318386935489492,True,0.5020094471465949,54.88833925476042,0.9795597875202148,69.45168555419004
2b_y0.65 eq recycle h=0.5,2b_y0.65,0.65,0.0,equilibrium,equilibrium,,1.01325,native,True,0.5,0.5,Q1 only,3714.024341485701,331.28949516084316,-2706.078878466264,2706.078878466264,3714.024341485701,1353.039439233132,2777.6292967677277,2.00068187402323,5.68653095389656,3.6858490798733303,True,0.3518281866824817,54.88833925476042,0.9795597875202148,69.45168555419004
2b_y0.65 eq recycle h=0.5,2b_y0.65,0.65,0.0,equilibrium,equilibrium,,1.01325,native,True,0.5,0.5,Q1 + Q2+,3714.024341485701,331.28949516084316,-2706.078878466264,2706.078878466264,4045.313836646544,1353.039439233132,3167.381644015779,2.281414244395542,5.68653095389656,3.4051167095010184,True,0.4011961357270476,54.88833925476042,0.9795597875202148,69.45168555419004
2b_y0.65 eq recycle h=0.75,2b_y0.65,0.65,0.0,equilibrium,equilibrium,,1.01325,native,True,0.75,0.0,Q1 only,4803.302324386958,-249.78963048635907,-3184.783553807359,3434.573184293718,4803.302324386958,0.0,5650.9439110434805,4.070284348996066,5.549328333340597,1.479043984344531,True,0.7334733330773793,55.23122362992218,0.9972796164653857,70.70803764586736
2b_y0.65 eq recycle h=0.75,2b_y0.65,0.65,0.0,equilibrium,equilibrium,,1.01325,native,True,0.75,0.0,Q1 + Q2+,4803.302324386958,-249.78963048635907,-3184.783553807359,3434.573184293718,4803.302324386958,0.0,5650.9439110434805,4.070284348996066,5.549328333340597,1.479043984344531,True,0.7334733330773793,55.23122362992218,0.9972796164653857,70.70803764586736
2b_y0.65 eq recycle h=0.75,2b_y0.65,0.65,0.0,equilibrium,equilibrium,,1.01325,native,True,0.75,0.25,Q1 only,4803.302324386958,-249.78963048635907,-3184.783553807359,3434.573184293718,4803.302324386958,858.6432960734295,4640.775327427681,3.3426761050523264,5.549328333340597,2.2066522282882706,True,0.6023568807362485,55.23122362992218,0.9972796164653857,70.70803764586736
2b_y0.65 eq recycle h=0.75,2b_y0.65,0.65,0.0,equilibrium,equilibrium,,1.01325,native,True,0.75,0.25,Q1 + Q2+,4803.302324386958,-249.78963048635907,-3184.783553807359,3434.573184293718,4803.302324386958,858.6432960734295,4640.775327427681,3.3426761050523264,5.549328333340597,2.2066522282882706,True,0.6023568807362485,55.23122362992218,0.9972796164653857,70.70803764586736
2b_y0.65 eq recycle h=0.75,2b_y0.65,0.65,0.0,equilibrium,equilibrium,,1.01325,native,True,0.75,0.5,Q1 only,4803.302324386958,-249.78963048635907,-3184.783553807359,3434.573184293718,4803.302324386958,1717.286592146859,3630.6067438118816,2.6150678611085874,5.549328333340597,2.9342604722320096,True,0.4712404283951177,55.23122362992218,0.9972796164653857,70.70803764586736
2b_y0.65 eq recycle h=0.75,2b_y0.65,0.65,0.0,equilibrium,equilibrium,,1.01325,native,True,0.75,0.5,Q1 + Q2+,4803.302324386958,-249.78963048635907,-3184.783553807359,3434.573184293718,4803.302324386958,1717.286592146859,3630.6067438118816,2.6150678611085874,5.549328333340597,2.9342604722320096,True,0.4712404283951177,55.23122362992218,0.9972796164653857,70.70803764586736
"2b_y0.65 kin once-through phi=0 (1.01,1.01,1.01) bar",2b_y0.65,0.65,0.0,kinetic,kinetic,0.0,1.01325,native,False,0.35,0.0,Q1 only,2727.980709243213,396.17222895758664,-9.390244810432153,9.390244810432153,2727.980709243213,0.0,3209.3890696978974,2.3116715199918185,8.549566709225791,6.2378951892339725,True,0.270384640369822,31.36820759930369,1.8170366857344992e-22,1.2882956420406932e-20
"2b_y0.65 kin once-through phi=0 (1.01,1.01,1.01) bar",2b_y0.65,0.65,0.0,kinetic,kinetic,0.0,1.01325,native,False,0.35,0.0,Q1 + Q2+,2727.980709243213,396.17222895758664,-9.390244810432153,9.390244810432153,3124.1529382007993,0.0,3675.474044942117,2.6473850591637995,8.549566709225791,5.902181650061992,True,0.30965137172472385,31.36820759930369,1.8170366857344992e-22,1.2882956420406932e-20
"2b_y0.65 kin once-through phi=0 (1.01,1.01,1.01) bar",2b_y0.65,0.65,0.0,kinetic,kinetic,0.0,1.01325,native,False,0.35,0.25,Q1 only,2727.980709243213,396.17222895758664,-9.390244810432153,9.390244810432153,2727.980709243213,2.347561202608038,3206.6272329889466,2.3096822132657406,8.549566709225791,6.239884495960051,True,0.2701519611249275,31.36820759930369,1.8170366857344992e-22,1.2882956420406932e-20
"2b_y0.65 kin once-through phi=0 (1.01,1.01,1.01) bar",2b_y0.65,0.65,0.0,kinetic,kinetic,0.0,1.01325,native,False,0.35,0.25,Q1 + Q2+,2727.980709243213,396.17222895758664,-9.390244810432153,9.390244810432153,3124.1529382007993,2.347561202608038,3672.712208233166,2.6453957524377225,8.549566709225791,5.904170956788069,True,0.30941869247982945,31.36820759930369,1.8170366857344992e-22,1.2882956420406932e-20
"2b_y0.65 kin once-through phi=0 (1.01,1.01,1.01) bar",2b_y0.65,0.65,0.0,kinetic,kinetic,0.0,1.01325,native,False,0.35,0.5,Q1 only,2727.980709243213,396.17222895758664,-9.390244810432153,9.390244810432153,2727.980709243213,4.695122405216076,3203.8653962799967,2.3076929065396645,8.549566709225791,6.241873802686127,True,0.2699192818800332,31.36820759930369,1.8170366857344992e-22,1.2882956420406932e-20
"2b_y0.65 kin once-through phi=0 (1.01,1.01,1.01) bar",2b_y0.65,0.65,0.0,kinetic,kinetic,0.0,1.01325,native,False,0.35,0.5,Q1 + Q2+,2727.980709243213,396.17222895758664,-9.390244810432153,9.390244810432153,3124.1529382007993,4.695122405216076,3669.950371524216,2.6434064457116455,8.549566709225791,5.9061602635141455,True,0.30918601323493505,31.36820759930369,1.8170366857344992e-22,1.2882956420406932e-20
"2b_y0.65 kin recycle phi=0 (1.01,1.01,1.01) bar",2b_y0.65,0.65,0.0,kinetic,kinetic,0.0,1.01325,native,True,0.35,0.0,Q1 only,3130.918467842584,495.3059043294723,-40.281377395618584,40.281377395618584,3130.918467842584,0.0,3683.4334915795107,2.6531181210353822,9.569008432217194,6.915890311181812,True,0.2772615511658233,36.183067519601366,0.0134559420570747,0.9540386084540766
"2b_y0.65 kin recycle phi=0 (1.01,1.01,1.01) bar",2b_y0.65,0.65,0.0,kinetic,kinetic,0.0,1.01325,native,True,0.35,0.0,Q1 + Q2+,3130.918467842584,495.3059043294723,-40.281377395618584,40.281377395618584,3626.2243721720565,0.0,4266.14632020242,3.0728368341636254,9.569008432217194,6.496171598053568,True,0.3211238505985548,36.183067519601366,0.0134559420570747,0.9540386084540766
"2b_y0.65 kin recycle phi=0 (1.01,1.01,1.01) bar",2b_y0.65,0.65,0.0,kinetic,kinetic,0.0,1.01325,native,True,0.35,0.25,Q1 only,3130.918467842584,495.3059043294723,-40.281377395618584,40.281377395618584,3130.918467842584,10.070344348904646,3671.586027639623,2.644584582601992,9.569008432217194,6.924423849615202,True,0.27636976195967533,36.183067519601366,0.0134559420570747,0.9540386084540766
"2b_y0.65 kin recycle phi=0 (1.01,1.01,1.01) bar",2b_y0.65,0.65,0.0,kinetic,kinetic,0.0,1.01325,native,True,0.35,0.25,Q1 + Q2+,3130.918467842584,495.3059043294723,-40.281377395618584,40.281377395618584,3626.2243721720565,10.070344348904646,4254.298856262531,3.064303295730235,9.569008432217194,6.504705136486958,True,0.32023206139240684,36.183067519601366,0.0134559420570747,0.9540386084540766
"2b_y0.65 kin recycle phi=0 (1.01,1.01,1.01) bar",2b_y0.65,0.65,0.0,kinetic,kinetic,0.0,1.01325,native,True,0.35,0.5,Q1 only,3130.918467842584,495.3059043294723,-40.281377395618584,40.281377395618584,3130.918467842584,20.140688697809292,3659.738563699735,2.636051044168602,9.569008432217194,6.932957388048592,True,0.27547797275352737,36.183067519601366,0.0134559420570747,0.9540386084540766
"2b_y0.65 kin recycle phi=0 (1.01,1.01,1.01) bar",2b_y0.65,0.65,0.0,kinetic,kinetic,0.0,1.01325,native,True,0.35,0.5,Q1 + Q2+,3130.918467842584,495.3059043294723,-40.281377395618584,40.281377395618584,3626.2243721720565,20.140688697809292,4242.451392322644,3.0557697572968454,9.569008432217194,6.513238674920348,True,0.31934027218625893,36.183067519601366,0.0134559420570747,0.9540386084540766
"2b_y0.65 kin once-through phi=0 (1.01,5,5) bar n=1",2b_y0.65,0.65,0.0,kinetic,kinetic,0.0,5.0,1.0,False,0.35,0.0,Q1 only,2727.980709243213,446.1408266849652,-47.40685066644809,47.40685066644809,2727.980709243213,0.0,3209.3890696978974,2.3116715199918185,8.212475997105832,5.900804477114013,True,0.28148289514714897,31.36820759930369,0.0,0.0
"2b_y0.65 kin once-through phi=0 (1.01,5,5) bar n=1",2b_y0.65,0.65,0.0,kinetic,kinetic,0.0,5.0,1.0,False,0.35,0.0,Q1 + Q2+,2727.980709243213,446.1408266849652,-47.40685066644809,47.40685066644809,3174.121535928178,0.0,3734.2606305037393,2.6897280947537965,8.212475997105832,5.522747902352036,True,0.32751731581336574,31.36820759930369,0.0,0.0
"2b_y0.65 kin once-through phi=0 (1.01,5,5) bar n=1",2b_y0.65,0.65,0.0,kinetic,kinetic,0.0,5.0,1.0,False,0.35,0.25,Q1 only,2727.980709243213,446.1408266849652,-47.40685066644809,47.40685066644809,2727.980709243213,11.851712666612023,3195.445878325413,2.3016284626704446,8.212475997105832,5.910847534435387,True,0.28025999266013857,31.36820759930369,0.0,0.0
"2b_y0.65 kin once-through phi=0 (1.01,5,5) bar n=1",2b_y0.65,0.65,0.0,kinetic,kinetic,0.0,5.0,1.0,False,0.35,0.25,Q1 + Q2+,2727.980709243213,446.1408266849652,-47.40685066644809,47.40685066644809,3174.121535928178,11.851712666612023,3720.3174391312546,2.679685037432422,8.212475997105832,5.5327909596734095,True,0.3262944133263553,31.36820759930369,0.0,0.0
"2b_y0.65 kin once-through phi=0 (1.01,5,5) bar n=1",2b_y0.65,0.65,0.0,kinetic,kinetic,0.0,5.0,1.0,False,0.35,0.5,Q1 only,2727.980709243213,446.1408266849652,-47.40685066644809,47.40685066644809,2727.980709243213,23.703425333224047,3181.5026869529283,2.29158540534907,8.212475997105832,5.920890591756763,True,0.27903709017312806,31.36820759930369,0.0,0.0
"2b_y0.65 kin once-through phi=0 (1.01,5,5) bar n=1",2b_y0.65,0.65,0.0,kinetic,kinetic,0.0,5.0,1.0,False,0.35,0.5,Q1 + Q2+,2727.980709243213,446.1408266849652,-47.40685066644809,47.40685066644809,3174.121535928178,23.703425333224047,3706.37424775877,2.669641980111048,8.212475997105832,5.542834016994784,True,0.3250715108393448,31.36820759930369,0.0,0.0
"2b_y0.65 kin recycle phi=0 (1.01,5,5) bar n=1",2b_y0.65,0.65,0.0,kinetic,kinetic,0.0,5.0,1.0,True,0.35,0.0,Q1 only,3158.941867646074,507.1816517030504,-192.5931318083813,192.5931318083813,3158.941867646074,0.0,3716.4021972306755,2.6768649514288576,9.34720515383145,6.670340202402592,True,0.28638132012450823,37.152203545115285,0.063539506253029,4.505009152861738
"2b_y0.65 kin recycle phi=0 (1.01,5,5) bar n=1",2b_y0.65,0.65,0.0,kinetic,kinetic,0.0,5.0,1.0,True,0.35,0.0,Q1 + Q2+,3158.941867646074,507.1816517030504,-192.5931318083813,192.5931318083813,3666.1235193491248,0.0,4313.0864933519115,3.1066470887188267,9.34720515383145,6.240558065112623,True,0.33236106810444854,37.152203545115285,0.063539506253029,4.505009152861738
"2b_y0.65 kin recycle phi=0 (1.01,5,5) bar n=1",2b_y0.65,0.65,0.0,kinetic,kinetic,0.0,5.0,1.0,True,0.35,0.25,Q1 only,3158.941867646074,507.1816517030504,-192.5931318083813,192.5931318083813,3158.941867646074,48.14828295209532,3659.7571584635043,2.636064437678985,9.34720515383145,6.711140716152465,True,0.2820163240558012,37.152203545115285,0.063539506253029,4.505009152861738
"2b_y0.65 kin recycle phi=0 (1.01,5,5) bar n=1",2b_y0.65,0.65,0.0,kinetic,kinetic,0.0,5.0,1.0,True,0.35,0.25,Q1 + Q2+,3158.941867646074,507.1816517030504,-192.5931318083813,192.5931318083813,3666.1235193491248,48.14828295209532,4256.44145458474,3.0658465749689534,9.34720515383145,6.281358578862497,True,0.3279960720357414,37.152203545115285,0.063539506253029,4.505009152861738
"2b_y0.65 kin recycle phi=0 (1.01,5,5) bar n=1",2b_y0.65,0.65,0.0,kinetic,kinetic,0.0,5.0,1.0,True,0.35,0.5,Q1 only,3158.941867646074,507.1816517030504,-192.5931318083813,192.5931318083813,3158.941867646074,96.29656590419064,3603.1121196963336,2.5952639239291115,9.34720515383145,6.751941229902338,True,0.277651327987094,37.152203545115285,0.063539506253029,4.505009152861738
"2b_y0.65 kin recycle phi=0 (1.01,5,5) bar n=1",2b_y0.65,0.65,0.0,kinetic,kinetic,0.0,5.0,1.0,True,0.35,0.5,Q1 + Q2+,3158.941867646074,507.1816517030504,-192.5931318083813,192.5931318083813,3666.1235193491248,96.29656590419064,4199.79641581757,3.0250460612190806,9.34720515383145,6.3221590926123685,True,0.32363107596703433,37.152203545115285,0.063539506253029,4.505009152861738
"2b_y0.65 kin once-through phi=0.1 (1.01,1.01,1.01) bar",2b_y0.65,0.65,0.0,kinetic,kinetic,0.1,1.01325,native,False,0.35,0.0,Q1 only,2727.980709243213,311.1127600549154,-8.936379605414778,8.936379605414778,2727.980709243213,0.0,3209.3890696978974,2.3116715199918185,8.345096893695565,6.033425373703746,True,0.27700954817411494,31.36820759930369,0.0,0.0
"2b_y0.65 kin once-through phi=0.1 (1.01,1.01,1.01) bar",2b_y0.65,0.65,0.0,kinetic,kinetic,0.1,1.01325,native,False,0.35,0.0,Q1 + Q2+,2727.980709243213,311.1127600549154,-8.936379605414778,8.936379605414778,3039.093469298128,0.0,3575.4040815272097,2.5753062680265697,8.345096893695565,5.769790625668996,True,0.3086011224114276,31.36820759930369,0.0,0.0
"2b_y0.65 kin once-through phi=0.1 (1.01,1.01,1.01) bar",2b_y0.65,0.65,0.0,kinetic,kinetic,0.1,1.01325,native,False,0.35,0.25,Q1 only,2727.980709243213,311.1127600549154,-8.936379605414778,8.936379605414778,2727.980709243213,2.2340949013536946,3206.7607227551284,2.3097783638052958,8.345096893695565,6.03531852989027,True,0.2767826896713751,31.36820759930369,0.0,0.0
"2b_y0.65 kin once-through phi=0.1 (1.01,1.01,1.01) bar",2b_y0.65,0.65,0.0,kinetic,kinetic,0.1,1.01325,native,False,0.35,0.25,Q1 + Q2+,2727.980709243213,311.1127600549154,-8.936379605414778,8.936379605414778,3039.093469298128,2.2340949013536946,3572.7757345844407,2.5734131118400474,8.345096893695565,5.7716837818555184,True,0.30837426390868783,31.36820759930369,0.0,0.0
"2b_y0.65 kin once-through phi=0.1 (1.01,1.01,1.01) bar",2b_y0.65,0.65,0.0,kinetic,kinetic,0.1,1.01325,native,False,0.35,0.5,Q1 only,2727.980709243213,311.1127600549154,-8.936379605414778,8.936379605414778,2727.980709243213,4.468189802707389,3204.1323758123594,2.307885207618773,8.345096893695565,6.037211686076793,True,0.27655583116863525,31.36820759930369,0.0,0.0
"2b_y0.65 kin once-through phi=0.1 (1.01,1.01,1.01) bar",2b_y0.65,0.65,0.0,kinetic,kinetic,0.1,1.01325,native,False,0.35,0.5,Q1 + Q2+,2727.980709243213,311.1127600549154,-8.936379605414778,8.936379605414778,3039.093469298128,4.468189802707389,3570.1473876416717,2.5715199556535246,8.345096893695565,5.773576938042041,True,0.308147405405948,31.36820759930369,0.0,0.0
"2b_y0.65 kin recycle phi=0.1 (1.01,1.01,1.01) bar",2b_y0.65,0.65,0.0,kinetic,kinetic,0.1,1.01325,native,True,0.35,0.0,Q1 only,3133.029745888718,490.08418029132986,-40.24808315896493,40.24808315896493,3133.029745888718,0.0,3685.9173481043745,2.6549072030891865,9.564676709682375,6.9097695065931894,True,0.2775741704266501,36.20713379162165,0.014699652555242,1.0422188211778232
"2b_y0.65 kin recycle phi=0.1 (1.01,1.01,1.01) bar",2b_y0.65,0.65,0.0,kinetic,kinetic,0.1,1.01325,native,True,0.35,0.0,Q1 + Q2+,3133.029745888718,490.08418029132986,-40.24808315896493,40.24808315896493,3623.113926180048,0.0,4262.4869719765275,3.0702010642735256,9.564676709682375,6.4944756454088495,True,0.32099371023858486,36.20713379162165,0.014699652555242,1.0422188211778232
"2b_y0.65 kin recycle phi=0.1 (1.01,1.01,1.01) bar",2b_y0.65,0.65,0.0,kinetic,kinetic,0.1,1.01325,native,True,0.35,0.25,Q1 only,3133.029745888718,490.08418029132986,-40.24808315896493,40.24808315896493,3133.029745888718,10.062020789741233,3674.0796765870314,2.6463807179808434,9.564676709682375,6.918295991701532,True,0.27668271477507417,36.20713379162165,0.014699652555242,1.0422188211778232
"2b_y0.65 kin recycle phi=0.1 (1.01,1.01,1.01) bar",2b_y0.65,0.65,0.0,kinetic,kinetic,0.1,1.01325,native,True,0.35,0.25,Q1 + Q2+,3133.029745888718,490.08418029132986,-40.24808315896493,40.24808315896493,3623.113926180048,10.062020789741233,4250.649300459185,3.0616745791651816,9.564676709682375,6.503002130517194,True,0.3201022545870088,36.20713379162165,0.014699652555242,1.0422188211778232
"2b_y0.65 kin recycle phi=0.1 (1.01,1.01,1.01) bar",2b_y0.65,0.65,0.0,kinetic,kinetic,0.1,1.01325,native,True,0.35,0.5,Q1 only,3133.029745888718,490.08418029132986,-40.24808315896493,40.24808315896493,3133.029745888718,20.124041579482466,3662.242005069689,2.6378542328725,9.564676709682375,6.926822476809876,True,0.27579125912349817,36.20713379162165,0.014699652555242,1.0422188211778232
"2b_y0.65 kin recycle phi=0.1 (1.01,1.01,1.01) bar",2b_y0.65,0.65,0.0,kinetic,kinetic,0.1,1.01325,native,True,0.35,0.5,Q1 + Q2+,3133.029745888718,490.08418029132986,-40.24808315896493,40.24808315896493,3623.113926180048,20.124041579482466,4238.811628941842,3.053148094056838,9.564676709682375,6.511528615625537,True,0.31921079893543286,36.20713379162165,0.014699652555242,1.0422188211778232
"2b_y0.65 kin once-through phi=0.1 (1.01,5,5) bar n=1",2b_y0.65,0.65,0.0,kinetic,kinetic,0.1,5.0,1.0,False,0.35,0.0,Q1 only,2727.980709243213,387.7230130934673,-45.81583776947516,45.81583776947516,2727.980709243213,0.0,3209.3890696978974,2.3116715199918185,8.087554438242979,5.77588291825116,True,0.2858307214676417,31.36820759930369,0.0,0.0
"2b_y0.65 kin once-through phi=0.1 (1.01,5,5) bar n=1",2b_y0.65,0.65,0.0,kinetic,kinetic,0.1,5.0,1.0,False,0.35,0.0,Q1 + Q2+,2727.980709243213,387.7230130934673,-45.81583776947516,45.81583776947516,3115.70372233668,0.0,3665.5337909843297,2.640225253519586,8.087554438242979,5.447329184723393,True,0.3264553300605881,31.36820759930369,0.0,0.0
"2b_y0.65 kin once-through phi=0.1 (1.01,5,5) bar n=1",2b_y0.65,0.65,0.0,kinetic,kinetic,0.1,5.0,1.0,False,0.35,0.25,Q1 only,2727.980709243213,387.7230130934673,-45.81583776947516,45.81583776947516,2727.980709243213,11.45395944236879,3195.913823295111,2.3019655159338166,8.087554438242979,5.785588922309162,True,0.28463060539644647,31.36820759930369,0.0,0.0
"2b_y0.65 kin once-through phi=0.1 (1.01,5,5) bar n=1",2b_y0.65,0.65,0.0,kinetic,kinetic,0.1,5.0,1.0,False,0.35,0.25,Q1 + Q2+,2727.980709243213,387.7230130934673,-45.81583776947516,45.81583776947516,3115.70372233668,11.45395944236879,3652.058544581543,2.630519249461584,8.087554438242979,5.457035188781395,True,0.32525521398939283,31.36820759930369,0.0,0.0
"2b_y0.65 kin once-through phi=0.1 (1.01,5,5) bar n=1",2b_y0.65,0.65,0.0,kinetic,kinetic,0.1,5.0,1.0,False,0.35,0.5,Q1 only,2727.980709243213,387.7230130934673,-45.81583776947516,45.81583776947516,2727.980709243213,22.90791888473758,3182.438576892324,2.292259511875815,8.087554438242979,5.795294926367164,True,0.2834304893252513,31.36820759930369,0.0,0.0
"2b_y0.65 kin once-through phi=0.1 (1.01,5,5) bar n=1",2b_y0.65,0.65,0.0,kinetic,kinetic,0.1,5.0,1.0,False,0.35,0.5,Q1 + Q2+,2727.980709243213,387.7230130934673,-45.81583776947516,45.81583776947516,3115.70372233668,22.90791888473758,3638.5832981787557,2.6208132454035815,8.087554438242979,5.466741192839397,True,0.32405509791819753,31.36820759930369,0.0,0.0
"2b_y0.65 kin recycle phi=0.1 (1.01,5,5) bar n=1",2b_y0.65,0.65,0.0,kinetic,kinetic,0.1,5.0,1.0,True,0.35,0.0,Q1 only,3161.3480941542007,501.1922861500719,-192.41984613268815,192.41984613268815,3161.3480941542007,0.0,3719.2330519461184,2.6789039707190745,9.342786998532423,6.663883027813348,True,0.28673499365230953,37.17840258171582,0.0648934349794171,4.601003938852222
"2b_y0.65 kin recycle phi=0.1 (1.01,5,5) bar n=1",2b_y0.65,0.65,0.0,kinetic,kinetic,0.1,5.0,1.0,True,0.35,0.0,Q1 + Q2+,3161.3480941542007,501.1922861500719,-192.41984613268815,192.41984613268815,3662.5403803042727,0.0,4308.871035652086,3.103610762085691,9.342786998532423,6.239176236446732,True,0.33219324839292713,37.17840258171582,0.0648934349794171,4.601003938852222
"2b_y0.65 kin recycle phi=0.1 (1.01,5,5) bar n=1",2b_y0.65,0.65,0.0,kinetic,kinetic,0.1,5.0,1.0,True,0.35,0.25,Q1 only,3161.3480941542007,501.1922861500719,-192.41984613268815,192.41984613268815,3161.3480941542007,48.10496153317204,3662.6389795541513,2.638140167232581,9.342786998532423,6.704646831299842,True,0.2823718626622852,37.17840258171582,0.0648934349794171,4.601003938852222
"2b_y0.65 kin recycle phi=0.1 (1.01,5,5) bar n=1",2b_y0.65,0.65,0.0,kinetic,kinetic,0.1,5.0,1.0,True,0.35,0.25,Q1 + Q2+,3161.3480941542007,501.1922861500719,-192.41984613268815,192.41984613268815,3662.5403803042727,48.10496153317204,4252.2769632601185,3.062846958599197,9.342786998532423,6.279940039933226,True,0.3278301174029027,37.17840258171582,0.0648934349794171,4.601003938852222
"2b_y0.65 kin recycle phi=0.1 (1.01,5,5) bar n=1",2b_y0.65,0.65,0.0,kinetic,kinetic,0.1,5.0,1.0,True,0.35,0.5,Q1 only,3161.3480941542007,501.1922861500719,-192.41984613268815,192.41984613268815,3161.3480941542007,96.20992306634407,3606.0449071621847,2.5973763637460876,9.342786998532423,6.745410634786335,True,0.2780087316722608,37.17840258171582,0.0648934349794171,4.601003938852222
"2b_y0.65 kin recycle phi=0.1 (1.01,5,5) bar n=1",2b_y0.65,0.65,0.0,kinetic,kinetic,0.1,5.0,1.0,True,0.35,0.5,Q1 + Q2+,3161.3480941542007,501.1922861500719,-192.41984613268815,192.41984613268815,3662.5403803042727,96.20992306634407,4195.682890868152,3.022083155112704,9.342786998532423,6.32070384341972,True,0.32346698641287835,37.17840258171582,0.0648934349794171,4.601003938852222
"2b_y0.65 kin once-through phi=1 (1.01,1.01,1.01) bar",2b_y0.65,0.65,0.0,kinetic,kinetic,1.0,1.01325,native,False,0.35,0.0,Q1 only,2727.980709243213,130.9805594563032,-7.769400795719712,7.769400795719712,2727.980709243213,0.0,3209.3890696978974,2.3116715199918185,8.034890657944391,5.723219137952572,True,0.28770416654098263,31.36820759930369,0.0,0.0
"2b_y0.65 kin once-through phi=1 (1.01,1.01,1.01) bar",2b_y0.65,0.65,0.0,kinetic,kinetic,1.0,1.01325,native,False,0.35,0.0,Q1 + Q2+,2727.980709243213,130.9805594563032,-7.769400795719712,7.769400795719712,2858.961268699516,0.0,3363.4838455288423,2.4226635178244305,8.034890657944391,5.612227140119961,True,0.3015179199021276,31.36820759930369,0.0,0.0
"2b_y0.65 kin once-through phi=1 (1.01,1.01,1.01) bar",2b_y0.65,0.65,0.0,kinetic,kinetic,1.0,1.01325,native,False,0.35,0.25,Q1 only,2727.980709243213,130.9805594563032,-7.769400795719712,7.769400795719712,2727.980709243213,1.942350198929928,3207.1039518168036,2.310025586198554,8.034890657944391,5.724865071745837,True,0.28749931822837527,31.36820759930369,0.0,0.0
"2b_y0.65 kin once-through phi=1 (1.01,1.01,1.01) bar",2b_y0.65,0.65,0.0,kinetic,kinetic,1.0,1.01325,native,False,0.35,0.25,Q1 + Q2+,2727.980709243213,130.9805594563032,-7.769400795719712,7.769400795719712,2858.961268699516,1.942350198929928,3361.1987276477485,2.4210175840311665,8.034890657944391,5.613873073913225,True,0.3013130715895203,31.36820759930369,0.0,0.0
"2b_y0.65 kin once-through phi=1 (1.01,1.01,1.01) bar",2b_y0.65,0.65,0.0,kinetic,kinetic,1.0,1.01325,native,False,0.35,0.5,Q1 only,2727.980709243213,130.9805594563032,-7.769400795719712,7.769400795719712,2727.980709243213,3.884700397859856,3204.8188339357093,2.3083796524052898,8.034890657944391,5.726511005539102,True,0.28729446991576796,31.36820759930369,0.0,0.0
"2b_y0.65 kin once-through phi=1 (1.01,1.01,1.01) bar",2b_y0.65,0.65,0.0,kinetic,kinetic,1.0,1.01325,native,False,0.35,0.5,Q1 + Q2+,2727.980709243213,130.9805594563032,-7.769400795719712,7.769400795719712,2858.961268699516,3.884700397859856,3358.913609766654,2.419371650237902,8.034890657944391,5.615519007706489,True,0.301108223276913,31.36820759930369,0.0,0.0
"2b_y0.65 kin recycle phi=1 (1.01,1.01,1.01) bar",2b_y0.65,0.65,0.0,kinetic,kinetic,1.0,1.01325,native,True,0.35,0.0,Q1 only,3151.8837435223145,443.4293305214776,-39.948966642037846,39.948966642037846,3151.8837435223145,0.0,3708.0985217909583,2.670883947066848,9.526123164778545,6.855239217711697,True,0.28037470237022055,36.4220256761539,0.0258049576673245,1.8295951186269237
"2b_y0.65 kin recycle phi=1 (1.01,1.01,1.01) bar",2b_y0.65,0.65,0.0,kinetic,kinetic,1.0,1.01325,native,True,0.35,0.0,Q1 + Q2+,3151.8837435223145,443.4293305214776,-39.948966642037846,39.948966642037846,3595.313074043792,0.0,4229.780087110344,3.046642819196083,9.526123164778545,6.479480345582462,True,0.3198198014550769,36.4220256761539,0.0258049576673245,1.8295951186269237
"2b_y0.65 kin recycle phi=1 (1.01,1.01,1.01) bar",2b_y0.65,0.65,0.0,kinetic,kinetic,1.0,1.01325,native,True,0.35,0.25,Q1 only,3151.8837435223145,443.4293305214776,-39.948966642037846,39.948966642037846,3151.8837435223145,9.987241660509461,3696.348825719771,2.6624208292626608,9.526123164778545,6.8637023355158835,True,0.27948629082464255,36.4220256761539,0.0258049576673245,1.8295951186269237
"2b_y0.65 kin recycle phi=1 (1.01,1.01,1.01) bar",2b_y0.65,0.65,0.0,kinetic,kinetic,1.0,1.01325,native,True,0.35,0.25,Q1 + Q2+,3151.8837435223145,443.4293305214776,-39.948966642037846,39.948966642037846,3595.313074043792,9.987241660509461,4218.030391039156,3.0381797013918947,9.526123164778545,6.4879434633866495,True,0.3189313899094988,36.4220256761539,0.0258049576673245,1.8295951186269237
"2b_y0.65 kin recycle phi=1 (1.01,1.01,1.01) bar",2b_y0.65,0.65,0.0,kinetic,kinetic,1.0,1.01325,native,True,0.35,0.5,Q1 only,3151.8837435223145,443.4293305214776,-39.948966642037846,39.948966642037846,3151.8837435223145,19.974483321018923,3684.599129648583,2.6539577114584736,9.526123164778545,6.872165453320071,True,0.2785978792790646,36.4220256761539,0.0258049576673245,1.8295951186269237
"2b_y0.65 kin recycle phi=1 (1.01,1.01,1.01) bar",2b_y0.65,0.65,0.0,kinetic,kinetic,1.0,1.01325,native,True,0.35,0.5,Q1 + Q2+,3151.8837435223145,443.4293305214776,-39.948966642037846,39.948966642037846,3595.313074043792,19.974483321018923,4206.280694967968,3.0297165835877076,9.526123164778545,6.496406581190837,True,0.3180429783639208,36.4220256761539,0.0258049576673245,1.8295951186269237
"2b_y0.65 kin once-through phi=1 (1.01,5,5) bar n=1",2b_y0.65,0.65,0.0,kinetic,kinetic,1.0,5.0,1.0,False,0.35,0.0,Q1 only,2727.980709243213,-32.89076062941445,-34.985868843081434,67.87662947249589,2727.980709243213,0.0,3209.3890696978974,2.3116715199918185,7.181035979596608,4.869364459604789,True,0.321913373858583,31.36820759930369,0.0,0.0
"2b_y0.65 kin once-through phi=1 (1.01,5,5) bar n=1",2b_y0.65,0.65,0.0,kinetic,kinetic,1.0,5.0,1.0,False,0.35,0.0,Q1 + Q2+,2727.980709243213,-32.89076062941445,-34.985868843081434,67.87662947249589,2727.980709243213,0.0,3209.3890696978974,2.3116715199918185,7.181035979596608,4.869364459604789,True,0.321913373858583,31.36820759930369,0.0,0.0
"2b_y0.65 kin once-through phi=1 (1.01,5,5) bar n=1",2b_y0.65,0.65,0.0,kinetic,kinetic,1.0,5.0,1.0,False,0.35,0.25,Q1 only,2727.980709243213,-32.89076062941445,-34.985868843081434,67.87662947249589,2727.980709243213,16.969157368123973,3189.425355147164,2.2972919762973794,7.181035979596608,4.8837440032992285,True,0.3199109408203284,31.36820759930369,0.0,0.0
"2b_y0.65 kin once-through phi=1 (1.01,5,5) bar n=1",2b_y0.65,0.65,0.0,kinetic,kinetic,1.0,5.0,1.0,False,0.35,0.25,Q1 + Q2+,2727.980709243213,-32.89076062941445,-34.985868843081434,67.87662947249589,2727.980709243213,16.969157368123973,3189.425355147164,2.2972919762973794,7.181035979596608,4.8837440032992285,True,0.3199109408203284,31.36820759930369,0.0,0.0
"2b_y0.65 kin once-through phi=1 (1.01,5,5) bar n=1",2b_y0.65,0.65,0.0,kinetic,kinetic,1.0,5.0,1.0,False,0.35,0.5,Q1 only,2727.980709243213,-32.89076062941445,-34.985868843081434,67.87662947249589,2727.980709243213,33.938314736247946,3169.46164059643,2.2829124326029397,7.181035979596608,4.898123546993668,True,0.31790850778207375,31.36820759930369,0.0,0.0
"2b_y0.65 kin once-through phi=1 (1.01,5,5) bar n=1",2b_y0.65,0.65,0.0,kinetic,kinetic,1.0,5.0,1.0,False,0.35,0.5,Q1 + Q2+,2727.980709243213,-32.89076062941445,-34.985868843081434,67.87662947249589,2727.980709243213,33.938314736247946,3169.46164059643,2.2829124326029397,7.181035979596608,4.898123546993668,True,0.31790850778207375,31.36820759930369,0.0,0.0
"2b_y0.65 kin recycle phi=1 (1.01,5,5) bar n=1",2b_y0.65,0.65,0.0,kinetic,kinetic,1.0,5.0,1.0,True,0.35,0.0,Q1 only,3183.7788302494077,445.38650953513815,-190.80387434493457,190.80387434493457,3183.7788302494077,0.0,3745.6221532345976,2.6979116175209934,9.301489759499832,6.603578141978838,True,0.2900515602638333,37.42259958110396,0.0775131865561804,5.4957558768632255
"2b_y0.65 kin recycle phi=1 (1.01,5,5) bar n=1",2b_y0.65,0.65,0.0,kinetic,kinetic,1.0,5.0,1.0,True,0.35,0.0,Q1 + Q2+,3183.7788302494077,445.38650953513815,-190.80387434493457,190.80387434493457,3629.1653397845457,0.0,4269.606282099466,3.0753289892760036,9.301489759499832,6.226160770223828,True,0.3306275735169302,37.42259958110396,0.0775131865561804,5.4957558768632255
"2b_y0.65 kin recycle phi=1 (1.01,5,5) bar n=1",2b_y0.65,0.65,0.0,kinetic,kinetic,1.0,5.0,1.0,True,0.35,0.25,Q1 only,3183.7788302494077,445.38650953513815,-190.80387434493457,190.80387434493457,3183.7788302494077,47.70096858623364,3689.503366662558,2.657490154794664,9.301489759499832,6.643999604705169,True,0.2857058625561036,37.42259958110396,0.0775131865561804,5.4957558768632255
"2b_y0.65 kin recycle phi=1 (1.01,5,5) bar n=1",2b_y0.65,0.65,0.0,kinetic,kinetic,1.0,5.0,1.0,True,0.35,0.25,Q1 + Q2+,3183.7788302494077,445.38650953513815,-190.80387434493457,190.80387434493457,3629.1653397845457,47.70096858623364,4213.487495527426,3.0349075265496746,9.301489759499832,6.2665822329501575,True,0.32628187580920054,37.42259958110396,0.0775131865561804,5.4957558768632255
"2b_y0.65 kin recycle phi=1 (1.01,5,5) bar n=1",2b_y0.65,0.65,0.0,kinetic,kinetic,1.0,5.0,1.0,True,0.35,0.5,Q1 only,3183.7788302494077,445.38650953513815,-190.80387434493457,190.80387434493457,3183.7788302494077,95.40193717246729,3633.3845800905183,2.617068692068334,9.301489759499832,6.684421067431498,True,0.28136016484837384,37.42259958110396,0.0775131865561804,5.4957558768632255
"2b_y0.65 kin recycle phi=1 (1.01,5,5) bar n=1",2b_y0.65,0.65,0.0,kinetic,kinetic,1.0,5.0,1.0,True,0.35,0.5,Q1 + Q2+,3183.7788302494077,445.38650953513815,-190.80387434493457,190.80387434493457,3629.1653397845457,95.40193717246729,4157.368708955387,2.994486063823345,9.301489759499832,6.307003695676487,True,0.32193617810147085,37.42259958110396,0.0775131865561804,5.4957558768632255
