parameter_set,n_T,temperatures,n_points,logdet_F,cond_number,rel_se_k_meth,rel_se_Ea_meth,rel_se_n,rel_se_k_carb,rel_se_Ea_carb,rel_se_k_crack,rel_se_Ea_crack
"P3 (k_meth, Ea_meth, n)",2,600/725,12,11.283711155117281,192.4833525624594,0.6985017161019089,0.06980357161376173,0.43787426118221046,,,,
"P3 (k_meth, Ea_meth, n)",2,600/750,12,11.253758319774176,113.31145997298063,0.5155211563473154,0.0947570069733744,0.36406832295991975,,,,
"P3 (k_meth, Ea_meth, n)",2,600/775,12,11.19976406773684,139.3337385569732,0.5210780629666435,0.1263316169493,0.4161978280612598,,,,
"P3 (k_meth, Ea_meth, n)",2,625/750,12,11.132997445855477,118.86715699485919,0.5425218809502442,0.11632280242241796,0.36416073587929404,,,,
"P3 (k_meth, Ea_meth, n)",2,600/800,12,11.129611572038849,423.4549151451907,0.740212675821718,0.188354328079531,0.6313378323825544,,,,
"P3 (k_meth, Ea_meth, n)",2,625/775,12,11.121164516173241,147.09687064469026,0.5875155116283275,0.15358689359228175,0.4204634514060867,,,,
"P3 (k_meth, Ea_meth, n)",2,625/725,12,11.097246398862513,220.85286235853079,0.698457203674302,0.08590966601070654,0.43701839965098127,,,,
"P3 (k_meth, Ea_meth, n)",2,625/800,12,11.091869725918068,423.7979373357958,0.8719418306306213,0.22571078928230268,0.6422397944013345,,,,
"P3 (k_meth, Ea_meth, n)",2,650/800,12,10.796887900176488,522.7925081531238,1.0408708943342522,0.2733932623540923,0.647250378338464,,,,
"P3 (k_meth, Ea_meth, n)",2,650/775,12,10.74776673690359,189.90770070898816,0.6895783175375247,0.1933763393690445,0.42451694049104244,,,,
"P3 (k_meth, Ea_meth, n)",2,650/750,12,10.694386430623153,144.59020926991272,0.5914963840639501,0.1511206334178145,0.3630733698439791,,,,
"P3 (k_meth, Ea_meth, n)",2,650/725,12,10.557239140689724,256.8184990543483,0.6999927101076361,0.11702174910604049,0.43370642523409775,,,,
"P3 (k_meth, Ea_meth, n)",2,675/800,12,10.351691733622557,831.7678560304529,1.220462435661528,0.3249675548510847,0.6237949344580467,,,,
"P3 (k_meth, Ea_meth, n)",2,600/700,12,10.209101356357335,865.9838294401369,1.343524268009184,0.07105463019708902,0.8444903389649457,,,,
"P3 (k_meth, Ea_meth, n)",2,675/775,12,10.127280089915136,305.00665559880383,0.8438342623642849,0.2521942418977184,0.423154274230423,,,,
"P3 (k_meth, Ea_meth, n)",2,675/750,12,9.956450688515442,205.38512873148207,0.6848619358059109,0.21079219840422214,0.3571839841789757,,,,
"P3 (k_meth, Ea_meth, n)",2,700/800,12,9.927044357283165,1028.5295135615556,1.3177415997211517,0.3567301490028874,0.5350451570767591,,,,
"P3 (k_meth, Ea_meth, n)",2,625/700,12,9.895617918870881,1028.3342370161874,1.3380217167268278,0.09125582761714487,0.8397427087450096,,,,
"P3 (k_meth, Ea_meth, n)",2,625/825,12,9.76720323472672,2132.4902423080252,1.8136165814004543,0.4591015389820124,1.346569812181847,,,,
"P3 (k_meth, Ea_meth, n)",2,725/825,12,9.711042827999263,837.4420190956561,1.2002215161397214,0.3158691505853626,0.37780333432330304,,,,
"P3 (k_meth, Ea_meth, n)",2,600/825,12,9.687051353419431,2278.683240235608,1.6031149452920268,0.4049175464012284,1.3908374047633012,,,,
"P3 (k_meth, Ea_meth, n)",2,650/825,12,9.67892293010931,2141.8268861897286,1.9778945635586158,0.5018405620539083,1.2384202756333262,,,,
"P3 (k_meth, Ea_meth, n)",2,700/825,12,9.649711281301963,1801.4463468919307,1.665452273805977,0.4278769663684652,0.6965974323193072,,,,
"P3 (k_meth, Ea_meth, n)",2,675/725,12,9.641911969852632,287.83084981624745,0.709277234348327,0.18277635393934868,0.42179097284349193,,,,
"P3 (k_meth, Ea_meth, n)",2,675/825,12,9.606715654358506,2309.6056550411467,1.941101460135079,0.4943879271910682,1.0057123712590719,,,,
"P3 (k_meth, Ea_meth, n)",2,725/800,12,9.604432820392427,700.377629834963,1.1592057499794595,0.32366995919853847,0.34350632216923815,,,,
"P3 (k_meth, Ea_meth, n)",2,725/850,12,9.550909550691676,715.2022172951042,1.1840175769445747,0.28663214347402605,0.4059012981107168,,,,
"P3 (k_meth, Ea_meth, n)",2,700/775,12,9.331249997497258,497.20324246888595,1.0665759721156973,0.33878979505131535,0.4016616799048663,,,,
"P3 (k_meth, Ea_meth, n)",2,700/850,12,9.183418427584927,2114.278317418757,1.9131660919768607,0.44689656700038816,0.8380531106938798,,,,
"P3 (k_meth, Ea_meth, n)",2,650/700,12,9.146017291789377,1122.527981168906,1.3112291992960179,0.1396763799646313,0.8187237969253122,,,,
"P3 (k_meth, Ea_meth, n)",2,700/750,12,8.905405718375832,347.8444955004288,0.8939367273660322,0.3301862780554776,0.3376038992212009,,,,
"P3 (k_meth, Ea_meth, n)",2,600/675,12,8.690885938367137,3666.9748092032323,2.543043330341165,0.08601317268615621,1.5949688076597432,,,,
"P3 (k_meth, Ea_meth, n)",2,750/825,12,8.668370454056813,720.9111622003991,1.1818692768224008,0.3188353740106961,0.35285334987064204,,,,
"P3 (k_meth, Ea_meth, n)",2,750/850,12,8.663620913641655,518.0662898708296,1.0788839255424807,0.27181172216208155,0.3675111174184144,,,,
"P3 (k_meth, Ea_meth, n)",2,675/850,12,8.584480523204673,4644.798403422031,2.942272672402184,0.6792477562102324,1.5550819625701162,,,,
"P3 (k_meth, Ea_meth, n)",2,750/800,12,8.514144241736446,681.5450169493972,1.2277462778035693,0.35160407906765806,0.3261287719018589,,,,
"P3 (k_meth, Ea_meth, n)",2,725/775,12,8.38825962121649,591.8669782510954,1.297659853527416,0.4421924200481612,0.3031757418380305,,,,
"P3 (k_meth, Ea_meth, n)",2,625/675,12,8.170228349852904,4003.950876297453,2.4937471453994964,0.12292293599847784,1.5636579720603634,,,,
"P3 (k_meth, Ea_meth, n)",2,700/725,12,8.169642252622175,382.1909303161687,0.8397531332642977,0.37903396801716194,0.3888182179251091,,,,
"P3 (k_meth, Ea_meth, n)",2,650/850,12,7.769496762842442,9906.4407284566,4.667253786169014,1.0732249287519928,2.925132909748763,,,,
"P3 (k_meth, Ea_meth, n)",2,675/700,12,7.7595562544595955,1063.6435887091393,1.2385698191056866,0.2962949859217393,0.7478115811465884,,,,
"P3 (k_meth, Ea_meth, n)",2,775/850,12,7.66504789658578,764.496753476537,1.2724960589717333,0.324690441624224,0.42744798069594997,,,,
"P3 (k_meth, Ea_meth, n)",2,775/825,12,7.44902810594366,1312.794028757563,1.5566636443594435,0.42060838865655303,0.41733798991640353,,,,
"P3 (k_meth, Ea_meth, n)",2,775/800,12,7.345780211369354,1418.703982093843,1.7193428905471737,0.48928051145586426,0.3801033129569048,,,,
"P3 (k_meth, Ea_meth, n)",2,725/750,12,7.278151370131972,837.4341109845753,1.544555723020413,0.6564570305520366,0.2688739325142506,,,,
"P3 (k_meth, Ea_meth, n)",2,625/850,12,7.002289116396356,24152.626877645656,6.554048406375368,1.50528744917531,4.804328349511298,,,,
"P3 (k_meth, Ea_meth, n)",2,650/675,12,6.9603637412097745,3665.302249841801,2.2987503903959134,0.2501644739880797,1.4392706370375552,,,,
"P3 (k_meth, Ea_meth, n)",2,750/775,12,6.762012318938563,1109.147045921621,2.032462485336664,0.7057154605519759,0.2979156227925585,,,,
"P3 (k_meth, Ea_meth, n)",2,600/650,12,6.659280312067116,17370.49572123301,5.129544943530336,0.12153353443148164,3.215044625445792,,,,
"P3 (k_meth, Ea_meth, n)",2,600/850,12,6.5210448700422425,38854.3031750732,7.06362357688217,1.6215609164616125,5.991248703380527,,,,
"P3 (k_meth, Ea_meth, n)",2,800/850,12,6.506912055591303,1983.8710382635736,1.7299718310182495,0.4331399731870952,0.6246689118203979,,,,
"P3 (k_meth, Ea_meth, n)",2,800/825,12,6.163138423026641,3772.3137822677927,2.2769765005729234,0.5957944025057956,0.5972337228910441,,,,
"P3 (k_meth, Ea_meth, n)",2,625/650,12,5.67578706409747,15924.218806873589,4.753957473835852,0.23056258454105724,2.9795082513306554,,,,
"P3 (k_meth, Ea_meth, n)",2,600/625,12,3.8255432260679916,82599.63204755934,10.525247039192832,0.23797847885906298,6.594372258520979,,,,
"P3 (k_meth, Ea_meth, n)",2,825/850,12,3.584250909284268,5761.151347633818,2.872245387738693,0.6997403827766804,1.4472290118632214,,,,
"P3 (k_meth, Ea_meth, n)",3,600/700/825,18,13.943947192536033,93.63185731153281,0.34222538656801005,0.06979513833843294,0.22593373257973134,,,,
"P3 (k_meth, Ea_meth, n)",3,600/700/800,18,13.89066983537619,80.25702115632687,0.33477046356230516,0.06823984986029843,0.2203379807010134,,,,
"P3 (k_meth, Ea_meth, n)",3,600/725/825,18,13.858893577488516,81.4176258994197,0.31459298230181976,0.06583442378888946,0.21604013897103472,,,,
"P3 (k_meth, Ea_meth, n)",3,600/725/800,18,13.808406062504663,69.82524799092816,0.30875087971877696,0.0646507968691375,0.21075201393680534,,,,
"P3 (k_meth, Ea_meth, n)",3,625/725/825,18,13.70700583208211,90.17129446810225,0.35451731285501453,0.07944298170065266,0.22786937927719675,,,,
"P3 (k_meth, Ea_meth, n)",3,600/675/825,18,13.69130312223767,111.64384192555067,0.3919902620703131,0.08434387468983819,0.26348925412552926,,,,
"P3 (k_meth, Ea_meth, n)",3,600/675/800,18,13.665091726434618,89.9968397134799,0.37575372988560574,0.08119946040688954,0.25152642280336246,,,,
"P3 (k_meth, Ea_meth, n)",3,625/725/800,18,13.657531749298364,75.7433563702919,0.3432509538302026,0.07784492358932188,0.2200982237432362,,,,
"P3 (k_meth, Ea_meth, n)",3,625/700/825,18,13.640217407636342,121.16192871024664,0.40211127481264464,0.08870547204561116,0.2516809016968246,,,,
"P3 (k_meth, Ea_meth, n)",3,625/700/800,18,13.601243143717092,104.33065441730106,0.3854128732735108,0.08602416910122533,0.240988041821498,,,,
"P3 (k_meth, Ea_meth, n)",3,600/700/850,18,13.556058960002655,107.55166374873409,0.3917497679354474,0.07015218839237083,0.2560539061277882,,,,
"P3 (k_meth, Ea_meth, n)",3,600/725/850,18,13.513886967086417,89.95277876072831,0.3525639699993669,0.06566975780579432,0.23811567647575166,,,,
"P3 (k_meth, Ea_meth, n)",3,625/725/850,18,13.366513471435027,96.04621324402078,0.3931452753456787,0.07908958245660949,0.2512123696180657,,,,
"P3 (k_meth, Ea_meth, n)",3,600/675/850,18,13.282841428106458,129.26215435126016,0.44955173783054053,0.08530447755261221,0.298902791812043,,,,
"P3 (k_meth, Ea_meth, n)",3,625/700/850,18,13.248974058382657,140.46986255549538,0.45645629444567576,0.08932671217017119,0.2853226521964611,,,,
"P3 (k_meth, Ea_meth, n)",3,650/725/825,18,13.23339859183801,140.41060849541043,0.43249961808108484,0.10398861395393454,0.24695812092940606,,,,
"P3 (k_meth, Ea_meth, n)",3,600/700/775,18,13.231020250259494,75.27805297431928,0.38067875330001294,0.06622529618774384,0.24639856626637027,,,,
"P3 (k_meth, Ea_meth, n)",3,600/725/775,18,13.207076922500807,55.90080357926487,0.3450686628437717,0.06344854740284907,0.22803834435674086,,,,
"P3 (k_meth, Ea_meth, n)",3,625/675/800,18,13.189764361363768,154.0078350025368,0.46877819482804706,0.11113890138989647,0.2990840397119778,,,,
"P3 (k_meth, Ea_meth, n)",3,650/725/800,18,13.183710946288397,119.53429905943837,0.41212818868189505,0.1018720145319395,0.23513980508605667,,,,
"P3 (k_meth, Ea_meth, n)",3,625/675/825,18,13.167568170778285,183.5449150168392,0.50842371296233,0.11836175163341271,0.3251670995341223,,,,
"P3 (k_meth, Ea_meth, n)",3,600/650/800,18,13.161627764278629,164.91133596306793,0.4596028663289335,0.10745733707256806,0.3271296028370809,,,,
"P3 (k_meth, Ea_meth, n)",3,600/750/800,18,13.101044379078639,102.762772314156,0.36093150292114823,0.0851750039638423,0.2781582346881417,,,,
"P3 (k_meth, Ea_meth, n)",3,600/650/825,18,13.089506575492297,213.29330875018175,0.5068003957089448,0.1173207592641837,0.36289150084161953,,,,
"P3 (k_meth, Ea_meth, n)",3,600/750/825,18,13.05922303705307,131.67390703719266,0.38405855637984454,0.09008757951945713,0.2994780937199205,,,,
"P3 (k_meth, Ea_meth, n)",3,625/725/775,18,13.049905646701218,66.24299401296601,0.3641626939480325,0.07643125483349861,0.2315793853133483,,,,
"P3 (k_meth, Ea_meth, n)",3,600/675/775,18,13.022868543630327,98.37580393909383,0.40793010928745316,0.07712018319734006,0.2670039663865042,,,,
"P3 (k_meth, Ea_meth, n)",3,625/750/800,18,13.013203786134948,105.85140059110194,0.4115742773812238,0.1024789705811415,0.2857951517779146,,,,
"P3 (k_meth, Ea_meth, n)",3,625/750/825,18,12.977092353148745,140.973782110159,0.44302076668811474,0.10837369269849766,0.30952652504598693,,,,
"P3 (k_meth, Ea_meth, n)",3,625/700/775,18,12.955691976393517,104.14992805801432,0.40891805620531246,0.08276339404871753,0.2560825897342507,,,,
"P3 (k_meth, Ea_meth, n)",3,650/700/825,18,12.91018582933486,247.80428845000995,0.547881822509652,0.13119826139842466,0.30778528809089717,,,,
"P3 (k_meth, Ea_meth, n)",3,650/725/850,18,12.903836937427634,151.5794241799307,0.472343103787868,0.10299393605092834,0.2722965361585036,,,,
"P3 (k_meth, Ea_meth, n)",3,650/700/800,18,12.90380376079385,204.05681739128042,0.5075952820353723,0.12515189639406293,0.2846842216959012,,,,
"P3 (k_meth, Ea_meth, n)",3,600/725/750,18,12.867951713501306,66.09523238317314,0.39883408165291057,0.06137682991102904,0.2568044576609911,,,,
"P3 (k_meth, Ea_meth, n)",3,600/700/750,18,12.791954274042176,111.79029652888974,0.4557819682636966,0.06369824918070151,0.2910003009817756,,,,
"P3 (k_meth, Ea_meth, n)",3,600/750/850,18,12.748265081058541,138.23993603654864,0.419364237325933,0.0902332791678541,0.3207628986596,,,,
"P3 (k_meth, Ea_meth, n)",3,625/675/850,18,12.741946529285954,229.11646229887688,0.5812365866806588,0.12076184243410161,0.37060170217177496,,,,
"P3 (k_meth, Ea_meth, n)",3,600/775/800,18,12.734303749757732,159.84643465853154,0.42063612485780594,0.10585508900225693,0.3433931495185307,,,,
"P3 (k_meth, Ea_meth, n)",3,600/750/775,18,12.72012998232254,65.48815561844339,0.3564665212962074,0.07924537026196056,0.26202535621873124,,,,
"P3 (k_meth, Ea_meth, n)",3,625/725/750,18,12.703271561077766,86.24485325778451,0.40780784242362567,0.07381090966488861,0.25727871095943594,,,,
"P3 (k_meth, Ea_meth, n)",3,625/775/800,18,12.67727094746647,167.7400091298255,0.4871972556801847,0.1268184331850787,0.3497256942699784,,,,
"P3 (k_meth, Ea_meth, n)",3,625/750/850,18,12.6767198907744,141.41050270235405,0.4788817318033233,0.10802006766884747,0.3316363483824082,,,,
"P3 (k_meth, Ea_meth, n)",3,600/650/850,18,12.644651378331798,268.7996357058576,0.5845850425169594,0.1206905422137301,0.412243213143753,,,,
"P3 (k_meth, Ea_meth, n)",3,650/750/800,18,12.6351863871037,149.67526435457557,0.49175924432685897,0.12876600027169427,0.29515746331345716,,,,
"P3 (k_meth, Ea_meth, n)",3,600/650/775,18,12.631254123290937,143.21934041702673,0.44905874138213825,0.09611930888264311,0.308419292491738,,,,
"P3 (k_meth, Ea_meth, n)",3,625/750/775,18,12.615940863619592,63.112076314821905,0.38897626921643524,0.09568620854520388,0.26452575149282953,,,,
"P3 (k_meth, Ea_meth, n)",3,650/750/825,18,12.612808600526286,193.35456879861076,0.5327940790521486,0.13531784994427573,0.3214088287774899,,,,
"P3 (k_meth, Ea_meth, n)",3,625/675/775,18,12.600077775354293,143.06897119628238,0.45835897650624113,0.10269525912088681,0.2906954882297206,,,,
"P3 (k_meth, Ea_meth, n)",3,600/675/750,18,12.594158763268908,139.21745537137843,0.4810152974876677,0.0723424815628815,0.3084353618061979,,,,
"P3 (k_meth, Ea_meth, n)",3,600/775/825,18,12.571446928396242,227.3406545930368,0.4729310618223077,0.11806396790612157,0.3912022230218328,,,,
"P3 (k_meth, Ea_meth, n)",3,650/725/775,18,12.558830088498638,98.30678689851833,0.4068924751871224,0.10088177743705515,0.2371577325091766,,,,
"P3 (k_meth, Ea_meth, n)",3,625/775/825,18,12.53073217891152,243.93748447405287,0.5507892309111655,0.1407412917734791,0.3982025342190669,,,,
"P3 (k_meth, Ea_meth, n)",3,625/700/750,18,12.52940651517441,141.61749539913578,0.46899221221402737,0.07883506969396785,0.2940805630555974,,,,
"P3 (k_meth, Ea_meth, n)",3,650/700/850,18,12.513030834600496,291.19981446874925,0.6160887680849526,0.13255181575261402,0.350389734175239,,,,
"P3 (k_meth, Ea_meth, n)",3,675/725/825,18,12.474467973479587,272.4587783641748,0.5764037452630949,0.1465837782287853,0.2772845945196326,,,,
"P3 (k_meth, Ea_meth, n)",3,675/725/800,18,12.4178153818606,228.28430024482682,0.5430187409474395,0.14421223893365617,0.25924059342094374,,,,
"P3 (k_meth, Ea_meth, n)",3,625/650/800,18,12.412213926207741,340.30296010554974,0.6643246674452881,0.16795466590645075,0.4514013406888056,,,,
"P3 (k_meth, Ea_meth, n)",3,600/625/800,18,12.360659770222018,393.970110401755,0.6255965915100591,0.15615862381288487,0.49058414071196804,,,,
"P3 (k_meth, Ea_meth, n)",3,600/700/725,18,12.357898808707759,253.5848815485037,0.620808994984847,0.059477066108567296,0.38848595595408875,,,,
"P3 (k_meth, Ea_meth, n)",3,650/775/800,18,12.339721558557095,223.08614474140253,0.5837016327007639,0.15653770426285246,0.3563051214506104,,,,
"P3 (k_meth, Ea_meth, n)",3,650/750/850,18,12.33449155071765,191.00255324575528,0.5669195173653377,0.13343388995814826,0.34359709198165467,,,,
"P3 (k_meth, Ea_meth, n)",3,600/650/750,18,12.315224472528309,172.5035334172788,0.5002561975618915,0.084673224305195,0.3287069444470765,,,,
"P3 (k_meth, Ea_meth, n)",3,600/775/850,18,12.29655842777287,232.71626163825948,0.5075024378932091,0.11885203353979602,0.4134700580059243,,,,
"P3 (k_meth, Ea_meth, n)",3,650/700/775,18,12.282987855677304,164.57698495249974,0.4819232777973997,0.11896590642284981,0.2762580856660768,,,,
"P3 (k_meth, Ea_meth, n)",3,625/775/850,18,12.274797723532028,239.3524314421968,0.5844988178812293,0.14040869648953846,0.4195028413711022,,,,
"P3 (k_meth, Ea_meth, n)",3,650/775/825,18,12.222265784367938,314.3516502691456,0.6573872770812682,0.17132964234422113,0.4039776657436568,,,,
"P3 (k_meth, Ea_meth, n)",3,625/675/750,18,12.220731465936762,176.00193621992264,0.5029871540340306,0.09374988795783049,0.31702467381516763,,,,
"P3 (k_meth, Ea_meth, n)",3,650/750/775,18,12.202051025167428,96.43149323187431,0.4463674895343533,0.12232926412572025,0.2676113408256009,,,,
"P3 (k_meth, Ea_meth, n)",3,650/725/750,18,12.1960325500714,113.27576764275932,0.4301643998321764,0.09815147945012964,0.2576174097995514,,,,
"P3 (k_meth, Ea_meth, n)",3,650/675/800,18,12.18862466731419,417.209516104903,0.7280340808133209,0.1876742813399707,0.42070510329458355,,,,
"P3 (k_meth, Ea_meth, n)",3,675/725/850,18,12.174348057751354,285.6987857248968,0.6149801831398717,0.14319309125117394,0.3046171755954395,,,,
"P3 (k_meth, Ea_meth, n)",3,600/625/775,18,12.137276221085386,220.45461167197143,0.504193773730246,0.1197613644036763,0.37745945401246644,,,,
"P3 (k_meth, Ea_meth, n)",3,600/675/725,18,12.13563627151968,312.39186154396185,0.6734885841377404,0.064778945261757,0.4214571481540665,,,,
"P3 (k_meth, Ea_meth, n)",3,625/650/825,18,12.105096665740298,541.7722421917728,0.8359801647736361,0.20637401800478342,0.569954744336699,,,,
"P3 (k_meth, Ea_meth, n)",3,625/700/725,18,12.101700223110708,295.0877009097101,0.6216709691002762,0.07261848961510264,0.38797560520773805,,,,
"P3 (k_meth, Ea_meth, n)",3,600/800/825,18,12.082402208368798,616.0733588755216,0.6731613889678464,0.17065546570086984,0.5750078301984362,,,,
"P3 (k_meth, Ea_meth, n)",3,625/650/775,18,12.07138959603044,222.73101589642258,0.5414602692833491,0.13650592242132137,0.36207811923466066,,,,
"P3 (k_meth, Ea_meth, n)",3,625/800/825,18,12.066431728329766,687.2270418269133,0.7903490521798944,0.20216884011638478,0.581551533294591,,,,
"P3 (k_meth, Ea_meth, n)",3,600/625/750,18,12.047103471675323,209.40655729649052,0.514026368852963,0.09419985664377058,0.3532493470523865,,,,
"P3 (k_meth, Ea_meth, n)",3,675/750/825,18,12.032035285635363,323.34865236561546,0.6600677958675845,0.1728476030088167,0.3312240516192048,,,,
"P3 (k_meth, Ea_meth, n)",3,675/750/800,18,12.020883457196284,258.31361744507893,0.6128777689470453,0.1674214931561648,0.303891108871535,,,,
"P3 (k_meth, Ea_meth, n)",3,650/775/850,18,12.000341442165993,296.7862945419472,0.6847406639038283,0.1680818508563656,0.4222036404209904,,,,
"P3 (k_meth, Ea_meth, n)",3,600/650/725,18,11.99944207235281,345.87326657014455,0.6911834806088046,0.06926604824369247,0.43325188180515933,,,,
"P3 (k_meth, Ea_meth, n)",3,650/675/825,18,11.994676330276308,616.0765422889365,0.874894543810406,0.21782267948693895,0.5076053785352502,,,,
"P3 (k_meth, Ea_meth, n)",3,600/625/725,18,11.960013094549307,371.30265047174015,0.6953826229520463,0.06866786461259056,0.4367932033250739,,,,
"P3 (k_meth, Ea_meth, n)",3,625/650/750,18,11.890186265406001,213.36798226452905,0.5335504939610116,0.11216496942538547,0.3461223248250572,,,,
"P3 (k_meth, Ea_meth, n)",3,600/625/825,18,11.88705254931952,764.5605602981865,0.8447060129110329,0.20835313469897365,0.6675909446431648,,,,
"P3 (k_meth, Ea_meth, n)",3,650/700/750,18,11.878012696130842,185.90372107676072,0.504608046474529,0.11213988612636147,0.2996646023865163,,,,
"P3 (k_meth, Ea_meth, n)",3,625/800/850,18,11.82192330793691,714.9160180881785,0.8488550748544751,0.20790770769140343,0.6217292817222653,,,,
"P3 (k_meth, Ea_meth, n)",3,625/675/725,18,11.815234385924594,361.43129958200524,0.6739439166914505,0.08110764474577735,0.42095145394053396,,,,
"P3 (k_meth, Ea_meth, n)",3,600/800/850,18,11.811844698003549,664.0257967929068,0.7320835723740684,0.1777155228584352,0.6195542962303144,,,,
"P3 (k_meth, Ea_meth, n)",3,675/750/850,18,11.799433908176685,312.40484483767136,0.6837689075931814,0.16670069638521506,0.35092934511656637,,,,
"P3 (k_meth, Ea_meth, n)",3,650/800/825,18,11.798845547813395,859.0900585139294,0.9367477750315029,0.24142563991228178,0.5820035040084388,,,,
"P3 (k_meth, Ea_meth, n)",3,675/700/800,18,11.797274280530736,547.2956384536993,0.7983021433708785,0.21163700455806156,0.3811239365762983,,,,
"P3 (k_meth, Ea_meth, n)",3,675/775/800,18,11.780129971967197,367.07723400438056,0.7175276910671832,0.19736003475693503,0.35890336252590055,,,,
"P3 (k_meth, Ea_meth, n)",3,675/725/775,18,11.74098616942932,163.87814340447267,0.5023405944308672,0.14706711373089684,0.24609003428749893,,,,
"P3 (k_meth, Ea_meth, n)",3,650/675/775,18,11.739588358520542,263.72941069781587,0.5969240878167204,0.16171523247824413,0.34626960406942936,,,,
"P3 (k_meth, Ea_meth, n)",3,675/700/825,18,11.720890019565694,745.482045542757,0.9118046591396964,0.23109036159870272,0.44028418307394324,,,,
"P3 (k_meth, Ea_meth, n)",3,675/775/825,18,11.718692680923215,485.1112876632888,0.7918199443967568,0.20982900233319518,0.4014438019408177,,,,
"P3 (k_meth, Ea_meth, n)",3,625/650/725,18,11.692436688711076,385.88128133503403,0.6912345799785585,0.08589598287060564,0.4328271442731108,,,,
"P3 (k_meth, Ea_meth, n)",3,650/800/850,18,11.599844635925713,852.3734810274303,0.9836379877230457,0.24273517147075535,0.6125967574942673,,,,
"P3 (k_meth, Ea_meth, n)",3,700/725/825,18,11.574632920202056,546.9137003197083,0.8029345595059234,0.21190960912246637,0.31271367064270433,,,,
"P3 (k_meth, Ea_meth, n)",3,675/775/850,18,11.556684283338416,443.52645153183323,0.7992926279290823,0.19986323220477975,0.4127029371309059,,,,
"P3 (k_meth, Ea_meth, n)",3,625/650/850,18,11.551706515427039,775.7728889834336,1.006759643657753,0.22417678972314523,0.681029647929953,,,,
"P3 (k_meth, Ea_meth, n)",3,675/750/775,18,11.502973732965156,163.53241154776876,0.5488481819878751,0.16645690054655465,0.2703481936356594,,,,
"P3 (k_meth, Ea_meth, n)",3,650/675/850,18,11.49750150930123,799.5591508621933,1.024796008729578,0.2304116940473242,0.5993377772013039,,,,
"P3 (k_meth, Ea_meth, n)",3,700/725/800,18,11.478988050528763,466.3574396565571,0.7640942470729586,0.21305930106837345,0.2891956354742981,,,,
"P3 (k_meth, Ea_meth, n)",3,650/675/750,18,11.466969659135518,239.6331640643362,0.5627003249332383,0.140031638174883,0.33447511462746465,,,,
"P3 (k_meth, Ea_meth, n)",3,650/700/725,18,11.455060152216642,338.8439741834566,0.6251315727855746,0.10303861336254354,0.385760244987399,,,,
"P3 (k_meth, Ea_meth, n)",3,675/800/825,18,11.377745706341098,1177.0687229887462,1.090992510639672,0.28312666390647157,0.5592903423539914,,,,
"P3 (k_meth, Ea_meth, n)",3,700/750/825,18,11.36456164715052,502.6287253208089,0.8069804658104983,0.216754439593902,0.32456894867867353,,,,
"P3 (k_meth, Ea_meth, n)",3,700/725/850,18,11.355040215916535,525.9857875763705,0.8187529340816571,0.19947026569779555,0.3366378342483155,,,,
"P3 (k_meth, Ea_meth, n)",3,675/725/750,18,11.335628279531555,157.64288037675192,0.48853569324479607,0.14686347180888398,0.25678559675579626,,,,
"P3 (k_meth, Ea_meth, n)",3,675/700/850,18,11.323218399941918,865.5043919694467,1.0159480486037786,0.23379909897608872,0.504806114664371,,,,
"P3 (k_meth, Ea_meth, n)",3,700/750/800,18,11.275915858885424,428.57491762722276,0.7737287868892108,0.21886810052381414,0.30158267085944335,,,,
"P3 (k_meth, Ea_meth, n)",3,600/625/850,18,11.261169094488412,1119.4245502962815,1.0528447164572006,0.23456138523092843,0.815845050588216,,,,
"P3 (k_meth, Ea_meth, n)",3,675/800/850,18,11.253713938937494,1100.5446278477773,1.1034154703120695,0.27423417726686933,0.5728617666046506,,,,
"P3 (k_meth, Ea_meth, n)",3,700/750/850,18,11.217505245517064,448.0099037524472,0.7988001183569386,0.20075517608252633,0.3370497438839725,,,,
"P3 (k_meth, Ea_meth, n)",3,675/700/775,18,11.20585303628787,341.05114391150374,0.672970124206405,0.19898120299266941,0.3215151797375235,,,,
"P3 (k_meth, Ea_meth, n)",3,650/675/725,18,11.147880759047851,402.4077778166842,0.6757133029412352,0.11616718462912524,0.4183241407317638,,,,
"P3 (k_meth, Ea_meth, n)",3,700/775/825,18,11.140243501976734,685.756419195736,0.9252214297961907,0.2491382782292597,0.3739656064369225,,,,
"P3 (k_meth, Ea_meth, n)",3,700/775/800,18,11.097303535047645,573.7506298430856,0.8798605914812906,0.24763642346872566,0.34482042071057806,,,,
"P3 (k_meth, Ea_meth, n)",3,700/775/850,18,11.07155796850595,577.035051188307,0.8904088015823648,0.22683394299346704,0.3748942911206658,,,,
"P3 (k_meth, Ea_meth, n)",3,600/675/700,18,11.070955632161176,1153.7490677727715,1.1894337357915896,0.06734053468691696,0.7463526817819925,,,,
"P3 (k_meth, Ea_meth, n)",3,700/800/825,18,10.95339315104022,1400.6669172707466,1.1818337542918798,0.30923467215849215,0.48602064489343677,,,,
"P3 (k_meth, Ea_meth, n)",3,700/800/850,18,10.926694300155834,1199.674265150339,1.138268344238068,0.2854687467341654,0.4816084169124823,,,,
"P3 (k_meth, Ea_meth, n)",3,600/650/700,18,10.830011005850364,1411.4016554856817,1.3012128386037036,0.0710017547562327,0.8169025106772377,,,,
"P3 (k_meth, Ea_meth, n)",3,675/700/750,18,10.825845694859218,283.0532706629294,0.6081309028744836,0.18628639584401954,0.31012233098259356,,,,
"P3 (k_meth, Ea_meth, n)",3,600/625/700,18,10.825414133148424,1503.5204840130577,1.3340539021458238,0.06813899556869249,0.8384521613725157,,,,
"P3 (k_meth, Ea_meth, n)",3,725/750/825,18,10.739706211476104,516.3232361627,0.8596186189460772,0.2377088736160763,0.26180012440982714,,,,
"P3 (k_meth, Ea_meth, n)",3,725/750/850,18,10.70261919437121,407.20594587902224,0.8047320149098008,0.2100626361480071,0.26781903500650817,,,,
"P3 (k_meth, Ea_meth, n)",3,625/675/700,18,10.677019955499423,1299.1824151966573,1.1859111540606155,0.08697824599062053,0.7432222401135596,,,,
"P3 (k_meth, Ea_meth, n)",3,725/800/850,18,10.626922369935237,829.8267888609288,0.9875899795124524,0.252315183826877,0.3216203667224109,,,,
"P3 (k_meth, Ea_meth, n)",3,625/825/850,18,10.619328224304352,2802.351529119485,1.6000234222490355,0.3884740161713085,1.181096371812468,,,,
"P3 (k_meth, Ea_meth, n)",3,700/725/775,18,10.617804170647364,343.5969602610539,0.7230297142398331,0.2408199776328462,0.2591303060840581,,,,
"P3 (k_meth, Ea_meth, n)",3,725/800/825,18,10.579781342488868,1047.2340326565718,1.0647387040529657,0.28298370689527264,0.3269332588679866,,,,
"P3 (k_meth, Ea_meth, n)",3,650/825/850,18,10.578590765049949,2806.6307342165796,1.7050482919413399,0.41454876341930036,1.068191383901947,,,,
"P3 (k_meth, Ea_meth, n)",3,725/775/850,18,10.573043794750616,492.3831748432048,0.8660592310539547,0.2271592003120205,0.2813933574155547,,,,
"P3 (k_meth, Ea_meth, n)",3,725/775/825,18,10.53958031261643,653.9477232094315,0.947675927475621,0.2611651268244305,0.2833861303431319,,,,
"P3 (k_meth, Ea_meth, n)",3,700/750/775,18,10.539304235361612,306.294707992485,0.7410013610479752,0.24511986942973857,0.268722178940448,,,,
"P3 (k_meth, Ea_meth, n)",3,725/750/800,18,10.518544554462277,499.64656841184427,0.8829281480423777,0.25888806962847477,0.2504227796464315,,,,
"P3 (k_meth, Ea_meth, n)",3,675/825/850,18,10.507283774238015,2731.3657666194536,1.6733411608330346,0.407776308827386,0.8754044368735138,,,,
"P3 (k_meth, Ea_meth, n)",3,700/825/850,18,10.502522157295592,2146.237772376954,1.4701200746707674,0.3601518968322329,0.6296103632191623,,,,
"P3 (k_meth, Ea_meth, n)",3,725/825/850,18,10.490270552475344,1099.2810483074552,1.0954850914836831,0.27248056045179825,0.36258963303559444,,,,
"P3 (k_meth, Ea_meth, n)",3,600/825/850,18,10.484612312410617,2879.6536442198612,1.452296169793397,0.352135603679541,1.2469915293477518,,,,
"P3 (k_meth, Ea_meth, n)",3,625/650/700,18,10.451382823187126,1557.4941436230763,1.296175794771424,0.0908807418079386,0.8130650904810498,,,,
"P3 (k_meth, Ea_meth, n)",3,675/700/725,18,10.377372423509119,376.580188914196,0.6421500544038825,0.1759126964302054,0.37739889482542816,,,,
"P3 (k_meth, Ea_meth, n)",3,725/775/800,18,10.341678189143321,639.7111305753065,0.9787535749590436,0.28345823767202744,0.2729561004926715,,,,
"P3 (k_meth, Ea_meth, n)",3,700/725/750,18,10.049789055314445,301.14451791065756,0.6774123853647019,0.26464395391460355,0.2517423074703728,,,,
"P3 (k_meth, Ea_meth, n)",3,650/675/700,18,9.820801523773653,1381.635426304258,1.168792631344791,0.13841645761258778,0.7287882393950715,,,,
"P3 (k_meth, Ea_meth, n)",3,750/775/850,18,9.691877669973525,447.2135480667447,0.8722584755864342,0.23481582226096667,0.2764638118170714,,,,
"P3 (k_meth, Ea_meth, n)",3,750/800/850,18,9.657321085112205,734.5406013412237,0.9676526870557757,0.25198773046390216,0.31137804403190195,,,,
"P3 (k_meth, Ea_meth, n)",3,750/775/825,18,9.56284667899768,661.3312394477149,1.0015133202536433,0.28131879330461373,0.2756839098597226,,,,
"P3 (k_meth, Ea_meth, n)",3,750/800/825,18,9.538882657913508,1006.2110050005484,1.0847279617616254,0.2927108893798137,0.3127471957431217,,,,
"P3 (k_meth, Ea_meth, n)",3,750/825/850,18,9.499468324770127,915.1840517842919,1.0369939875299006,0.2625869588716848,0.3427141103704825,,,,
"P3 (k_meth, Ea_meth, n)",3,600/650/675,18,9.420981857445646,4782.366082764699,2.2866890337658883,0.08511570438113446,1.4338047314580529,,,,
"P3 (k_meth, Ea_meth, n)",3,750/775/800,18,9.298459079339452,725.2044254376023,1.1019447702148477,0.32548873473163004,0.2651226240887185,,,,
"P3 (k_meth, Ea_meth, n)",3,600/625/675,18,9.271591486266685,5769.961081556038,2.4823768640087036,0.08307219243720815,1.5568149474734094,,,,
"P3 (k_meth, Ea_meth, n)",3,725/750/775,18,9.239563113112442,579.9459205233935,1.103494384312072,0.392434734862599,0.23464348887732372,,,,
"P3 (k_meth, Ea_meth, n)",3,625/650/675,18,8.81543223507617,5058.813268325232,2.250656953768544,0.12286182674996696,1.411028106260736,,,,
"P3 (k_meth, Ea_meth, n)",3,775/800/850,18,8.7737584171384,1032.319877837441,1.1308820342706891,0.2959012632944406,0.35490884466735617,,,,
"P3 (k_meth, Ea_meth, n)",3,775/800/825,18,8.497985609453481,1660.5484279098193,1.3763257713528665,0.37196036288853956,0.3566412515726921,,,,
"P3 (k_meth, Ea_meth, n)",3,775/825/850,18,8.442773496189686,1303.622268772009,1.2241593276713054,0.3119551474070342,0.4013761769228105,,,,
"P3 (k_meth, Ea_meth, n)",3,600/625/650,18,7.292633635762736,22678.41365099647,4.6808002546659555,0.12090244202557984,2.933630938095556,,,,
"P3 (k_meth, Ea_meth, n)",3,800/825/850,18,7.23967335316865,2748.7319160625575,1.6154783528800079,0.4070704428584217,0.5639987679156628,,,,
"P3 (k_meth, Ea_meth, n)",4,600/700/725/825,24,14.675130224301821,81.77177539313698,0.28881564587548725,0.05717981707612871,0.17954518950375356,,,,
"P3 (k_meth, Ea_meth, n)",4,600/700/800/825,24,14.648948145288877,111.70658765344668,0.29943289053975625,0.06758133134313238,0.19899506807573325,,,,
"P3 (k_meth, Ea_meth, n)",4,600/675/725/825,24,14.616261103863891,83.16674542951786,0.30335080868706404,0.061847045260031375,0.19144700148015723,,,,
"P3 (k_meth, Ea_meth, n)",4,600/700/725/800,24,14.598001543718151,75.6635520551223,0.28692742757409845,0.05678314826614532,0.17865134766626617,,,,
"P3 (k_meth, Ea_meth, n)",4,600/675/700/825,24,14.569617804734442,105.5694244265935,0.3296098450156464,0.06611365523427876,0.20520379803972777,,,,
"P3 (k_meth, Ea_meth, n)",4,600/650/725/825,24,14.548965447484383,79.79912600966401,0.3134805125628695,0.06547502560153089,0.20618930867616075,,,,
"P3 (k_meth, Ea_meth, n)",4,600/625/700/825,24,14.545859022650266,104.59390314939675,0.3335193383360225,0.06694397878442399,0.22561695893913672,,,,
"P3 (k_meth, Ea_meth, n)",4,600/675/725/800,24,14.543936162488118,76.36524354829386,0.2996771181714118,0.061182693057174206,0.18911241840865556,,,,
"P3 (k_meth, Ea_meth, n)",4,600/725/800/825,24,14.537189981517201,99.50328290252133,0.27932172181678144,0.06380250504587745,0.19432001299890933,,,,
"P3 (k_meth, Ea_meth, n)",4,600/625/725/825,24,14.532222685799862,92.76308531917986,0.31050764997761426,0.06459338882578818,0.21535493810592896,,,,
"P3 (k_meth, Ea_meth, n)",4,600/650/700/825,24,14.504101437675619,103.54535368756328,0.34139758527878794,0.06967060920941175,0.22059859989585265,,,,
"P3 (k_meth, Ea_meth, n)",4,600/675/700/800,24,14.49875511110163,98.82961352347233,0.3244086971815282,0.06507156389351043,0.2021348335115966,,,,
"P3 (k_meth, Ea_meth, n)",4,600/625/700/800,24,14.492379222827457,96.78116746383328,0.32686828009779,0.06529199952152974,0.22012467894413243,,,,
"P3 (k_meth, Ea_meth, n)",4,600/650/725/800,24,14.486809823763647,71.88605400901439,0.30793094275313243,0.06441155957110482,0.20195506359891402,,,,
"P3 (k_meth, Ea_meth, n)",4,600/625/725/800,24,14.479521465469698,83.39656917531708,0.30474606502497,0.06325225351131449,0.21005276483091914,,,,
"P3 (k_meth, Ea_meth, n)",4,600/700/800/850,24,14.464315978860075,114.59885534371094,0.31615600465293475,0.0675658185306259,0.20923947018927805,,,,
"P3 (k_meth, Ea_meth, n)",4,600/700/825/850,24,14.46338424562748,130.80039300788164,0.3256413118479895,0.0693985457016282,0.21617519647751915,,,,
"P3 (k_meth, Ea_meth, n)",4,600/700/775/825,24,14.460869252461563,86.74905262066687,0.2969710465024683,0.06500215787617161,0.19540701326861415,,,,
"P3 (k_meth, Ea_meth, n)",4,600/700/750/825,24,14.458878089112254,81.07947724831547,0.29548205218515466,0.0620890615305471,0.19155006643990902,,,,
"P3 (k_meth, Ea_meth, n)",4,625/700/725/825,24,14.448979499081116,100.25045008595653,0.3200274124335531,0.0686765108463825,0.1908463224395593,,,,
"P3 (k_meth, Ea_meth, n)",4,600/650/700/800,24,14.44450843719039,98.40280750446898,0.3340566939832591,0.06815515751692727,0.21549553791971307,,,,
"P3 (k_meth, Ea_meth, n)",4,600/675/800/825,24,14.44192134629579,138.67201296353292,0.3429610715565412,0.08008682507019378,0.23202803410212647,,,,
"P3 (k_meth, Ea_meth, n)",4,600/700/775/800,24,14.424743821564167,76.23100420662023,0.29069577370034505,0.06404631469870983,0.19084570346655597,,,,
"P3 (k_meth, Ea_meth, n)",4,600/700/750/800,24,14.40359998059575,72.16633944565845,0.290897034963926,0.06136846734106947,0.18835286185290745,,,,
"P3 (k_meth, Ea_meth, n)",4,625/725/800/825,24,14.394131584477604,118.0086748039852,0.3198921761038257,0.07649887052777775,0.20568143476628467,,,,
"P3 (k_meth, Ea_meth, n)",4,600/725/750/825,24,14.375748554076196,71.17464766000178,0.27617743953449225,0.05890162052757762,0.1847609298945458,,,,
"P3 (k_meth, Ea_meth, n)",4,625/700/725/800,24,14.373799964889951,92.61974243800343,0.3141814713439756,0.06808943913799513,0.18788021685136005,,,,
"P3 (k_meth, Ea_meth, n)",4,625/700/800/825,24,14.368326255598571,146.9883287941947,0.3569064753591495,0.08480075055273878,0.2226275451566349,,,,
"P3 (k_meth, Ea_meth, n)",4,600/725/800/850,24,14.364117644951314,100.89620764268878,0.2932259250480112,0.06362553529080849,0.2025337554607757,,,,
"P3 (k_meth, Ea_meth, n)",4,600/725/825/850,24,14.36295142462814,114.68298134233628,0.3009997676949412,0.06514040186630507,0.20897418951418734,,,,
"P3 (k_meth, Ea_meth, n)",4,600/725/775/825,24,14.359718195785987,76.96166491142925,0.2773684176085372,0.06160221525406957,0.18980261035338267,,,,
"P3 (k_meth, Ea_meth, n)",4,600/700/725/850,24,14.342983455291325,94.38185585383079,0.3244179122181766,0.056965767105581294,0.20128362592169602,,,,
"P3 (k_meth, Ea_meth, n)",4,625/675/725/825,24,14.336367933574497,109.99500900544844,0.34283056043005256,0.07576385467587887,0.20821301136583054,,,,
"P3 (k_meth, Ea_meth, n)",4,600/675/750/825,24,14.331037629800432,87.42372424921048,0.3212281906478206,0.07022426528737627,0.2115562739062915,,,,
"P3 (k_meth, Ea_meth, n)",4,600/725/775/800,24,14.325881111404222,67.59881265560362,0.2722443658822579,0.06085470589749681,0.18549214954695367,,,,
"P3 (k_meth, Ea_meth, n)",4,600/725/750/800,24,14.32300052071129,63.068546811255835,0.2725930894701762,0.05838881186650687,0.1817922337963698,,,,
"P3 (k_meth, Ea_meth, n)",4,600/675/775/825,24,14.291841954910181,99.07136278847516,0.33040608758959594,0.07534562859526685,0.22113575537093155,,,,
"P3 (k_meth, Ea_meth, n)",4,600/675/750/800,24,14.286947958767925,75.49437075255395,0.31315291256590794,0.06892322541166367,0.2057343678918877,,,,
"P3 (k_meth, Ea_meth, n)",4,625/650/725/825,24,14.28658941867785,108.56183511875969,0.35344784126691575,0.07927235800300543,0.22473364712360644,,,,
"P3 (k_meth, Ea_meth, n)",4,600/675/725/850,24,14.276658797480762,95.53171706008229,0.34058720176659657,0.061642726891349975,0.2141519003019694,,,,
"P3 (k_meth, Ea_meth, n)",4,600/675/775/800,24,14.271570049114708,83.91934948805536,0.31957697273871094,0.07355447515616549,0.2132178234789401,,,,
"P3 (k_meth, Ea_meth, n)",4,625/675/725/800,24,14.269539731780405,101.39811102070367,0.33386836748931026,0.07470536232566741,0.2029636000347403,,,,
"P3 (k_meth, Ea_meth, n)",4,600/675/800/850,24,14.252076880687124,141.03488832897156,0.3619066823311511,0.08020807022691351,0.24377157991765402,,,,
"P3 (k_meth, Ea_meth, n)",4,625/725/750/825,24,14.240131347649346,79.48357865109912,0.30537422283178245,0.06976776185147586,0.19216076369395257,,,,
"P3 (k_meth, Ea_meth, n)",4,625/650/725/800,24,14.232262749113897,101.06411823668675,0.34212319924210877,0.07764348951047978,0.21724755167450735,,,,
"P3 (k_meth, Ea_meth, n)",4,625/725/800/850,24,14.225920972500074,117.72628743402798,0.33392979084177166,0.07611898644086347,0.21433062171362924,,,,
"P3 (k_meth, Ea_meth, n)",4,600/625/675/825,24,14.223886787204751,151.26814901899863,0.38241827093010694,0.08144795514949212,0.2624084368322239,,,,
"P3 (k_meth, Ea_meth, n)",4,625/725/775/825,24,14.223066426892833,87.13033730080461,0.3110736156368156,0.07341532514318024,0.1984652035525272,,,,
"P3 (k_meth, Ea_meth, n)",4,625/700/750/825,24,14.220841209851123,99.94267531341242,0.33497116566107493,0.07586274393731181,0.2062125979044277,,,,
"P3 (k_meth, Ea_meth, n)",4,600/675/825/850,24,14.220705424660014,168.14213492142122,0.3795375005011586,0.08374937001021067,0.2565472232662349,,,,
"P3 (k_meth, Ea_meth, n)",4,625/725/825/850,24,14.219128049047857,136.50483457401668,0.34610994309557486,0.07828156825028766,0.22280790184404062,,,,
"P3 (k_meth, Ea_meth, n)",4,600/700/775/850,24,14.212975048227152,90.96858204292742,0.3204569468088871,0.06477771133744323,0.2097089434591057,,,,
"P3 (k_meth, Ea_meth, n)",4,600/650/675/825,24,14.211963617323635,144.00991745992425,0.3883054593523527,0.08338363811730197,0.2542019926728221,,,,
"P3 (k_meth, Ea_meth, n)",4,600/650/725/850,24,14.206479436372556,91.93538232392521,0.3512555771382661,0.06528954153588687,0.22892299529543952,,,,
"P3 (k_meth, Ea_meth, n)",4,625/700/775/825,24,14.203945462447521,108.89536209656858,0.3436536777597397,0.08046120350467334,0.21347726159174843,,,,
"P3 (k_meth, Ea_meth, n)",4,600/625/675/800,24,14.19719753138231,136.75283730745582,0.36715489061137074,0.07827195447844483,0.2507337566945832,,,,
"P3 (k_meth, Ea_meth, n)",4,625/675/700/825,24,14.19068570314911,154.8646888856569,0.3861350141920824,0.08439206316127039,0.23171664804517642,,,,
"P3 (k_meth, Ea_meth, n)",4,600/675/700/850,24,14.190038316740047,129.56080244742736,0.3769127804979033,0.06630100200941355,0.2344754196243253,,,,
"P3 (k_meth, Ea_meth, n)",4,600/625/725/850,24,14.187523227464418,109.76561031663839,0.3482775059036495,0.06446377299145765,0.2375978847317044,,,,
"P3 (k_meth, Ea_meth, n)",4,625/725/775/800,24,14.187404985382184,75.55050856914708,0.3026966676471126,0.07247977331872692,0.19270788806380376,,,,
"P3 (k_meth, Ea_meth, n)",4,625/700/800/850,24,14.186467083475058,148.89722458800267,0.3748639394035125,0.08467627751874308,0.23391072193179713,,,,
"P3 (k_meth, Ea_meth, n)",4,625/725/750/800,24,14.184912570281885,69.89631788702994,0.29859874823094623,0.06915096055220567,0.1877467889081694,,,,
"P3 (k_meth, Ea_meth, n)",4,600/650/675/800,24,14.175451969494741,133.30422448628232,0.37311796702040284,0.08052369555423243,0.24366516050945966,,,,
"P3 (k_meth, Ea_meth, n)",4,625/700/775/800,24,14.17353468361163,95.0312402787994,0.33229579888676847,0.07897723119507541,0.2061631847862775,,,,
"P3 (k_meth, Ea_meth, n)",4,625/700/750/800,24,14.169051537765894,89.02121518995504,0.3256893465590783,0.07478709245827646,0.2005096041449077,,,,
"P3 (k_meth, Ea_meth, n)",4,600/700/750/850,24,14.167080595754964,88.08379921651672,0.32499798975777594,0.061861728601378736,0.20957135441032704,,,,
"P3 (k_meth, Ea_meth, n)",4,625/700/825/850,24,14.1664108618636,174.8582280992639,0.3922583627850176,0.08789815916936393,0.2452492512590009,,,,
"P3 (k_meth, Ea_meth, n)",4,600/625/700/850,24,14.157991176381032,133.24460622948968,0.3825186018689189,0.06731385947330856,0.255490988939478,,,,
"P3 (k_meth, Ea_meth, n)",4,625/650/700/825,24,14.137992546127908,158.3804527906023,0.3997753696991713,0.08816545504864393,0.2503539586145581,,,,
"P3 (k_meth, Ea_meth, n)",4,625/675/700/800,24,14.134109595170537,141.79229098282283,0.3726698137249703,0.08243936619563322,0.22392610479206101,,,,
"P3 (k_meth, Ea_meth, n)",4,600/725/775/850,24,14.128852220284195,79.37171875688222,0.29689610945210193,0.06125441888256826,0.2011867859390513,,,,
"P3 (k_meth, Ea_meth, n)",4,625/700/725/850,24,14.120866476619,115.50949998679408,0.35558420355826176,0.06829166908549364,0.21310908614545046,,,,
"P3 (k_meth, Ea_meth, n)",4,600/650/700/850,24,14.11846955255904,131.30744590825572,0.39052532816274366,0.06999910435092378,0.25083581580892444,,,,
"P3 (k_meth, Ea_meth, n)",4,600/725/750/850,24,14.106035892281788,75.54127260925075,0.30069107140916457,0.05855262814855592,0.19915571107321814,,,,
"P3 (k_meth, Ea_meth, n)",4,625/650/700/800,24,14.0968972897204,144.87928050199557,0.3831046341087362,0.08542402435755297,0.23976581677436004,,,,
"P3 (k_meth, Ea_meth, n)",4,600/650/750/825,24,14.090686174802,107.39702058376271,0.35602645889269857,0.08139282468435971,0.24720604026116627,,,,
"P3 (k_meth, Ea_meth, n)",4,600/650/750/800,24,14.074627829052965,90.46694234518152,0.3414295470224918,0.07873347952121927,0.2359883912133861,,,,
"P3 (k_meth, Ea_meth, n)",4,600/675/775/850,24,14.039357305820332,101.94358798955815,0.35555857822308506,0.075125493584043,0.23650364836216495,,,,
"P3 (k_meth, Ea_meth, n)",4,600/675/750/850,24,14.033039398680346,93.02790088742283,0.3525274009874798,0.07000946508904421,0.2306738383456815,,,,
"P3 (k_meth, Ea_meth, n)",4,625/675/725/850,24,14.000926677951565,127.85180088760617,0.3804066807743188,0.07536653488566838,0.2316317050097693,,,,
"P3 (k_meth, Ea_meth, n)",4,625/725/775/850,24,13.99900710810908,87.66988937379828,0.32993100367160405,0.07276988206426449,0.21003285091942756,,,,
"P3 (k_meth, Ea_meth, n)",4,625/675/750/825,24,13.993994611931312,119.99513963546782,0.3792388200424517,0.08931017013854792,0.23811901120891152,,,,
"P3 (k_meth, Ea_meth, n)",4,625/675/800/825,24,13.98619556849812,211.91274633089196,0.442384713589648,0.1085259052138609,0.28244395879482587,,,,
"P3 (k_meth, Ea_meth, n)",4,600/700/725/775,24,13.977887765196435,82.6871037949823,0.3294073016877895,0.05659502389556063,0.2061710640779514,,,,
"P3 (k_meth, Ea_meth, n)",4,625/725/750/850,24,13.97682414477238,82.52241130307613,0.3290591703258086,0.0691481731166948,0.20673220376931056,,,,
"P3 (k_meth, Ea_meth, n)",4,600/650/800/825,24,13.96689192459543,220.52497137112218,0.4298205502878169,0.10464764015005737,0.30945182925001924,,,,
"P3 (k_meth, Ea_meth, n)",4,625/700/775/850,24,13.961867019485148,112.74486304841963,0.36724955153086736,0.07996298880251344,0.22831386232819584,,,,
"P3 (k_meth, Ea_meth, n)",4,625/675/750/800,24,13.961764264291833,105.92587368358238,0.363347706133048,0.08707881148638302,0.2278173617758862,,,,
"P3 (k_meth, Ea_meth, n)",4,600/650/775/800,24,13.959535883307721,112.34617021767252,0.36497333873933985,0.0884528826951218,0.25796737986897145,,,,
"P3 (k_meth, Ea_meth, n)",4,625/650/725/850,24,13.947864418229802,129.18715640257685,0.39175927582416503,0.07890914828309112,0.24824909598982925,,,,
"P3 (k_meth, Ea_meth, n)",4,650/725/800/825,24,13.93580281286593,176.0904557280835,0.3965036756973335,0.09929828895063039,0.223512488251339,,,,
"P3 (k_meth, Ea_meth, n)",4,600/650/775/825,24,13.935148504452183,138.4998175638169,0.38684094355918597,0.0926966131717095,0.2746884489509211,,,,
"P3 (k_meth, Ea_meth, n)",4,625/700/750/850,24,13.934409898423095,108.02137847252727,0.36443821714237984,0.07539422427602868,0.22473520730615218,,,,
"P3 (k_meth, Ea_meth, n)",4,600/675/725/775,24,13.91583769055671,86.2418632654439,0.3396731330967145,0.06065264604348221,0.21401301975965958,,,,
"P3 (k_meth, Ea_meth, n)",4,600/700/750/775,24,13.903501651757075,64.5249378711747,0.31528138282271173,0.060567928114153104,0.20293934603093358,,,,
"P3 (k_meth, Ea_meth, n)",4,625/675/775/825,24,13.900874382760549,140.1578900494102,0.4051453804355489,0.09871405047745369,0.25714556428230473,,,,
"P3 (k_meth, Ea_meth, n)",4,625/675/775/800,24,13.899810506069874,119.10793039807695,0.3843112455519007,0.09537678055372942,0.24335277073437867,,,,
"P3 (k_meth, Ea_meth, n)",4,650/700/725/825,24,13.878064817251182,163.67159556479618,0.39407306038531226,0.09335757960250035,0.21324133857585487,,,,
"P3 (k_meth, Ea_meth, n)",4,600/625/725/775,24,13.875421934664566,93.71441849512816,0.3419511180647826,0.06175592655920644,0.22724735788005102,,,,
"P3 (k_meth, Ea_meth, n)",4,600/625/750/800,24,13.871451004803333,127.02779843005884,0.3602737533906271,0.08501694601783419,0.26798889655160973,,,,
"P3 (k_meth, Ea_meth, n)",4,600/650/725/775,24,13.868773624549997,88.80297322020353,0.34431651117001133,0.06334749480247837,0.22196662658881744,,,,
"P3 (k_meth, Ea_meth, n)",4,600/725/750/775,24,13.85489457551608,51.71540020105082,0.2938316025354928,0.0580426736369089,0.19285593200061205,,,,
"P3 (k_meth, Ea_meth, n)",4,600/625/750/825,24,13.847805598536734,153.5745359615125,0.3824360480468607,0.08963377529310959,0.28653303064864155,,,,
"P3 (k_meth, Ea_meth, n)",4,600/625/700/775,24,13.83395035031688,122.93122536111004,0.37571316322113074,0.06305194859069195,0.24625310413196766,,,,
"P3 (k_meth, Ea_meth, n)",4,600/675/700/775,24,13.818543076118285,121.21956329282939,0.37320925716105785,0.06378147041799366,0.23364579920181977,,,,
"P3 (k_meth, Ea_meth, n)",4,600/625/675/850,24,13.81605480022499,195.50457081770122,0.4390705465405388,0.08237851732864783,0.2973274884105678,,,,
"P3 (k_meth, Ea_meth, n)",4,625/675/700/850,24,13.80893025920907,190.49910073230103,0.43727202352126726,0.08473303123050342,0.2637015600640727,,,,
"P3 (k_meth, Ea_meth, n)",4,600/650/675/850,24,13.807250051597965,187.06897919549743,0.4448648020727751,0.08423206552309632,0.2891983395866146,,,,
"P3 (k_meth, Ea_meth, n)",4,650/700/725/800,24,13.80457011999917,147.32933826738838,0.3799684586863763,0.09247061030553218,0.2060983409055118,,,,
"P3 (k_meth, Ea_meth, n)",4,625/675/800/850,24,13.797892797629046,212.63458835893454,0.46457034387155677,0.10861915009290127,0.296459482424256,,,,
"P3 (k_meth, Ea_meth, n)",4,650/725/750/825,24,13.796341142512727,117.00907481728882,0.3635240153671556,0.08972959073864184,0.20367182550912458,,,,
"P3 (k_meth, Ea_meth, n)",4,600/675/750/775,24,13.793003588585488,70.12521739811662,0.33112643579891576,0.06732336407757479,0.21513254394897444,,,,
"P3 (k_meth, Ea_meth, n)",4,600/750/800/825,24,13.792148058433611,159.64900198522355,0.34135965469590007,0.08315882361797834,0.2673943287135631,,,,
"P3 (k_meth, Ea_meth, n)",4,600/650/750/850,24,13.788816432455336,118.71353870055563,0.3890367974153394,0.08124170226261282,0.267203349790865,,,,
"P3 (k_meth, Ea_meth, n)",4,650/725/800/850,24,13.779566076536884,173.83902410447342,0.4099687690296719,0.09822697689440575,0.23253566021950312,,,,
"P3 (k_meth, Ea_meth, n)",4,600/650/700/775,24,13.776412773858148,124.71246739571143,0.3796719412323475,0.06617193521189142,0.24253155929578696,,,,
"P3 (k_meth, Ea_meth, n)",4,650/725/775/825,24,13.775572758059491,128.92929569374817,0.3762222630769926,0.09472348493743958,0.21187204866116993,,,,
"P3 (k_meth, Ea_meth, n)",4,600/650/800/850,24,13.766981820502346,225.71730685972204,0.4539695652129594,0.10530929737144192,0.3247945193327605,,,,
"P3 (k_meth, Ea_meth, n)",4,650/675/725/825,24,13.763575209084246,187.4408547504943,0.42713081522378815,0.10288732624087812,0.23852578767798854,,,,
"P3 (k_meth, Ea_meth, n)",4,650/725/825/850,24,13.762599350580247,204.04619879766338,0.43011144268731744,0.10157238267447674,0.2445074211537576,,,,
"P3 (k_meth, Ea_meth, n)",4,600/750/775/800,24,13.762410606117498,89.1952290465289,0.3056021172259787,0.0738650353602047,0.23137387520287875,,,,
"P3 (k_meth, Ea_meth, n)",4,625/700/725/775,24,13.75016988500313,99.38187662002935,0.3442810034250503,0.06791475849974492,0.20990322681824683,,,,
"P3 (k_meth, Ea_meth, n)",4,625/650/700/850,24,13.74849225339862,198.6126154401114,0.45356640708642,0.08876250887450643,0.2838126051363262,,,,
"P3 (k_meth, Ea_meth, n)",4,600/750/775/825,24,13.74456567761957,107.19886965163765,0.3184022434095458,0.07632448789683735,0.24324232412625044,,,,
"P3 (k_meth, Ea_meth, n)",4,650/725/775/800,24,13.733615252619519,112.653724425684,0.36297376668204484,0.09377846261658662,0.2039686804448066,,,,
"P3 (k_meth, Ea_meth, n)",4,650/725/750/800,24,13.733525632699646,103.49165185282604,0.351769754127803,0.08924755294243747,0.1970590518459916,,,,
"P3 (k_meth, Ea_meth, n)",4,625/650/750/800,24,13.726615972768617,127.79939612792822,0.4039558433113193,0.10023501797778102,0.26743184998624986,,,,
"P3 (k_meth, Ea_meth, n)",4,625/650/750/825,24,13.718324206567967,144.86525284706536,0.4310577217727992,0.1049528756582509,0.2861958694232112,,,,
"P3 (k_meth, Ea_meth, n)",4,625/750/800/825,24,13.716678982066732,184.65861301670944,0.3959429297781808,0.0993917658964342,0.2761455896742102,,,,
"P3 (k_meth, Ea_meth, n)",4,625/675/825/850,24,13.710237489405895,270.456020878057,0.5042388314855595,0.11674281939243512,0.3226125381308571,,,,
"P3 (k_meth, Ea_meth, n)",4,625/725/750/775,24,13.70669797539977,59.017033164077624,0.3101922519453717,0.06893087466735551,0.19518554381802705,,,,
"P3 (k_meth, Ea_meth, n)",4,650/675/725/800,24,13.704566494693891,166.74303005950728,0.40776107481608936,0.10104551764192657,0.2277886013800274,,,,
"P3 (k_meth, Ea_meth, n)",4,625/675/750/850,24,13.702229476782463,130.8504136378677,0.41113077506335144,0.0887716523801179,0.2580918912616361,,,,
"P3 (k_meth, Ea_meth, n)",4,650/700/800/825,24,13.694378827804215,274.48218644997274,0.487045029185962,0.12188101627780576,0.27024269592600003,,,,
"P3 (k_meth, Ea_meth, n)",4,600/650/775/850,24,13.678827627224763,145.888516771211,0.41441144564373056,0.09255597980285607,0.2915147812153795,,,,
"P3 (k_meth, Ea_meth, n)",4,625/750/775/800,24,13.678617147615864,96.39891846515896,0.3456951049501361,0.08802621885543369,0.23654591362089003,,,,
"P3 (k_meth, Ea_meth, n)",4,625/700/750/775,24,13.668610517231214,82.00989275549345,0.3371874117259547,0.07371705007126551,0.20904182036473604,,,,
"P3 (k_meth, Ea_meth, n)",4,625/750/775/825,24,13.668024945183939,118.01251099702804,0.3627455364090569,0.09084788221716772,0.24952543374281014,,,,
"P3 (k_meth, Ea_meth, n)",4,625/675/775/850,24,13.655780718393906,144.42852717880905,0.4311468960614721,0.09807508711972299,0.27347140141999304,,,,
"P3 (k_meth, Ea_meth, n)",4,625/675/725/775,24,13.641972050781701,108.9317290590866,0.3583161195079786,0.07398046822073918,0.22025836386933745,,,,
"P3 (k_meth, Ea_meth, n)",4,650/700/750/825,24,13.63749383241562,170.4647009790597,0.42234543229216953,0.10407743572101366,0.23360903982570214,,,,
"P3 (k_meth, Ea_meth, n)",4,625/650/675/800,24,13.633200040137481,229.81062008946068,0.46690100318458855,0.11079703126871229,0.29604583920304356,,,,
"P3 (k_meth, Ea_meth, n)",4,600/650/825/850,24,13.632838077296945,299.78099836724647,0.501916143396615,0.11580871245476126,0.36076250598090776,,,,
"P3 (k_meth, Ea_meth, n)",4,600/750/800/850,24,13.625035863811279,159.3953293862594,0.3560274540160826,0.0831366146489706,0.2765984159686602,,,,
"P3 (k_meth, Ea_meth, n)",4,625/650/725/775,24,13.618184196032313,110.92638527532411,0.36268092419741654,0.07615669994618902,0.22922027393623817,,,,
"P3 (k_meth, Ea_meth, n)",4,600/650/750/775,24,13.617220794055454,85.95210624079628,0.3476722246009366,0.07533941386848897,0.23479074215655563,,,,
"P3 (k_meth, Ea_meth, n)",4,625/650/675/825,24,13.616291718487759,269.16413504741274,0.5059261095062169,0.11787242083727535,0.3212871832305173,,,,
"P3 (k_meth, Ea_meth, n)",4,600/625/650/800,24,13.613445791129486,246.8375196063846,0.4567516824636758,0.10661189111342127,0.32678967322451563,,,,
"P3 (k_meth, Ea_meth, n)",4,600/700/725/750,24,13.600850994441787,112.66519953252686,0.3819780769606722,0.05593860580622976,0.23953217788056896,,,,
"P3 (k_meth, Ea_meth, n)",4,600/625/775/800,24,13.597039208139801,180.53877993375255,0.4121918592771444,0.10334123027377481,0.3173615996363935,,,,
"P3 (k_meth, Ea_meth, n)",4,650/700/750/800,24,13.58851876885657,149.57210363713978,0.40389426249589333,0.10243875188677957,0.22317352930026102,,,,
"P3 (k_meth, Ea_meth, n)",4,650/700/775/825,24,13.582539199856253,194.35765181739774,0.4475162519353286,0.11260536641294694,0.24817993615308964,,,,
"P3 (k_meth, Ea_meth, n)",4,650/725/775/850,24,13.567622732571872,128.71766805957643,0.3930628688407934,0.09315343327983641,0.22340130635746344,,,,
"P3 (k_meth, Ea_meth, n)",4,650/700/725/850,24,13.561898275099892,184.37067142250328,0.4295693877839908,0.09230592671930053,0.23660680888022315,,,,
"P3 (k_meth, Ea_meth, n)",4,650/700/775/800,24,13.559929092867755,167.76862029233288,0.4257662329564199,0.11007474553856066,0.23543826099271623,,,,
"P3 (k_meth, Ea_meth, n)",4,625/750/800/850,24,13.559207355192603,180.70083350534549,0.4102763886502331,0.09892337162444802,0.28525002004373556,,,,
"P3 (k_meth, Ea_meth, n)",4,600/625/675/775,24,13.55588312478552,157.96320280176596,0.4023997324203533,0.07405422185727778,0.2666569986465672,,,,
"P3 (k_meth, Ea_meth, n)",4,650/725/750/850,24,13.548371036440859,120.73339769454678,0.38511040307107003,0.08827187110323839,0.21829200259540593,,,,
"P3 (k_meth, Ea_meth, n)",4,600/625/650/825,24,13.542152798886413,307.339301572092,0.5039147978164153,0.11656137989740034,0.36242736847080925,,,,
"P3 (k_meth, Ea_meth, n)",4,600/625/750/850,24,13.540230155622044,171.4543387615782,0.4173461490880485,0.08970281408619346,0.30753509985939537,,,,
"P3 (k_meth, Ea_meth, n)",4,600/750/825/850,24,13.536992801546676,197.50018459607284,0.38010252238437076,0.08847226100260377,0.29824317677121853,,,,
"P3 (k_meth, Ea_meth, n)",4,600/750/775/850,24,13.532868724320801,107.14422754320361,0.33604061131299795,0.07594435131954602,0.25366239536413593,,,,
"P3 (k_meth, Ea_meth, n)",4,600/675/725/750,24,13.530705034913646,119.15062551528624,0.39382633260086736,0.05948440682694744,0.2476157303259499,,,,
"P3 (k_meth, Ea_meth, n)",4,600/625/725/750,24,13.529143812665186,123.58401594753221,0.3963550642140307,0.059166031730065224,0.25601453619256637,,,,
"P3 (k_meth, Ea_meth, n)",4,650/700/800/850,24,13.523866624161279,276.03846915574394,0.5064773070335779,0.12102618465288505,0.28308556857471956,,,,
"P3 (k_meth, Ea_meth, n)",4,600/650/675/775,24,13.51977996219377,156.25462731901484,0.40615625385794196,0.0767823772810836,0.26154578309779947,,,,
"P3 (k_meth, Ea_meth, n)",4,625/650/775/800,24,13.513373841080348,163.27043217834705,0.4592939548375547,0.1185586053570215,0.30897684213486876,,,,
"P3 (k_meth, Ea_meth, n)",4,600/650/725/750,24,13.5008021595888,120.77549784041112,0.3975519770663436,0.06135985168265598,0.25283500460564956,,,,
"P3 (k_meth, Ea_meth, n)",4,600/625/775/825,24,13.488391568201873,236.57758618329393,0.4550898656583184,0.11293429990914311,0.35267861217408203,,,,
"P3 (k_meth, Ea_meth, n)",4,625/675/750/775,24,13.477841770286433,97.85849073318751,0.3626193165623137,0.08453805430124238,0.2273800398085828,,,,
"P3 (k_meth, Ea_meth, n)",4,625/750/825/850,24,13.47064519191358,228.16776983082005,0.441880020061024,0.10558633905194938,0.30901996053477987,,,,
"P3 (k_meth, Ea_meth, n)",4,625/675/700/775,24,13.468981885014728,155.5212322999631,0.4001260545895448,0.0801547337808383,0.24423033060321275,,,,
"P3 (k_meth, Ea_meth, n)",4,625/750/775/850,24,13.46754739260373,114.13555938313137,0.37920729748511445,0.08992130315092534,0.25967343727999354,,,,
"P3 (k_meth, Ea_meth, n)",4,600/625/750/775,24,13.46725255723254,106.51251054844232,0.35625381791421457,0.07921454584150954,0.2551661691427641,,,,
"P3 (k_meth, Ea_meth, n)",4,650/700/825/850,24,13.457340010078092,339.3099567804002,0.5462967866241429,0.12861548026067499,0.3060469861522793,,,,
"P3 (k_meth, Ea_meth, n)",4,625/650/700/775,24,13.449837184924178,159.5257322313578,0.4065993132692107,0.08203134604616123,0.25471330550468196,,,,
"P3 (k_meth, Ea_meth, n)",4,650/675/725/850,24,13.439869255710487,212.13050855124672,0.46542438736939734,0.10177635221580676,0.2633676911503781,,,,
"P3 (k_meth, Ea_meth, n)",4,625/650/775/825,24,13.438688302527302,197.99000554008785,0.5039310887867987,0.12749374147121909,0.3400724221165856,,,,
"P3 (k_meth, Ea_meth, n)",4,625/650/750/850,24,13.423020643168929,166.97513296750736,0.46554374566723905,0.10442747565801515,0.3075278276475258,,,,
"P3 (k_meth, Ea_meth, n)",4,600/625/700/750,24,13.394831197778318,178.63520296295133,0.4527881944022671,0.06011522753248152,0.29068276892250305,,,,
"P3 (k_meth, Ea_meth, n)",4,650/675/700/825,24,13.382727192021576,324.7342763672958,0.5358554172071451,0.12860532604152963,0.29598395764949137,,,,
"P3 (k_meth, Ea_meth, n)",4,600/775/800/825,24,13.381716963898615,245.7723342554448,0.4043767787645483,0.1019778620391524,0.3322706509897652,,,,
"P3 (k_meth, Ea_meth, n)",4,625/700/725/750,24,13.37231153446017,130.20917422870988,0.3892228935695012,0.06700964785665044,0.24046278701465476,,,,
"P3 (k_meth, Ea_meth, n)",4,650/700/750/850,24,13.367700239105764,181.55048733951293,0.45075454597562437,0.10259975877028936,0.2526970066378141,,,,
"P3 (k_meth, Ea_meth, n)",4,650/675/700/800,24,13.363521943065843,276.3990570784455,0.49863772696219044,0.1232992661917741,0.2751900875613652,,,,
"P3 (k_meth, Ea_meth, n)",4,650/750/800/825,24,13.360526074721221,250.26762317542477,0.47882822341557263,0.12348352396948227,0.2865185178669903,,,,
"P3 (k_meth, Ea_meth, n)",4,650/700/775/850,24,13.359125705239105,199.0623959150631,0.4698644096915713,0.11088698616430422,0.2634007779693824,,,,
"P3 (k_meth, Ea_meth, n)",4,600/675/700/750,24,13.349786910082145,179.09751956380745,0.44770585360706294,0.06207392820452386,0.2809863240991029,,,,
"P3 (k_meth, Ea_meth, n)",4,650/675/750/825,24,13.34222840262144,231.1117878441423,0.5002945128423175,0.12646976025630374,0.2859202959251031,,,,
"P3 (k_meth, Ea_meth, n)",4,625/775/800/825,24,13.340133589015274,281.54183922798,0.4711707564360731,0.12117318304412587,0.3384786985576793,,,,
"P3 (k_meth, Ea_meth, n)",4,650/675/750/800,24,13.327977171518778,196.61509674005066,0.4684189341059029,0.12219002861502272,0.26693963021392214,,,,
"P3 (k_meth, Ea_meth, n)",4,600/650/700/750,24,13.322898565807716,182.14395479896126,0.45402741441510436,0.06358643426261616,0.2877300104371901,,,,
"P3 (k_meth, Ea_meth, n)",4,650/750/775/825,24,13.30819147608561,160.05281856448886,0.4327162190238747,0.11296500449935291,0.25698988322545696,,,,
"P3 (k_meth, Ea_meth, n)",4,650/750/775/800,24,13.303265273285286,133.11974417698275,0.4113023705500462,0.1102498077081679,0.2429897688127545,,,,
"P3 (k_meth, Ea_meth, n)",4,625/650/750/775,24,13.29366448702027,115.62854321461707,0.38574582093402415,0.09465471678513,0.25259669881672986,,,,
"P3 (k_meth, Ea_meth, n)",4,625/650/800/825,24,13.279407811705292,410.291099600317,0.6264297376495501,0.1585471199352032,0.42632422052914987,,,,
"P3 (k_meth, Ea_meth, n)",4,625/675/725/750,24,13.262191256731583,141.28505452942608,0.4025545034467257,0.07223757614895154,0.24959827905537332,,,,
"P3 (k_meth, Ea_meth, n)",4,625/650/725/750,24,13.259847790464779,141.8249842945523,0.4057765830832662,0.07329941049108563,0.2552969523636112,,,,
"P3 (k_meth, Ea_meth, n)",4,600/625/800/825,24,13.23874902031572,476.94880047031023,0.583657480907978,0.1467007894470658,0.46043556337037167,,,,
"P3 (k_meth, Ea_meth, n)",4,650/725/750/775,24,13.229198123423231,85.25073168987876,0.34714222588961335,0.09011073264904833,0.19876418550576544,,,,
"P3 (k_meth, Ea_meth, n)",4,600/775/800/850,24,13.223574993686936,244.37728805159392,0.41997115350160746,0.10222101658276646,0.34268017321651684,,,,
"P3 (k_meth, Ea_meth, n)",4,600/625/775/850,24,13.223075609058704,253.56322915976722,0.4871029322976957,0.11325170210224175,0.3725128934224519,,,,
"P3 (k_meth, Ea_meth, n)",4,650/750/800/850,24,13.222479691632174,240.20003371196177,0.49051242741593337,0.12173029127303979,0.29471365817418504,,,,
"P3 (k_meth, Ea_meth, n)",4,675/725/800/825,24,13.203391582990953,326.9713091672733,0.5318787914075734,0.13805887999167182,0.25074841798546726,,,,
"P3 (k_meth, Ea_meth, n)",4,625/775/800/850,24,13.196981472786192,273.64806750054174,0.48540247564472677,0.12060573001715764,0.347736912701323,,,,
"P3 (k_meth, Ea_meth, n)",4,625/650/675/850,24,13.1942281995149,345.4553850516087,0.5774972313192018,0.12012203027746525,0.3660053118172981,,,,
"P3 (k_meth, Ea_meth, n)",4,625/650/775/850,24,13.191530776597187,218.91840220991344,0.5337830975117827,0.12673324560175636,0.358654168600484,,,,
"P3 (k_meth, Ea_meth, n)",4,650/675/775/800,24,13.174986325025523,248.43358072859095,0.5265482059299051,0.14015821616714558,0.3011871646075649,,,,
"P3 (k_meth, Ea_meth, n)",4,650/700/725/775,24,13.16600717574434,137.11224806196373,0.38414528655687635,0.09295054375478716,0.2171628132137487,,,,
"P3 (k_meth, Ea_meth, n)",4,650/675/775/825,24,13.13884733975167,304.1521352475002,0.5719109715318201,0.14780983377437795,0.3285038483206036,,,,
"P3 (k_meth, Ea_meth, n)",4,650/750/825/850,24,13.135002493057351,304.28826833306454,0.5315357473719159,0.1299370389183039,0.320856233587831,,,,
"P3 (k_meth, Ea_meth, n)",4,650/750/775/850,24,13.130046021000695,152.02341241911486,0.44547803132541336,0.11059067093110313,0.26611048380864993,,,,
"P3 (k_meth, Ea_meth, n)",4,600/625/675/750,24,13.128082789594286,220.58619874142872,0.47769633523920707,0.06895301420072059,0.30814673505768736,,,,
"P3 (k_meth, Ea_meth, n)",4,600/625/650/850,24,13.098079439866254,398.7430263610331,0.5812094845793913,0.11990144688299895,0.41154452736567326,,,,
"P3 (k_meth, Ea_meth, n)",4,675/725/750/825,24,13.090836193200548,208.3259250106161,0.4688120836282458,0.12349074671791321,0.22073972037276726,,,,
"P3 (k_meth, Ea_meth, n)",4,600/625/650/775,24,13.082834376357885,222.32312126750185,0.4466990151017827,0.09508508136095244,0.3081249787612431,,,,
"P3 (k_meth, Ea_meth, n)",4,675/725/800/850,24,13.07705247184216,315.0686670986794,0.5401970532463024,0.13456891824173942,0.25901283561949084,,,,
"P3 (k_meth, Ea_meth, n)",4,650/700/750/775,24,13.07639039340308,124.05661534612258,0.39060268435212475,0.10156584872783618,0.22042480888156085,,,,
"P3 (k_meth, Ea_meth, n)",4,625/650/800/850,24,13.073604406347947,412.82076175783885,0.6613302450878515,0.16003732528147743,0.4487900326553506,,,,
"P3 (k_meth, Ea_meth, n)",4,600/650/675/750,24,13.07238986358693,219.54501560521447,0.4789150984463238,0.07225929450834184,0.304515779317657,,,,
"P3 (k_meth, Ea_meth, n)",4,650/675/750/850,24,13.070714797251,245.92252935035845,0.531573813797461,0.12446742422363914,0.3066479988878313,,,,
"P3 (k_meth, Ea_meth, n)",4,650/675/725/775,24,13.069557843974003,151.51084503840346,0.4028590580723169,0.10047482884702218,0.23138948674644744,,,,
"P3 (k_meth, Ea_meth, n)",4,675/725/775/825,24,13.060459103857218,234.95209732025822,0.4926611679099892,0.1307333448102019,0.23184743149116488,,,,
"P3 (k_meth, Ea_meth, n)",4,650/675/800/825,24,13.052908902958828,528.6261550934342,0.6927725897245945,0.17707494549881125,0.3994407208412546,,,,
"P3 (k_meth, Ea_meth, n)",4,675/725/825/850,24,13.04269242053229,376.97623036711224,0.5748524936004749,0.14028315750562306,0.276961614844337,,,,
"P3 (k_meth, Ea_meth, n)",4,625/650/675/775,24,13.038044456934136,216.86644371463152,0.4565359844403199,0.10246227610989345,0.288357873041917,,,,
"P3 (k_meth, Ea_meth, n)",4,675/700/725/825,24,13.028196155399474,332.39280914343794,0.5450160628385469,0.13954336744032195,0.25447408294586416,,,,
"P3 (k_meth, Ea_meth, n)",4,650/775/800/825,24,13.027802300437015,367.12396889704775,0.5644889975438221,0.1476481895122266,0.34427846763299697,,,,
"P3 (k_meth, Ea_meth, n)",4,600/775/825/850,24,13.02539116238009,335.41321093258773,0.47209386619478655,0.11451260065704547,0.389764119238403,,,,
"P3 (k_meth, Ea_meth, n)",4,625/650/700/750,24,13.020267232254497,214.0261014194544,0.46630318002967,0.0778041462758434,0.29234614570216144,,,,
"P3 (k_meth, Ea_meth, n)",4,625/675/700/750,24,13.017898147172012,211.2473403763585,0.46037688004282634,0.07722994233613734,0.28482168999444274,,,,
"P3 (k_meth, Ea_meth, n)",4,625/775/825/850,24,13.00919179399969,378.3079701607418,0.5477073739368411,0.13483561999849972,0.3950834665164796,,,,
"P3 (k_meth, Ea_meth, n)",4,600/625/800/850,24,13.00817724918711,508.15433625990045,0.6236512802988854,0.14989293002670603,0.487810942520122,,,,
"P3 (k_meth, Ea_meth, n)",4,675/725/750/800,24,13.00631318836059,184.13639341337503,0.45218268039504006,0.12424281996831234,0.2112486401243158,,,,
"P3 (k_meth, Ea_meth, n)",4,675/725/775/800,24,12.999241566663592,206.56858986257242,0.4747793720184057,0.130760290693362,0.22126396454659814,,,,
"P3 (k_meth, Ea_meth, n)",4,650/675/700/850,24,12.997332136646385,391.0540044708439,0.5993398522894445,0.12939942668302057,0.33596348486920696,,,,
"P3 (k_meth, Ea_meth, n)",4,600/625/700/725,24,12.956514459486257,355.96226923843346,0.6183116295267279,0.05469916392359461,0.38783627450750935,,,,
"P3 (k_meth, Ea_meth, n)",4,675/700/725/800,24,12.950623927423788,290.01779679401255,0.5176778859589493,0.13856498250568136,0.24000390000237307,,,,
"P3 (k_meth, Ea_meth, n)",4,650/675/775/850,24,12.92090530820381,308.71691105466687,0.5959691724379053,0.14489650505497892,0.34484463628903367,,,,
"P3 (k_meth, Ea_meth, n)",4,650/775/800/850,24,12.911564063470175,347.28078279655574,0.5733531635451808,0.1450123899410068,0.35090619229590414,,,,
"P3 (k_meth, Ea_meth, n)",4,675/725/775/850,24,12.89073335758615,226.32080436532613,0.5018172362371256,0.12618478479506362,0.24200609157035438,,,,
"P3 (k_meth, Ea_meth, n)",4,675/725/750/850,24,12.879244214251589,206.36519557894658,0.48337032119602585,0.11936515351758012,0.23438392041344056,,,,
"P3 (k_meth, Ea_meth, n)",4,650/675/800/850,24,12.87837927617047,529.0736944514077,0.7199330676772451,0.17602808201016384,0.4171833736843568,,,,
"P3 (k_meth, Ea_meth, n)",4,600/675/700/725,24,12.85249348495522,369.9166249908175,0.6032771897304203,0.05899949245869498,0.3771767700515808,,,,
"P3 (k_meth, Ea_meth, n)",4,600/650/700/725,24,12.852059781436743,372.4612708986062,0.6156641635411677,0.05887686718455929,0.3855008644423606,,,,
"P3 (k_meth, Ea_meth, n)",4,650/675/750/775,24,12.8493552766665,154.80443326582824,0.43346553059808496,0.11832387062810323,0.2490777270184685,,,,
"P3 (k_meth, Ea_meth, n)",4,675/700/750/825,24,12.795837006421001,353.6745365396398,0.5879644184728571,0.15432297844271228,0.279135879066449,,,,
"P3 (k_meth, Ea_meth, n)",4,675/750/800/825,24,12.785738173209278,393.5779694104039,0.596594463099201,0.15725259701929128,0.29559778222666067,,,,
"P3 (k_meth, Ea_meth, n)",4,650/700/725/750,24,12.78089242811215,160.56500655160923,0.41024195976497657,0.09204924378849653,0.24186791428874713,,,,
"P3 (k_meth, Ea_meth, n)",4,600/625/650/750,24,12.766279450731776,267.26406036286977,0.4983787090369421,0.08326144200390521,0.32832808862272483,,,,
"P3 (k_meth, Ea_meth, n)",4,675/700/725/850,24,12.747282063092886,354.2380351092584,0.5766908630686923,0.13568526437494247,0.27849572390864813,,,,
"P3 (k_meth, Ea_meth, n)",4,650/775/825/850,24,12.740421813562627,474.6978090348279,0.6454917402850933,0.16088897771905047,0.3973264439751437,,,,
"P3 (k_meth, Ea_meth, n)",4,675/700/750/800,24,12.739171926255441,304.34262561055164,0.5566283015705504,0.15255199181586496,0.26148095787331527,,,,
"P3 (k_meth, Ea_meth, n)",4,650/675/700/775,24,12.730269582153287,237.16178228221048,0.4749293561831256,0.11805431315494798,0.2690317496828764,,,,
"P3 (k_meth, Ea_meth, n)",4,675/750/775/825,24,12.72133626064585,258.762349917672,0.5364910583792115,0.14497285084975076,0.26361149530194067,,,,
"P3 (k_meth, Ea_meth, n)",4,625/650/825/850,24,12.69994104049637,712.211653508674,0.8290515153466547,0.19852142596694636,0.5644612084209378,,,,
"P3 (k_meth, Ea_meth, n)",4,650/675/725/750,24,12.692164212873939,173.0670949169361,0.42497460691667277,0.09801217730846493,0.25255565718587986,,,,
"P3 (k_meth, Ea_meth, n)",4,675/750/800/850,24,12.685759720894563,367.1799388305555,0.5987253233070904,0.15211634612539812,0.3009534173617853,,,,
"P3 (k_meth, Ea_meth, n)",4,675/750/775/800,24,12.682592644518065,222.11119547251434,0.514239120389591,0.14401707154555118,0.24954557130430607,,,,
"P3 (k_meth, Ea_meth, n)",4,600/625/675/725,24,12.670771882069907,455.94958549241335,0.6710426708750825,0.060342379165102045,0.42070792523425327,,,,
"P3 (k_meth, Ea_meth, n)",4,675/700/775/825,24,12.668831272198043,441.5395315971864,0.6525787257020909,0.1728459635740362,0.30955882641769344,,,,
"P3 (k_meth, Ea_meth, n)",4,675/700/800/825,24,12.66234960676774,708.7960618168233,0.7651589497690334,0.19828021403366478,0.36463155328703023,,,,
"P3 (k_meth, Ea_meth, n)",4,625/650/675/750,24,12.652631955177371,263.01650861892864,0.5004551438569635,0.09340425559388786,0.31482575546694885,,,,
"P3 (k_meth, Ea_meth, n)",4,675/700/775/800,24,12.648259970463162,373.6007142531658,0.6137245949666663,0.16886621215975858,0.287700272285906,,,,
"P3 (k_meth, Ea_meth, n)",4,675/750/825/850,24,12.605689527275945,460.54474225441106,0.6492762279880709,0.16163474983159865,0.3286442789158522,,,,
"P3 (k_meth, Ea_meth, n)",4,650/675/825/850,24,12.60008151808808,806.3813421186294,0.8649755978215181,0.20815331097611744,0.5027592842664592,,,,
"P3 (k_meth, Ea_meth, n)",4,675/750/775/850,24,12.586736512822945,238.49304446051096,0.5384426717263071,0.13891114351016434,0.26996553758578434,,,,
"P3 (k_meth, Ea_meth, n)",4,625/650/700/725,24,12.582308731612184,413.9614415583533,0.6161666127628025,0.07060035503334232,0.3851555467406024,,,,
"P3 (k_meth, Ea_meth, n)",4,600/650/675/725,24,12.576628956759947,462.6875907719496,0.6673400416482042,0.06460637361810649,0.41783823185828584,,,,
"P3 (k_meth, Ea_meth, n)",4,675/700/750/850,24,12.574087800642488,354.95631268798775,0.6070137122814644,0.14862435207273306,0.29638396248537185,,,,
"P3 (k_meth, Ea_meth, n)",4,625/675/700/725,24,12.543774135454065,409.8289972751126,0.6042409789959649,0.07225818140224934,0.3768051493666448,,,,
"P3 (k_meth, Ea_meth, n)",4,675/700/800/850,24,12.537696420449247,683.5797977747632,0.7753238340331879,0.1924717939135302,0.3754515907824212,,,,
"P3 (k_meth, Ea_meth, n)",4,675/775/800/825,24,12.50964845129252,542.7208971682065,0.6868225907389848,0.18219648359758364,0.345021378386705,,,,
"P3 (k_meth, Ea_meth, n)",4,675/700/775/850,24,12.503313019373227,425.1902614312524,0.6613172952734404,0.16543286399998464,0.32107597387819314,,,,
"P3 (k_meth, Ea_meth, n)",4,625/800/825/850,24,12.495749555229532,919.2156398292547,0.7666027330732823,0.1901409651871169,0.5622482687372822,,,,
"P3 (k_meth, Ea_meth, n)",4,600/625/825/850,24,12.485137642471557,981.7154035451882,0.8364248875687929,0.20016771969540872,0.658403539934321,,,,
"P3 (k_meth, Ea_meth, n)",4,600/800/825/850,24,12.478828019747464,816.9556445096157,0.6620314185234785,0.16317322654303165,0.562382971943189,,,,
"P3 (k_meth, Ea_meth, n)",4,600/625/650/725,24,12.44952702661758,516.4892660299038,0.6890203289597017,0.06678281272946714,0.4324456324360862,,,,
"P3 (k_meth, Ea_meth, n)",4,675/775/800/850,24,12.440496771465735,494.52328334834726,0.6808823795625993,0.1747933153770733,0.3464589157666686,,,,
"P3 (k_meth, Ea_meth, n)",4,675/725/750/775,24,12.43139483135095,140.87316524739768,0.42883532982118594,0.13023408783600102,0.20430007143178502,,,,
"P3 (k_meth, Ea_meth, n)",4,675/700/825/850,24,12.350109289098937,951.7944669775281,0.8931934619473367,0.21721099044357842,0.43496247415777384,,,,
"P3 (k_meth, Ea_meth, n)",4,700/725/800/825,24,12.338533530822708,637.6410962415472,0.7365353037638853,0.19570521179512002,0.28123662518625786,,,,
"P3 (k_meth, Ea_meth, n)",4,650/675/700/750,24,12.31479805972498,265.53911532417834,0.49644766301157145,0.11181525570836494,0.2928176190769763,,,,
"P3 (k_meth, Ea_meth, n)",4,675/775/825/850,24,12.298880518065076,654.0710011413946,0.7580077401563046,0.1909099071048005,0.3888282627493906,,,,
"P3 (k_meth, Ea_meth, n)",4,700/725/800/850,24,12.281991887473938,574.006345782851,0.7211606255452091,0.18434542632461745,0.28425646292393564,,,,
"P3 (k_meth, Ea_meth, n)",4,650/800/825/850,24,12.276431020482486,1107.099416299449,0.8888434629675304,0.22162569882702737,0.5529684170319075,,,,
"P3 (k_meth, Ea_meth, n)",4,700/725/750/825,24,12.263203174641458,385.71573236330534,0.6299736661370144,0.17338866851771734,0.2385132058573857,,,,
"P3 (k_meth, Ea_meth, n)",4,675/700/725/775,24,12.256011798841268,227.61852840636868,0.48334640967918174,0.143634870082876,0.23139935903001893,,,,
"P3 (k_meth, Ea_meth, n)",4,625/650/675/725,24,12.23771507586358,508.5168469378566,0.6675637961312351,0.07996459139314023,0.4174471932812708,,,,
"P3 (k_meth, Ea_meth, n)",4,700/725/825/850,24,12.229759789425977,701.3490128910632,0.7764498151285523,0.19357684090948868,0.30944626565987227,,,,
"P3 (k_meth, Ea_meth, n)",4,700/725/775/825,24,12.211073730903692,447.6814219189832,0.671579124647772,0.1845793983130717,0.2532803169676003,,,,
"P3 (k_meth, Ea_meth, n)",4,675/700/750/775,24,12.168988375067793,226.31368685092463,0.5116725157667023,0.15604758391177162,0.24105034628849842,,,,
"P3 (k_meth, Ea_meth, n)",4,700/725/750/850,24,12.131167551303829,349.7800722236148,0.6205862927879355,0.1613882362949256,0.24772853660045546,,,,
"P3 (k_meth, Ea_meth, n)",4,700/725/775/850,24,12.125683503029343,394.9957794426968,0.653264936103324,0.17104874025859523,0.257833592339389,,,,
"P3 (k_meth, Ea_meth, n)",4,700/725/750/800,24,12.118515326177246,354.6585950156138,0.6201830291947031,0.18007846467317037,0.22759468670700012,,,,
"P3 (k_meth, Ea_meth, n)",4,700/750/800/825,24,12.109803281897758,607.4948287853122,0.737619826100729,0.19790554098964977,0.29235394486387994,,,,
"P3 (k_meth, Ea_meth, n)",4,700/725/775/800,24,12.092937368951809,411.0350297417428,0.661352033500909,0.1902663711522312,0.24197590064565067,,,,
"P3 (k_meth, Ea_meth, n)",4,700/750/800/850,24,12.076571350747002,532.7795651917841,0.7151289068272259,0.185248117223758,0.29215689166785413,,,,
"P3 (k_meth, Ea_meth, n)",4,700/750/825/850,24,12.020689387227009,651.7760761836001,0.7674994896654087,0.19400039772907898,0.31761606789649305,,,,
"P3 (k_meth, Ea_meth, n)",4,700/750/775/825,24,12.01110270400118,415.24854456374607,0.6714919673873408,0.18652819416983754,0.26149021406418527,,,,
"P3 (k_meth, Ea_meth, n)",4,700/750/775/850,24,11.954792734356129,354.89023019975326,0.6463166835435598,0.17205423443644985,0.262555869768127,,,,
"P3 (k_meth, Ea_meth, n)",4,675/800/825/850,24,11.91777695186937,1382.7972784836134,1.0050569201757231,0.2518262987948691,0.5199756750870506,,,,
"P3 (k_meth, Ea_meth, n)",4,700/750/775/800,24,11.899581953540547,380.29822681995853,0.6639797095949311,0.19260982117298306,0.2503666566404817,,,,
"P3 (k_meth, Ea_meth, n)",4,700/775/800/850,24,11.896109936200936,663.343563535149,0.7844516992673786,0.2041763674012738,0.3226621570232177,,,,
"P3 (k_meth, Ea_meth, n)",4,700/775/800/825,24,11.89167501290156,779.0031693904666,0.8215236028835136,0.22073098370976368,0.32857728426417393,,,,
"P3 (k_meth, Ea_meth, n)",4,650/675/700/725,24,11.879013126729877,450.51918826890443,0.6073556385545137,0.10275830983360741,0.3749081171079549,,,,
"P3 (k_meth, Ea_meth, n)",4,675/700/725/750,24,11.836537742926936,219.20873985622765,0.4706788040407235,0.14520988911737223,0.243513967469925,,,,
"P3 (k_meth, Ea_meth, n)",4,700/775/825/850,24,11.804492374946172,832.085984344835,0.8524257903868748,0.21690114725633114,0.3555213773848592,,,,
"P3 (k_meth, Ea_meth, n)",4,600/625/675/700,24,11.605273264298555,1570.3592243616777,1.1825959421432641,0.061498686277241074,0.7423078149911815,,,,
"P3 (k_meth, Ea_meth, n)",4,700/800/825/850,24,11.550181347283779,1524.061786598644,1.0593995480530403,0.26702295530682496,0.44559171803993886,,,,
"P3 (k_meth, Ea_meth, n)",4,600/650/675/700,24,11.501825748726834,1563.6628539690812,1.1597461948999295,0.066938988191526,0.7274638933766274,,,,
"P3 (k_meth, Ea_meth, n)",4,725/750/800/850,24,11.479613988782148,550.2371314306971,0.7555380096028254,0.20008663702067858,0.2408851620730305,,,,
"P3 (k_meth, Ea_meth, n)",4,725/750/825/850,24,11.475835138203973,635.1877406043797,0.7863668007421024,0.2025558734870655,0.25598131526187035,,,,
"P3 (k_meth, Ea_meth, n)",4,725/750/800/825,24,11.434843328351691,681.492234706818,0.8110122757748218,0.22183397479488792,0.24354926248364722,,,,
"P3 (k_meth, Ea_meth, n)",4,700/725/750/775,24,11.329675553115429,295.08983401434807,0.6163141600566452,0.21148859902493605,0.21203946503485624,,,,
"P3 (k_meth, Ea_meth, n)",4,725/750/775/850,24,11.307300582351592,385.3877716154534,0.7055569129942657,0.19399234415207378,0.22259410142996797,,,,
"P3 (k_meth, Ea_meth, n)",4,725/775/800/850,24,11.293377822480682,653.0291477944754,0.8096014774863809,0.21472035198750034,0.2546456786549206,,,,
"P3 (k_meth, Ea_meth, n)",4,600/625/650/700,24,11.281894561109599,1976.8552781055182,1.292539964009219,0.06721344375871167,0.8116370518678048,,,,
"P3 (k_meth, Ea_meth, n)",4,725/775/825/850,24,11.273077196367133,754.7318602135715,0.843451095281894,0.2180564163687829,0.2712651722751893,,,,
"P3 (k_meth, Ea_meth, n)",4,725/750/775/825,24,11.261875551813546,504.01361104327225,0.7722906755263893,0.22040090305803473,0.22415782953198357,,,,
"P3 (k_meth, Ea_meth, n)",4,725/775/800/825,24,11.208002973852482,834.8602279665381,0.8837107151174232,0.24141443207600422,0.2616603489545529,,,,
"P3 (k_meth, Ea_meth, n)",4,725/800/825/850,24,11.17747201843551,1147.43227649241,0.9535295603773253,0.24317545546022798,0.3080359660021396,,,,
"P3 (k_meth, Ea_meth, n)",4,625/650/675/700,24,11.107159044452061,1694.0563505704695,1.1563364014540478,0.08508372607464514,0.7247116109706064,,,,
"P3 (k_meth, Ea_meth, n)",4,725/750/775/800,24,11.023979874182862,522.6545742317882,0.8150441801592546,0.2441935864761969,0.21918380970651818,,,,
"P3 (k_meth, Ea_meth, n)",4,750/775/800/850,24,10.41539183908807,639.057402751198,0.830828134352181,0.22394277643644211,0.25296281771532086,,,,
"P3 (k_meth, Ea_meth, n)",4,750/775/825/850,24,10.376529449981252,714.524172100155,0.8492628715335098,0.22293176924648184,0.2681095611587024,,,,
"P3 (k_meth, Ea_meth, n)",4,750/775/800/825,24,10.264353292683685,879.3744892131186,0.9391285974360475,0.2600665161230257,0.25595488010343753,,,,
"P3 (k_meth, Ea_meth, n)",4,750/800/825/850,24,10.190160618953339,1053.7990223208978,0.9413472733575333,0.24307321535723897,0.3007753372591955,,,,
"P3 (k_meth, Ea_meth, n)",4,600/625/650/675,24,9.879657244863104,6393.9452944295135,2.242266340851786,0.08042682210382422,1.4059537103418938,,,,
"P3 (k_meth, Ea_meth, n)",4,775/800/825/850,24,9.301566780035177,1441.4296824469561,1.094011845051994,0.28355456063201834,0.3417682523589316,,,,
P7 (all three reactions + n),2,700/800,12,29.567388194326995,39768.68480116801,1.6094959081356552,0.40117462638511153,0.6897709753904873,0.3010820494146201,0.08229308629752981,0.5098374311891255,0.10342993652605123
P7 (all three reactions + n),2,725/800,12,29.326017280563207,25513.698465402733,1.3141200009113563,0.3906959089213623,0.37886882717965764,0.26911610857295276,0.08019826167571573,0.4168908617668568,0.0975979249137531
P7 (all three reactions + n),2,675/800,12,28.96543346904869,41162.55433822445,1.6252600770540717,0.38004126096211704,0.8531340381561998,0.37079419484551973,0.10120788329283537,0.507507399876196,0.10984707729230886
P7 (all three reactions + n),2,750/800,12,28.59805030879316,43846.8756509498,1.5469196812997255,0.4814122836830995,0.35495021464799553,0.29322525263325433,0.09085459083485287,0.4507410828131921,0.10282591641202359
P7 (all three reactions + n),2,650/800,12,28.07643972472372,40000.62609829138,1.5422087036401444,0.33594358985517947,0.9522445556168897,0.654115843615995,0.17617193301655584,0.6896427976206212,0.142370937675546
P7 (all three reactions + n),2,725/825,12,27.62287986708713,42382.777665002846,1.5374975307277987,0.4016956199010924,0.42398956893487233,0.2644376522153192,0.0676464552655883,1.1052582971310647,0.18956181787214077
P7 (all three reactions + n),2,625/800,12,26.801988124704167,48340.16040934206,1.4156631512214422,0.2846177113251461,0.9880687394860327,1.3782165632437466,0.3699933178675048,1.2800422617822524,0.2486827366568054
P7 (all three reactions + n),2,725/850,12,26.779915988179027,37226.18825388649,1.5908847860407347,0.4069485623505099,0.457296087819222,0.2468364264943464,0.05652002443025171,1.1022939642613674,0.18476241094753457
P7 (all three reactions + n),2,800/850,12,26.71899600619306,127522.93083610771,2.268351473760972,0.5599861594456458,0.8991356736075594,0.33952878022310345,0.07573514849689984,0.36873556568651433,0.05856538950874239
P7 (all three reactions + n),2,750/825,12,26.601346305589182,80597.89604756684,1.7488222879163842,0.461784707342222,0.5760064399506779,0.32795603268073376,0.08706185706439104,1.5533231827003207,0.27007365590577276
P7 (all three reactions + n),2,775/800,12,26.459621328076977,126634.12097415197,2.2841764256059305,0.6800019926246907,0.4486433924163353,0.5773036925764048,0.1655073142525057,0.624658487686844,0.12649203001631126
P7 (all three reactions + n),2,800/825,12,26.22422034930396,161667.78420464395,2.4613020570575963,0.6443612607587691,0.7751770838095539,0.3999951847444833,0.0993873809443462,0.34327540900465675,0.0701512813977397
P7 (all three reactions + n),2,750/850,12,25.993505140799137,78679.5643296241,1.9295273800047597,0.498416259830827,0.6625604045992077,0.27987979379655825,0.06656394084817609,1.5290952877493431,0.2564417311921645
P7 (all three reactions + n),2,700/825,12,25.82810318981948,286294.8117249571,2.970149052778098,0.7512156278837575,1.3317888476720008,1.2614200304161038,0.2884841066430546,3.2627744008743744,0.49810668800640917
P7 (all three reactions + n),2,700/775,12,25.602265628205338,35937.49304857456,1.2200596480165977,0.37366041500352537,0.47786459042049,0.640432741924044,0.19783013212349293,1.643076971199939,0.3454737068731517
P7 (all three reactions + n),2,600/800,12,25.521091747553434,155593.74722327254,1.3218368862506547,0.24012656858062745,1.0006521581221888,2.617196997565348,0.7024392398020695,2.3590159382758618,0.44986163620529107
P7 (all three reactions + n),2,775/850,12,25.2493994835957,97811.79217144747,2.0907251532199544,0.5428209360046073,0.5832903608237331,0.29228314004125955,0.07002973268983372,1.3820305403627249,0.24122451243341025
P7 (all three reactions + n),2,775/825,12,25.16483130293721,123224.9941256391,2.1855371424778656,0.5849549577010135,0.5472508612121444,0.3644174082352807,0.09415366478840743,1.4551929977152291,0.25573593064294303
P7 (all three reactions + n),2,675/775,12,24.730792348745588,54513.91068619425,1.1112502004510951,0.2952653753406807,0.5303405318616297,0.5993225691173787,0.18676272914981845,2.119998666726258,0.4338194654520355
P7 (all three reactions + n),2,725/775,12,24.433831776450578,52804.48092148737,1.8394173233977726,0.6076938225272673,0.3798447504834789,0.3508940357096149,0.11862440791640137,1.247730775846989,0.2740576296466663
P7 (all three reactions + n),2,650/775,12,23.948244014687077,60680.91527879162,1.0032844904166538,0.23792711587703305,0.5562231908238897,0.7196306722361442,0.22351489549697467,2.2630184482258286,0.4604680857523645
P7 (all three reactions + n),2,675/825,12,23.68873422831983,344647.159665331,2.3960520061903234,0.599538040048061,1.3635720673774474,1.2375584033125038,0.2850276923828868,4.739172276492951,0.730479541667591
P7 (all three reactions + n),2,700/850,12,22.827128535140776,1659607.712384755,7.889907330241866,1.801561598818878,3.7230336490677742,3.0401867423810374,0.6330402527066744,7.946776353053796,1.1370657806244753
P7 (all three reactions + n),2,625/775,12,22.707423211686887,63819.48001014625,0.9123547825501319,0.2008378708506154,0.55886932371851,1.3129135533272187,0.4053449714845425,2.308037215991337,0.4696854042288935
P7 (all three reactions + n),2,650/825,12,22.105751379822074,381144.1521480134,2.2806615292964336,0.5531079861796981,1.4695603192002895,1.2327004029234958,0.2860118331003687,5.247015320581984,0.8140936641301643
P7 (all three reactions + n),2,750/775,12,21.905848039251023,118803.38031344922,2.453864321229523,0.8360725966866626,0.45611139829735586,0.5802230606170891,0.19256125106297442,1.89978591458797,0.4088862965779971
P7 (all three reactions + n),2,700/750,12,21.71274429081837,74992.46371953758,1.1536977625596612,0.39639885559764737,0.547838915361161,1.1598163514513737,0.44250882111168877,3.33192591625142,0.9377283239256182
P7 (all three reactions + n),2,600/775,12,21.094656777701843,120531.69933560534,0.8830710182986904,0.19428535821680926,0.5596336454534798,2.936641625577773,0.9053375904789299,2.4209301576686646,0.4976863684561702
P7 (all three reactions + n),2,675/750,12,20.51571624469694,179861.1251048344,1.275277993554232,0.46901945920030713,0.5788498750572911,1.4111554479538688,0.5293071200470013,5.6739974276128775,1.4887276975274952
P7 (all three reactions + n),2,625/825,12,20.35670192590556,417990.7133499121,2.125775291811156,0.5040975663911671,1.5615083958200549,1.70946281880166,0.39827125246475803,5.523547640851462,0.8599996240921076
P7 (all three reactions + n),2,725/750,12,20.20038913827426,53637.60190000902,2.4648468846823115,0.9975926368998526,0.3512021311335076,0.5352907054698773,0.2104054464147434,1.7937353420301956,0.47840432926526905
P7 (all three reactions + n),2,675/725,12,19.456726184476736,7360.845666987254,0.983430397558804,0.3920442973164894,0.4903702803279025,0.568319085603079,0.29300040348899,1.9047010049630044,0.7350080327436135
P7 (all three reactions + n),2,650/725,12,19.408044669694757,6801.803219019852,0.9650436984802525,0.27293661071351266,0.5257007439666499,0.6741401830863898,0.3345661194455911,1.927624944041434,0.7353699653911147
P7 (all three reactions + n),2,675/850,12,19.161033306489305,4994648.079855849,9.214372604117514,2.0989057593727174,5.7821388304468355,4.734481804860394,0.9866707488322876,18.248658628079998,2.611776697858725
P7 (all three reactions + n),2,650/750,12,19.000844558296357,490959.5604958784,1.5339749470143413,0.5761217466701487,0.6522322424805527,1.9896851789414485,0.7400637226367454,9.536268994295122,2.446910692897816
P7 (all three reactions + n),2,625/725,12,18.493500836502406,6777.265771766193,0.9877535527700763,0.21705366345296656,0.5438712756308981,1.2137356903559815,0.5715022537598067,1.9346707656844842,0.734188473909287
P7 (all three reactions + n),2,700/725,12,18.42223253592919,12991.867229216421,1.3573436276954465,0.7436189030910355,0.4368898359848009,0.7040390148964057,0.34464589961025677,1.9393708015653617,0.7777278878656338
P7 (all three reactions + n),2,600/825,12,18.329383394122495,485020.81545250607,1.9169957565630744,0.44823320081372797,1.6118703960916372,3.614113104524256,0.8430750410776385,5.740122317543417,0.8965981802400271
P7 (all three reactions + n),2,625/750,12,16.95915643021081,1190996.3423180287,1.733470328211696,0.6684973035831724,0.7717805774975415,2.977231765003917,1.1041209559466045,14.952546595494079,3.8167944067606236
P7 (all three reactions + n),2,600/725,12,16.71559221740501,19071.395412094615,1.1693152789956176,0.21893112042418214,0.589257532746799,3.157196158959984,1.4595141180441211,2.0290170475467804,0.7530254110609855
P7 (all three reactions + n),2,650/850,12,16.57377009257766,5569475.674007871,8.432347580597902,1.9162904689836024,6.085609504889928,4.487311857276132,0.9358657328267691,20.60593742818454,2.9515554769728953
P7 (all three reactions + n),2,825/850,12,16.478316408200588,800359.9954673229,4.3190574382422415,1.0818363315620114,1.6819414677841615,0.9709269471364333,0.21416874077093412,4.911275840715041,0.7415628034746788
P7 (all three reactions + n),2,600/750,12,14.435572275894454,2172966.766973327,1.7909514798928174,0.7044843090406673,0.8990408714210921,4.591866177983894,1.6937915219160133,20.313483329629587,5.184139208554375
P7 (all three reactions + n),2,625/850,12,13.451159384197034,7251818.29426156,9.127365784430307,2.0628831166105126,7.162747594034844,5.056462783075765,1.056763400870383,24.788836236245775,3.552696393051771
P7 (all three reactions + n),2,600/850,12,9.890394948416883,12793391.897728078,9.937671224188552,2.226612683876672,8.291048127414063,6.7306240254944365,1.4115901383869203,34.17240136318138,4.8985348954326025
P7 (all three reactions + n),2,650/700,12,8.626129218432038,407320.3532252046,6.241531192389751,0.8474691295101644,4.556491336184174,3.9329033442873897,1.6876221571753847,18.253900940453118,6.457642188029088
P7 (all three reactions + n),2,675/700,12,7.797042097014352,546947.8556793275,5.512065901659934,1.3354165280325545,4.572727536468494,4.37481654171575,1.8787782242848918,19.869175017255774,6.830754559083064
P7 (all three reactions + n),2,625/700,12,7.325230718150307,512515.23894225515,6.853209902950917,0.8032513369556269,4.719989943922002,4.522564089216535,2.2815088122219644,21.200402081405755,8.455570095553808
P7 (all three reactions + n),2,600/700,12,4.569780672192537,1261800.2560807026,7.094118313909383,1.0929164858244218,4.733718131745848,6.396186720592838,3.838486506407283,33.55768549388266,14.967948522098206
P7 (all three reactions + n),2,650/675,12,-1.0603069517758517,981141.0384425308,15.204854211695444,1.5976078206982425,11.186958965498325,8.057843792052411,3.419112088412639,36.775318427066786,12.23694922570158
P7 (all three reactions + n),2,625/675,12,-1.1495134783480312,1407249.544940462,20.657084833049087,1.4545792069899157,15.007132003618112,10.605732135957831,3.335984836160651,45.81025223950824,12.555882136740797
P7 (all three reactions + n),2,600/675,12,-3.2923267783244317,1372393.9383075691,21.79755220623411,1.7326082671037337,15.780585090695824,11.449362650593873,4.942690866701702,48.736944937177064,19.263984885983447
P7 (all three reactions + n),2,625/650,12,-8.639663168869678,1589708.7616206105,20.40912828176075,2.8145783260093653,15.029019279739014,10.621923437301472,6.893650720480085,48.37117441849888,24.29056245269327
P7 (all three reactions + n),2,600/650,12,-9.056134666606429,1632816.1978750618,21.46201770204423,2.4535429161150426,15.805994557915891,11.145327962394944,7.23782143067341,50.74082674978714,27.881171966877904
P7 (all three reactions + n),2,600/625,12,-19.05385084956206,20945199.836415604,64.18573146542887,5.595969362801819,47.01027638798566,35.738788424326096,14.838886054589445,177.51797699224346,56.81192604841428
P7 (all three reactions + n),3,600/725/800,18,33.94648131915054,3919.3543973927835,0.44947912789326183,0.0691005623697145,0.304258655836757,0.2548871186798588,0.07478858451545964,0.41559354096010087,0.0974959956489626
P7 (all three reactions + n),3,625/725/800,18,33.81705810421519,4234.6563678859975,0.47475731358756706,0.08295194160415163,0.30912999048082646,0.2520086873841839,0.07394390815486672,0.41403505611047947,0.09718182101585582
P7 (all three reactions + n),3,600/750/800,18,33.80006347800065,4828.410772859445,0.43258547775915573,0.08811427945175841,0.3183084321319636,0.2742124044988385,0.08230752526989307,0.4502720843198571,0.10107082250245034
P7 (all three reactions + n),3,600/700/800,18,33.78333046148994,6819.602865801775,0.5697565741878393,0.07347235226463958,0.3761598998843425,0.2849264004105245,0.07908121848309624,0.5040280035422592,0.10326962733050926
P7 (all three reactions + n),3,625/750/800,18,33.71969333163857,5508.35457086816,0.47642466503586045,0.10721731850500743,0.32307280964860946,0.2714569772642442,0.08150976685523402,0.4477060022614582,0.10059893097838107
P7 (all three reactions + n),3,625/700/800,18,33.51463472534368,7517.19315457449,0.6166492582234252,0.09245637558335996,0.39506135583977514,0.2818432988725566,0.07818734380483293,0.5011362857928586,0.10285795060103464
P7 (all three reactions + n),3,650/725/800,18,33.432788688799654,4922.868214583533,0.5245857765769815,0.10760545364866615,0.315961334953372,0.240956084529765,0.0709249673886961,0.40785225934494207,0.09613918318080157
P7 (all three reactions + n),3,650/750/800,18,33.416407733604196,6890.222566031425,0.5509672316296247,0.1375075507950573,0.32886194774600347,0.25913720756827713,0.07807524303446149,0.4383248988123005,0.0991696761806195
P7 (all three reactions + n),3,700/800/825,18,33.195334873522526,60653.19745306427,1.3983844859622594,0.34402480395892154,0.5931250745738079,0.20291232729430436,0.05085300644510897,0.31622127068454253,0.06258603143422853
P7 (all three reactions + n),3,700/800/850,18,33.09202288602505,62447.67678730979,1.4835201642195806,0.34573433766235645,0.6479563810263135,0.21300614944805624,0.04799971614957899,0.34221688814197104,0.05216835657991643
P7 (all three reactions + n),3,675/750/800,18,32.9922919532006,9635.695903732798,0.6757347254696178,0.18569044142129515,0.3332294261444767,0.2345983664646305,0.07151651693570821,0.4253819447939798,0.09722876856719039
P7 (all three reactions + n),3,650/700/800,18,32.90735272323483,9546.820380068475,0.7269810750249198,0.1329770060983903,0.43339168190463173,0.27005557866007635,0.07494963236134589,0.4894531943109822,0.10125469216040373
P7 (all three reactions + n),3,725/800/850,18,32.90570714762624,34180.18049839636,1.133525963069663,0.2976975609174904,0.36146212895306307,0.18349274916249997,0.044604704853073135,0.2718268274761909,0.05133881803517623
P7 (all three reactions + n),3,675/725/800,18,32.87789073010862,6570.603750472832,0.6261239986766909,0.15289858573889945,0.325246444117483,0.21881899873629262,0.06521631391500378,0.39979440313812964,0.09459833210293316
P7 (all three reactions + n),3,725/800/825,18,32.780274854222654,40298.06448740093,1.1712037070128158,0.3139210358399269,0.3578406089523595,0.1980186358740293,0.052417426591872866,0.28089147238303863,0.06139508540351662
P7 (all three reactions + n),3,675/800/825,18,32.69624718231099,59405.36724828495,1.3533201907488654,0.32097102657567256,0.7046930253648477,0.25590698358672304,0.06383577958256247,0.3107768817176684,0.06343375792580103
P7 (all three reactions + n),3,675/775/800,18,32.67371416707755,20623.738953201497,0.8483216441884092,0.2203657013398598,0.4191138942108561,0.31928609830302845,0.09166059865404225,0.4587117126500697,0.09886240132531086
P7 (all three reactions + n),3,675/800/850,18,32.662487497450265,64823.42454349102,1.481791995987149,0.3325143670744661,0.7764922764144493,0.24696414814198508,0.05495645584900139,0.3388374192700814,0.0512638471593628
P7 (all three reactions + n),3,700/775/800,18,32.640303670085515,27113.479360675257,0.9979373035002596,0.2754983835780451,0.387187454637104,0.26639126352204795,0.07828650806174649,0.4543530827306405,0.09809052366598145
P7 (all three reactions + n),3,600/675/800,18,32.59490501564075,6535.939485888873,0.6022291676146088,0.08670313702509375,0.4037317951383043,0.3563685821834468,0.09931688369980793,0.5024687568119939,0.10851192673374994
P7 (all three reactions + n),3,650/775/800,18,32.59048236254709,17306.41294546617,0.7247353301824544,0.17548581824702272,0.4298576917328711,0.4299188415599332,0.12145539427286216,0.5293596818832647,0.10885519381132866
P7 (all three reactions + n),3,625/775/800,18,32.56624984085839,16781.974092221437,0.6285166921316965,0.14127727006607588,0.4308716307839501,0.5120327874571639,0.1439859833591604,0.5947674054216726,0.11856178632642811
P7 (all three reactions + n),3,625/800/850,18,32.54889489205886,55565.03330285786,1.2661053715152693,0.25889802064346706,0.8925476537413539,0.32630021765705125,0.07100240287028617,0.345436812157355,0.05024379745271169
P7 (all three reactions + n),3,600/775/800,18,32.53344154673185,16444.047670393527,0.55671772702755,0.11633144156698046,0.4277341851904626,0.5341115977661349,0.15006675661626076,0.614821349219164,0.12160683203458754
P7 (all three reactions + n),3,700/750/800,18,32.526895795775815,15206.26335761609,0.8636617506471238,0.2561720851507794,0.3248944551464193,0.22521917904741504,0.06940330645910985,0.4317063173983456,0.09753786168261833
P7 (all three reactions + n),3,650/800/850,18,32.51588910555155,62894.40975355889,1.405040288608851,0.30103458798596666,0.8624677615304646,0.3013726347382577,0.06605187328882595,0.34488299646865705,0.05060101859630653
P7 (all three reactions + n),3,600/800/850,18,32.507403002257696,47713.27625271651,1.1249416590295092,0.21949924361642917,0.8936636583103039,0.3289878278314673,0.07132576911247654,0.3414331464240036,0.05010796032045089
P7 (all three reactions + n),3,750/800/850,18,32.452699266903466,41641.98503619203,1.184615954126496,0.3285342747111804,0.34637874363771787,0.16763050583687378,0.04312040806278073,0.26230186680839546,0.053687740512597046
P7 (all three reactions + n),3,650/800/825,18,32.44731482123925,52566.08626538083,1.2247231676089259,0.279781012192939,0.7575271729606716,0.33669936628399505,0.08330304383531278,0.32283266536457,0.06567464571114702
P7 (all three reactions + n),3,625/800/825,18,32.405070908631075,44138.43991043929,1.075314963482735,0.2363449529511125,0.7705847489700348,0.3847737870294516,0.09501595218089631,0.3328722161971486,0.0673948914736484
P7 (all three reactions + n),3,600/725/825,18,32.36285663262508,15168.981808616534,0.42402710369251423,0.07032620312174588,0.2835614463780241,0.2640097442637869,0.06735667797449364,1.000805742766193,0.17782998746088188
P7 (all three reactions + n),3,600/800/825,18,32.34283668010154,37341.90718973566,0.947158245263971,0.19989528526545142,0.7698392354612644,0.39646563567566795,0.09789536084927049,0.33497397505888804,0.06799510520927035
P7 (all three reactions + n),3,700/725/800,18,32.25777246476114,11454.185850211486,0.8376172757114086,0.2382887599732257,0.3349813268973578,0.20964033233461268,0.06295097611096032,0.40718023324627073,0.09408455809912476
P7 (all three reactions + n),3,750/800/825,18,32.24509636828236,49896.18458252115,1.2384286035297565,0.34736922544226795,0.3410705142550417,0.183180224375687,0.050527166523752796,0.28519915344432123,0.06243607521564933
P7 (all three reactions + n),3,625/725/825,18,32.2349517238753,15153.498487099876,0.4550449416624071,0.08348750760568882,0.2908797244336125,0.2628381216839513,0.06706907908594446,0.999994035561682,0.17777782496517497
P7 (all three reactions + n),3,625/675/800,18,32.14777112825648,8240.11321506666,0.6905851688800302,0.11772104954835258,0.4484771405848143,0.3483267408514084,0.09707494245281997,0.4973704905296534,0.10776272234555566
P7 (all three reactions + n),3,675/700/800,18,31.990400873597558,16569.27573132348,1.0026332680269119,0.2251329825160673,0.517054476026607,0.2494552863023091,0.06942786958601592,0.4718788118189303,0.09878670292038215
P7 (all three reactions + n),3,650/725/825,18,31.834906533306558,15209.509077246717,0.517036326095998,0.10666282011193995,0.30167117939136734,0.2585986020965953,0.06608199280175668,1.0001274544048215,0.17766439438204612
P7 (all three reactions + n),3,700/750/825,18,31.682648793474605,21711.194886488236,0.9753534126369765,0.26587682216914743,0.36456500973375755,0.23993727337315476,0.06321672957635344,0.7452853593232995,0.13507362106999976
P7 (all three reactions + n),3,725/775/800,18,31.634740752594873,36914.66623484056,1.186962512382565,0.35797571512236437,0.29813607653178903,0.25940409556624,0.07835602571117825,0.40113359310734253,0.09097474015641928
P7 (all three reactions + n),3,600/750/825,18,31.57602499351563,49532.68565383293,0.6711705929790963,0.1192011534035892,0.467554134082378,0.3273916358551835,0.0866934069322669,1.5070407047279166,0.26643090808781
P7 (all three reactions + n),3,600/725/850,18,31.570440416918245,12609.146843348246,0.5238536077222065,0.07103119606580544,0.3322890398718608,0.2466260459783857,0.05629600065536659,1.0017021502148005,0.17974962504008435
P7 (all three reactions + n),3,700/775/850,18,31.557186582658556,34555.17966496709,1.1491752901810315,0.29767029365853115,0.4697388294290936,0.28126981115964805,0.06617322004451501,0.7992066326674477,0.12890165323458308
P7 (all three reactions + n),3,725/750/800,18,31.472529081638335,24974.336869318773,1.115768089953412,0.36011722078598735,0.268672542954671,0.21754704697720986,0.06995687148924756,0.3955865015797666,0.09365585913859466
P7 (all three reactions + n),3,625/750/825,18,31.463852409751507,52378.73602688022,0.7757054851577178,0.1511549852872341,0.48743696629542493,0.3250185868940126,0.08581778977738524,1.5169708084468738,0.2669023943425674
P7 (all three reactions + n),3,625/725/850,18,31.450646020059217,12611.883597916529,0.550410904815726,0.08417268009978893,0.33869847936939784,0.245741664145544,0.056117223700145255,1.000769671057108,0.17957334798386035
P7 (all three reactions + n),3,700/775/825,18,31.40806698631528,37152.94167838192,1.1058038024032018,0.29528234107012735,0.4399657568838642,0.3348193811018331,0.08464006762672201,0.9293995180920676,0.1580264006736865
P7 (all three reactions + n),3,700/725/825,18,31.407296410389193,13418.886398875768,0.8663167276016095,0.22805530186554002,0.33921624231908437,0.24524826912278108,0.06210323955224546,0.7347578585734967,0.1331970181653761
P7 (all three reactions + n),3,675/725/825,18,31.295933631758185,15357.099799864582,0.6444510241741512,0.14974596079092145,0.318434426114463,0.2538690297363314,0.06491678820259573,0.9903631027791192,0.1745739587745783
P7 (all three reactions + n),3,700/750/850,18,31.293798429787913,20643.48364666728,1.0434881323106533,0.2846747389992393,0.3959894501739421,0.21326842704424223,0.05082567292534833,0.6662376270933652,0.11600588102322293
P7 (all three reactions + n),3,650/675/800,18,31.268987324157607,15212.95270086126,0.9628594997717939,0.2005938032339152,0.5735186941026633,0.3206707492914747,0.08917173809952882,0.4798222721511501,0.10472871433244269
P7 (all three reactions + n),3,775/800/850,18,31.23332884872879,78564.568277468,1.4969268012288188,0.4061480573354516,0.43494791050978193,0.22770998111669524,0.05604557236037516,0.2740549872655765,0.05454632163988055
P7 (all three reactions + n),3,600/700/825,18,31.176829764945836,66450.06181125106,0.5095810690619951,0.08500879075852004,0.3634745370745803,0.7615244282456255,0.17523116000579939,2.052258978651064,0.3188881019724588
P7 (all three reactions + n),3,650/750/825,18,31.126021959212476,55326.62914634454,0.927533274964925,0.19894180896541852,0.5064586784130978,0.3167007974312865,0.08325098822602248,1.5025280353239314,0.26239724535524916
P7 (all three reactions + n),3,600/750/850,18,31.09220133697842,43033.6174918974,0.7707813034481223,0.12263424398376514,0.5255253709931762,0.2783347027786272,0.066440714874677,1.4848071197099098,0.25559010382479175
P7 (all three reactions + n),3,650/725/850,18,31.066198866462784,12676.620580436882,0.6028922713739268,0.10698648295309786,0.34783644891532556,0.24241364052805717,0.0554629756878913,0.9993569363614889,0.17853618692764228
P7 (all three reactions + n),3,625/750/850,18,30.97620804496007,46050.970505443016,0.8818629592816658,0.15672979312065283,0.548785340509238,0.277808138873031,0.06597832090588754,1.4937606353521198,0.2545562650810707
P7 (all three reactions + n),3,625/700/825,18,30.91540261410684,65521.034247758296,0.5827192536971997,0.11013503995764026,0.3976401451967396,0.7501095900112553,0.17248614769856638,2.029846699554892,0.31528204276389366
P7 (all three reactions + n),3,600/775/825,18,30.885904107504096,53599.633666014444,0.6465604091860269,0.13092891969718048,0.48199556113443004,0.3525928411718497,0.09010996000866799,1.4488716906400858,0.2554623225924504
P7 (all three reactions + n),3,675/750/825,18,30.86732767338837,49765.43277292402,1.0681254291506455,0.2538217031853684,0.4848854312000287,0.2940800918269153,0.07672494100111193,1.3385120400849264,0.23098478795245356
P7 (all three reactions + n),3,625/775/825,18,30.849857941279296,54254.45989524687,0.7451281219091588,0.16007605886531376,0.4928516351572087,0.3504422380079656,0.08953705226475453,1.4468253232936132,0.25480023931138884
P7 (all three reactions + n),3,600/650/800,18,30.83674061147068,9905.642467465019,0.6965686909691192,0.1165599390269225,0.4858042993906891,0.6263782303091342,0.17127561141032938,0.6722131624462694,0.14097058194089346
P7 (all three reactions + n),3,600/775/850,18,30.819701186742957,42909.35265529076,0.7097051807089008,0.1331436304864507,0.5181427827753369,0.28517521893799697,0.06676123604562115,1.3810777903101303,0.23952271036855688
P7 (all three reactions + n),3,625/775/850,18,30.79305564022993,43487.82104342022,0.8093949239254138,0.16253425615128458,0.5299172348491369,0.28437840305468903,0.06661293560803062,1.3745860668632348,0.2375350666503175
P7 (all three reactions + n),3,775/800/825,18,30.75200107813261,101888.2318667016,1.6378506705503852,0.45311209960847243,0.4205887322789798,0.25869290485518537,0.06758549806224567,0.30270089804580985,0.062084424530290366
P7 (all three reactions + n),3,700/725/850,18,30.688527739884343,11397.555542579614,0.8803713038602416,0.22748734273295507,0.3657386082274854,0.23242347567599325,0.052593570483205586,0.7015858122933619,0.12630751052473108
P7 (all three reactions + n),3,675/775/850,18,30.679710560475762,35194.232970537094,1.0498678563722175,0.2475787778077184,0.5136434913577422,0.2770414049155104,0.06511789789358784,1.1994378368736816,0.19969780977179813
P7 (all three reactions + n),3,650/775/825,18,30.657521486042967,54531.24876279881,0.8775624850107546,0.20001686568560492,0.49949355257002315,0.3425335063404913,0.08762592120098424,1.4324313458888536,0.2513834397607879
P7 (all three reactions + n),3,650/750/850,18,30.648833496659236,48917.584379364554,1.037912996417044,0.2076828053577635,0.5690917887599337,0.27325404070204423,0.06438471280626767,1.468510166798063,0.24594130229875935
P7 (all three reactions + n),3,650/775/850,18,30.63419406304279,42790.36095213833,0.9359500777219687,0.20213302908083658,0.5351006593799829,0.2801573030165279,0.06574242565835758,1.3407832330834863,0.22926173524837717
P7 (all three reactions + n),3,675/775/825,18,30.61098483803712,48432.14499227144,1.0056556460498374,0.24556982187182372,0.4809718071157839,0.33568991537938203,0.08586730779834202,1.3401826481724566,0.23222633022983938
P7 (all three reactions + n),3,675/725/850,18,30.56445229998647,12584.135479355227,0.7057567375889536,0.14875342936657404,0.35929534324204637,0.2388864216134326,0.05471026010386556,0.9769289730628781,0.17080041712771174
P7 (all three reactions + n),3,725/775/850,18,30.51571529229887,41254.42219581614,1.267456127513625,0.3309743231812472,0.3466759429228216,0.19553645121843316,0.04871742910461254,0.8601096894500542,0.14764139230950363
P7 (all three reactions + n),3,750/775/800,18,30.49812575236593,60899.906692244105,1.433325498545537,0.44514144869419636,0.30135873992082507,0.2857923193035937,0.08849416556106697,0.43482885390973036,0.09763047342098467
P7 (all three reactions + n),3,725/750/825,18,30.495488360971095,35416.43855657329,1.2232093469682632,0.3413843031711287,0.3255822535740669,0.19872587894208968,0.05538917788539021,0.8398233232754321,0.15459475391481997
P7 (all three reactions + n),3,675/750/850,18,30.45299069696115,42441.89829383477,1.1571446022545555,0.26529439935813287,0.5351615609272714,0.2559879171077819,0.05974048523821864,1.2588346672697903,0.20433527302772297
P7 (all three reactions + n),3,725/775/825,18,30.4299528754888,51242.072793974854,1.3089556121243453,0.3502906866525054,0.34112842326425685,0.22210658876915265,0.05954771403538715,0.9121591672931337,0.16247500562763473
P7 (all three reactions + n),3,650/700/825,18,30.406552089683736,58010.33996987072,0.7560402207340342,0.16404923375494893,0.46690653697061824,0.6834586035550211,0.15710526757529653,1.8796423397659863,0.29298714565096934
P7 (all three reactions + n),3,625/650/800,18,30.132113441171043,15445.181026567114,0.9428952603279854,0.1845042799550096,0.6318705798828498,0.5862455467284521,0.15987817523994743,0.6419543871771457,0.135181751955061
P7 (all three reactions + n),3,725/750/850,18,30.07439637063241,30111.693414599664,1.2413193517251377,0.3482123325551025,0.3386465791878016,0.17620516501449263,0.04457949200362544,0.8007486179558044,0.14818995162924875
P7 (all three reactions + n),3,725/825/850,18,29.934049263429657,55878.938291018145,1.371006425581843,0.34748832299000415,0.3877622658563402,0.23746571992435722,0.05427150150846267,0.9846274471571504,0.15367393577986202
P7 (all three reactions + n),3,600/725/775,18,29.912213251305786,14375.412560165885,0.442417281039709,0.06988889724104085,0.27772067284756335,0.34998176118758595,0.11827600991602204,1.0474269101371145,0.2302199439903297
P7 (all three reactions + n),3,600/700/850,18,29.88740119485128,68988.30568975257,0.7316989322457963,0.08906007960690918,0.5094594007368094,0.8461117881227346,0.1736378641375566,2.2796049062973474,0.3209760389779333
P7 (all three reactions + n),3,625/725/775,18,29.78113420041467,14428.571829493076,0.45290142210811635,0.08399382261565756,0.27914426839014506,0.34518636555875554,0.11667488322160445,1.0490396628422645,0.23084548484082312
P7 (all three reactions + n),3,600/700/775,18,29.733138833433358,35449.00269126113,0.5095831314503187,0.07159990085274216,0.33846092463744126,0.6331696648709847,0.19615862591080743,1.6342921643061772,0.3433408100829289
P7 (all three reactions + n),3,625/700/850,18,29.621321714977427,69019.14654626425,0.8138306216980502,0.11629023164634919,0.5482638494056659,0.8358537835912757,0.17158863556329446,2.2622132589184067,0.3192751117928461
P7 (all three reactions + n),3,625/700/775,18,29.52866100654525,33575.632485904134,0.5285739496817387,0.08941464489965457,0.3453497070225715,0.6132655260059033,0.18993924777977633,1.5907213067234165,0.3346826086385546
P7 (all three reactions + n),3,675/700/825,18,29.451549498547628,65636.46950672285,1.2420034741086465,0.30197370678625884,0.6528946570237696,0.6444689686310491,0.14809367281817393,1.820690684320618,0.2844629552693646
P7 (all three reactions + n),3,650/725/775,18,29.419236207757947,14545.39717705922,0.4866000532890302,0.11042397244230372,0.2810702545397954,0.32911365238837603,0.11136385901018521,1.0519610435971227,0.23179785019887236
P7 (all three reactions + n),3,750/775/850,18,29.376717451331125,53815.8191186433,1.3593051949021118,0.37011415748888915,0.41009673912897954,0.20367077171224868,0.05281489343484623,1.016959437045097,0.18127179958768208
P7 (all three reactions + n),3,750/775/825,18,29.251218844672657,66138.34928344256,1.3946249754936286,0.38517595130392646,0.3991366117204816,0.25226166671651845,0.07014087871348568,1.1097338582625107,0.20202147622973268
P7 (all three reactions + n),3,750/825/850,18,29.216827559201747,80549.06940416127,1.4786524473414748,0.3812145400268789,0.4908179789223364,0.2462221768362917,0.05845276319180075,1.1604837051500632,0.18620489128014356
P7 (all three reactions + n),3,650/700/850,18,29.131226257294756,61490.85959976458,0.9869945034088144,0.17379231747319243,0.6159934352106575,0.7550453760161988,0.15531127870750205,2.0813827618996994,0.2984139983754923
P7 (all three reactions + n),3,650/700/775,18,29.091247112095047,28321.064927635467,0.5872841986599721,0.1272918809499248,0.36066368147346467,0.550939370545127,0.17075891044524336,1.4609894294171393,0.30944402554273176
P7 (all three reactions + n),3,675/725/775,18,28.919872867158958,15203.276392747004,0.5859858524005399,0.1642934191047957,0.2858201950805807,0.31185360320507594,0.1057604536222679,1.0579774491265783,0.2346111220390809
P7 (all three reactions + n),3,800/825/850,18,28.8918486979464,140359.80365131563,1.9157890825737927,0.48507689880633564,0.7105407920857375,0.29903959412683945,0.06792770117888937,0.3051053381592416,0.0527161008428372
P7 (all three reactions + n),3,700/825/850,18,28.843047147659597,264831.96506936854,2.396029302182643,0.5764912878290703,1.0860204433240617,0.8248072556434398,0.17836231251735288,2.1475855248218707,0.30922110535972414
P7 (all three reactions + n),3,700/725/775,18,28.733824216078155,13733.50268126776,0.8247875377141911,0.27952989755500823,0.29227145666936966,0.3184007170419608,0.10800224180647136,0.8925535891536709,0.2108919286396593
P7 (all three reactions + n),3,600/625/800,18,28.4484204711757,37012.63296508403,0.9519682539914388,0.1787359995471118,0.7050891625542521,1.2710527319626834,0.34368151866435726,1.1914559364322852,0.2370294672980681
P7 (all three reactions + n),3,700/750/775,18,28.327009791841284,31712.847039604938,0.9149042597210234,0.2875970079291969,0.33189887129392537,0.45751981135131714,0.1530928935886498,1.2416009512389545,0.2844417138138682
P7 (all three reactions + n),3,675/700/775,18,28.312525331392017,24760.220580457302,0.7680883515801106,0.2120934602327882,0.3983747058660295,0.490510589568878,0.15238168113877235,1.3568287952934754,0.29019457162657497
P7 (all three reactions + n),3,675/700/850,18,28.156236235825496,74662.42466152918,1.5203374925415212,0.3283585133984776,0.8266430192790826,0.7171742401521328,0.14859471112474043,2.0419190560913587,0.29976727336823383
P7 (all three reactions + n),3,600/750/775,18,28.154619019368532,58699.82417203283,0.6059177419670564,0.10155779003103964,0.4078349449812956,0.576433465455334,0.1913044679033827,1.8172404658139998,0.3903882289744938
P7 (all three reactions + n),3,625/750/775,18,28.110803619375034,58674.42311526182,0.6626622072150471,0.12820331936517795,0.41061584707427684,0.5592719326520645,0.18559925233997834,1.8089147928491618,0.38850462678286685
P7 (all three reactions + n),3,600/675/825,18,28.077841782498318,271401.66400202736,0.587011360904659,0.12537141366302518,0.5179197659192689,1.1160954382245094,0.25868066918859184,4.392755933224346,0.6805777650642646
P7 (all three reactions + n),3,600/675/775,18,28.035361483950304,44210.44010741422,0.560961129276526,0.08105575217074967,0.36838008673397876,0.5876771979888409,0.18202007985393992,1.9482812775417042,0.3953970663970968
P7 (all three reactions + n),3,650/750/775,18,27.96573947160813,57651.03796986034,0.7555430074678693,0.17086494526586912,0.41106452661006265,0.5119990267256764,0.16990618997265508,1.777701428991372,0.38182724476757746
P7 (all three reactions + n),3,675/750/775,18,27.86344004124176,55350.83494630725,0.8845678676690515,0.23405072609817615,0.3974030141945845,0.4740769166354224,0.15745051230388388,1.7022942430557746,0.3684840164553435
P7 (all three reactions + n),3,775/825/850,18,27.84576714794215,113282.22122345994,1.7638119204496927,0.45623049183626807,0.503445062418013,0.2821037745874015,0.06649662221068826,1.1192185354046926,0.18638255380212865
P7 (all three reactions + n),3,625/675/775,18,27.658781687819857,43443.36360021137,0.6003589612359235,0.10572948706427712,0.3842327101183883,0.5751799238553961,0.17819899721467786,1.9331575985304086,0.3928532603934979
P7 (all three reactions + n),3,625/675/825,18,27.61408731912927,267812.44814798486,0.7216335928740958,0.16567911443292674,0.591045770994604,1.0996206258405452,0.25456745428700817,4.3540668092938635,0.6739291982458077
P7 (all three reactions + n),3,650/675/775,18,26.929561814796468,42684.76515543837,0.7372066174308388,0.16793767557958683,0.42834365093299903,0.5403195765455463,0.16761334941408956,1.9197020250075372,0.39143040847758925
P7 (all three reactions + n),3,675/825/850,18,26.872704409768165,322027.39821378485,2.2046446731041276,0.5303606207227,1.2501135079453372,0.7920786036646379,0.1709660481886651,3.117505926386552,0.4550838925528447
P7 (all three reactions + n),3,650/675/825,18,26.648163301926175,261145.00025598393,1.1304096261246752,0.27650204491670777,0.7906859172524983,1.0570064905273453,0.24397075341686655,4.260430668063052,0.6579313872789367
P7 (all three reactions + n),3,600/725/750,18,26.618382518782624,14480.078173899898,0.5033975373680895,0.07332063388387434,0.30774390962757736,0.5313014301627677,0.20863835521391838,1.4327845857815862,0.40766299938234685
P7 (all three reactions + n),3,625/725/750,18,26.534971630856482,14578.17073964572,0.509651537453888,0.09190109354098597,0.3073889979597197,0.5112276354619256,0.2011239650755782,1.4398053084307971,0.4094733416667623
P7 (all three reactions + n),3,725/750/775,18,26.507855297714627,57824.7681390882,1.5936027631295304,0.5491433356657948,0.3103814606240058,0.3298196889477521,0.11480440874214282,1.1493547345000825,0.2610978641442529
P7 (all three reactions + n),3,600/650/775,18,26.349041936786794,49382.51387137115,0.6253111461286195,0.09888708193600883,0.4154807278633338,0.711402435358004,0.22116615533268413,2.0633127484248033,0.4175126221700034
P7 (all three reactions + n),3,650/725/750,18,26.34072067326491,14775.931142015648,0.5352352485942475,0.12649051600729763,0.3063678457119136,0.45836736370228404,0.18169010190573948,1.4502365468750067,0.41211416652103083
P7 (all three reactions + n),3,675/725/750,18,26.01881064172894,15496.537247122713,0.6105962721289421,0.19252682340950553,0.30360621450922715,0.422944424142833,0.16922108119984375,1.4615398865000695,0.414813183192355
P7 (all three reactions + n),3,600/700/750,18,26.01097491513611,65165.68402265438,0.7755569127531878,0.06908745682232609,0.5330093007607694,1.0836792368966164,0.4159575757849294,3.065943281066179,0.8765926261738293
P7 (all three reactions + n),3,625/700/750,18,25.90736485752359,57920.87098696997,0.7626515618169476,0.08512422099719792,0.5260320321255894,1.0095111892468185,0.3882836345911172,2.8925125308527515,0.8320681476775275
P7 (all three reactions + n),3,600/675/850,18,25.8349681157761,645171.6923854927,1.035974071024624,0.18120098598442047,0.961545485781386,1.8523694910121085,0.3858413509280205,7.446686817834552,1.0598336116754112
P7 (all three reactions + n),3,625/650/775,18,25.78094408899562,51069.30665224771,0.7342102684804585,0.14512032087787013,0.46140570167619116,0.6758092111413806,0.21003687473133986,2.1022609866999358,0.4262903673718929
P7 (all three reactions + n),3,600/650/825,18,25.7382726124989,373401.21524464805,0.6851608667309907,0.15462729814316983,0.6251075188530388,1.2028669336291966,0.2800308770365739,5.212983488936623,0.8092735414578095
P7 (all three reactions + n),3,650/700/750,18,25.67698239819814,43569.911579976746,0.7582104185424798,0.11781775670436055,0.5147637177832246,0.839917661813818,0.3257586337309442,2.5082471344937907,0.7352326459099133
P7 (all three reactions + n),3,700/725/750,18,25.626849528729565,14686.9038786334,0.80355449403621,0.32752040068622035,0.29004657526334954,0.45453791295751705,0.18068824915714707,1.2964894659612105,0.3812217620680997
P7 (all three reactions + n),3,650/825/850,18,25.546763236921066,359791.8371436928,2.096529837494396,0.49996238625597145,1.3812962203408354,0.7557055565862612,0.16292685793960618,3.6016336537821307,0.5315872129179786
P7 (all three reactions + n),3,625/675/850,18,25.35029599945689,643456.677281882,1.2466479094832361,0.237108939938219,1.079141121916764,1.8323773039364522,0.3815507291865881,7.40530843792374,1.0540500461099898
P7 (all three reactions + n),3,675/700/750,18,24.953436690136655,40096.64448015681,0.8211348457850813,0.1951449998225688,0.5178690613255618,0.761722359153375,0.29879154550154763,2.397743002618199,0.7119562732657156
P7 (all three reactions + n),3,625/650/825,18,24.904653488873187,365035.75094149256,0.9974429746712609,0.2366937208582161,0.7944443344577744,1.1690998163545905,0.27177929652525673,5.148246915011433,0.7985401634098869
P7 (all three reactions + n),3,600/675/750,18,24.738252124296004,52930.224290208236,0.8061527396586196,0.07646786770405035,0.5581980534268884,0.8828846571834844,0.3393501873701035,3.0414986742932513,0.8489827234551341
P7 (all three reactions + n),3,625/825/850,18,24.642464771800235,402210.65942935133,1.944394229013665,0.4569152158724585,1.4633248705077533,0.7754716035964703,0.16697213805812494,3.998458075718837,0.5966690495525206
P7 (all three reactions + n),3,625/675/750,18,24.339634099974184,55451.39584690192,0.8099392451695818,0.10371473969353587,0.557643557517295,0.8813258540090468,0.3387381326209848,3.1262428091437973,0.8699036390182725
P7 (all three reactions + n),3,650/675/850,18,24.28949078326755,657314.2377864762,1.8765217186594478,0.39608735039349674,1.414192232401573,1.795712558850072,0.37368462872533914,7.3638720756788665,1.0487658216724418
P7 (all three reactions + n),3,600/625/775,18,24.235137784885076,60718.25506096135,0.7236534730494398,0.1310635124177156,0.4912452441641271,1.1691181164450581,0.3625597119178538,2.2351458823779176,0.45451842324084063
P7 (all three reactions + n),3,600/825/850,18,24.210776288415985,429642.92137293395,1.757793819420747,0.4076617738088214,1.5115511707455735,0.7856316364417919,0.16898702822899048,4.196180916176056,0.6293715212319956
P7 (all three reactions + n),3,600/700/725,18,23.768214141819865,7505.624017919067,0.7057150779208923,0.09170079448297465,0.4326858949176559,0.6931686534500187,0.3368875821777235,1.5845431903463087,0.5761150922918014
P7 (all three reactions + n),3,625/700/725,18,23.56180586425821,7026.993616914615,0.7110122039594556,0.1231229413454752,0.4317580671612369,0.6499953216395193,0.31738042202038214,1.5382764966897435,0.573611824691261
P7 (all three reactions + n),3,650/675/750,18,23.52470120683484,64429.54411081443,0.8580051244880843,0.1808281331823041,0.5591488694503689,0.8844678522124819,0.33956463160062716,3.4002150846435546,0.9349160554719259
P7 (all three reactions + n),3,650/700/725,18,23.133598931736895,6394.122040412657,0.7308110226142449,0.18533070595515294,0.4286533247992863,0.5568223892552591,0.27795920419364234,1.4672542014851693,0.5763208755874262
P7 (all three reactions + n),3,600/675/725,18,23.124487678909105,4864.275101945876,0.8176059789096161,0.091393359801167,0.4819650405056447,0.5523435534099873,0.27892474598961103,1.586614334307522,0.5423799335849254
P7 (all three reactions + n),3,600/650/750,18,23.051620800695144,65775.21916383674,0.8390076589158135,0.10091579087157042,0.5730969271747753,1.040142473028759,0.3919219685473979,3.4438934089202786,0.9314203133659409
P7 (all three reactions + n),3,600/625/825,18,22.819426114473565,411731.47108723596,1.011068719476414,0.23119949937751577,0.8857861299165133,1.6083902801604555,0.37585542157067325,5.479227455607033,0.8520228150522485
P7 (all three reactions + n),3,625/675/725,18,22.69736021199244,4896.65494436158,0.8178954824375176,0.12575071536409763,0.4804923433243852,0.5347800682882519,0.27112688123020234,1.5904614932400922,0.5555486900749724
P7 (all three reactions + n),3,600/650/850,18,22.411508530829813,2346365.848135628,1.4428882254349111,0.2993725318587702,1.5947344131852703,2.9961295784715207,0.6270858646693104,14.398355204581735,2.060519350178752
P7 (all three reactions + n),3,625/650/750,18,22.22713980461309,95615.18453973747,0.8909824162780381,0.17512455611541985,0.5780397466714462,1.0891629182303293,0.410191473953909,4.198501117818587,1.1158381396525394
P7 (all three reactions + n),3,675/700/725,18,22.12350657492788,7585.712531613333,0.8135039853595287,0.3310068351806831,0.41828965611427366,0.5111389401735331,0.26428373245522907,1.5439639793735214,0.6298473166411522
P7 (all three reactions + n),3,600/650/725,18,21.901254271914734,5099.89988516959,0.8817722062464856,0.10768927012234102,0.5114362401913494,0.6641682067354643,0.32943135957246755,1.674980539304394,0.5807548913457184
P7 (all three reactions + n),3,650/675/725,18,21.89047862117884,5293.962547488241,0.832516448064363,0.2123524944783068,0.4761033789283289,0.4954399494306913,0.2551038273862362,1.6348428741527397,0.5999497705177729
P7 (all three reactions + n),3,625/650/850,18,21.534648691378983,2194295.4203902152,1.8811892798814853,0.4045869953432219,1.8274123074322357,2.872815991838841,0.6008756275094006,13.874265754005657,1.984894778889454
P7 (all three reactions + n),3,625/650/725,18,21.306437134806757,5489.540498468836,0.89417802511234,0.1641321031826065,0.5137238729850818,0.6223147737056074,0.3103602411786609,1.7414720795669485,0.6298990412991432
P7 (all three reactions + n),3,600/625/750,18,20.312453143147863,170421.37300382045,0.9085667231519908,0.17657302168084968,0.5982245368784759,1.798789657047282,0.6660867856021095,5.551477408003367,1.4419129628865566
P7 (all three reactions + n),3,600/625/725,18,20.053306448791226,6289.070151877016,0.9276501519306859,0.1390789557256448,0.5301094650571259,1.0786713275369197,0.516889513142678,1.8409469713367743,0.6743678325267043
P7 (all three reactions + n),3,600/625/850,18,18.46517388465523,5527573.496718803,2.036587784792418,0.4512566440395574,2.373348164080789,4.331219389888164,0.9079380122197841,22.20072279121897,3.1813478507397175
P7 (all three reactions + n),3,600/675/700,18,13.864245733076526,82093.21655355737,4.109734102740425,0.11713733664921039,2.81577761023436,1.7912253779198664,1.1439879319760624,7.276899270085147,2.4202497389672613
P7 (all three reactions + n),3,625/675/700,18,13.584960285018482,102114.84772326275,4.037180108477465,0.17978126272596265,2.8177421182868607,1.9118099375216193,0.9782994794992107,8.084801701939522,2.527099226550352
P7 (all three reactions + n),3,600/650/700,18,13.173793359632471,99272.63893630604,5.55835457005269,0.1311142018302976,3.7418696755509018,2.020549421629431,0.9245879851756932,7.821922897466435,2.073021088529935
P7 (all three reactions + n),3,650/675/700,18,12.550533720776968,162167.3457957349,4.28716404333566,0.37470029762526247,3.1165376234508697,2.240978667508727,0.9248728999919111,10.061903368709052,3.079754696311412
P7 (all three reactions + n),3,625/650/700,18,12.26632430038908,133894.81658204916,5.567137467118259,0.24191062964051602,3.8023865748663868,2.299121046874108,0.9134197495491919,9.47514070833855,2.70664418688533
P7 (all three reactions + n),3,600/625/700,18,10.800969537271195,162933.42045386255,6.770971780826027,0.21041047881807223,4.539849109690448,2.9986760026639834,1.2381132955159104,10.715694513982697,3.1520954028613843
P7 (all three reactions + n),3,600/650/675,18,4.327524306008901,1025087.568223675,14.245273001694143,0.39625155333202733,10.476173134723226,7.3822751818437995,1.6475100521103037,33.185323090789694,6.273972040431723
P7 (all three reactions + n),3,625/650/675,18,3.457756297332997,1030909.7910361368,13.53841013639939,0.5144972501533825,9.955589585494002,7.116029149081343,1.693987932272861,31.824098776503654,6.822343076226267
P7 (all three reactions + n),3,600/625/675,18,2.7558695424096964,1796383.860395068,18.85802533942208,0.5551122383869835,13.822056734401228,10.091918959172006,1.9714607517478693,43.689959559587635,8.115222522107631
P7 (all three reactions + n),3,600/625/650,18,-3.8256166127957885,1936138.3672832013,19.138598458925298,0.721688078130314,13.984927185745535,9.562172183482172,3.5999375786827157,43.27918537456439,10.713852494217287
P7 (all three reactions + n),4,600/700/800/825,24,37.12242606657987,6755.76114047234,0.42502109315939873,0.07193879195046436,0.2886324524029916,0.18475755290412194,0.04752768394113607,0.3056067871638197,0.06251701874847924
P7 (all three reactions + n),4,600/700/800/850,24,37.02536125237621,8294.43005851091,0.4820764319118137,0.07162914957314832,0.32135725671521226,0.17686916814454484,0.039575724754858994,0.3035685014984308,0.049585302073754105
P7 (all three reactions + n),4,600/725/800/850,24,37.019597698947884,5705.89009959886,0.4006274658518663,0.06546178913321483,0.2724013828971442,0.16571948854445734,0.03865604007301735,0.26928168401868835,0.049699734425150806
P7 (all three reactions + n),4,600/725/800/825,24,36.99331876522023,5287.495774242333,0.37308028228281825,0.06626865519469657,0.25933897772938297,0.1800738045147445,0.047294952530220695,0.27999282162772166,0.061017892140856525
P7 (all three reactions + n),4,600/750/800/850,24,36.92244340131062,7211.931660126402,0.41685472061523726,0.08559428254082815,0.30946335391145496,0.156763647503002,0.03819920202919585,0.25950065872470046,0.04981095429646613
P7 (all three reactions + n),4,625/725/800/850,24,36.89259047014492,6428.402987986628,0.4323623064390642,0.07809952457403288,0.2800512214129735,0.1652788240496702,0.03858236672492158,0.26935632610189447,0.04965664007543549
P7 (all three reactions + n),4,625/725/800/825,24,36.86556104826699,6119.834252850454,0.4071769215179861,0.07905276980205145,0.2672733617976445,0.1789709879636258,0.046988849322981606,0.2797646253420322,0.06093991429767857
P7 (all three reactions + n),4,625/700/800/825,24,36.85253482746452,8450.916228002867,0.4819163613534243,0.09007547195930148,0.3115533467987716,0.18359051314276828,0.04718613181333629,0.3055996263525943,0.06244595447343941
P7 (all three reactions + n),4,625/750/800/850,24,36.845026997991916,8605.692487581322,0.46722049209420025,0.10331733638060317,0.3166578902317549,0.15694721188221916,0.03833053483568373,0.2593157275525994,0.04973863649588257
P7 (all three reactions + n),4,600/750/800/825,24,36.82866611849344,7269.484443060669,0.39953004214567983,0.08535907744926592,0.300138756146661,0.16903355039265716,0.04520626076639302,0.2832774629619948,0.06047159848855382
P7 (all three reactions + n),4,625/700/800/850,24,36.75126107591717,10010.273841437565,0.5393484184158015,0.08993276146608173,0.34535794748231585,0.17684622584702755,0.039527856680435076,0.30553794650210725,0.04963645300060872
P7 (all three reactions + n),4,625/750/800/825,24,36.750336292908855,8796.450701901904,0.4512766824506191,0.10308668830897791,0.30738583939913927,0.1690188221766808,0.04521803603273884,0.28290556199226,0.0603570096124389
P7 (all three reactions + n),4,650/750/800/850,24,36.51607803965334,11028.743557703885,0.5473225053384768,0.13036872599183724,0.32499622875571443,0.15508917305795672,0.03809328044382362,0.25889103478657194,0.0496826618669983
P7 (all three reactions + n),4,650/725/800/850,24,36.489803708819196,7886.576874094792,0.4927140169265388,0.1004928580297122,0.29143815080132246,0.16246473204645281,0.03806221316308753,0.2692858348012547,0.04959732246190839
P7 (all three reactions + n),4,650/725/800/825,24,36.46597184227949,7782.490636225829,0.4710214118400401,0.10169805032700466,0.27884982990997026,0.17450319947168397,0.045880296622007904,0.278952107571517,0.06077313037627776
P7 (all three reactions + n),4,650/750/800/825,24,36.421483447998384,11479.62643590092,0.5337283312045591,0.13032279207253006,0.31608256988012867,0.16653963146816794,0.044684532923287,0.2818989034912003,0.06019240903253553
P7 (all three reactions + n),4,600/775/800/850,24,36.29694967329631,15577.709357474152,0.541019565179362,0.11278480627503291,0.42097649550222493,0.21493266142054357,0.050559922785892664,0.26698727024370633,0.04887439263416635
P7 (all three reactions + n),4,625/775/800/850,24,36.27110356357227,18608.788759507257,0.6144254952039327,0.13528470291034453,0.4256826599249841,0.2152144662750519,0.050785618839442735,0.2674456406768959,0.048859634321923626
P7 (all three reactions + n),4,600/700/775/800,24,36.23437999110602,6451.432771421947,0.37300606016021076,0.06540970224999437,0.2484461235451564,0.2571334382325752,0.07596604085405136,0.4539068568205248,0.09801951509465993
P7 (all three reactions + n),4,650/700/800/825,24,36.22419276911237,12858.024279298263,0.6090209744502727,0.12821233097965812,0.35650459363153025,0.1797673728708159,0.046118525765654075,0.304888733335027,0.06220984133496939
P7 (all three reactions + n),4,600/725/775/800,24,36.11940394537786,4912.379261137321,0.33236907085476036,0.06241174668959329,0.22548794049265555,0.24271704454891463,0.07286914480353276,0.3998672079513764,0.09092596466917034
P7 (all three reactions + n),4,650/700/800/850,24,36.1114984668088,14502.159653319155,0.6694793996100862,0.12874492112864963,0.3934895960054269,0.17602229275361592,0.03932627617939786,0.30913123557329414,0.04981627742090017
P7 (all three reactions + n),4,675/750/800/850,24,36.05302440717683,15235.439988062912,0.6673712534110114,0.17003995153926776,0.33081052557535245,0.14855420533387179,0.03700145211515422,0.25850909942092815,0.049679971801469186
P7 (all three reactions + n),4,600/675/800/850,24,36.05268352054219,8942.418858065272,0.5131827091066761,0.08286711251192806,0.34387093130233864,0.20668969516183602,0.0467526746244357,0.2990500379485796,0.049985849702313324
P7 (all three reactions + n),4,650/775/800/850,24,36.04754011049507,23030.50207281671,0.7131849726663367,0.16576472552236252,0.4266723112495002,0.20891495284508893,0.049632245912156966,0.2673158663797275,0.04890539061960411
P7 (all three reactions + n),4,600/775/800/825,24,36.03035287541963,15091.24685939643,0.5115116721965018,0.11135795343797396,0.40194266828140784,0.24005902366777246,0.060824000601713335,0.2977597751831399,0.05881961658366785
P7 (all three reactions + n),4,600/675/800/825,24,36.01684817348373,7961.399028163463,0.4668104064590409,0.08382657121045979,0.3210048354082845,0.24007498216475204,0.06150066138183111,0.302542056341391,0.06330614865540195
P7 (all three reactions + n),4,600/700/750/800,24,36.012750937442284,4295.627727174943,0.3683303051800895,0.06192667186465907,0.24052599601180352,0.22198810560786697,0.06798229150893928,0.42897192493853553,0.09748415665504218
P7 (all three reactions + n),4,625/700/775/800,24,36.00618252767289,6551.083232664827,0.40812891420076375,0.08018722316655208,0.26012177716315193,0.25464399810422805,0.07522388429168395,0.45144912317603436,0.09761967041858526
P7 (all three reactions + n),4,625/775/800/825,24,36.002453482457256,18252.504880915014,0.5849861581752819,0.13387837476763642,0.40702848275520265,0.23961439434746692,0.06076016814006004,0.2974403991410473,0.05873328577727965
P7 (all three reactions + n),4,625/725/775/800,24,35.99563454525567,4854.664642190356,0.3565290516258882,0.07436588583205275,0.22985961600857538,0.24044015352966952,0.0721879617883403,0.3983884314005854,0.09066916057634647
P7 (all three reactions + n),4,675/750/800/825,24,35.96025765445012,16258.85788248461,0.6589688216629818,0.1707423259638301,0.3231181531204559,0.15868963058128677,0.04302315908165761,0.2806050756631392,0.060017073534261375
P7 (all three reactions + n),4,600/725/750/800,24,35.950530982584134,3420.426813595744,0.3318336856060754,0.05981103151605014,0.21926758976787786,0.20758533860958045,0.06501926386672989,0.3914182613994162,0.09349554342399662
P7 (all three reactions + n),4,675/725/800/850,24,35.91335128799325,11048.487854359959,0.6046553033237617,0.13938999211274702,0.30763806321307885,0.1547013901484304,0.036675354019237084,0.2694460454270524,0.04948857542935846
P7 (all three reactions + n),4,675/725/800/825,24,35.89865004026726,11469.066457941783,0.590478776823266,0.1415858745998237,0.29578159151901506,0.16348594321297027,0.043312202324420276,0.2780469849645804,0.06051312365260951
P7 (all three reactions + n),4,625/725/750/800,24,35.816066531151755,3394.547633173237,0.3504809278211082,0.07122989386918822,0.2221727939529233,0.20626762847978872,0.06462343454129803,0.3907275008901911,0.09331475484215092
P7 (all three reactions + n),4,675/775/800/850,24,35.79274718770865,28758.300866161102,0.8305561693112332,0.20337568796302302,0.4149581694160623,0.18909604013598472,0.04563748514936725,0.2669044276583894,0.049079836503810044
P7 (all three reactions + n),4,625/700/750/800,24,35.79152559033234,4372.498862321786,0.39357937375122287,0.07531819307598613,0.24781348073190004,0.22050142734102057,0.06753801461226763,0.4275901846039071,0.09727297016728047
P7 (all three reactions + n),4,650/775/800/825,24,35.784528619231395,23066.309893658832,0.6866211150389967,0.164974934562123,0.4097858022491618,0.23051954056566848,0.05868031789310441,0.2951244170012281,0.058573966697759466
P7 (all three reactions + n),4,700/750/800/850,24,35.68865166968641,21851.803672305512,0.8182581479047862,0.2199742765848743,0.32188741826722367,0.14343008561819953,0.03635555690256033,0.25706812547313,0.04979073554203653
P7 (all three reactions + n),4,700/775/800/850,24,35.68154581704463,35547.65114779121,0.948182140428143,0.2432999534559463,0.38055770885507506,0.16845438250439923,0.04165901179173536,0.2706466477638759,0.049340246934484126
P7 (all three reactions + n),4,600/700/725/800,24,35.629912052874424,3893.678215025383,0.4253058396806659,0.05975094108016009,0.2734571923381757,0.20740361629679077,0.06195692980913741,0.4038308236915053,0.09367780903826416
P7 (all three reactions + n),4,650/725/775/800,24,35.61160650838498,5153.8413541479895,0.40752938428196894,0.09657970939116682,0.23658014446071407,0.23124286848078324,0.06957633010076028,0.39255616126159626,0.08976373391756225
P7 (all three reactions + n),4,700/750/800/825,24,35.59800537399132,23988.310560868038,0.8197797419428381,0.22269540338069363,0.3160060446535341,0.15169368867956104,0.041738156491395534,0.2800824044080418,0.059976820010778864
P7 (all three reactions + n),4,625/675/800/850,24,35.59359393798276,12389.29359104623,0.6143496676751112,0.11251981340957683,0.39552398569580793,0.2067374717549292,0.046666053044867525,0.3020139399746605,0.05004332383220484
P7 (all three reactions + n),4,625/675/800/825,24,35.57052218986495,11410.730883135651,0.5659966806744485,0.11313097675386702,0.37006239911341327,0.2372277703288647,0.06070784886230608,0.3024076587573104,0.0632295480966691
P7 (all three reactions + n),4,600/750/775/800,24,35.56931366582347,6767.5174422516,0.36434066356119404,0.07696714100219956,0.267373269910867,0.2677466534391909,0.08130933659922475,0.4343791187508881,0.09691036722011726
P7 (all three reactions + n),4,675/775/800/825,24,35.54487517207311,29784.248467957284,0.8134589317989985,0.20456220175889941,0.4022996952503539,0.2053382916373599,0.05295800573754306,0.2913273118545393,0.05842440206942757
P7 (all three reactions + n),4,625/750/775/800,24,35.49214770948225,6673.172375102886,0.4029952327993566,0.09293746298316773,0.27134053703450506,0.2652596799842872,0.08056608337781193,0.4319848246747474,0.09647492892447708
P7 (all three reactions + n),4,600/675/750/800,24,35.48055819589122,3997.7119679581774,0.385541252294689,0.06952059353856209,0.25254565241224364,0.23100868027759577,0.07040750966881484,0.4228548448217959,0.09700188958186359
P7 (all three reactions + n),4,650/700/775/800,24,35.46744561633713,7695.53106055515,0.49008250101238765,0.11105313788776856,0.2825699516393971,0.24528941095582332,0.0725283024847444,0.4418725279072482,0.09611673572847171
P7 (all three reactions + n),4,700/775/800/825,24,35.440130928689285,38226.513226163195,0.9468376516754566,0.24814126328912658,0.3723662845199946,0.18064363229764957,0.04766312076863897,0.2948601353545427,0.058732875486842764
P7 (all three reactions + n),4,600/675/775/800,24,35.42267767341925,6612.378279683499,0.4007891882903179,0.0745413264061728,0.26782264626563873,0.302142278139179,0.08779824498218937,0.45725435090763067,0.09876466680749822
P7 (all three reactions + n),4,625/700/725/800,24,35.417985897464646,4091.6554005431512,0.4452148613044316,0.07178710800694268,0.27888400346768016,0.20618260473486688,0.06159555606447866,0.4028815349921277,0.09360570586231978
P7 (all three reactions + n),4,700/725/800/850,24,35.41399062003773,18311.473696591707,0.7971717321774504,0.20311595724956608,0.3249117811076535,0.15059105576485615,0.036264206899997334,0.2681091825579042,0.04934399257244388
P7 (all three reactions + n),4,700/725/800/825,24,35.4079026676265,20219.74369115202,0.8000096598550097,0.20861429065813705,0.3154546074985877,0.15423363844438667,0.041205191959636026,0.27834762115909367,0.06023989139424761
P7 (all three reactions + n),4,650/725/750/800,24,35.396273242472645,3615.4003802599436,0.3920757946326338,0.09303836462362046,0.22663904961547526,0.20099364802657008,0.06314296343873595,0.38758340324374685,0.09277814122743219
P7 (all three reactions + n),4,675/700/800/825,24,35.30328546390645,26347.048793770824,0.8973776721678243,0.20995725060321274,0.44903495500663654,0.17311736160749228,0.044198236174617114,0.3049213219179128,0.0618116373736557
P7 (all three reactions + n),4,600/700/775/850,24,35.2544864288523,14370.678704595264,0.38376629197413503,0.07032199391777559,0.2574463850611219,0.2653212648854147,0.06172545320799031,0.7854412390803888,0.12443382154732942
P7 (all three reactions + n),4,650/700/750/800,24,35.250372422659304,4941.23551640999,0.4541088580908135,0.10349151765031445,0.26149582854941367,0.21472392315046177,0.065912040017647,0.42198197973293317,0.09649441993461834
P7 (all three reactions + n),4,600/700/750/825,24,35.24417088836317,10908.38509866428,0.35733611266618986,0.06282191527578414,0.22739083320368547,0.23974115004049196,0.06302405504222906,0.7287932528631237,0.13456561561520916
P7 (all three reactions + n),4,650/750/775/800,24,35.18918445645057,8056.051757525329,0.4700088973991557,0.11893302587082481,0.27643431780856786,0.25368550899677356,0.07723248353328717,0.423102817382855,0.09504312339062754
P7 (all three reactions + n),4,675/700/800/850,24,35.17234756034081,28058.337244959697,0.9651015752029288,0.21165685750019983,0.49216189203429545,0.17626983443246066,0.03957731465810949,0.31787883090286095,0.05050327800203301
P7 (all three reactions + n),4,625/675/750/800,24,35.15053290249501,4311.631328007183,0.4247565786801528,0.08842340468723163,0.2679391148842459,0.2292932012230407,0.06989199145722663,0.4219072724367881,0.09685351277590568
P7 (all three reactions + n),4,600/675/725/800,24,35.11206853872214,3721.8006424185887,0.43663759858279166,0.06414667540600852,0.282169692476121,0.21760817302732668,0.06486023017406801,0.39790574354221325,0.09382856001697547
P7 (all three reactions + n),4,600/700/775/825,24,35.09755076037101,22473.28628766388,0.3544234713206392,0.06985744304003869,0.2398249090005789,0.31647843213240123,0.0799360190348838,0.9162941698514481,0.1552424971901851
P7 (all three reactions + n),4,600/650/800/850,24,35.07943860670928,12852.142211399281,0.6130434118980135,0.10888696513264182,0.42327968223175855,0.2546107997175077,0.05705684642171202,0.3034595388135174,0.05007685915804848
P7 (all three reactions + n),4,625/675/775/800,24,35.061313787311065,7079.658283750636,0.4607829166741385,0.09682324015814388,0.29365993307220895,0.29846327022475955,0.08664083955577416,0.4537160844123891,0.09820319684509145
P7 (all three reactions + n),4,675/725/775/800,24,35.042812665861334,7697.1052249477,0.5145605206756033,0.1379171239726255,0.2476490136480691,0.21225344109876915,0.06443534273620703,0.38443662429658343,0.08855633672354558
P7 (all three reactions + n),4,625/700/750/825,24,35.01827579896091,10839.487079442764,0.387332852046088,0.07646456098603266,0.23765522163277225,0.2387100596450307,0.06277885667343837,0.7265490024585415,0.13430655798302077
P7 (all three reactions + n),4,625/700/775/850,24,35.00826366009503,14594.773001698646,0.4255033396336332,0.0870342534276576,0.27433208683747173,0.26576082603250956,0.06186281175990648,0.786972717834657,0.12501420098345398
P7 (all three reactions + n),4,600/700/750/850,24,34.97948045579385,7312.125660738252,0.3932176704406977,0.06336108088843997,0.24784487774261477,0.2125189450472343,0.05075998993098505,0.65155860586677,0.1157772791275326
P7 (all three reactions + n),4,600/650/750/800,24,34.96749476317416,4367.927212796926,0.4111416963028265,0.0802085885581825,0.2774211787663089,0.25662445959194086,0.07738985197309903,0.4369975787549688,0.09895334413301253
P7 (all three reactions + n),4,700/800/825/850,24,34.96084959945782,71117.34572286966,1.272763303713225,0.3073333859890021,0.5414144422989355,0.18558039105351756,0.042482205180428244,0.29356815353034377,0.048269841374549864
P7 (all three reactions + n),4,600/725/775/825,24,34.901783555115586,19216.791692362007,0.3386649174827467,0.06226810638801598,0.21900910884898803,0.21998433396877082,0.05865054303265854,0.8554759701913599,0.15575414478742505
P7 (all three reactions + n),4,650/700/725/800,24,34.89193155606562,4645.751467459491,0.4917565609680208,0.09691366715028124,0.2884516897034832,0.20137711751108625,0.06030500130097188,0.3989080842065193,0.09317126624485285
P7 (all three reactions + n),4,600/725/775/850,24,34.88157343430352,15434.438216368013,0.36281535188273917,0.06262823874666315,0.2295444056258663,0.19305580237955214,0.04724040829388661,0.822284821388729,0.14496021191015854
P7 (all three reactions + n),4,600/650/800/825,24,34.88137573146919,11789.087629810783,0.5612430457899052,0.10921773910759994,0.3997727731415746,0.3207196570422782,0.08094197881018927,0.3146185319562263,0.0653964833362966
P7 (all three reactions + n),4,600/725/750/825,24,34.876828881007555,13263.765546400615,0.36109686255556706,0.05940548394981697,0.22421767383024907,0.19847229244945014,0.054759471144221736,0.7889777889727118,0.15158664431017835
P7 (all three reactions + n),4,725/775/800/850,24,34.87448838816198,37605.16399932462,1.002372571324639,0.27530124253735505,0.2855805537567168,0.16321007394847423,0.04205575369706133,0.24960613620733266,0.049443967864701115
P7 (all three reactions + n),4,725/750/800/850,24,34.87369519837419,26528.648052114986,0.9194027472788824,0.26374741263070645,0.26075662303997094,0.13922452563816215,0.03700602512416559,0.24655218719598707,0.05116093454771631
P7 (all three reactions + n),4,625/700/775/825,24,34.855632191825634,22526.11825920444,0.39713392388936525,0.08645807986736675,0.25652904282397754,0.31629225291406016,0.07987601302123333,0.9155145220631699,0.15526123278945328
P7 (all three reactions + n),4,625/675/725/800,24,34.84139540863194,4020.466538269394,0.4615558521929539,0.07847248185032031,0.2910246466671458,0.21593254223208735,0.06437397772780126,0.3973138566991022,0.09390431421151839
P7 (all three reactions + n),4,600/675/700/800,24,34.803300608721,6133.945658943546,0.5447525452539224,0.0684633962100005,0.34870935704300904,0.24463599313379242,0.06866712187675748,0.4689465285630108,0.09857803150793766
P7 (all three reactions + n),4,600/650/725/800,24,34.783713229063835,3853.116457122391,0.4465682103744162,0.06829550677857649,0.2933232163833837,0.24045148726031243,0.07078881095665213,0.406861622304298,0.09554820647396302
P7 (all three reactions + n),4,625/725/775/825,24,34.772110173954786,19277.543120447754,0.36802779370230015,0.07383800208549543,0.22569655532829247,0.2193335300576029,0.05848441993184294,0.8558802121746641,0.15583297294423182
P7 (all three reactions + n),4,625/725/775/850,24,34.756546164026176,15461.466025872774,0.3893987445139657,0.07399240695100105,0.23601628644691747,0.19268511373804817,0.04717668158674887,0.8221021388865705,0.14486531352071982
P7 (all three reactions + n),4,675/750/775/800,24,34.756527932392686,11583.47262948933,0.5845355169985544,0.1609838520072959,0.281468327491787,0.23006784201952635,0.07066478989802416,0.4104381160570157,0.09307971626580161
P7 (all three reactions + n),4,625/700/750/850,24,34.75125561715535,7278.839822099846,0.4202728735140648,0.07718600217153308,0.25740952483737745,0.21167897151643034,0.050583287537910686,0.6501494785886837,0.11576226587091934
P7 (all three reactions + n),4,675/725/750/800,24,34.73975234654986,5201.420851166776,0.4844685217414478,0.1345092822193717,0.23379975109013226,0.19038179372121022,0.06036843292021948,0.38409046328769286,0.09209374648804172
P7 (all three reactions + n),4,625/725/750/825,24,34.736009204300125,13486.074112311444,0.3880027368093995,0.07090357438102166,0.23000093563291035,0.19793874329439637,0.05459005373636726,0.7914251842122239,0.1517847693223843
P7 (all three reactions + n),4,600/700/725/825,24,34.72035133173388,8787.05148381113,0.3924447931671859,0.06065112355182042,0.24962543269947987,0.24453119646281385,0.06165569796425242,0.7292359960616929,0.1329153416700354
P7 (all three reactions + n),4,725/750/800/825,24,34.71719128531939,30794.586223596685,0.9460848848982016,0.27188323860450925,0.26083151850592806,0.1501346635726672,0.04285091068352767,0.26933464204261265,0.060144186096862395
P7 (all three reactions + n),4,675/700/775/800,24,34.691418320099004,13204.163581408855,0.6746586787005884,0.1741218724039386,0.3264319126258,0.22747695330950013,0.06757915558798154,0.42661251922329513,0.093870436642834
P7 (all three reactions + n),4,650/675/800/825,24,34.687737694202006,23856.567613076397,0.8371255519216285,0.18730307845515265,0.49338147848968894,0.22796813959494985,0.057983335075982634,0.302190702356797,0.06287058402263856
P7 (all three reactions + n),4,650/675/800/850,24,34.662132842332674,25369.142197795325,0.9030783936876197,0.1892459536557636,0.5314507569874785,0.2082730177109467,0.04675695800220013,0.3115111940068684,0.050309835077140756
P7 (all three reactions + n),4,600/625/725/800,24,34.65509072502885,3913.831742431394,0.448114789902206,0.06816089973826406,0.30236999039310297,0.25159557277306077,0.07382250498090885,0.4134948771019251,0.09695488400855787
P7 (all three reactions + n),4,600/625/750/800,24,34.61244648449368,4758.995448917519,0.43119913349770894,0.08781269670680864,0.30731126147426835,0.27040750277907566,0.08121581950377504,0.4469673475780059,0.1004714566801407
P7 (all three reactions + n),4,625/650/750/800,24,34.59734688404279,5174.229487223088,0.4661346251129979,0.10404603466147996,0.3036439905729302,0.2546391387045263,0.07677213099432707,0.4355631170931396,0.09876943776664579
P7 (all three reactions + n),4,675/800/825/850,24,34.576676442580535,69273.43856990422,1.2244028827106008,0.28784511071723606,0.6330788087332047,0.22347894111808506,0.05063344653961458,0.28836969450130573,0.04752184150800206
P7 (all three reactions + n),4,725/775/800/825,24,34.555873425685995,44016.76934639798,1.0419718512887088,0.2896291526436451,0.2866876729768038,0.1787732499450396,0.04869272958806327,0.2741878412064632,0.05781480330415538
P7 (all three reactions + n),4,725/800/825/850,24,34.541662516613286,47809.04731052978,1.0778594093615244,0.2784124138662653,0.3371050016028984,0.17403216021852377,0.041769780605311724,0.25456475763211356,0.047385373312185376
P7 (all three reactions + n),4,625/800/825/850,24,34.53942981845535,53876.48769867072,0.9920249275704062,0.21894303228660011,0.7064131640304899,0.2890124778669786,0.06452315302652398,0.2882214267183607,0.04682289057704684
P7 (all three reactions + n),4,625/650/725/800,24,34.53032044646953,4206.024239993117,0.47306508452666296,0.08263692047682653,0.304390439632233,0.23814521044034048,0.07013222473080298,0.40595826523797424,0.09567853348648575
P7 (all three reactions + n),4,650/675/750/800,24,34.51987632620203,6016.999434495736,0.5191799589962379,0.12791233685092818,0.29840216169312067,0.2226445378559195,0.06800872274029557,0.4174392932574921,0.09617890274838005
P7 (all three reactions + n),4,625/700/725/825,24,34.51629017731202,8722.835049212621,0.4160967382394039,0.07257166284804054,0.25727584528229047,0.2435802253015929,0.06144266977392228,0.7268164058526748,0.1326604667386939
P7 (all three reactions + n),4,600/725/750/850,24,34.50117863102276,11066.484680394471,0.404891203413596,0.05939369214718026,0.2450318309455812,0.17611727364262855,0.04395992585350165,0.7730419391179219,0.1481513520649873
P7 (all three reactions + n),4,600/650/700/800,24,34.49941174338088,6582.8931612705055,0.5642365679816665,0.07290759451574724,0.36559114731756565,0.2688592377218625,0.07477544973326815,0.48803689487233504,0.10103916052081965
P7 (all three reactions + n),4,600/800/825/850,24,34.4901967023797,45949.30933467614,0.8751062077373146,0.18685900069023095,0.7101111899486464,0.29157271402657337,0.06496309290848105,0.28594951348712777,0.04671268130610265
P7 (all three reactions + n),4,650/800/825/850,24,34.48756633127763,62851.0509947355,1.12050549990473,0.2553458536607067,0.6867640281428519,0.2692976914053332,0.06038756704950338,0.289029922281615,0.04706734713395231
P7 (all three reactions + n),4,650/700/750/825,24,34.45582251329074,10690.999348200916,0.4606639595620121,0.10517419799408845,0.2576502455071286,0.2347423494708238,0.06183254198533534,0.7207827730710404,0.13357241681655568
P7 (all three reactions + n),4,675/700/750/800,24,34.44703159124695,7674.02148546723,0.5939891740762052,0.16042207345785914,0.2873064706936128,0.20373755624784545,0.06302781656276114,0.41443945052300696,0.09543368112416106
P7 (all three reactions + n),4,625/675/700/800,24,34.445329861221225,6799.218528149809,0.5888107261440223,0.0869280203566233,0.36870957005439825,0.24290482158468976,0.06815202019777945,0.46742901639958623,0.09837612835906767
P7 (all three reactions + n),4,600/650/775/800,24,34.43398876497424,9653.575605913398,0.4539999152813514,0.09058592671170031,0.31193446257978,0.4036598077329646,0.11523242507145372,0.5216148556862507,0.10830235504757776
P7 (all three reactions + n),4,600/625/700/800,24,34.422986513616166,6780.0275680959385,0.5673383595418914,0.07138329284052958,0.37565986899409176,0.28129837123196844,0.07805812474908254,0.500526078148479,0.1027172034149577
P7 (all three reactions + n),4,650/700/775/850,24,34.42171861999816,15186.748244674665,0.5264824862279857,0.12149453138908141,0.3080800269245837,0.26370007732282513,0.06148491107370599,0.7858471380703712,0.12571860677095203
P7 (all three reactions + n),4,600/725/825/850,24,34.411167941793856,21484.735587633004,0.370925724077679,0.0690511836685543,0.2590773534101895,0.2362315381635565,0.05363719737500712,0.9113637987931913,0.14636206185807063
P7 (all three reactions + n),4,650/675/775/800,24,34.392834334864176,11254.89673096243,0.6099347688934774,0.14651763187847058,0.34980233046668663,0.28436927852622507,0.08239405951350172,0.44069317658078594,0.09618049743724648
P7 (all three reactions + n),4,700/725/775/800,24,34.3712752229393,14989.301493557525,0.7300523559084438,0.21419192923635044,0.2633375065555567,0.20203178000889474,0.06205550435190695,0.3894049375151576,0.08878366700250555
P7 (all three reactions + n),4,625/725/750/850,24,34.36754418205798,11260.504929773837,0.42913920547999135,0.07077227012235118,0.2502151652399724,0.175747827854364,0.04385931865698182,0.7745242996062107,0.14793930964415045
P7 (all three reactions + n),4,650/725/775/825,24,34.357228390895145,19481.352549860167,0.43013317776456855,0.09547618108708635,0.23652745693309543,0.2169169650439918,0.057894253984260624,0.8569989418798803,0.15588114005481987
P7 (all three reactions + n),4,650/725/775/850,24,34.35440363749793,15554.704563992696,0.44764396595661454,0.09508824419319545,0.24664703699681462,0.19102174546599915,0.04683429729447498,0.8208398804970461,0.1441489536052377
P7 (all three reactions + n),4,650/675/725/800,24,34.31730708720102,4789.493362695649,0.5165277145025662,0.10629276366813349,0.3059380079966095,0.20952016181633373,0.06262943334174405,0.3942871764766528,0.09363954903536659
P7 (all three reactions + n),4,625/650/800/850,24,34.30245122469545,25117.70523700794,0.8691914673829745,0.1735614185817239,0.5766389825193502,0.26283870850920854,0.058431922864372036,0.31412769388406286,0.05017202435387903
P7 (all three reactions + n),4,650/725/750/825,24,34.294392270384066,13957.097316992007,0.4451560442599345,0.09316324351346224,0.23942588086886132,0.19615741372003548,0.05409474651694182,0.7949868493309605,0.1518310874396282
P7 (all three reactions + n),4,625/725/825/850,24,34.28861039749704,21426.08944168882,0.406171651014769,0.08154646937566423,0.2674677928538356,0.23546551823420253,0.05347577011543206,0.91025488847772,0.14623768700495304
P7 (all three reactions + n),4,650/700/775/825,24,34.28326420714001,22418.217812399198,0.4984370652604529,0.12068485609194061,0.289331146586827,0.31136621639345197,0.07866260933320705,0.9060921432232882,0.15424161474291262
P7 (all three reactions + n),4,700/750/775/800,24,34.24871743562559,18967.12562290134,0.7654646632916471,0.22556990734839194,0.2780671579060992,0.21837441654290035,0.06785400507205831,0.4152589264132151,0.09352212340746903
P7 (all three reactions + n),4,650/700/750/850,24,34.18128573334161,7250.741992247836,0.48924164404249,0.10651028430188339,0.27664871924079326,0.2084731483831262,0.04987890034358366,0.6472361560607088,0.11565546912413746
P7 (all three reactions + n),4,625/650/800/825,24,34.1596494528378,22805.71413527584,0.790364494235733,0.1698640678764067,0.5336255093362501,0.3169079144263384,0.07954538764267073,0.31506375037327444,0.06524424993733778
P7 (all three reactions + n),4,625/650/700/800,24,34.15246840799698,7377.579227210029,0.6135602679136587,0.09186111943836725,0.3908316936964403,0.2663884772300773,0.07407017171585269,0.48586351229738656,0.10078477523333436
P7 (all three reactions + n),4,675/700/725/800,24,34.118168243829025,6302.021925186374,0.5970051787850811,0.14640765764061503,0.30476645765657,0.19189462673133129,0.05797288974824931,0.39404809387902684,0.09253606222680459
P7 (all three reactions + n),4,750/775/800/850,24,34.10270024534903,48236.97632681313,1.0907514961863494,0.3090017691466067,0.2926879627077518,0.156309569575722,0.041816344434111835,0.24988065577985885,0.05189785239111394
P7 (all three reactions + n),4,600/750/775/850,24,34.047066015683725,31596.075367579306,0.528637344698267,0.08849677948407592,0.3592344602220888,0.19794103831636478,0.04970755896057728,1.0159883804736145,0.17907199550662603
P7 (all three reactions + n),4,750/800/825/850,24,34.013895701836375,54090.03258240597,1.1089119154197908,0.2979423783823789,0.3313287360127878,0.1556187667848409,0.038896597032340996,0.2512964732131904,0.04921870570073376
P7 (all three reactions + n),4,600/700/725/850,24,34.00920072906804,6584.214830250061,0.4799231584471214,0.06094060078902337,0.30057519706473274,0.23218421170268405,0.05214354012575954,0.6973387218037844,0.12609779992650538
P7 (all three reactions + n),4,650/700/725/825,24,33.99888524133382,8553.408983647312,0.47163940505192264,0.09684983266800501,0.27102190837596496,0.23952027596811362,0.060539832265929946,0.7202591328889842,0.13190216886905642
P7 (all three reactions + n),4,600/750/775/825,24,33.99015820004615,40941.27651153933,0.4991239731464214,0.08931610915153936,0.34309286063172,0.24564913173417643,0.06726654946085754,1.1073472827014554,0.20184194808786526
P7 (all three reactions + n),4,600/625/800/850,24,33.97371868270777,26942.95316890743,0.8674078281825446,0.16653196343087664,0.6417016858235041,0.2956016091479142,0.0652284624270202,0.3196648180222225,0.05010375365418273
P7 (all three reactions + n),4,625/750/775/850,24,33.96668149990124,32649.60404007699,0.593226894964169,0.10940384873473503,0.36878255865653353,0.1967734969174833,0.04934254222581158,1.0114188148117509,0.1773821015520244
P7 (all three reactions + n),4,625/650/775/800,24,33.96067129584367,11281.938708584876,0.5621419457856007,0.125513441560699,0.367504718374293,0.4006693712255973,0.1138958318914097,0.5144905769711231,0.10692518658487667
P7 (all three reactions + n),4,650/725/750/850,24,33.94464905522197,11632.082967350074,0.4806413563062078,0.09277903515792052,0.2584851937712511,0.17438469930371087,0.0435183971319345,0.774853276094802,0.14673377138915344
P7 (all three reactions + n),4,600/675/750/825,24,33.94298488221347,21436.016917302095,0.41922496125981207,0.07117025765688031,0.2550150202020443,0.26663566708997494,0.07067129271600488,1.0423342836369083,0.18789556728052137
P7 (all three reactions + n),4,700/725/750/800,24,33.923572849525335,10263.704025634757,0.6888448892978857,0.21530032421484202,0.24376481790786597,0.18818282234730146,0.06020368510065788,0.3888113491566139,0.09189681251161123
P7 (all three reactions + n),4,625/750/775/825,24,33.90127926759121,42188.108568649644,0.5656274542361546,0.1105602107922695,0.35289757724005344,0.2436085367134757,0.0666075460532704,1.1061981162188004,0.20106149964022865
P7 (all three reactions + n),4,650/725/825/850,24,33.89196897385615,21406.02712772526,0.4741755237934121,0.1033455766123449,0.279909634717768,0.2324913579521,0.05285836471958524,0.9102460681224149,0.14607931988102624
P7 (all three reactions + n),4,600/750/825/850,24,33.84325260828246,43683.959126821086,0.5540051630272541,0.10928110196291801,0.39821437556381967,0.2456395926633028,0.05790351965841243,1.1359150932645965,0.18498660055034585
P7 (all three reactions + n),4,700/725/775/850,24,33.81953656308499,15096.248578808762,0.7618657415389364,0.2027755276226407,0.2836659463649847,0.1874067447710657,0.046150492843113906,0.5831170865065751,0.09820421631934675
P7 (all three reactions + n),4,675/725/775/850,24,33.81197687415733,15417.63186783222,0.5675038503054189,0.13429258392332932,0.2643009550702183,0.18894979083630717,0.04641584554538548,0.7990225828055946,0.13810808401060345
P7 (all three reactions + n),4,625/700/725/850,24,33.81114090137765,6549.154474736587,0.49996751646101106,0.07293110226126694,0.3067029225659692,0.23134447999263336,0.0520182918287286,0.6955870080584764,0.12602637444935846
P7 (all three reactions + n),4,700/750/775/850,24,33.796061055148876,22308.194567621,0.85201186892518,0.22648472430695757,0.3210557758655059,0.181734606823177,0.04599313844078296,0.5717637284510093,0.09708325642030038
P7 (all three reactions + n),4,675/725/775/825,24,33.77024056239854,19859.11164645127,0.5577349200455097,0.13611630042781142,0.25489613372988495,0.21404264240841522,0.05718638326610423,0.8480201247773695,0.15310825103361753
P7 (all three reactions + n),4,750/775/800/825,24,33.75006399688563,57246.37947927589,1.1452061623487624,0.3276112854367558,0.29016214932274836,0.17387570579442257,0.04895777557152859,0.2797787428126698,0.060049387298952844
P7 (all three reactions + n),4,625/750/825/850,24,33.737973319579204,46662.01264663646,0.6490475850015536,0.13680883917774722,0.41718340945832144,0.2442366131284781,0.05742731960453453,1.1434732263845342,0.18526478964780052
P7 (all three reactions + n),4,600/625/800/825,24,33.73501263683317,23322.17539273029,0.7694891913399611,0.1601855492026856,0.5838037745810254,0.37487669820512265,0.0934728970800161,0.3279536693911405,0.06713324087272297
P7 (all three reactions + n),4,700/750/825/850,24,33.734904778044125,30032.996201844904,0.9325054774428742,0.24480615637166286,0.3544353410665842,0.20476045201367168,0.04816757255155384,0.644230395876276,0.10470450714720465
P7 (all three reactions + n),4,650/675/700/800,24,33.723103446495855,8963.433351278429,0.7050494572058031,0.12986419143837696,0.41527535889830086,0.23629488463073461,0.06628586778325847,0.46111127465046914,0.09750629886964199
P7 (all three reactions + n),4,700/725/775/825,24,33.71172475408201,17423.191559836683,0.7619146619643409,0.20610650863545774,0.27562666293211996,0.2094604458889538,0.05564703259561355,0.6421417094001226,0.11531774070835255
P7 (all three reactions + n),4,600/700/825/850,24,33.67881560991976,64706.296669116186,0.4720710563347586,0.08288251944614067,0.3414919731302493,0.5554501864139898,0.11928356751247426,1.5135929298832078,0.21632625970777192
P7 (all three reactions + n),4,650/750/775/850,24,33.65937176757879,33759.2240052344,0.689906769181763,0.14152676432094263,0.3780460735721767,0.1941084895268342,0.048588618189500915,0.9913568663714266,0.1722221724216712
P7 (all three reactions + n),4,675/725/750/825,24,33.63688538840157,15011.293623017435,0.5651620501748056,0.13603401078763735,0.2548713116841274,0.19369002811474975,0.05333913844572708,0.7904967191368789,0.1490341491937683
P7 (all three reactions + n),4,600/675/775/850,24,33.63633875910132,29718.09084015663,0.42939968858330496,0.07905333833682403,0.27792011258960764,0.273905591717238,0.06429666091554787,1.179373084847818,0.1971135286996411
P7 (all three reactions + n),4,700/750/775/825,24,33.63125352848222,24754.820122259516,0.8365029006222477,0.22657379311948128,0.3060198331951745,0.21206921511808055,0.0576355926926958,0.6585897136490438,0.1190106916049547
P7 (all three reactions + n),4,600/675/750/850,24,33.6077164497778,16017.765679961216,0.46625688911828256,0.07178582452769297,0.2803935634774461,0.23080871214360527,0.05548336817093061,0.9739771972070247,0.1710636348809483
P7 (all three reactions + n),4,675/700/750/825,24,33.59942691496819,11306.567042997565,0.6335433999044928,0.16396797835915952,0.2980915097500114,0.22907297037147084,0.06050878317866276,0.7182038578687585,0.13280352041151475
P7 (all three reactions + n),4,600/625/775/800,24,33.584623252932005,14122.693504676268,0.5304729900701217,0.1108077537020385,0.38591822832637285,0.4958815719400083,0.1399608990019703,0.587147478278718,0.11776985707855549
P7 (all three reactions + n),4,650/750/775/825,24,33.57128597909595,43700.35116773711,0.6676158023193186,0.14356848494967672,0.36338746327391613,0.23901511587981186,0.06522236118505903,1.0941146673960993,0.1979104307386846
P7 (all three reactions + n),4,600/675/775/825,24,33.567670984946666,42217.56659758121,0.3972229387432532,0.07758757341636378,0.2587599254008367,0.3345604388998787,0.08567391238955781,1.3039195250534825,0.22585491637180882
P7 (all three reactions + n),4,675/700/775/850,24,33.55103067725356,19262.627749477866,0.7583441311546604,0.19149545075729837,0.3764279823567063,0.2618283788902874,0.06133086250211946,0.7877565067080355,0.1273298225192514
P7 (all three reactions + n),4,625/675/750/825,24,33.543853661267896,22952.85774239885,0.486564443470674,0.09321710595438044,0.28372751704585003,0.26822859707633984,0.07099652588913301,1.0666920590996127,0.19146795341391534
P7 (all three reactions + n),4,600/675/725/825,24,33.5291524775143,14464.709194635649,0.40828184262242084,0.06570965693454707,0.2594583078206948,0.253592546399108,0.06486358827571552,0.974484670885983,0.17199560629339863
P7 (all three reactions + n),4,700/725/825/850,24,33.487909165215676,20396.152565430944,0.8297298070386402,0.21131733830474983,0.3244345156454954,0.22484723880292254,0.0510004614594461,0.6728419290422967,0.10740822454232689
P7 (all three reactions + n),4,700/725/750/825,24,33.436625521667565,13711.07122099679,0.7421638830185466,0.20736965156467743,0.2619381690892108,0.1836242914791286,0.05059235050501777,0.6001194882020292,0.11500676501574945
P7 (all three reactions + n),4,675/700/775/825,24,33.42797832412708,24277.88003940583,0.7267273371775812,0.18983956003061722,0.3545838358203448,0.3057428286959752,0.07737532359870959,0.898663072552344,0.15382222739006102
P7 (all three reactions + n),4,700/775/825/850,24,33.397676599884974,48079.769131127054,1.059799505410648,0.2724665532933165,0.4301688660465741,0.2725918730694287,0.06332512952275103,0.7737409659708453,0.1228496524267618
P7 (all three reactions + n),4,650/750/825/850,24,33.396010848202636,50855.003067839985,0.7903637725865835,0.1779897308872405,0.43782051794459576,0.24008590083813897,0.05624818026330442,1.1393366949589965,0.18307525715906453
P7 (all three reactions + n),4,625/700/825/850,24,33.39102669856377,66787.95545897265,0.552969916609179,0.10683129120544863,0.3785715675316655,0.5568393532688812,0.11959484411028834,1.5237048044196853,0.21796663823972498
P7 (all three reactions + n),4,600/650/675/800,24,33.36393667554278,6368.07727122401,0.5945580558915635,0.08481494505976582,0.39096954118781213,0.31796473542927356,0.0888461502409323,0.4786660130775827,0.10388120334961928
P7 (all three reactions + n),4,675/750/775/850,24,33.35955715391183,31846.318308884594,0.8042898317064804,0.18522557149170085,0.3720306373799744,0.18968702257809664,0.04741535431052113,0.8981938221176158,0.15287700557278974
P7 (all three reactions + n),4,675/725/825/850,24,33.35859146070698,21170.277932715835,0.606395582318754,0.14292355227614437,0.29890937571689763,0.22914146671116353,0.05215674182626191,0.9009553438834912,0.14325684165996086
P7 (all three reactions + n),4,675/725/750/850,24,33.33787471889684,12185.48700890676,0.5866137955383449,0.13504615994803404,0.2704721742676385,0.17257488905499646,0.043014028954164,0.7555392588079025,0.13956384589464035
P7 (all three reactions + n),4,650/700/725/850,24,33.30384549511128,6461.564540445748,0.5448397384267465,0.09700709071689557,0.3168882105651461,0.2276610347278561,0.05135276697422084,0.6910727741302539,0.12575708604653982
P7 (all three reactions + n),4,675/700/750/850,24,33.3031636165608,8932.940674773254,0.6613551397907611,0.1684078268640725,0.3174957978567901,0.20376344705004412,0.048833047765993946,0.6464480615437886,0.1151167448793851
P7 (all three reactions + n),4,625/675/725/825,24,33.26471134398138,14403.577542846853,0.438507529754506,0.07940043881130376,0.27117981671332875,0.2527138883693477,0.06464606722379705,0.9724048247887535,0.171772502142721
P7 (all three reactions + n),4,625/675/775/850,24,33.24008405479408,29560.878872693018,0.5012261220704375,0.10253485396917363,0.3123428640167864,0.2736642233934965,0.06424065244682482,1.1763484805930196,0.1966132440517058
P7 (all three reactions + n),4,675/700/725/825,24,33.23545780959419,8450.980079298924,0.5943605015739285,0.1431287922279619,0.2953034587243954,0.23338124142622485,0.05921980133012566,0.7154266353842283,0.1310193270543497
P7 (all three reactions + n),4,675/750/775/825,24,33.21330485967542,41973.55133513655,0.7956117745203608,0.1891334529153289,0.3603483443048539,0.23104840240216087,0.0628099111680379,1.0172144666837004,0.18214840231335658
P7 (all three reactions + n),4,600/650/750/825,24,33.20441634991268,28974.73232207663,0.508522371578259,0.0890715490691358,0.3162349601251036,0.2845122808621232,0.07536364571272063,1.1914709557765932,0.21316733282595168
P7 (all three reactions + n),4,625/675/750/850,24,33.20419888078427,17282.439252744367,0.5317760359877848,0.09405790179527049,0.30945890646650337,0.23222981749465815,0.05568135941225735,0.9957289400948979,0.17357755458194674
P7 (all three reactions + n),4,600/625/675/800,24,33.18514751356096,6474.670676747775,0.5973994763478864,0.08415172964008298,0.4026479661979945,0.3471801068366442,0.09676865756216926,0.49663901965504653,0.10734892220296653
P7 (all three reactions + n),4,600/650/725/825,24,33.17622444123622,15042.379855128356,0.4208665927443167,0.06956681877547141,0.27203502802801893,0.2583885266315678,0.06602662265326348,0.9969574066391627,0.17697533633316137
P7 (all three reactions + n),4,625/675/775/825,24,33.17493074450364,41981.8599259414,0.4695247606167168,0.1008156673122744,0.29194313114614684,0.3331128766254664,0.08528278397286822,1.300299205874695,0.22532026591452373
P7 (all three reactions + n),4,700/725/750/850,24,33.155344690605034,11626.471280935128,0.7511564765478487,0.2107995738919557,0.2716886323986915,0.16716275356566884,0.04180177030280765,0.5497966364833395,0.10247923986270893
P7 (all three reactions + n),4,600/775/825/850,24,33.098146812191665,44507.706337163,0.5995899950345569,0.12668027322179448,0.46111448927173165,0.2721680018447298,0.06298007774279042,1.118254565574712,0.1861233251798667
P7 (all three reactions + n),4,675/750/825/850,24,33.079345461452014,50688.17772148306,0.946215952138617,0.22814815469505165,0.4342541520335634,0.2304790480710805,0.05373154474311721,1.0513018379566743,0.16647028548267426
P7 (all three reactions + n),4,725/750/775/800,24,33.07295979471496,34210.486969536825,1.0408174670824872,0.32825421348042483,0.2436668198962795,0.21421012382308247,0.0681016763711565,0.3843568854487171,0.08888281080544158
P7 (all three reactions + n),4,600/625/725/825,24,33.068402619014364,15114.552392483058,0.42170107139295326,0.06956377335520406,0.28186767223263054,0.26261040047570783,0.06700904242477267,0.9991280306350138,0.17758943750960246
P7 (all three reactions + n),4,625/775/825/850,24,33.06584480419084,45043.344910104,0.6944996972492385,0.15325880403705255,0.4713369240537129,0.2719085198098187,0.06295096920752347,1.1170200491991296,0.18563277198254102
P7 (all three reactions + n),4,625/650/725/825,24,32.92459487855778,15023.750542906195,0.45279988252862263,0.0832540416160852,0.28613073302026415,0.25737508624892125,0.06577724162866022,0.9961160576505571,0.17692540691003952
P7 (all three reactions + n),4,650/775/825/850,24,32.85366112547355,45696.03750185643,0.8201165279168969,0.18912147640064797,0.4775013583382563,0.26855904081654214,0.06230253333917518,1.1090456977712029,0.1834789403400554
P7 (all three reactions + n),4,625/650/675/800,24,32.834823548614246,8118.429048838769,0.684901091067713,0.11647658296999197,0.44099070231965287,0.3125527020107155,0.08734015013241254,0.4753895507672049,0.1035431557181583
P7 (all three reactions + n),4,600/650/750/850,24,32.799799683081076,23171.203637356026,0.5703745950805407,0.08979773684979674,0.3492337009136689,0.24451940309913897,0.05866086610450092,1.140413785975879,0.19959743943586206
P7 (all three reactions + n),4,600/675/725/850,24,32.784452389437696,11651.587984821323,0.5001116399030935,0.06619393518045384,0.3076876785907255,0.2386898128408505,0.054659987909302724,0.962621828831558,0.16912199755186613
P7 (all three reactions + n),4,650/700/825/850,24,32.78058561849388,68553.66212158822,0.7380044867370164,0.1587491044501607,0.45408895909757024,0.539339304541409,0.1159450684031507,1.497413964436641,0.2153876541746954
P7 (all three reactions + n),4,650/675/725/825,24,32.73625333863359,14436.189123617572,0.5061721522654502,0.10544744714479529,0.2911116446348228,0.24969278464700093,0.06392212860427748,0.9723253609680154,0.1717905385475621
P7 (all three reactions + n),4,675/775/825/850,24,32.73395958902674,42890.1939630161,0.9502239444722096,0.23051637550002127,0.46379614057295865,0.26551301215130874,0.06179274442201414,1.055336928828552,0.1720239313665875
P7 (all three reactions + n),4,600/675/700/825,24,32.72395408534254,34630.177359438436,0.4776086449262965,0.07547895860103679,0.31868000397382196,0.5224745243982644,0.12081995521548591,1.488360879631738,0.23717845357412276
P7 (all three reactions + n),4,775/800/825/850,24,32.71675039287179,93784.73191958241,1.3809623513228773,0.3672812465157392,0.410384991074902,0.20700110348987746,0.04988432680520666,0.26175236069009317,0.05011600739878047
P7 (all three reactions + n),4,650/675/750/825,24,32.707442941133635,28924.081308245175,0.673543167998709,0.1478452583152683,0.3547882408758264,0.27259661000000096,0.07184803876957158,1.144210679695839,0.20261328428495595
P7 (all three reactions + n),4,600/650/775/825,24,32.6916470867908,47134.4783102608,0.47846961662317944,0.09440751294110669,0.31438467334433445,0.34144522756584583,0.08747257647697479,1.3794919025751775,0.24113108065462596
P7 (all three reactions + n),4,600/650/775/850,24,32.67983069235328,35824.70469194147,0.5184664897030989,0.09562772254520738,0.336433008855381,0.27729850636880926,0.06513612842554703,1.2956875230573803,0.22142528604201625
P7 (all three reactions + n),4,725/750/825/850,24,32.67606684779105,43452.599994963784,1.1050107588716065,0.29434092274231344,0.30702719124994965,0.17046780180985083,0.041715710957443836,0.7279253619453708,0.12155503358329071
P7 (all three reactions + n),4,625/650/750/825,24,32.60410332994137,37323.797536056496,0.6596190135105416,0.12948984093893182,0.39302222240304624,0.2957215899814938,0.07812127422460105,1.3077199795960717,0.23163271541359615
P7 (all three reactions + n),4,675/700/725/850,24,32.555721198579846,6500.790137243838,0.6412271323604892,0.14239536739134726,0.33252463328508436,0.22198229781548373,0.0503580744362906,0.6874773308045656,0.12489288269719143
P7 (all three reactions + n),4,600/625/750/825,24,32.550406115724286,41541.531050416255,0.6274657995626672,0.11269775218852657,0.41531887238890325,0.310501162910503,0.08216490308418528,1.3895094748439376,0.246277647505071
P7 (all three reactions + n),4,625/675/725/850,24,32.52247436002464,11607.89854613956,0.5258268457839325,0.07993282135783764,0.31802722966693675,0.23799743673458298,0.05452707543944728,0.9605689352554737,0.16890805349981608
P7 (all three reactions + n),4,725/775/825/850,24,32.47592736183727,55555.74971432588,1.1693844768658443,0.3023719445617883,0.3196559159038278,0.18993742869112068,0.04600309687958637,0.7854327106816132,0.13098225424500018
P7 (all three reactions + n),4,650/675/775/850,24,32.45132989042851,29550.990297191056,0.6963816313154475,0.15745559526263947,0.3933268774890231,0.2719208309249139,0.06385003059172693,1.1735208274827746,0.1957575554350806
P7 (all three reactions + n),4,725/750/775/850,24,32.405579865623245,35002.0618937324,1.0607648088398134,0.2926237570557295,0.2879503283426253,0.15940731407290556,0.04224866576869335,0.6925609153551752,0.1233214181559513
P7 (all three reactions + n),4,600/650/725/850,24,32.404359379765566,12463.486401736815,0.5185205934184354,0.07018366714056039,0.3205538958099133,0.24226074632146094,0.05539376128779383,0.996442625026567,0.1779868888477212
P7 (all three reactions + n),4,600/700/725/775,24,32.400631864472565,10499.79406088286,0.4083779507090667,0.06137448721428959,0.25469337880749754,0.3162969039051607,0.10691055418081163,0.8481150741206556,0.19726396235917326
P7 (all three reactions + n),4,650/675/775/825,24,32.389963867564134,42140.20874210371,0.6612229217230298,0.15522131332769223,0.3685670547775677,0.3279347563588551,0.08396195961267,1.2997703122535311,0.22538922454912338
P7 (all three reactions + n),4,650/675/750/850,24,32.35332853048769,22567.601894812713,0.7227264463130196,0.15037464268173878,0.38479557873870673,0.23663812658500982,0.05627205417674041,1.0676571164862467,0.18156180610976835
P7 (all three reactions + n),4,625/675/700/825,24,32.335134596321716,35729.88828645801,0.5405568117753264,0.09844609517885923,0.35154553920051196,0.5255406988743395,0.1213895785254381,1.504043611627754,0.239078512748464
P7 (all three reactions + n),4,600/625/725/850,24,32.28276753127122,12563.23943754674,0.5220377525256505,0.07038483930297668,0.3305010292180472,0.24557761617590454,0.05606733762720978,1.0000270634083341,0.1794307703151878
P7 (all three reactions + n),4,725/750/775/825,24,32.271751608929456,42826.561010362944,1.0940587044512737,0.305290882728035,0.2850751006509309,0.18393769113040712,0.052092232575324506,0.7537183723476418,0.13881519008008694
P7 (all three reactions + n),4,600/650/700/825,24,32.216735235907045,45296.81026802053,0.49907061680766807,0.08217481410048647,0.34023698620134146,0.620372899271907,0.1431175964795959,1.69773195011409,0.26763896676403426
P7 (all three reactions + n),4,625/700/725/775,24,32.18685614673948,10384.140837754881,0.4136029460895077,0.07406676697145308,0.25577806429980177,0.31334224701041125,0.10597046554142196,0.8438922527052511,0.19686213768247746
P7 (all three reactions + n),4,625/650/750/850,24,32.17733100681481,30906.437146922788,0.7328907557111942,0.13186896201431433,0.4340966327542885,0.25415286069289256,0.06057752103104538,1.2584673073157107,0.2162963536942496
P7 (all three reactions + n),4,625/650/725/850,24,32.15317487215604,12461.616236984884,0.5465023667391831,0.08397602502273553,0.33357054761605587,0.24149366818193563,0.055246664056116966,0.9954905598948192,0.17785723629454284
P7 (all three reactions + n),4,625/650/775/825,24,32.106689046591605,48745.58074301525,0.6289378342038919,0.1353987249661402,0.3937943894971243,0.3396767024867234,0.08698816132858883,1.3937041016217178,0.24404349297269637
P7 (all three reactions + n),4,600/625/750/850,24,32.09352637658098,35144.11220286757,0.7126299753943566,0.11504099010787171,0.46291325246139353,0.2648402724555209,0.06327031957948281,1.3539795201983584,0.2339029025434278
P7 (all three reactions + n),4,625/650/775/850,24,32.090099199028465,37115.156380021566,0.6738858117855886,0.13684055504093606,0.42045089137833264,0.2772520396243032,0.06508976513940351,1.3061932923396362,0.22317655810453446
P7 (all three reactions + n),4,600/700/750/775,24,32.05127962450044,25370.92203943146,0.416848694963378,0.06193371502853083,0.2692971889131824,0.4468151312250453,0.1494549991596508,1.1558397969318228,0.26621088780244206
P7 (all three reactions + n),4,650/675/725/850,24,32.00245267478395,11663.637393420348,0.5835443758388794,0.10575653733500776,0.33536411636932434,0.23557676047321224,0.05403452706269951,0.9600038361068158,0.16851961515575758
P7 (all three reactions + n),4,600/625/775/825,24,31.935888548607466,51005.66311533564,0.5971376148212596,0.12113621107311802,0.41855543132034123,0.34956205777239957,0.08938443137117572,1.4232224763201105,0.25008590979837886
P7 (all three reactions + n),4,600/625/700/825,24,31.89343178656643,60850.514270354775,0.506900238998194,0.0837581102016087,0.3613011820540887,0.726506876306504,0.1672018904391438,1.9634227467442393,0.30587776294934355
P7 (all three reactions + n),4,600/625/775/850,24,31.88821624711094,40095.72855237734,0.650985137857983,0.12265281556262073,0.44826917783047737,0.2827155323724034,0.06627799993901771,1.3517367199255532,0.23330590824618982
P7 (all three reactions + n),4,625/700/750/775,24,31.85351749111549,24731.686267494264,0.4302667228493659,0.07513448666212703,0.2724678301657636,0.4389142190184705,0.14687877847678782,1.1421805755682009,0.26356583996328226
P7 (all three reactions + n),4,625/650/700/825,24,31.81949222243122,47459.67440604579,0.5743297148593725,0.10800138781344804,0.38436427949985613,0.6264879873340602,0.1442878717080931,1.7280541966730296,0.2713654924220164
P7 (all three reactions + n),4,600/725/750/775,24,31.780847973509374,17575.7343123124,0.38552553600925715,0.06165530481639342,0.2406782291711541,0.32846687558859244,0.11437865137798982,0.9653790907509004,0.2234920768830026
P7 (all three reactions + n),4,675/700/825/850,24,31.761897759472852,92947.72015027834,1.2181082995487373,0.2858108551368111,0.6413396018881746,0.5417970210398253,0.11688417388235975,1.537633889264355,0.2233535391727757
P7 (all three reactions + n),4,650/700/725/775,24,31.664961406999925,10033.195807459582,0.4381437924491868,0.10094987919125648,0.2581700292382349,0.3028556521480685,0.10264987371137291,0.8310614847627109,0.19509316064072107
P7 (all three reactions + n),4,625/725/750/775,24,31.6416818172601,17749.823144620957,0.3991374454585303,0.07431585815783405,0.24211562651859353,0.32481526638893216,0.11311910848580455,0.9691849327821437,0.22436167791626718
P7 (all three reactions + n),4,600/675/700/850,24,31.572985538537175,32364.89312462692,0.647549859083323,0.07685385702906004,0.42541277102084024,0.5500679063020645,0.11313675561777428,1.5712308481413277,0.23375211345220978
P7 (all three reactions + n),4,650/675/700/825,24,31.56387776570911,37912.60613999587,0.7189985249088214,0.15547024491049685,0.4344242637258403,0.5213131030313273,0.12022738410421603,1.5118710473023684,0.2397558437512959
P7 (all three reactions + n),4,750/775/825/850,24,31.54414010646606,66120.86901058524,1.2216441261719786,0.3244487771973602,0.3662261332825078,0.1930955042747716,0.048474904213108835,0.8733001285655787,0.14946994539807196
P7 (all three reactions + n),4,600/625/650/800,24,31.45346717586603,8925.965530801908,0.6938848664778966,0.1150373782504143,0.48261196652433846,0.5784060757112571,0.15816771236268687,0.6366582877443085,0.13401934862073522
P7 (all three reactions + n),4,650/700/750/775,24,31.386658127671172,22716.958449603524,0.4705379440681673,0.10326370086546328,0.2787566829331687,0.41229158508735075,0.13822822235585924,1.0979981956114255,0.25473927056780227
P7 (all three reactions + n),4,600/675/725/775,24,31.305403555505375,13417.468420507399,0.43347248378136694,0.06551083958553036,0.26617910369197384,0.30975884439176077,0.10474882066235441,1.0105156507769633,0.22093072946929457
P7 (all three reactions + n),4,650/725/750/775,24,31.244900051112594,18025.81787139064,0.43629549023431696,0.09939470981528606,0.24429593701191188,0.3124159443063997,0.1088853287709065,0.9741625626223701,0.22538675192064775
P7 (all three reactions + n),4,625/675/700/850,24,31.176062344847267,33997.892033539385,0.7137928283908387,0.10081124752679367,0.4609337640730236,0.5557616518767581,0.11434494262786488,1.594968078603395,0.23681935201822985
P7 (all three reactions + n),4,600/675/700/775,24,31.03499627233562,23743.67190335638,0.500822197320473,0.06805980013699782,0.32701375621769546,0.4812678009610954,0.1504485357618551,1.342443056201712,0.28882089694197555
P7 (all three reactions + n),4,625/675/725/775,24,31.02830702118363,13481.037359290938,0.44263449344320493,0.08006252318901047,0.2684156022513192,0.3075302283891485,0.10406800358702985,1.0125958114765519,0.2222012287050587
P7 (all three reactions + n),4,600/675/825/850,24,31.021878838495656,195608.33664169864,0.5566566871442226,0.11254049236330677,0.46986961898966806,0.6628510454235291,0.14300892678711746,2.77203328824512,0.40408598347981534
P7 (all three reactions + n),4,600/650/700/850,24,31.00763292441696,44101.92136975105,0.6869692094809361,0.08450789662289632,0.4581317061605273,0.6668857570701843,0.13705797891666108,1.8287346845291061,0.2660353739922695
P7 (all three reactions + n),4,675/700/725/775,24,30.850229251247594,10032.426313507809,0.5254850398301779,0.1574524084715771,0.2646796637101751,0.28991474285931385,0.09877783869623029,0.8292458897736502,0.19646329532369797
P7 (all three reactions + n),4,600/650/725/775,24,30.825026613048742,13970.795495065748,0.4392434539575564,0.06919894979684722,0.27324693358777274,0.32806542485979323,0.11087833087532273,1.0349951310470733,0.226221703970378
P7 (all three reactions + n),4,600/675/750/775,24,30.819896708801508,31823.25221554343,0.47060542447665055,0.06964771093085258,0.29557980194094163,0.43701943802689525,0.14558375695092327,1.351373342739139,0.2977731073531111
P7 (all three reactions + n),4,625/675/700/775,24,30.711849767529003,23293.36321843152,0.5188267815218038,0.08578469378589641,0.33436764115528256,0.4745349289431712,0.14821247285055766,1.3285967615098393,0.2857719181756669
P7 (all three reactions + n),4,675/725/750/775,24,30.65239589591276,19343.856536145595,0.5366279051949833,0.1510713623850878,0.24888244470816714,0.2989154678200218,0.10431599020304616,0.9904436274642316,0.22930024183317763
P7 (all three reactions + n),4,600/650/700/775,24,30.64409939319603,27492.606891575117,0.507661021240769,0.07145829633942367,0.3350412046098161,0.5428459753931055,0.16878213481836554,1.443185456225307,0.3071554957648976
P7 (all three reactions + n),4,600/625/725/775,24,30.63672611729343,14268.709451877517,0.4375275473451061,0.06881074707098447,0.2768551267258455,0.3442094270787547,0.11630173004006272,1.0442846110703308,0.22925304825956344
P7 (all three reactions + n),4,675/700/750/775,24,30.629501014007495,21705.201980901755,0.5889315032689837,0.16345689568423366,0.2930913440802422,0.38373428516135927,0.12915296125690373,1.0745718485733515,0.25062987085619165
P7 (all three reactions + n),4,600/625/700/850,24,30.62203817187021,62418.93389445796,0.7244858582975595,0.08780349121073058,0.5009530121837671,0.8018462757971936,0.16456897927653205,2.1672137812453145,0.30715519720633616
P7 (all three reactions + n),4,625/650/700/850,24,30.591234756218952,47483.547159084264,0.7742342738798904,0.11234771310900797,0.5105849099758683,0.6791679218202952,0.1395769672276484,1.8767396375520147,0.2718784407785689
P7 (all three reactions + n),4,625/650/725/775,24,30.5659927917657,14109.049139634644,0.44909226976339,0.0837285158901906,0.27603160730679693,0.3247339006482139,0.10983628467607454,1.0395860378713755,0.22820677006536425
P7 (all three reactions + n),4,625/675/825/850,24,30.520990136673053,203723.0109154297,0.6968267133811511,0.15117837662518618,0.5444421026455564,0.6704544475490801,0.14461666179146115,2.811125143440912,0.40985779544597856
P7 (all three reactions + n),4,650/675/725/775,24,30.4898845054712,13749.740010120327,0.4762179373163269,0.10960241124345578,0.2732625284771588,0.2996518091332985,0.10157096297873154,1.020877233605274,0.22531217184168265
P7 (all three reactions + n),4,625/675/750/775,24,30.46452827514456,33311.676605167355,0.5080753342979896,0.09014266323455292,0.30746780412339203,0.4348556270372435,0.1448427694693418,1.3808791649971826,0.30378712026800947
P7 (all three reactions + n),4,600/625/700/775,24,30.432296136412894,33100.786754598106,0.504887231669136,0.06950677147370797,0.338329184342994,0.6083665847232125,0.1885502943794858,1.5799611507285658,0.3328736794318995
P7 (all three reactions + n),4,650/675/700/850,24,30.39041543343143,37639.57761726918,0.8972935805235511,0.16095539163458442,0.5488414111189784,0.5555043239917822,0.11456033754369871,1.6181549797548473,0.24120130293083653
P7 (all three reactions + n),4,625/650/700/775,24,30.346922629407473,26783.756409702502,0.5259691785735078,0.08917365793674495,0.3439216236752961,0.5326970505194151,0.16542580447629943,1.4239008509698365,0.3028035144374216
P7 (all three reactions + n),4,700/725/750/775,24,30.28525325896801,18173.043487230465,0.7447980479600552,0.25268843745145364,0.2493021620971139,0.30436301387275766,0.10636867451896366,0.8687841907025275,0.21001640174809202
P7 (all three reactions + n),4,650/675/700/775,24,30.084014077612697,21775.228131769003,0.5796542234391507,0.12636261188435696,0.3536705242407214,0.45049052674249856,0.1405606613281702,1.2802208541436495,0.27588466868039113
P7 (all three reactions + n),4,600/650/750/775,24,29.870472071762364,39487.79462939454,0.5269369547230445,0.08384497372820342,0.33226232080398205,0.4902644302968588,0.16297785739226942,1.501136136426911,0.32639840374685664
P7 (all three reactions + n),4,650/675/750/775,24,29.767552679434033,37847.698369686994,0.6200558445258588,0.13929055407713495,0.33708997939415736,0.42499721380017264,0.1414928416244253,1.4597585212152324,0.3193974719414928
P7 (all three reactions + n),4,600/700/725/750,24,29.580832401349276,11373.311820022314,0.456846034484906,0.06312198348055409,0.2844589984372709,0.4395138286607471,0.17505509582676979,1.1628230348933868,0.3457703253171587
P7 (all three reactions + n),4,650/675/825/850,24,29.475721594673793,226896.78668075436,1.1067900861343443,0.2574329647397477,0.7468302459737084,0.6901843638706581,0.14882628816411472,2.8981050180628185,0.42274103280703934
P7 (all three reactions + n),4,625/650/750/775,24,29.38793243811412,45742.325000326804,0.6081846155051727,0.11678402736264536,0.3650976081165292,0.48886444771785964,0.1623908723566104,1.6073214105311444,0.3474893846325966
P7 (all three reactions + n),4,625/700/725/750,24,29.3760463208879,11259.47812867555,0.45464067285550736,0.07726113310807375,0.28400635169406074,0.4321044809087499,0.172375162592049,1.1588385784958437,0.3461509385427086
P7 (all three reactions + n),4,600/625/750/775,24,29.129865188978517,51700.07160235422,0.5878314330915095,0.09899559511342777,0.38236982714726125,0.5492781179632701,0.18237193082710584,1.707208672754793,0.3679403383536889
P7 (all three reactions + n),4,600/650/675/825,24,29.044334690502456,217130.4932098682,0.5733193638382355,0.11884349992043775,0.4838662805170541,0.9721511289297492,0.2251340981330215,3.9340552087536977,0.6096578921054363
P7 (all three reactions + n),4,600/650/825/850,24,28.934276681994362,298756.2719049653,0.6621335075446152,0.14761068266027325,0.5949960035163208,0.6685829570043947,0.1444965421868507,3.476988805615602,0.5139081628405537
P7 (all three reactions + n),4,650/700/725/750,24,28.89566690995701,10814.936664112962,0.46267959489341526,0.10691820994729051,0.28304023593127303,0.408229831772046,0.1637841859017309,1.1396142865871928,0.34399512174654195
P7 (all three reactions + n),4,600/650/675/775,24,28.832760038529592,40948.03058635168,0.554602409027411,0.08044205814687316,0.36148957694366673,0.5367089977821621,0.16610168312763324,1.8817816996019703,0.3821613808629783
P7 (all three reactions + n),4,600/625/675/825,24,28.740580959024143,250632.30751007967,0.5856914090013415,0.12451153433543191,0.5133895970858585,1.0664354064748316,0.24708734751449063,4.220637452484221,0.6539545648682922
P7 (all three reactions + n),4,600/675/725/750,24,28.661468564771596,11503.283300968738,0.49149056900748134,0.0664851554655072,0.29982972894361776,0.411065105931005,0.1642275340294884,1.2653481914769789,0.3587249232229927
P7 (all three reactions + n),4,600/625/675/775,24,28.64908956395788,42939.206419145434,0.554207652473239,0.0785920059404749,0.36733642066017275,0.5722667318753633,0.17719290816243286,1.9219183741282766,0.39018490376902637
P7 (all three reactions + n),4,625/650/675/825,24,28.445618448100447,226064.35398244523,0.7160616023428977,0.1626538818281455,0.5739926118721892,0.9823409314617875,0.2271327255932833,4.001973219562474,0.6191799877394568
P7 (all three reactions + n),4,625/650/675/775,24,28.381828271043382,40451.211983190326,0.593855060988689,0.10543094649765672,0.3797260919597749,0.5283871089691792,0.16358211218717209,1.871614887705914,0.38060910965799594
P7 (all three reactions + n),4,625/675/725/750,24,28.35521406391107,11969.620453540045,0.49461215464193925,0.08381173928349615,0.2996315262921389,0.4070778594405937,0.162887376809326,1.2925963892316652,0.36785933726779374
P7 (all three reactions + n),4,675/700/725/750,24,28.085214251049877,11215.938572343897,0.5159191522721436,0.1714485175204833,0.2809349985657513,0.3887105947455479,0.15739036089093492,1.1581775634008626,0.3515835322266445
P7 (all three reactions + n),4,625/650/825/850,24,28.054627601957463,305791.8990877156,0.9891198821566265,0.23012547488266571,0.7768670489408229,0.6804913819662819,0.14695992003461053,3.488128085703742,0.5150246370145068
P7 (all three reactions + n),4,600/650/725/750,24,27.93333871669921,12598.460394747357,0.500083168270737,0.07165497573929226,0.30514728752816117,0.45479217785366743,0.18004214572232036,1.3362040075652646,0.37725288401596224
P7 (all three reactions + n),4,650/675/725/750,24,27.78557068683851,13000.028065725965,0.515677410572877,0.12135154201205366,0.2993906869094611,0.39332456135107985,0.1580671031819261,1.3487351824193334,0.3851945343962673
P7 (all three reactions + n),4,625/650/725/750,24,27.61825388179482,13521.097672925875,0.5058866422675007,0.09139404433571115,0.30510321986122124,0.44541076472161834,0.17672317043473204,1.3881889167365506,0.394071815156147
P7 (all three reactions + n),4,600/675/700/750,24,27.58138002366878,38663.71859663999,0.7486641998015278,0.0652252017708089,0.5141741942371546,0.748231829016503,0.29375146371990585,2.3375760670175016,0.6956910572779127
P7 (all three reactions + n),4,600/625/725/750,24,27.455238504797876,13945.294742232614,0.4997950998154809,0.07285824693206487,0.3070474827900038,0.5077989189355419,0.19976986095578086,1.4066176462147582,0.39915160402294875
P7 (all three reactions + n),4,625/675/700/750,24,27.306788957463603,37322.05762849654,0.7424336681788778,0.08156183645709245,0.5113372618620972,0.7295874039112409,0.28684907051915304,2.298482540132806,0.6862839161472569
P7 (all three reactions + n),4,600/650/700/750,24,27.179758359010073,42269.670025755484,0.7471600764698724,0.06768102830096663,0.5141440417472666,0.8276402349360165,0.32094069959301474,2.4645277347356074,0.7221659053558439
P7 (all three reactions + n),4,600/650/675/850,24,27.0907733613793,388507.3019095124,0.9193897390862311,0.15233432679910452,0.7969441207576228,1.4075183318834803,0.29289307524363106,5.783373660912728,0.8243037634755672
P7 (all three reactions + n),4,600/625/650/775,24,26.967267320426238,47905.883692175856,0.6205988275769144,0.09773036658592764,0.41198070685867005,0.6700945706449156,0.2082069927840271,2.0384777634541966,0.41231675706025595
P7 (all three reactions + n),4,625/650/700/750,24,26.94974753374608,40157.22379112162,0.7419624806086307,0.08322511618157798,0.5116269864251951,0.7980573961535837,0.31014114475425164,2.4034430234328723,0.7080403202148108
P7 (all three reactions + n),4,600/625/700/750,24,26.81819299182198,56040.29997412386,0.7595443720462769,0.06601385033968682,0.524903770077711,0.9917781170484364,0.3815054908509546,2.8424015228090163,0.8181761393931327
P7 (all three reactions + n),4,600/625/825/850,24,26.804672087687273,383880.04640365235,0.9664040274465425,0.2249310886770511,0.8474594498717533,0.7000179910681484,0.15123877340745423,3.9664630873130786,0.5922591648482484
P7 (all three reactions + n),4,650/675/700/750,24,26.792171798077085,33652.02770373874,0.7451538885821362,0.1168581678882237,0.5067927847259546,0.6753058917354711,0.2669822164810689,2.1822854197309387,0.65765706946832
P7 (all three reactions + n),4,600/625/675/850,24,26.616961402223673,529869.7649913748,1.0041287844417726,0.1737932371282053,0.905098107559369,1.6715882072839947,0.34809067934174354,6.744453199309013,0.9606888316671994
P7 (all three reactions + n),4,625/650/675/850,24,26.398538008305373,439764.5063003149,1.151302512197732,0.21463161494740998,0.9575421823973955,1.4792137227317723,0.3076873786155767,6.1192553032302825,0.8714032279575812
P7 (all three reactions + n),4,600/625/650/825,24,26.3941957788767,357417.47928528703,0.6810217209841313,0.15371256288564597,0.6186621697722399,1.1527585991202987,0.2681768909371823,5.101201944260434,0.7916541055225851
P7 (all three reactions + n),4,600/650/675/750,24,25.638765994376413,44998.183338798415,0.8029339037382377,0.0751414439681565,0.5571731898983002,0.7728852072978766,0.2994307875306028,2.8049686378314487,0.7906617145136169
P7 (all three reactions + n),4,600/675/700/725,24,25.53620540522531,5653.892990656868,0.6781837702415834,0.07912463913041277,0.41455440753562023,0.5045473074225715,0.25706154549028737,1.355729477981288,0.5034055648035427
P7 (all three reactions + n),4,600/625/675/750,24,25.392707822813236,50024.614998459016,0.801228155411354,0.07297538207511745,0.557441408284195,0.8453618853977297,0.3255525442741106,2.957521451500693,0.8280286084111791
P7 (all three reactions + n),4,625/650/675/750,24,25.15692464190076,48371.12106621147,0.8064742456601305,0.10191418392201344,0.556748036441401,0.7842611247474536,0.30361202473899457,2.921594239545455,0.8199084579929056
P7 (all three reactions + n),4,625/675/700/725,24,25.132225501425076,5636.522846359479,0.682326760053144,0.10705576607239152,0.4141916708848271,0.4908964779382298,0.25105536071597834,1.3527336247558857,0.5126888382113989
P7 (all three reactions + n),4,600/650/700/725,24,25.10515061979276,5840.2748262296245,0.6970398962011162,0.08687325244885451,0.42575798132216225,0.5520722197795681,0.2753450017794978,1.4044757934232808,0.5201900088642982
P7 (all three reactions + n),4,625/650/700/725,24,24.652826686818322,5807.3281693706585,0.7028478531282175,0.12045182217436497,0.42595453795310884,0.5323509613169772,0.26651542702724,1.4011124613624055,0.5370943827731405
P7 (all three reactions + n),4,600/625/700/725,24,24.61476801301759,6828.5720870076,0.7024524843244898,0.09141600742539555,0.4306220299045982,0.6415037807859839,0.31376597114652965,1.5166429702965487,0.5570136828843636
P7 (all three reactions + n),4,650/675/700/725,24,24.353738028718666,5772.836468058378,0.7000774234078143,0.17413991936052123,0.4123686907346369,0.45761687363562054,0.23776496444132866,1.3590189464308269,0.5387975435641519
P7 (all three reactions + n),4,600/650/675/725,24,24.038393357140286,4469.607929795686,0.8023423147984712,0.0898236902209269,0.4732645146012701,0.48617322585944905,0.2467797670524341,1.5126822241074411,0.5097999607703788
P7 (all three reactions + n),4,600/625/675/725,24,23.77629665159536,4688.340709520208,0.8115905096219239,0.08967242066184525,0.4794077079589886,0.5296096796302548,0.2676385826076691,1.5586346695773956,0.5318853202144306
P7 (all three reactions + n),4,600/625/650/750,24,23.72411874304246,61029.772731453544,0.8365151238248313,0.09882877535416028,0.5726010913774333,0.9630620926728133,0.3641174641005506,3.324787758664299,0.9027968374021416
P7 (all three reactions + n),4,625/650/675/725,24,23.500506120239304,4602.407550479786,0.8026698734437775,0.125490936776835,0.4721585590847151,0.4766470402199402,0.24334197446478942,1.5286713140490755,0.5316149110691131
P7 (all three reactions + n),4,600/625/650/850,24,23.26911069856359,1840851.4344824827,1.3593863038030518,0.2771826450291466,1.4559374434711831,2.636168726729459,0.5515196814050116,12.750316879988953,1.8241089259242498
P7 (all three reactions + n),4,600/625/650/725,24,22.550465263349185,4904.98701213741,0.876358999667548,0.10680584239198,0.5087985168539763,0.6149412745044942,0.3058019891487051,1.6470502562065874,0.5683119281997644
P7 (all three reactions + n),4,600/650/675/700,24,15.715848147259472,66532.17899523446,3.5639948116529463,0.10336945116067878,2.4471432757569587,1.4642366895549424,0.7880972554318949,6.114705152262991,1.8258282771778611
P7 (all three reactions + n),4,600/625/675/700,24,15.087124428599546,76577.80567660795,3.7565137577585417,0.11199626063257771,2.5837403039604503,1.6628439095037364,0.9067537318466921,6.829882282941938,2.126953301343556
P7 (all three reactions + n),4,625/650/675/700,24,14.995659463898052,94961.20201250874,3.7184454389712136,0.16843841634228368,2.6022933526559413,1.6941934241742698,0.7551896933398685,7.312778065882825,2.1500374661913817
P7 (all three reactions + n),4,600/625/650/700,24,14.058120438469139,102987.27076607359,5.336232788107033,0.12694949902862496,3.600307576538746,1.980634065335684,0.798609685362308,7.688398883523126,1.9410106614386897
P7 (all three reactions + n),4,600/625/650/675,24,5.654921452024568,1164972.6878309313,13.013512847131517,0.36483802991974607,9.553109190817192,6.787790231076402,1.3778129299776394,30.201442848186037,5.671084137849106
