stage,feed,parameter_set,n_T,temperatures,n_points,logdet_F,cond_number,rel_se_k_meth,rel_se_Ea_meth,rel_se_n,rel_se_k_carb,rel_se_Ea_carb,rel_se_k_crack,rel_se_Ea_crack,rel_se_k1_ref,rel_se_Ea1,rel_se_k2_ref,rel_se_Ea2
S2,"S2 equilibrium-loop inlet (X4, H2/CO2 1.64)","P4 (k1, Ea1, k2, Ea2)",2,850/950,6,13.661828639600333,113.60907358403736,,,,,,,,0.10212046179448156,0.12836434969324836,0.5109257870639707,0.48165030603198444
S2,"S2 equilibrium-loop inlet (X4, H2/CO2 1.64)","P4 (k1, Ea1, k2, Ea2)",2,850/1025,6,13.140148104740856,429.4984773153314,,,,,,,,0.08284777654229485,0.08344324381678697,1.1372136870053915,0.9602600137927554
S2,"S2 equilibrium-loop inlet (X4, H2/CO2 1.64)","P4 (k1, Ea1, k2, Ea2)",2,850/925,6,13.101627306564076,134.62078479935445,,,,,,,,0.14038637413420432,0.16870440968800382,0.5140854500844311,0.5128113486702157
S2,"S2 equilibrium-loop inlet (X4, H2/CO2 1.64)","P4 (k1, Ea1, k2, Ea2)",2,850/975,6,12.952935352876139,316.9829865523706,,,,,,,,0.0885079831443981,0.10668249366192879,0.9087147663269203,0.7826311908480841
S2,"S2 equilibrium-loop inlet (X4, H2/CO2 1.64)","P4 (k1, Ea1, k2, Ea2)",2,850/1000,6,12.667414403392204,541.0365752695078,,,,,,,,0.09699709020309619,0.10154517281843367,1.2355498739325375,1.0462508927445875
S2,"S2 equilibrium-loop inlet (X4, H2/CO2 1.64)","P4 (k1, Ea1, k2, Ea2)",2,875/1025,6,12.403412369428725,440.91499327270714,,,,,,,,0.07953907955964953,0.09820574432473982,0.999099889093652,1.154224546211308
S2,"S2 equilibrium-loop inlet (X4, H2/CO2 1.64)","P4 (k1, Ea1, k2, Ea2)",2,875/950,6,12.390991939554862,145.3759198931627,,,,,,,,0.10212046180925466,0.1722550214800605,0.510925787097015,0.6669508173273755
S2,"S2 equilibrium-loop inlet (X4, H2/CO2 1.64)","P4 (k1, Ea1, k2, Ea2)",2,875/975,6,11.940254944962422,347.64116267140133,,,,,,,,0.08457491103574942,0.13428719987113732,0.8530967029563977,1.0093351934550108
S2,"S2 equilibrium-loop inlet (X4, H2/CO2 1.64)","P4 (k1, Ea1, k2, Ea2)",2,850/900,6,11.934145223675976,255.79774977331684,,,,,,,,0.2271687339409344,0.24864312417413312,0.6577480430056475,0.6625425723531306
S2,"S2 equilibrium-loop inlet (X4, H2/CO2 1.64)","P4 (k1, Ea1, k2, Ea2)",2,875/1000,6,11.818010812081358,554.8111140009752,,,,,,,,0.09114015166883573,0.1232420165530178,1.1143062063727585,1.2936096299528532
S2,"S2 equilibrium-loop inlet (X4, H2/CO2 1.64)","P4 (k1, Ea1, k2, Ea2)",2,850/1050,6,11.400351643328195,3773.6170455180713,,,,,,,,0.07277500179312799,0.06849454331397929,3.1284065679747006,2.626467688073914
S2,"S2 equilibrium-loop inlet (X4, H2/CO2 1.64)","P4 (k1, Ea1, k2, Ea2)",2,875/925,6,11.359661235588035,225.9176893952807,,,,,,,,0.16129060267042625,0.254827915545684,0.5852615829783491,0.8022658450012669
S2,"S2 equilibrium-loop inlet (X4, H2/CO2 1.64)","P4 (k1, Ea1, k2, Ea2)",2,900/1025,6,11.2470939446409,533.0460381526348,,,,,,,,0.07835159047791032,0.12011056196484203,0.8141224434814844,1.4310298326667004
S2,"S2 equilibrium-loop inlet (X4, H2/CO2 1.64)","P4 (k1, Ea1, k2, Ea2)",2,875/1050,6,10.746078571351473,3745.0630359852776,,,,,,,,0.07273563406104988,0.07865294977202723,2.6834700876495927,3.09022572386623
S2,"S2 equilibrium-loop inlet (X4, H2/CO2 1.64)","P4 (k1, Ea1, k2, Ea2)",2,900/1000,6,10.498424711700356,686.1366449221382,,,,,,,,0.08496989307321139,0.15719876767407123,0.9374963528468407,1.671335573831673
S2,"S2 equilibrium-loop inlet (X4, H2/CO2 1.64)","P4 (k1, Ea1, k2, Ea2)",2,900/975,6,10.362530670142196,475.7240279357588,,,,,,,,0.07935221495441455,0.18233823981612773,0.7631606467733913,1.4006953909433024
S2,"S2 equilibrium-loop inlet (X4, H2/CO2 1.64)","P4 (k1, Ea1, k2, Ea2)",2,900/950,6,10.342129448232239,269.69869914326426,,,,,,,,0.10212046175095849,0.26305980573706905,0.5109257866610653,1.0756140832997891
S2,"S2 equilibrium-loop inlet (X4, H2/CO2 1.64)","P4 (k1, Ea1, k2, Ea2)",2,925/1025,6,9.900090075263236,785.0142161754353,,,,,,,,0.08258032704857182,0.15281148030210373,0.5721187051958186,1.8510749736769698
S2,"S2 equilibrium-loop inlet (X4, H2/CO2 1.64)","P4 (k1, Ea1, k2, Ea2)",2,900/1050,6,9.702426488148102,4302.552152010607,,,,,,,,0.0760305607341948,0.09335049572408749,2.0942334272634207,3.7100540375583613
S2,"S2 equilibrium-loop inlet (X4, H2/CO2 1.64)","P4 (k1, Ea1, k2, Ea2)",2,850/875,6,9.58854422028433,974.5696095034095,,,,,,,,0.5054138350617283,0.48793692256618076,1.2245720870928656,1.1673425241846924
S2,"S2 equilibrium-loop inlet (X4, H2/CO2 1.64)","P4 (k1, Ea1, k2, Ea2)",2,875/900,6,9.041455282961925,795.8605534551375,,,,,,,,0.3650411721195245,0.5009837811932994,1.0498355374413222,1.3869375021431007
S2,"S2 equilibrium-loop inlet (X4, H2/CO2 1.64)","P4 (k1, Ea1, k2, Ea2)",2,925/1000,6,8.893295378203005,1114.5733878403857,,,,,,,,0.08186791204070869,0.21360665488159558,0.6668404652801763,2.3074296213050878
S2,"S2 equilibrium-loop inlet (X4, H2/CO2 1.64)","P4 (k1, Ea1, k2, Ea2)",2,925/1050,6,8.518689654099235,5764.283528973741,,,,,,,,0.08433071580452525,0.11378349279304929,1.287163478757535,4.579147542244642
S2,"S2 equilibrium-loop inlet (X4, H2/CO2 1.64)","P4 (k1, Ea1, k2, Ea2)",2,925/975,6,8.286297363864243,970.8730324261478,,,,,,,,0.07420949887348939,0.27812647855754535,0.598338297201841,2.197990833098826
S2,"S2 equilibrium-loop inlet (X4, H2/CO2 1.64)","P4 (k1, Ea1, k2, Ea2)",2,900/925,6,8.160071603031696,788.8177623098065,,,,,,,,0.2281525044083659,0.519014938956872,0.8218603347683386,1.7594804991571378
S2,"S2 equilibrium-loop inlet (X4, H2/CO2 1.64)","P4 (k1, Ea1, k2, Ea2)",2,950/1025,6,8.158758405367488,1577.0883704103271,,,,,,,,0.10212046173280205,0.20671833689913832,0.5109257871820677,2.573252445513176
S2,"S2 equilibrium-loop inlet (X4, H2/CO2 1.64)","P4 (k1, Ea1, k2, Ea2)",2,925/950,6,7.115154578721502,1086.0183394497717,,,,,,,,0.10212046173556677,0.5348535167955086,0.5109257862410536,2.3511286124866237
S2,"S2 equilibrium-loop inlet (X4, H2/CO2 1.64)","P4 (k1, Ea1, k2, Ea2)",2,950/1050,6,7.035487899846396,9714.97033576595,,,,,,,,0.10212046181730666,0.14392522918475537,0.5109257871897607,5.88855298963912
S2,"S2 equilibrium-loop inlet (X4, H2/CO2 1.64)","P4 (k1, Ea1, k2, Ea2)",2,950/1000,6,6.68087430443662,2780.456769999431,,,,,,,,0.10212046180157527,0.3256184828480125,0.5109257870636746,3.6132852245469875
S2,"S2 equilibrium-loop inlet (X4, H2/CO2 1.64)","P4 (k1, Ea1, k2, Ea2)",2,975/1025,6,4.935227327540373,6036.782668702331,,,,,,,,0.17285544261540534,0.32213164521219,1.969417126843286,4.454280669285565
S2,"S2 equilibrium-loop inlet (X4, H2/CO2 1.64)","P4 (k1, Ea1, k2, Ea2)",2,950/975,6,4.923217611178344,4406.762145554457,,,,,,,,0.10212046179200325,0.5637062902892572,0.5109257871578333,4.688306022185586
S2,"S2 equilibrium-loop inlet (X4, H2/CO2 1.64)","P4 (k1, Ea1, k2, Ea2)",2,975/1050,6,4.283086162163746,22408.8730724188,,,,,,,,0.14767916657267197,0.1998777980026951,2.575538187470235,8.17754285593608
S2,"S2 equilibrium-loop inlet (X4, H2/CO2 1.64)","P4 (k1, Ea1, k2, Ea2)",2,975/1000,6,2.306630830829857,18322.796184171602,,,,,,,,0.25485637424276786,0.6754664636769109,2.927425927999684,8.413930816090003
S2,"S2 equilibrium-loop inlet (X4, H2/CO2 1.64)","P4 (k1, Ea1, k2, Ea2)",2,1000/1050,6,1.6462564401419906,74394.37835525408,,,,,,,,0.29172887388043245,0.3492681834806065,7.266434929910716,12.930335541535618
S2,"S2 equilibrium-loop inlet (X4, H2/CO2 1.64)","P4 (k1, Ea1, k2, Ea2)",2,1000/1025,6,1.147659090084443,47459.138360402925,,,,,,,,0.4773878892095403,0.7356379125239018,6.821024321478414,10.834570720964495
S2,"S2 equilibrium-loop inlet (X4, H2/CO2 1.64)","P4 (k1, Ea1, k2, Ea2)",2,1025/1050,6,-1.2702936497115953,430591.0360806453,,,,,,,,0.5832570674475591,0.6619437249942219,20.36879160254755,26.616730719644806
S2,"S2 equilibrium-loop inlet (X4, H2/CO2 1.64)","P4 (k1, Ea1, k2, Ea2)",3,850/925/1050,9,15.496995034010528,138.6916936341234,,,,,,,,0.059538782550316256,0.06702109124188231,0.5053834794129981,0.5031495639734462
S2,"S2 equilibrium-loop inlet (X4, H2/CO2 1.64)","P4 (k1, Ea1, k2, Ea2)",3,850/950/1050,9,15.460084005524852,132.78731288343928,,,,,,,,0.059177920388123355,0.06823380886842026,0.5042165688195702,0.475319006326713
S2,"S2 equilibrium-loop inlet (X4, H2/CO2 1.64)","P4 (k1, Ea1, k2, Ea2)",3,850/925/1025,9,15.391212339254599,116.35629729254352,,,,,,,,0.06224804796800935,0.07770696654986703,0.4605704810841076,0.459316485641934
S2,"S2 equilibrium-loop inlet (X4, H2/CO2 1.64)","P4 (k1, Ea1, k2, Ea2)",3,850/950/1025,9,15.360581528890513,107.81627837778778,,,,,,,,0.061018288092952525,0.0780576216738365,0.463621587329383,0.43749735993496014
S2,"S2 equilibrium-loop inlet (X4, H2/CO2 1.64)","P4 (k1, Ea1, k2, Ea2)",3,850/900/1050,9,15.210086306919884,241.04216242653695,,,,,,,,0.0603242209240297,0.06453413304133909,0.636471461306607,0.6402999028429888
S2,"S2 equilibrium-loop inlet (X4, H2/CO2 1.64)","P4 (k1, Ea1, k2, Ea2)",3,850/900/1025,9,15.191373207973236,185.87362320609134,,,,,,,,0.06479224858670088,0.07604894235257743,0.5522233746715548,0.5568139895118834
S2,"S2 equilibrium-loop inlet (X4, H2/CO2 1.64)","P4 (k1, Ea1, k2, Ea2)",3,850/950/1000,9,15.073015252920754,111.73693397312111,,,,,,,,0.063550154553983,0.08906695185623456,0.46643648949062516,0.44161926478555436
S2,"S2 equilibrium-loop inlet (X4, H2/CO2 1.64)","P4 (k1, Ea1, k2, Ea2)",3,850/925/1000,9,15.064988203795128,122.82065742522897,,,,,,,,0.066335491215063,0.09038168804930288,0.4639013810393192,0.4641570537373349
S2,"S2 equilibrium-loop inlet (X4, H2/CO2 1.64)","P4 (k1, Ea1, k2, Ea2)",3,850/950/975,9,14.907799866864032,106.22228736318036,,,,,,,,0.065633821987461,0.10005091763341122,0.4438274787504944,0.426782140912659
S2,"S2 equilibrium-loop inlet (X4, H2/CO2 1.64)","P4 (k1, Ea1, k2, Ea2)",3,850/925/950,9,14.861378039634193,87.15406577209258,,,,,,,,0.08250152891758265,0.12431788653059593,0.36188631330415355,0.39223374647127607
S2,"S2 equilibrium-loop inlet (X4, H2/CO2 1.64)","P4 (k1, Ea1, k2, Ea2)",3,850/925/975,9,14.83917987066403,117.80781409558237,,,,,,,,0.07076873550781843,0.10420621610289303,0.44187553530724055,0.44819942870227386
S2,"S2 equilibrium-loop inlet (X4, H2/CO2 1.64)","P4 (k1, Ea1, k2, Ea2)",3,850/900/1000,9,14.83030727676383,200.34329957911967,,,,,,,,0.07116901758052721,0.089784813025252,0.5612608583917459,0.5674663202499666
S2,"S2 equilibrium-loop inlet (X4, H2/CO2 1.64)","P4 (k1, Ea1, k2, Ea2)",3,850/875/1025,9,14.8042499599043,421.5737198244842,,,,,,,,0.0698609117604057,0.0741447429658333,0.8031344837727272,0.7673250860331124
S2,"S2 equilibrium-loop inlet (X4, H2/CO2 1.64)","P4 (k1, Ea1, k2, Ea2)",3,850/875/950,9,14.718612658337825,170.7465015136331,,,,,,,,0.10003491922081817,0.12202960427629984,0.47067453632166883,0.47825871929159464
S2,"S2 equilibrium-loop inlet (X4, H2/CO2 1.64)","P4 (k1, Ea1, k2, Ea2)",3,850/900/950,9,14.68665445964056,119.16225164203293,,,,,,,,0.0929972085169129,0.12820543569369502,0.4021199952932688,0.43597983646017957
S2,"S2 equilibrium-loop inlet (X4, H2/CO2 1.64)","P4 (k1, Ea1, k2, Ea2)",3,850/900/975,9,14.623711595060989,182.3404413072811,,,,,,,,0.07669431964652099,0.10372756118726727,0.521125553854688,0.5328943281176582
S2,"S2 equilibrium-loop inlet (X4, H2/CO2 1.64)","P4 (k1, Ea1, k2, Ea2)",3,850/975/1025,9,14.560858286405194,246.48887897288233,,,,,,,,0.06348083052879004,0.07808537608240942,0.711344475568892,0.6157816816870888
S2,"S2 equilibrium-loop inlet (X4, H2/CO2 1.64)","P4 (k1, Ea1, k2, Ea2)",3,875/950/1050,9,14.508452810006222,196.14874838578461,,,,,,,,0.059187628689888507,0.0778929740125769,0.501879592450615,0.6546674872596938
S2,"S2 equilibrium-loop inlet (X4, H2/CO2 1.64)","P4 (k1, Ea1, k2, Ea2)",3,850/975/1050,9,14.44001679847307,387.19173661013184,,,,,,,,0.06046324976903464,0.06810533919846214,0.8491820448053147,0.7350560527263048
S2,"S2 equilibrium-loop inlet (X4, H2/CO2 1.64)","P4 (k1, Ea1, k2, Ea2)",3,850/875/1050,9,14.438171080037488,811.5889299319441,,,,,,,,0.061485661517233885,0.06106369292998257,1.120825884919353,1.068204672621355
S2,"S2 equilibrium-loop inlet (X4, H2/CO2 1.64)","P4 (k1, Ea1, k2, Ea2)",3,875/950/1025,9,14.400280378529633,148.1099156917356,,,,,,,,0.060271294705740164,0.09205465063402737,0.45271088853230695,0.5890945874739555
S2,"S2 equilibrium-loop inlet (X4, H2/CO2 1.64)","P4 (k1, Ea1, k2, Ea2)",3,850/875/1000,9,14.38971680616622,478.0919889743711,,,,,,,,0.08051138465209146,0.08938470530134698,0.8400930093298611,0.80414596313898
S2,"S2 equilibrium-loop inlet (X4, H2/CO2 1.64)","P4 (k1, Ea1, k2, Ea2)",3,850/875/975,9,14.36187083337914,361.84565924022695,,,,,,,,0.0827350910060763,0.09884724355801591,0.7135714074979326,0.6893672028230347
S2,"S2 equilibrium-loop inlet (X4, H2/CO2 1.64)","P4 (k1, Ea1, k2, Ea2)",3,875/925/1050,9,14.352518789024947,261.6237091444475,,,,,,,,0.058926591195566556,0.07541245560455469,0.5687123714931032,0.7777641635474121
S2,"S2 equilibrium-loop inlet (X4, H2/CO2 1.64)","P4 (k1, Ea1, k2, Ea2)",3,850/1000/1025,9,14.334036438819929,350.9680199197233,,,,,,,,0.06839738657627119,0.07734603052708157,0.8316418667218292,0.7093261204149918
S2,"S2 equilibrium-loop inlet (X4, H2/CO2 1.64)","P4 (k1, Ea1, k2, Ea2)",3,875/925/1025,9,14.299604940128134,190.35162527675186,,,,,,,,0.06132685264124778,0.09078646872232708,0.49359772148876296,0.6742288928734302
S2,"S2 equilibrium-loop inlet (X4, H2/CO2 1.64)","P4 (k1, Ea1, k2, Ea2)",3,850/975/1000,9,14.287831488516126,256.04125038887065,,,,,,,,0.06641376956079591,0.08770266520335522,0.7280029674466665,0.6317370991019882
S2,"S2 equilibrium-loop inlet (X4, H2/CO2 1.64)","P4 (k1, Ea1, k2, Ea2)",3,850/1025/1050,9,14.281675396745328,632.3817709188809,,,,,,,,0.06378198938925159,0.06505251194128135,0.9874562857976644,0.8363293454251838
S2,"S2 equilibrium-loop inlet (X4, H2/CO2 1.64)","P4 (k1, Ea1, k2, Ea2)",3,850/1000/1050,9,14.184981385107424,568.6313818859386,,,,,,,,0.06443956675770632,0.06725504285426794,0.9885760394533037,0.8438374657170755
S2,"S2 equilibrium-loop inlet (X4, H2/CO2 1.64)","P4 (k1, Ea1, k2, Ea2)",3,850/900/925,9,14.11042603754956,142.003566150929,,,,,,,,0.12491968325002942,0.1663301809167297,0.41511975514052685,0.4665521483695593
S2,"S2 equilibrium-loop inlet (X4, H2/CO2 1.64)","P4 (k1, Ea1, k2, Ea2)",3,850/875/925,9,14.050443783597306,202.29989547204127,,,,,,,,0.13915812856529056,0.16482316505704875,0.48720626618495716,0.5115187593448893
S2,"S2 equilibrium-loop inlet (X4, H2/CO2 1.64)","P4 (k1, Ea1, k2, Ea2)",3,875/950/1000,9,14.023012566956814,152.52617233342983,,,,,,,,0.062141668331463555,0.10896508342692371,0.4589482832383311,0.6001877396903312
S2,"S2 equilibrium-loop inlet (X4, H2/CO2 1.64)","P4 (k1, Ea1, k2, Ea2)",3,875/900/1025,9,13.925236950028513,382.7347436692553,,,,,,,,0.0649092254073252,0.08873561368382019,0.6942984615310649,0.9167364601637705
S2,"S2 equilibrium-loop inlet (X4, H2/CO2 1.64)","P4 (k1, Ea1, k2, Ea2)",3,875/925/1000,9,13.869181972950994,203.83852911303956,,,,,,,,0.06541146415709397,0.10994720941864954,0.504447107016525,0.6922847866567844
S2,"S2 equilibrium-loop inlet (X4, H2/CO2 1.64)","P4 (k1, Ea1, k2, Ea2)",3,875/950/975,9,13.766388940590282,143.6677208197544,,,,,,,,0.06398044779050294,0.1272677081129647,0.43684202098329844,0.5815142650974958
S2,"S2 equilibrium-loop inlet (X4, H2/CO2 1.64)","P4 (k1, Ea1, k2, Ea2)",3,875/975/1025,9,13.717370157251057,292.3039198846283,,,,,,,,0.06285840913584383,0.09258157831186686,0.6516376343339381,0.7723125269888304
S2,"S2 equilibrium-loop inlet (X4, H2/CO2 1.64)","P4 (k1, Ea1, k2, Ea2)",3,875/900/1050,9,13.613296471295204,729.6159717964554,,,,,,,,0.05928413229174021,0.07133774485346847,0.9614286210511651,1.2688928079636528
S2,"S2 equilibrium-loop inlet (X4, H2/CO2 1.64)","P4 (k1, Ea1, k2, Ea2)",3,875/975/1050,9,13.604441306197552,479.6319211238011,,,,,,,,0.061179095991626554,0.07841326805722851,0.7913694792369316,0.9409881308608304
S2,"S2 equilibrium-loop inlet (X4, H2/CO2 1.64)","P4 (k1, Ea1, k2, Ea2)",3,875/1025/1050,9,13.57762636138336,666.0857611009199,,,,,,,,0.0655726252260797,0.07479638816151901,0.8658375059598056,1.002409692621267
S2,"S2 equilibrium-loop inlet (X4, H2/CO2 1.64)","P4 (k1, Ea1, k2, Ea2)",3,875/925/975,9,13.561402636673652,189.94582337647242,,,,,,,,0.06988384377473664,0.13176176105193027,0.4748430715224715,0.6615185115358465
S2,"S2 equilibrium-loop inlet (X4, H2/CO2 1.64)","P4 (k1, Ea1, k2, Ea2)",3,875/1000/1025,9,13.55241669938522,393.7227065844121,,,,,,,,0.06754561446367076,0.09129618253744842,0.7414150471073657,0.8644210348333101
S2,"S2 equilibrium-loop inlet (X4, H2/CO2 1.64)","P4 (k1, Ea1, k2, Ea2)",3,875/925/950,9,13.447713486468633,140.41099412410398,,,,,,,,0.0861990371986159,0.16956464571661845,0.3843704299522841,0.5749777368161623
S2,"S2 equilibrium-loop inlet (X4, H2/CO2 1.64)","P4 (k1, Ea1, k2, Ea2)",3,875/1000/1050,9,13.427196657421508,637.8586250381295,,,,,,,,0.06546888211067067,0.07750471986847203,0.8853282293774044,1.0358665196290793
S2,"S2 equilibrium-loop inlet (X4, H2/CO2 1.64)","P4 (k1, Ea1, k2, Ea2)",3,875/900/1000,9,13.422389753620456,446.1087528291809,,,,,,,,0.07328152692860468,0.11001046320382177,0.7348396367668069,0.9738856146742648
S2,"S2 equilibrium-loop inlet (X4, H2/CO2 1.64)","P4 (k1, Ea1, k2, Ea2)",3,875/975/1000,9,13.360480501078822,305.5299446382095,,,,,,,,0.06476647649139328,0.10708418322045828,0.6749215781957234,0.8032432002389969
S2,"S2 equilibrium-loop inlet (X4, H2/CO2 1.64)","P4 (k1, Ea1, k2, Ea2)",3,875/900/950,9,13.305011087482674,204.78095303429478,,,,,,,,0.09825948752451072,0.1685665907879306,0.4585299143137811,0.6542685279716094
S2,"S2 equilibrium-loop inlet (X4, H2/CO2 1.64)","P4 (k1, Ea1, k2, Ea2)",3,875/900/975,9,13.237957258242773,362.8195729253153,,,,,,,,0.07685837452577747,0.12730578875914622,0.6450532115025052,0.8651511022844885
S2,"S2 equilibrium-loop inlet (X4, H2/CO2 1.64)","P4 (k1, Ea1, k2, Ea2)",3,900/950/1050,9,13.022552635293563,403.31243507670774,,,,,,,,0.06096572449459541,0.09074850426117607,0.4963337716121992,1.0407010066131117
S2,"S2 equilibrium-loop inlet (X4, H2/CO2 1.64)","P4 (k1, Ea1, k2, Ea2)",3,900/950/1025,9,12.94700031326828,269.6359125406635,,,,,,,,0.06093404674380679,0.11251433645766322,0.43123003148992356,0.8892218727463612
S2,"S2 equilibrium-loop inlet (X4, H2/CO2 1.64)","P4 (k1, Ea1, k2, Ea2)",3,850/875/900,9,12.812227123579852,362.77197241268254,,,,,,,,0.2233693626568635,0.24859779896018236,0.6225154664624912,0.655283616483751
S2,"S2 equilibrium-loop inlet (X4, H2/CO2 1.64)","P4 (k1, Ea1, k2, Ea2)",3,900/925/1025,9,12.693123481726683,456.00668452987514,,,,,,,,0.06155280301772966,0.10984246617016101,0.5494552888401026,1.1574295322074732
S2,"S2 equilibrium-loop inlet (X4, H2/CO2 1.64)","P4 (k1, Ea1, k2, Ea2)",3,900/1025/1050,9,12.467799721063408,786.7001396462252,,,,,,,,0.07089510862650336,0.08924941038524543,0.7066311603632842,1.2394522814383944
S2,"S2 equilibrium-loop inlet (X4, H2/CO2 1.64)","P4 (k1, Ea1, k2, Ea2)",3,900/925/1050,9,12.43564477272608,933.3484609332203,,,,,,,,0.05948407472804567,0.08567769534210352,0.7527840210869914,1.6045026800135251
S2,"S2 equilibrium-loop inlet (X4, H2/CO2 1.64)","P4 (k1, Ea1, k2, Ea2)",3,900/975/1025,9,12.425341632274227,400.41847473585943,,,,,,,,0.06430864217998282,0.11460398646100123,0.565160887405555,1.0241861925434577
S2,"S2 equilibrium-loop inlet (X4, H2/CO2 1.64)","P4 (k1, Ea1, k2, Ea2)",3,900/950/1000,9,12.413340700521864,285.1514296499624,,,,,,,,0.061360193162424276,0.1409985313213244,0.4439875557540633,0.9276128171551029
S2,"S2 equilibrium-loop inlet (X4, H2/CO2 1.64)","P4 (k1, Ea1, k2, Ea2)",3,900/1000/1025,9,12.3361028030094,494.50667402416633,,,,,,,,0.06937310239515808,0.11260661440656206,0.6202442936994469,1.0964847180659671
S2,"S2 equilibrium-loop inlet (X4, H2/CO2 1.64)","P4 (k1, Ea1, k2, Ea2)",3,900/975/1050,9,12.315470931868077,708.2219667947095,,,,,,,,0.06443108671312188,0.09305894912472741,0.7000169371618926,1.2900414922241699
S2,"S2 equilibrium-loop inlet (X4, H2/CO2 1.64)","P4 (k1, Ea1, k2, Ea2)",3,900/1000/1050,9,12.245150995735008,817.5718400887131,,,,,,,,0.06969046980339523,0.09251827691260921,0.7406046865707512,1.3282112102760735
S2,"S2 equilibrium-loop inlet (X4, H2/CO2 1.64)","P4 (k1, Ea1, k2, Ea2)",3,875/900/925,9,12.205934092073399,308.331819352341,,,,,,,,0.15554810468642483,0.2548142876161605,0.5318780025501176,0.7818632200052056
S2,"S2 equilibrium-loop inlet (X4, H2/CO2 1.64)","P4 (k1, Ea1, k2, Ea2)",3,900/925/1000,9,12.054437094593753,535.71009562048,,,,,,,,0.06571060942588804,0.14177449051487526,0.5904892034811716,1.2584505990242745
S2,"S2 equilibrium-loop inlet (X4, H2/CO2 1.64)","P4 (k1, Ea1, k2, Ea2)",3,900/950/975,9,11.986480218958949,270.6405229332855,,,,,,,,0.061736187191494166,0.17619795727798707,0.4232490465372492,0.9081636699071733
S2,"S2 equilibrium-loop inlet (X4, H2/CO2 1.64)","P4 (k1, Ea1, k2, Ea2)",3,900/975/1000,9,11.928859795480687,432.5812277134884,,,,,,,,0.06436990994224548,0.13893890938882106,0.5947057836927173,1.090931126136864
S2,"S2 equilibrium-loop inlet (X4, H2/CO2 1.64)","P4 (k1, Ea1, k2, Ea2)",3,900/925/975,9,11.635453811264282,472.8183231863412,,,,,,,,0.06832975733401475,0.1764582885994993,0.5414920405254131,1.1775664762535707
S2,"S2 equilibrium-loop inlet (X4, H2/CO2 1.64)","P4 (k1, Ea1, k2, Ea2)",3,900/925/950,9,11.224714463272168,359.7376162938974,,,,,,,,0.09313749742754697,0.26285806858825006,0.433419387895514,1.0324723194428316
S2,"S2 equilibrium-loop inlet (X4, H2/CO2 1.64)","P4 (k1, Ea1, k2, Ea2)",3,925/950/1025,9,11.210701981420872,734.4844793061164,,,,,,,,0.06405325762216316,0.1423700265326507,0.38070037722857086,1.5318687390212826
S2,"S2 equilibrium-loop inlet (X4, H2/CO2 1.64)","P4 (k1, Ea1, k2, Ea2)",3,925/1025/1050,9,11.190892178218608,1123.0885735118077,,,,,,,,0.08117734809318042,0.1096004713305963,0.5114179462573548,1.5960570626192145
S2,"S2 equilibrium-loop inlet (X4, H2/CO2 1.64)","P4 (k1, Ea1, k2, Ea2)",3,925/950/1050,9,11.033238672038967,1555.4198048226847,,,,,,,,0.06502501741258865,0.10600726151146962,0.4748390349739919,2.1257998030012266
S2,"S2 equilibrium-loop inlet (X4, H2/CO2 1.64)","P4 (k1, Ea1, k2, Ea2)",3,925/1000/1025,9,10.903582222194391,770.5110283196118,,,,,,,,0.076877780407665,0.14502236673471186,0.469206051663594,1.4668290788391394
S2,"S2 equilibrium-loop inlet (X4, H2/CO2 1.64)","P4 (k1, Ea1, k2, Ea2)",3,925/975/1025,9,10.900415927131007,715.6489841257561,,,,,,,,0.07011917077052175,0.14753706153506652,0.44502356729693193,1.461833917788785
S2,"S2 equilibrium-loop inlet (X4, H2/CO2 1.64)","P4 (k1, Ea1, k2, Ea2)",3,925/1000/1050,9,10.862863488695298,1315.5599484164502,,,,,,,,0.07855113636361978,0.11336945642967587,0.5398442874590788,1.808010030967817
S2,"S2 equilibrium-loop inlet (X4, H2/CO2 1.64)","P4 (k1, Ea1, k2, Ea2)",3,925/975/1050,9,10.763879191110963,1438.3024015476642,,,,,,,,0.0712109213870039,0.11228368882714584,0.5435741874421056,1.9618530057234436
S2,"S2 equilibrium-loop inlet (X4, H2/CO2 1.64)","P4 (k1, Ea1, k2, Ea2)",3,925/950/1000,9,10.35788760287301,895.2762116050641,,,,,,,,0.06278262390967386,0.19578575141491159,0.40333494990113117,1.729413784318013
S2,"S2 equilibrium-loop inlet (X4, H2/CO2 1.64)","P4 (k1, Ea1, k2, Ea2)",3,925/975/1000,9,10.148067029491125,842.5898904927419,,,,,,,,0.06871912776304935,0.19407094960544416,0.47000940219538234,1.6341473129465451
S2,"S2 equilibrium-loop inlet (X4, H2/CO2 1.64)","P4 (k1, Ea1, k2, Ea2)",3,950/1025/1050,9,9.566578379256757,2167.7682202067267,,,,,,,,0.10051273370809864,0.14005498540192415,0.510764188120717,2.202480119887726
S2,"S2 equilibrium-loop inlet (X4, H2/CO2 1.64)","P4 (k1, Ea1, k2, Ea2)",3,925/950/975,9,9.564455051784464,902.2684135231349,,,,,,,,0.059649191689433737,0.27408427342880565,0.38779942942659357,1.7527806797970642
S2,"S2 equilibrium-loop inlet (X4, H2/CO2 1.64)","P4 (k1, Ea1, k2, Ea2)",3,950/1000/1050,9,9.06904130151645,3083.7285482448733,,,,,,,,0.0957345784150892,0.14357823422980742,0.5096008676792418,2.7459011053243265
S2,"S2 equilibrium-loop inlet (X4, H2/CO2 1.64)","P4 (k1, Ea1, k2, Ea2)",3,950/1000/1025,9,9.03401396582416,1717.329545647418,,,,,,,,0.09865141147941851,0.19959140550875706,0.5088744387408571,2.1588139806563644
S2,"S2 equilibrium-loop inlet (X4, H2/CO2 1.64)","P4 (k1, Ea1, k2, Ea2)",3,950/975/1025,9,8.96394251898022,1915.2953660635956,,,,,,,,0.0866122556542907,0.19987502229003706,0.4934542376589823,2.353893130151242
S2,"S2 equilibrium-loop inlet (X4, H2/CO2 1.64)","P4 (k1, Ea1, k2, Ea2)",3,950/975/1050,9,8.659831714235038,5169.101521058743,,,,,,,,0.08350967436010193,0.1370858363153584,0.5010628757776799,3.681523555893918
S2,"S2 equilibrium-loop inlet (X4, H2/CO2 1.64)","P4 (k1, Ea1, k2, Ea2)",3,950/975/1000,9,7.645973581999819,2889.8834948278422,,,,,,,,0.09352815545154725,0.309031752925746,0.5022841329617982,2.996325463841596
S2,"S2 equilibrium-loop inlet (X4, H2/CO2 1.64)","P4 (k1, Ea1, k2, Ea2)",3,975/1025/1050,9,6.584736892995815,8050.639562984443,,,,,,,,0.14640618348145,0.19806227042743807,1.8329826488422234,3.7851419721403325
S2,"S2 equilibrium-loop inlet (X4, H2/CO2 1.64)","P4 (k1, Ea1, k2, Ea2)",3,975/1000/1050,9,5.819471133825864,15735.154263862889,,,,,,,,0.1350139833070111,0.19558390653303537,2.2239063739568294,5.646302346372139
S2,"S2 equilibrium-loop inlet (X4, H2/CO2 1.64)","P4 (k1, Ea1, k2, Ea2)",3,975/1000/1025,9,5.672435400124937,8534.453768180725,,,,,,,,0.16826652843456258,0.31961846051449333,1.9692366984354948,4.302462723647409
S2,"S2 equilibrium-loop inlet (X4, H2/CO2 1.64)","P4 (k1, Ea1, k2, Ea2)",3,1000/1025/1050,9,3.565800223683513,48633.23921685479,,,,,,,,0.27816521018999785,0.3444478594747739,5.417961932267234,8.229389503723528
S2,"S2 equilibrium-loop inlet (X4, H2/CO2 1.64)","P4 (k1, Ea1, k2, Ea2)",4,850/875/950/1050,12,16.507754646090536,170.88013068465762,,,,,,,,0.05267393450659009,0.06073255605107819,0.4648573088813593,0.47225967913301553
S2,"S2 equilibrium-loop inlet (X4, H2/CO2 1.64)","P4 (k1, Ea1, k2, Ea2)",4,850/925/950/1050,12,16.472315525613595,97.91689838659921,,,,,,,,0.051426386005474375,0.06701434611478875,0.35923575577905714,0.38865683356011216
S2,"S2 equilibrium-loop inlet (X4, H2/CO2 1.64)","P4 (k1, Ea1, k2, Ea2)",4,850/900/950/1050,12,16.44666922309252,125.46788385553128,,,,,,,,0.051926625636420726,0.06441376880426766,0.3983390759647893,0.4314240850927724
S2,"S2 equilibrium-loop inlet (X4, H2/CO2 1.64)","P4 (k1, Ea1, k2, Ea2)",4,850/875/925/1050,12,16.441773874089172,197.47688722896683,,,,,,,,0.0539040796998542,0.06099407587023943,0.4788680059753716,0.5020723551238243
S2,"S2 equilibrium-loop inlet (X4, H2/CO2 1.64)","P4 (k1, Ea1, k2, Ea2)",4,850/900/925/1050,12,16.404292224788264,142.87307486952298,,,,,,,,0.05291099360319845,0.06427870547460836,0.409091154623364,0.45867820953829014
S2,"S2 equilibrium-loop inlet (X4, H2/CO2 1.64)","P4 (k1, Ea1, k2, Ea2)",4,850/875/950/1025,12,16.401146786848983,148.08748317222302,,,,,,,,0.05593954602735817,0.06971436275789357,0.4292097450905673,0.4361073800168064
S2,"S2 equilibrium-loop inlet (X4, H2/CO2 1.64)","P4 (k1, Ea1, k2, Ea2)",4,850/875/925/1025,12,16.330424895091905,167.42860178137244,,,,,,,,0.05804533007812778,0.07101357341204222,0.4374313216188757,0.45897857546225485
S2,"S2 equilibrium-loop inlet (X4, H2/CO2 1.64)","P4 (k1, Ea1, k2, Ea2)",4,850/925/950/1025,12,16.29773516429148,87.61443730181728,,,,,,,,0.05297588478724367,0.07683723836611861,0.34169407240723093,0.369415170343145
S2,"S2 equilibrium-loop inlet (X4, H2/CO2 1.64)","P4 (k1, Ea1, k2, Ea2)",4,850/900/950/1025,12,16.294834859361384,111.53158674475523,,,,,,,,0.054286579810939484,0.07411690156901307,0.37425813971494704,0.4052225774995643
S2,"S2 equilibrium-loop inlet (X4, H2/CO2 1.64)","P4 (k1, Ea1, k2, Ea2)",4,850/900/925/1025,12,16.24526692979724,125.7373815912277,,,,,,,,0.056101783122041636,0.0749246282036899,0.38106271971487726,0.4274012959856878
S2,"S2 equilibrium-loop inlet (X4, H2/CO2 1.64)","P4 (k1, Ea1, k2, Ea2)",4,850/925/1025/1050,12,16.24106241909085,162.1341951263754,,,,,,,,0.052316280363951924,0.061312272592805764,0.45038696404052175,0.4501664284668254
S2,"S2 equilibrium-loop inlet (X4, H2/CO2 1.64)","P4 (k1, Ea1, k2, Ea2)",4,850/950/1025/1050,12,16.151160687312,162.74103984856578,,,,,,,,0.0532076128270265,0.06331570882264208,0.4533451248069219,0.42920618694304047
S2,"S2 equilibrium-loop inlet (X4, H2/CO2 1.64)","P4 (k1, Ea1, k2, Ea2)",4,850/925/1000/1050,12,16.13128682321384,152.76405287735588,,,,,,,,0.05212895869696086,0.06424583778469506,0.45006657405881967,0.45261650026351785
S2,"S2 equilibrium-loop inlet (X4, H2/CO2 1.64)","P4 (k1, Ea1, k2, Ea2)",4,850/925/975/1050,12,16.12507485107059,140.1675315794933,,,,,,,,0.051360715230636435,0.06616359250179916,0.43594568688993923,0.44316207534939644
S2,"S2 equilibrium-loop inlet (X4, H2/CO2 1.64)","P4 (k1, Ea1, k2, Ea2)",4,850/875/950/1000,12,16.115209865940848,154.94238634908098,,,,,,,,0.059964252174429696,0.079660295338024,0.4321988283452594,0.44008488713816385
S2,"S2 equilibrium-loop inlet (X4, H2/CO2 1.64)","P4 (k1, Ea1, k2, Ea2)",4,850/900/1025/1050,12,16.106419427603583,225.22289166877476,,,,,,,,0.05196419528022531,0.05854141366141351,0.5325874331745085,0.5379149727452429
S2,"S2 equilibrium-loop inlet (X4, H2/CO2 1.64)","P4 (k1, Ea1, k2, Ea2)",4,850/875/900/1050,12,16.079170589807912,340.09213158136464,,,,,,,,0.055247906266288595,0.06006472646461686,0.6027819952528768,0.6339112561237992
S2,"S2 equilibrium-loop inlet (X4, H2/CO2 1.64)","P4 (k1, Ea1, k2, Ea2)",4,850/950/975/1050,12,16.058556145127714,137.22316288603838,,,,,,,,0.05162155596915443,0.06779076044478113,0.4375877623593547,0.4221364830236115
S2,"S2 equilibrium-loop inlet (X4, H2/CO2 1.64)","P4 (k1, Ea1, k2, Ea2)",4,850/950/1000/1050,12,16.04929823375737,152.28634645272354,,,,,,,,0.05277994255942785,0.06611332519601952,0.4528805165250129,0.43153418590446674
S2,"S2 equilibrium-loop inlet (X4, H2/CO2 1.64)","P4 (k1, Ea1, k2, Ea2)",4,850/875/900/1025,12,16.043542922295924,262.8599153943311,,,,,,,,0.060975807777594884,0.0712379915566378,0.5263659884703917,0.5542539883032925
S2,"S2 equilibrium-loop inlet (X4, H2/CO2 1.64)","P4 (k1, Ea1, k2, Ea2)",4,850/925/1000/1025,12,16.02370897467661,130.5291773978409,,,,,,,,0.053398019775585656,0.0721181056868173,0.4281372725962856,0.4297692443218078
S2,"S2 equilibrium-loop inlet (X4, H2/CO2 1.64)","P4 (k1, Ea1, k2, Ea2)",4,850/925/950/1000,12,16.009870293271362,89.8704637552709,,,,,,,,0.05525376778960915,0.08798697443930338,0.3424307291508762,0.3714903343149203
S2,"S2 equilibrium-loop inlet (X4, H2/CO2 1.64)","P4 (k1, Ea1, k2, Ea2)",4,850/925/975/1025,12,16.005306847481528,120.00067784898884,,,,,,,,0.05270516397395269,0.075089123933573,0.40993376968889766,0.41613276717232134
S2,"S2 equilibrium-loop inlet (X4, H2/CO2 1.64)","P4 (k1, Ea1, k2, Ea2)",4,850/875/925/1000,12,16.004457420188494,175.53801203107113,,,,,,,,0.0635927033271978,0.08277137014879912,0.44101264738553503,0.4637345337045588
S2,"S2 equilibrium-loop inlet (X4, H2/CO2 1.64)","P4 (k1, Ea1, k2, Ea2)",4,850/900/975/1050,12,16.003332077015802,196.3846997483409,,,,,,,,0.05154650514423065,0.06327112951408646,0.5100564741895811,0.5228295059711919
S2,"S2 equilibrium-loop inlet (X4, H2/CO2 1.64)","P4 (k1, Ea1, k2, Ea2)",4,850/900/950/1000,12,15.999439874244922,115.7828373975628,,,,,,,,0.05752032713144948,0.0851267382645801,0.37588540320220887,0.4081548967459296
S2,"S2 equilibrium-loop inlet (X4, H2/CO2 1.64)","P4 (k1, Ea1, k2, Ea2)",4,850/900/1000/1050,12,15.990874627206534,215.15097541871975,,,,,,,,0.05219701579769533,0.061414376778552,0.5331043817015383,0.5414371590421357
S2,"S2 equilibrium-loop inlet (X4, H2/CO2 1.64)","P4 (k1, Ea1, k2, Ea2)",4,850/950/1000/1025,12,15.944814601732805,128.31331454132635,,,,,,,,0.05356834391736409,0.07369103770738786,0.4319504527375956,0.41062818638914744
S2,"S2 equilibrium-loop inlet (X4, H2/CO2 1.64)","P4 (k1, Ea1, k2, Ea2)",4,850/950/975/1025,12,15.941236080260229,115.8157815973252,,,,,,,,0.05246400414687209,0.07638019939535468,0.413260826287451,0.3979549571573172
S2,"S2 equilibrium-loop inlet (X4, H2/CO2 1.64)","P4 (k1, Ea1, k2, Ea2)",4,850/875/950/975,12,15.932533847064171,148.49753400915893,,,,,,,,0.06366214745609716,0.08948831530416615,0.4143543398863426,0.4258524906260793
S2,"S2 equilibrium-loop inlet (X4, H2/CO2 1.64)","P4 (k1, Ea1, k2, Ea2)",4,850/900/975/1025,12,15.927889477761882,165.0191163560907,,,,,,,,0.05387775189202238,0.07229643260023852,0.46915844416494823,0.48040844116901177
S2,"S2 equilibrium-loop inlet (X4, H2/CO2 1.64)","P4 (k1, Ea1, k2, Ea2)",4,850/900/1000/1025,12,15.920085197567118,182.1784870133863,,,,,,,,0.05461498246244374,0.06967894551768695,0.49795761934078586,0.5050416861716255
S2,"S2 equilibrium-loop inlet (X4, H2/CO2 1.64)","P4 (k1, Ea1, k2, Ea2)",4,850/900/925/1000,12,15.911771639335793,131.1939392076624,,,,,,,,0.06075562381979359,0.0876799548418956,0.3831008803941525,0.4309057865390781
S2,"S2 equilibrium-loop inlet (X4, H2/CO2 1.64)","P4 (k1, Ea1, k2, Ea2)",4,850/875/975/1025,12,15.834443997079248,268.24045010526385,,,,,,,,0.056268638884579635,0.0684831459741949,0.5966027514755754,0.5775375359417398
S2,"S2 equilibrium-loop inlet (X4, H2/CO2 1.64)","P4 (k1, Ea1, k2, Ea2)",4,850/875/1025/1050,12,15.822597212334191,407.6649639735621,,,,,,,,0.05255720732316571,0.055359342829490225,0.7411714289163774,0.7091532760386989
S2,"S2 equilibrium-loop inlet (X4, H2/CO2 1.64)","P4 (k1, Ea1, k2, Ea2)",4,850/875/975/1050,12,15.798723421917408,345.96619527802187,,,,,,,,0.05229718953476033,0.05948488551292554,0.6823456443371624,0.6609289284603832
S2,"S2 equilibrium-loop inlet (X4, H2/CO2 1.64)","P4 (k1, Ea1, k2, Ea2)",4,850/925/950/975,12,15.787710916863624,88.9622167309622,,,,,,,,0.0581080130188271,0.0997766009577144,0.3340502411862573,0.36710137684551786
S2,"S2 equilibrium-loop inlet (X4, H2/CO2 1.64)","P4 (k1, Ea1, k2, Ea2)",4,850/900/950/975,12,15.779597652264883,113.54744551668486,,,,,,,,0.061180398348953134,0.09669501315555984,0.36446209049273876,0.40016553315175746
S2,"S2 equilibrium-loop inlet (X4, H2/CO2 1.64)","P4 (k1, Ea1, k2, Ea2)",4,850/875/925/975,12,15.767523894287962,167.65800702649378,,,,,,,,0.06948588944186525,0.0953751070788679,0.422245839512398,0.44782050935341655
S2,"S2 equilibrium-loop inlet (X4, H2/CO2 1.64)","P4 (k1, Ea1, k2, Ea2)",4,850/925/975/1000,12,15.755632266281616,122.5047733648278,,,,,,,,0.05423414298131115,0.08421775402436348,0.41225314281721437,0.41966279911614707
S2,"S2 equilibrium-loop inlet (X4, H2/CO2 1.64)","P4 (k1, Ea1, k2, Ea2)",4,850/875/925/950,12,15.745985979537958,125.01682829178287,,,,,,,,0.08224063896164777,0.11450964013900994,0.3520090495697572,0.3894233430538968
S2,"S2 equilibrium-loop inlet (X4, H2/CO2 1.64)","P4 (k1, Ea1, k2, Ea2)",4,850/875/1000/1025,12,15.737237860070842,318.80831127672485,,,,,,,,0.05816578165998058,0.06704768910345497,0.6620534366920515,0.6357677012994918
S2,"S2 equilibrium-loop inlet (X4, H2/CO2 1.64)","P4 (k1, Ea1, k2, Ea2)",4,850/950/975/1000,12,15.709552760569721,116.17931819561562,,,,,,,,0.0533150668054771,0.08492671366907104,0.41520614802679046,0.4010111452600452
S2,"S2 equilibrium-loop inlet (X4, H2/CO2 1.64)","P4 (k1, Ea1, k2, Ea2)",4,850/875/1000/1050,12,15.702774994197227,400.79776139510193,,,,,,,,0.05352526533196835,0.05804603266918305,0.7442514079422401,0.7153581488644115
S2,"S2 equilibrium-loop inlet (X4, H2/CO2 1.64)","P4 (k1, Ea1, k2, Ea2)",4,850/875/900/1000,12,15.679287515420778,279.741841459322,,,,,,,,0.06856330947589333,0.0844740508094551,0.5352183796925782,0.5646248554752797
S2,"S2 equilibrium-loop inlet (X4, H2/CO2 1.64)","P4 (k1, Ea1, k2, Ea2)",4,850/900/975/1000,12,15.667863317931825,172.31041516207495,,,,,,,,0.05637076744884531,0.08135757400295032,0.47409701458373593,0.4865715009949603
S2,"S2 equilibrium-loop inlet (X4, H2/CO2 1.64)","P4 (k1, Ea1, k2, Ea2)",4,850/900/925/975,12,15.636516324043848,128.6550782807222,,,,,,,,0.06659405812836115,0.10223857042880943,0.37120819700746394,0.42178770933845916
S2,"S2 equilibrium-loop inlet (X4, H2/CO2 1.64)","P4 (k1, Ea1, k2, Ea2)",4,850/875/975/1000,12,15.568265107612026,287.57766529921736,,,,,,,,0.06007028327448055,0.07708789904170678,0.6085023666465216,0.5900005096783539
S2,"S2 equilibrium-loop inlet (X4, H2/CO2 1.64)","P4 (k1, Ea1, k2, Ea2)",4,850/900/925/950,12,15.531250437716675,104.42387087783626,,,,,,,,0.07895802742222036,0.12339127900786054,0.3214587736030594,0.3831066906389101
S2,"S2 equilibrium-loop inlet (X4, H2/CO2 1.64)","P4 (k1, Ea1, k2, Ea2)",4,850/875/900/950,12,15.469599938465144,167.80663340719775,,,,,,,,0.09272477233944924,0.12159415963439608,0.3934557898267626,0.4347182990948746
S2,"S2 equilibrium-loop inlet (X4, H2/CO2 1.64)","P4 (k1, Ea1, k2, Ea2)",4,850/875/900/975,12,15.4542785768892,253.85862937971032,,,,,,,,0.07544877725310362,0.09769000813034864,0.5002857148876131,0.5317025128188521
S2,"S2 equilibrium-loop inlet (X4, H2/CO2 1.64)","P4 (k1, Ea1, k2, Ea2)",4,875/925/950/1050,12,15.446339070709021,168.8198398128297,,,,,,,,0.051033925941674045,0.07537745375779216,0.38001467326298793,0.5672274408845935
S2,"S2 equilibrium-loop inlet (X4, H2/CO2 1.64)","P4 (k1, Ea1, k2, Ea2)",4,875/900/950/1050,12,15.417251407266773,228.0157507606783,,,,,,,,0.05127020569450528,0.0712827462903004,0.451114417874744,0.6431058048405012
S2,"S2 equilibrium-loop inlet (X4, H2/CO2 1.64)","P4 (k1, Ea1, k2, Ea2)",4,850/975/1025/1050,12,15.360882244179667,359.377120393238,,,,,,,,0.055678945325820725,0.06448050459145263,0.6670912874475337,0.5806396213475197
S2,"S2 equilibrium-loop inlet (X4, H2/CO2 1.64)","P4 (k1, Ea1, k2, Ea2)",4,875/900/950/1025,12,15.290331050185257,186.001553523058,,,,,,,,0.05362432374591372,0.08469656658499414,0.41005393022209613,0.5830164504568238
S2,"S2 equilibrium-loop inlet (X4, H2/CO2 1.64)","P4 (k1, Ea1, k2, Ea2)",4,875/950/1025/1050,12,15.265900208095115,222.47033381300116,,,,,,,,0.05459765456780942,0.07195339498593012,0.4396491763191873,0.5736141579915113
S2,"S2 equilibrium-loop inlet (X4, H2/CO2 1.64)","P4 (k1, Ea1, k2, Ea2)",4,850/975/1000/1050,12,15.264391716947113,337.0350029535699,,,,,,,,0.05556559405518804,0.06688879528948573,0.668688898898086,0.5858246592596332
S2,"S2 equilibrium-loop inlet (X4, H2/CO2 1.64)","P4 (k1, Ea1, k2, Ea2)",4,875/925/950/1025,12,15.260794017343345,141.94040617666016,,,,,,,,0.05228929540722808,0.08945925014280712,0.3544198534646607,0.5268365376158772
S2,"S2 equilibrium-loop inlet (X4, H2/CO2 1.64)","P4 (k1, Ea1, k2, Ea2)",4,850/975/1000/1025,12,15.252682095755878,259.64335910935984,,,,,,,,0.056929623968351245,0.0749162022132431,0.6140838202559344,0.5363017051002975
S2,"S2 equilibrium-loop inlet (X4, H2/CO2 1.64)","P4 (k1, Ea1, k2, Ea2)",4,875/925/1025/1050,12,15.23793515711637,269.12363653149566,,,,,,,,0.053160985045129026,0.06882862459897036,0.47523826184373363,0.6500526613448894
S2,"S2 equilibrium-loop inlet (X4, H2/CO2 1.64)","P4 (k1, Ea1, k2, Ea2)",4,875/900/925/1050,12,15.183409563682444,318.9525163574923,,,,,,,,0.05201576995599717,0.07062977611680595,0.5175898866024368,0.759325541171163
S2,"S2 equilibrium-loop inlet (X4, H2/CO2 1.64)","P4 (k1, Ea1, k2, Ea2)",4,850/1000/1025/1050,12,15.165789770210964,468.49578887711573,,,,,,,,0.05893066391411732,0.06460613340220778,0.7400742809183986,0.635479931488227
S2,"S2 equilibrium-loop inlet (X4, H2/CO2 1.64)","P4 (k1, Ea1, k2, Ea2)",4,875/950/1000/1050,12,15.13603026726687,212.9736658220691,,,,,,,,0.0538000368315251,0.07558916823675105,0.4415361798937209,0.5812052512438189
S2,"S2 equilibrium-loop inlet (X4, H2/CO2 1.64)","P4 (k1, Ea1, k2, Ea2)",4,875/950/975/1050,12,15.128456893272846,195.84444925506773,,,,,,,,0.0521431204065566,0.07759021588008387,0.4290366681536149,0.5729069735606435
S2,"S2 equilibrium-loop inlet (X4, H2/CO2 1.64)","P4 (k1, Ea1, k2, Ea2)",4,875/900/925/1025,12,15.10166008477373,246.13630158913665,,,,,,,,0.0556051528454329,0.08560437577128592,0.45420336335500483,0.6652794914621859
S2,"S2 equilibrium-loop inlet (X4, H2/CO2 1.64)","P4 (k1, Ea1, k2, Ea2)",4,875/925/1000/1050,12,15.095904166959123,260.1778633441986,,,,,,,,0.052705518633141636,0.0725010409360526,0.4787026056596041,0.6602571900380868
S2,"S2 equilibrium-loop inlet (X4, H2/CO2 1.64)","P4 (k1, Ea1, k2, Ea2)",4,875/925/975/1050,12,15.080468405970553,239.9623895889128,,,,,,,,0.05141518596332339,0.07470435233278758,0.46427144184099944,0.6483545806821899
S2,"S2 equilibrium-loop inlet (X4, H2/CO2 1.64)","P4 (k1, Ea1, k2, Ea2)",4,875/950/1000/1025,12,15.009190629177258,175.44295043540262,,,,,,,,0.05404507698060912,0.08665492254285784,0.4178253521197374,0.5469440722042395
S2,"S2 equilibrium-loop inlet (X4, H2/CO2 1.64)","P4 (k1, Ea1, k2, Ea2)",4,875/925/1000/1025,12,14.992053543009796,211.50075381660176,,,,,,,,0.05372318724492944,0.08402838841506721,0.44679130723476773,0.6134384209853982
S2,"S2 equilibrium-loop inlet (X4, H2/CO2 1.64)","P4 (k1, Ea1, k2, Ea2)",4,875/950/975/1025,12,14.985806478967337,159.14920041907024,,,,,,,,0.052453149758334705,0.09024605892042431,0.40060962230372715,0.5319577917317554
S2,"S2 equilibrium-loop inlet (X4, H2/CO2 1.64)","P4 (k1, Ea1, k2, Ea2)",4,875/900/1025/1050,12,14.97186567471075,462.6042633901205,,,,,,,,0.05259093072625872,0.06497705423201827,0.6405648795565282,0.8465518669869985
S2,"S2 equilibrium-loop inlet (X4, H2/CO2 1.64)","P4 (k1, Ea1, k2, Ea2)",4,875/925/975/1025,12,14.967155423559088,191.39936369621307,,,,,,,,0.05246483495057346,0.08767670330970272,0.42569698553515023,0.5916602831473355
S2,"S2 equilibrium-loop inlet (X4, H2/CO2 1.64)","P4 (k1, Ea1, k2, Ea2)",4,875/900/950/1000,12,14.911896770423425,195.65314642279867,,,,,,,,0.05705063218673146,0.10057617914553474,0.41583738899845474,0.5934533898306354
S2,"S2 equilibrium-loop inlet (X4, H2/CO2 1.64)","P4 (k1, Ea1, k2, Ea2)",4,875/925/950/1000,12,14.88054793927219,146.31224334013825,,,,,,,,0.05443619397814839,0.10655555027505935,0.35745793344668425,0.5338590893268178
S2,"S2 equilibrium-loop inlet (X4, H2/CO2 1.64)","P4 (k1, Ea1, k2, Ea2)",4,875/900/975/1025,12,14.85077664859688,294.74104892116526,,,,,,,,0.05393600273065339,0.08325452662276252,0.5337192095479714,0.7153774443574595
S2,"S2 equilibrium-loop inlet (X4, H2/CO2 1.64)","P4 (k1, Ea1, k2, Ea2)",4,850/875/900/925,12,14.847571569757989,197.44619116382853,,,,,,,,0.12491932941609277,0.1598201582431717,0.41008646364451823,0.4643088030407279
S2,"S2 equilibrium-loop inlet (X4, H2/CO2 1.64)","P4 (k1, Ea1, k2, Ea2)",4,875/900/975/1050,12,14.843906857064233,403.99374071012966,,,,,,,,0.05137176133097079,0.07023388180537045,0.6153902163395772,0.8276410514242643
S2,"S2 equilibrium-loop inlet (X4, H2/CO2 1.64)","P4 (k1, Ea1, k2, Ea2)",4,875/900/1000/1025,12,14.81262355228603,344.1927310555838,,,,,,,,0.05567871635336953,0.08084871334928187,0.5790443192245966,0.7682542452337232
S2,"S2 equilibrium-loop inlet (X4, H2/CO2 1.64)","P4 (k1, Ea1, k2, Ea2)",4,875/900/1000/1050,12,14.811914003325692,457.7645952066966,,,,,,,,0.05282373631830055,0.06840225558329732,0.6513487641621184,0.866995051827185
S2,"S2 equilibrium-loop inlet (X4, H2/CO2 1.64)","P4 (k1, Ea1, k2, Ea2)",4,875/950/975/1000,12,14.676132624393627,160.3584935513338,,,,,,,,0.05277303223418249,0.10366003784864038,0.40466902688019196,0.539776076210655
S2,"S2 equilibrium-loop inlet (X4, H2/CO2 1.64)","P4 (k1, Ea1, k2, Ea2)",4,875/900/925/1000,12,14.667448099574386,264.64018421617385,,,,,,,,0.061069660978978785,0.10417433010729554,0.46406245795437423,0.6821653739433092
S2,"S2 equilibrium-loop inlet (X4, H2/CO2 1.64)","P4 (k1, Ea1, k2, Ea2)",4,875/925/975/1000,12,14.635521172690932,197.20309096560226,,,,,,,,0.053741215739754544,0.10155534480377025,0.43205454110540625,0.6029783699779675
S2,"S2 equilibrium-loop inlet (X4, H2/CO2 1.64)","P4 (k1, Ea1, k2, Ea2)",4,875/900/950/975,12,14.628055011484257,188.08171084195092,,,,,,,,0.06092073828143035,0.1178314495661629,0.39962858408698654,0.577244236886186
S2,"S2 equilibrium-loop inlet (X4, H2/CO2 1.64)","P4 (k1, Ea1, k2, Ea2)",4,875/975/1025/1050,12,14.581602478274078,414.54050673484505,,,,,,,,0.05756096281227684,0.07396017772881247,0.6079161185301506,0.7241119610782112
S2,"S2 equilibrium-loop inlet (X4, H2/CO2 1.64)","P4 (k1, Ea1, k2, Ea2)",4,875/925/950/975,12,14.564574858980915,143.53559364528783,,,,,,,,0.05755250792379482,0.12619537299104913,0.34751575205793284,0.5266197599348545
S2,"S2 equilibrium-loop inlet (X4, H2/CO2 1.64)","P4 (k1, Ea1, k2, Ea2)",4,875/900/975/1000,12,14.505357213860345,315.72934945806287,,,,,,,,0.05674416337360745,0.09651187159298412,0.5490247832860219,0.7382451355856217
S2,"S2 equilibrium-loop inlet (X4, H2/CO2 1.64)","P4 (k1, Ea1, k2, Ea2)",4,875/975/1000/1050,12,14.45022718427266,401.3043172712483,,,,,,,,0.057017199036364534,0.07711903718990337,0.6152008972349727,0.739468451619551
S2,"S2 equilibrium-loop inlet (X4, H2/CO2 1.64)","P4 (k1, Ea1, k2, Ea2)",4,875/1000/1025/1050,12,14.427167883166526,509.24130898155073,,,,,,,,0.06113852573955766,0.07436564023283372,0.6585309817831951,0.7724544386319737
S2,"S2 equilibrium-loop inlet (X4, H2/CO2 1.64)","P4 (k1, Ea1, k2, Ea2)",4,875/975/1000/1025,12,14.412652058797772,304.795346438198,,,,,,,,0.05740713717945265,0.08867173957430927,0.5618647886485468,0.6710391896746836
S2,"S2 equilibrium-loop inlet (X4, H2/CO2 1.64)","P4 (k1, Ea1, k2, Ea2)",4,875/900/925/975,12,14.330248683085301,249.57110588706593,,,,,,,,0.0674504918366028,0.12539302760114596,0.4411616178479544,0.6554090157721691
S2,"S2 equilibrium-loop inlet (X4, H2/CO2 1.64)","P4 (k1, Ea1, k2, Ea2)",4,875/900/925/950,12,14.138427766923774,190.29418155304842,,,,,,,,0.0852692117334183,0.1633440526045759,0.36779211496159836,0.5745484512011277
S2,"S2 equilibrium-loop inlet (X4, H2/CO2 1.64)","P4 (k1, Ea1, k2, Ea2)",4,900/950/1025/1050,12,13.924783374509454,395.44194098253814,,,,,,,,0.05800459633312127,0.08373138896991165,0.4137944115225029,0.851908517481669
S2,"S2 equilibrium-loop inlet (X4, H2/CO2 1.64)","P4 (k1, Ea1, k2, Ea2)",4,900/925/950/1050,12,13.88206761966168,450.39178820619253,,,,,,,,0.05139990398333124,0.08530124786731137,0.42271198296075807,1.0026114055487627
S2,"S2 equilibrium-loop inlet (X4, H2/CO2 1.64)","P4 (k1, Ea1, k2, Ea2)",4,900/925/1025/1050,12,13.784914636002206,606.8444092318849,,,,,,,,0.0555066367399633,0.07860963218796234,0.5074056164061383,1.065523235823842
S2,"S2 equilibrium-loop inlet (X4, H2/CO2 1.64)","P4 (k1, Ea1, k2, Ea2)",4,900/925/950/1025,12,13.76189169308378,326.8803485845969,,,,,,,,0.05220748427813203,0.1065263036282035,0.37328085756328394,0.8711366182371871
S2,"S2 equilibrium-loop inlet (X4, H2/CO2 1.64)","P4 (k1, Ea1, k2, Ea2)",4,900/950/1000/1050,12,13.743376019402469,395.291269888606,,,,,,,,0.05676114206436198,0.08848223962791275,0.4196144163849034,0.880415904919079
S2,"S2 equilibrium-loop inlet (X4, H2/CO2 1.64)","P4 (k1, Ea1, k2, Ea2)",4,900/950/975/1050,12,13.702334779301232,380.7445880613099,,,,,,,,0.054250724104293796,0.0906683358238746,0.41248495773510085,0.8863844401508044
S2,"S2 equilibrium-loop inlet (X4, H2/CO2 1.64)","P4 (k1, Ea1, k2, Ea2)",4,900/950/1000/1025,12,13.600755369523473,309.65585270512065,,,,,,,,0.05634094062695756,0.10586951986112793,0.3925066652787486,0.8092768904850729
S2,"S2 equilibrium-loop inlet (X4, H2/CO2 1.64)","P4 (k1, Ea1, k2, Ea2)",4,900/925/1000/1050,12,13.565321560744149,628.2622204327987,,,,,,,,0.054833846861952605,0.08307439398114976,0.5242617024617736,1.11932017117387
S2,"S2 equilibrium-loop inlet (X4, H2/CO2 1.64)","P4 (k1, Ea1, k2, Ea2)",4,900/950/975/1025,12,13.548124016390187,287.25909469493763,,,,,,,,0.053893680135636626,0.11063332981442811,0.37808556490449674,0.7959177504097847
S2,"S2 equilibrium-loop inlet (X4, H2/CO2 1.64)","P4 (k1, Ea1, k2, Ea2)",4,900/925/1000/1025,12,13.523642326749268,453.5947035759821,,,,,,,,0.055407845456564984,0.10133664298243066,0.4669381410232703,0.9835675837187244
S2,"S2 equilibrium-loop inlet (X4, H2/CO2 1.64)","P4 (k1, Ea1, k2, Ea2)",4,900/925/975/1050,12,13.514642769166995,602.5031580575437,,,,,,,,0.05261506016741004,0.08527924407968458,0.5149805774336849,1.1213415214751306
S2,"S2 equilibrium-loop inlet (X4, H2/CO2 1.64)","P4 (k1, Ea1, k2, Ea2)",4,900/925/975/1025,12,13.48982372319932,408.2156021154976,,,,,,,,0.05319893107589943,0.10532666048939826,0.4428468898726332,0.9485910450500882
S2,"S2 equilibrium-loop inlet (X4, H2/CO2 1.64)","P4 (k1, Ea1, k2, Ea2)",4,900/975/1025/1050,12,13.3842705626117,554.8036316865658,,,,,,,,0.062122710544329995,0.08757607399369455,0.5247943068589057,0.9529892958340209
S2,"S2 equilibrium-loop inlet (X4, H2/CO2 1.64)","P4 (k1, Ea1, k2, Ea2)",4,900/1000/1025/1050,12,13.274413427606337,626.8536263175934,,,,,,,,0.06666155960313393,0.08885007352021827,0.5522382794646502,0.9785899793863069
S2,"S2 equilibrium-loop inlet (X4, H2/CO2 1.64)","P4 (k1, Ea1, k2, Ea2)",4,900/925/950/1000,12,13.224116016493522,350.8994890497416,,,,,,,,0.05385806081546304,0.1342717222362829,0.383803923692777,0.9056839635973059
S2,"S2 equilibrium-loop inlet (X4, H2/CO2 1.64)","P4 (k1, Ea1, k2, Ea2)",4,900/975/1000/1050,12,13.199017412253802,564.0247865931572,,,,,,,,0.06105296557622811,0.09183086471552339,0.5372195492961204,0.9949462500266497
S2,"S2 equilibrium-loop inlet (X4, H2/CO2 1.64)","P4 (k1, Ea1, k2, Ea2)",4,900/975/1000/1025,12,13.1243628305651,415.1879234915871,,,,,,,,0.06035784533600869,0.10979820224409152,0.4894558088619067,0.8897828377447764
S2,"S2 equilibrium-loop inlet (X4, H2/CO2 1.64)","P4 (k1, Ea1, k2, Ea2)",4,900/950/975/1000,12,13.099707804011494,297.11373176331955,,,,,,,,0.0533245482255645,0.13399033895237605,0.3856037801000424,0.8215894764044986
S2,"S2 equilibrium-loop inlet (X4, H2/CO2 1.64)","P4 (k1, Ea1, k2, Ea2)",4,900/925/975/1000,12,13.01102814527345,442.600752259048,,,,,,,,0.05399201808495558,0.127987689438001,0.4606222825082079,0.9970103065913208
S2,"S2 equilibrium-loop inlet (X4, H2/CO2 1.64)","P4 (k1, Ea1, k2, Ea2)",4,900/925/950/975,12,12.750978326308324,341.9394784616585,,,,,,,,0.05646863963599257,0.1695186282182673,0.3709630253824358,0.8930326318832578
S2,"S2 equilibrium-loop inlet (X4, H2/CO2 1.64)","P4 (k1, Ea1, k2, Ea2)",4,925/950/1025/1050,12,12.373472174867866,985.6516687901228,,,,,,,,0.06352116093033652,0.09839549035867218,0.36139528433568296,1.40117781166491
S2,"S2 equilibrium-loop inlet (X4, H2/CO2 1.64)","P4 (k1, Ea1, k2, Ea2)",4,925/950/1000/1050,12,12.069135080613588,1103.6824612478883,,,,,,,,0.06196755281068801,0.1042463007560759,0.37029792296134173,1.5309995579566256
S2,"S2 equilibrium-loop inlet (X4, H2/CO2 1.64)","P4 (k1, Ea1, k2, Ea2)",4,925/975/1025/1050,12,12.002560669194333,956.940726423733,,,,,,,,0.07002333785467785,0.1056122089016382,0.4194793400968875,1.338875963453116
S2,"S2 equilibrium-loop inlet (X4, H2/CO2 1.64)","P4 (k1, Ea1, k2, Ea2)",4,925/950/1000/1025,12,11.959908346770263,770.2160286409857,,,,,,,,0.06128923160279604,0.13377334522325604,0.3451647419397361,1.3284787015137767
S2,"S2 equilibrium-loop inlet (X4, H2/CO2 1.64)","P4 (k1, Ea1, k2, Ea2)",4,925/1000/1025/1050,12,11.940523909641396,962.154871818498,,,,,,,,0.07669696098093937,0.10906105054709841,0.4316891258204552,1.304856911754034
S2,"S2 equilibrium-loop inlet (X4, H2/CO2 1.64)","P4 (k1, Ea1, k2, Ea2)",4,925/950/975/1050,12,11.913643964676595,1219.3568030832073,,,,,,,,0.05828934938547831,0.10597166260229314,0.3720571676108637,1.647864011458887
S2,"S2 equilibrium-loop inlet (X4, H2/CO2 1.64)","P4 (k1, Ea1, k2, Ea2)",4,925/950/975/1025,12,11.848876703508193,758.8487967432588,,,,,,,,0.057735952874675735,0.13964825173002532,0.3353823569730523,1.3451045560544088
S2,"S2 equilibrium-loop inlet (X4, H2/CO2 1.64)","P4 (k1, Ea1, k2, Ea2)",4,925/975/1000/1050,12,11.723595214054926,1062.2601472150996,,,,,,,,0.06852367285313193,0.11131342654487701,0.4287658922768759,1.4573459993508038
S2,"S2 equilibrium-loop inlet (X4, H2/CO2 1.64)","P4 (k1, Ea1, k2, Ea2)",4,925/975/1000/1025,12,11.60181880457749,743.2765336932254,,,,,,,,0.06794329357736782,0.14153519763795822,0.4003469623884661,1.2700725063533416
S2,"S2 equilibrium-loop inlet (X4, H2/CO2 1.64)","P4 (k1, Ea1, k2, Ea2)",4,925/950/975/1000,12,11.129385608716039,866.5450404084288,,,,,,,,0.05680590127872263,0.1843452669414349,0.3453536364892708,1.464247279581297
S2,"S2 equilibrium-loop inlet (X4, H2/CO2 1.64)","P4 (k1, Ea1, k2, Ea2)",4,950/975/1025/1050,12,10.291486782301991,2374.548933409691,,,,,,,,0.08299742635266509,0.12959924010854829,0.49169542323124843,2.0816422864629
S2,"S2 equilibrium-loop inlet (X4, H2/CO2 1.64)","P4 (k1, Ea1, k2, Ea2)",4,950/1000/1025/1050,12,10.2398635246937,2103.0808778911764,,,,,,,,0.09455422704591265,0.13855034584437914,0.508361182727318,1.9070589018119652
S2,"S2 equilibrium-loop inlet (X4, H2/CO2 1.64)","P4 (k1, Ea1, k2, Ea2)",4,950/975/1000/1050,12,9.80982328701004,3207.1592546202223,,,,,,,,0.08116062930886628,0.13667874297918556,0.49790505477186014,2.5007608935423518
S2,"S2 equilibrium-loop inlet (X4, H2/CO2 1.64)","P4 (k1, Ea1, k2, Ea2)",4,950/975/1000/1025,12,9.656050436200108,2018.7878362544143,,,,,,,,0.08583330799254357,0.19231009139207914,0.4933775123049549,2.058038717208417
S2,"S2 equilibrium-loop inlet (X4, H2/CO2 1.64)","P4 (k1, Ea1, k2, Ea2)",4,975/1000/1025/1050,12,7.234546273314704,9958.948553772283,,,,,,,,0.13423052081763698,0.1914291119480448,1.8255043890020863,3.7148664198555315
S2,"S2 kinetic-loop inlet (X4, H2/CO2 0.87)","P4 (k1, Ea1, k2, Ea2)",2,875/1050,6,3.1879539332458964,219.14452990182556,,,,,,,,0.2723069570035736,0.2919230266974806,2.279834588285442,2.382305758035594
S2,"S2 kinetic-loop inlet (X4, H2/CO2 0.87)","P4 (k1, Ea1, k2, Ea2)",2,850/1050,6,3.076959897638421,278.5476736737199,,,,,,,,0.2750798247548619,0.2650982767186159,2.578503997414759,2.6395969110994035
S2,"S2 kinetic-loop inlet (X4, H2/CO2 0.87)","P4 (k1, Ea1, k2, Ea2)",2,900/1050,6,3.0500219002503135,213.03374706602918,,,,,,,,0.27914748567417597,0.3337249492855106,2.1696854146823132,2.3463073485314943
S2,"S2 kinetic-loop inlet (X4, H2/CO2 0.87)","P4 (k1, Ea1, k2, Ea2)",2,875/1025,6,2.5777768993324828,172.07957365618608,,,,,,,,0.26466226853341174,0.33569517453207093,2.038468080249929,2.7102142416954624
S2,"S2 kinetic-loop inlet (X4, H2/CO2 0.87)","P4 (k1, Ea1, k2, Ea2)",2,850/1025,6,2.549254849727433,198.63034593909853,,,,,,,,0.2700570592065085,0.29827349855117324,2.261523510722323,2.94294963516803
S2,"S2 kinetic-loop inlet (X4, H2/CO2 0.87)","P4 (k1, Ea1, k2, Ea2)",2,925/1050,6,2.5123012661312023,293.792214582105,,,,,,,,0.30348188412690885,0.39692598486387287,2.404889053348807,2.675941933133903
S2,"S2 kinetic-loop inlet (X4, H2/CO2 0.87)","P4 (k1, Ea1, k2, Ea2)",2,900/1025,6,2.3271694895347714,184.68053711892605,,,,,,,,0.2676073337241736,0.39511316115401673,1.9813382621922244,2.744075937393265
S2,"S2 kinetic-loop inlet (X4, H2/CO2 0.87)","P4 (k1, Ea1, k2, Ea2)",2,925/1025,6,1.6261742243682404,283.82516301288234,,,,,,,,0.2902884086106101,0.48990702209190784,2.264325446406113,3.259089717802952
S2,"S2 kinetic-loop inlet (X4, H2/CO2 0.87)","P4 (k1, Ea1, k2, Ea2)",2,850/1000,6,1.4975527519650402,183.777496679626,,,,,,,,0.27336207770421,0.34311067150360136,1.9811922478148494,3.3944273501256275
S2,"S2 kinetic-loop inlet (X4, H2/CO2 0.87)","P4 (k1, Ea1, k2, Ea2)",2,875/1000,6,1.4133928202318824,173.2947885113654,,,,,,,,0.2638606977834435,0.39776558611427315,1.8255609880765573,3.244679386786603
S2,"S2 kinetic-loop inlet (X4, H2/CO2 0.87)","P4 (k1, Ea1, k2, Ea2)",2,950/1050,6,1.0702199963808763,906.6424447071598,,,,,,,,0.36218261312692024,0.4959413336563898,4.024057265158873,4.370022803784913
S2,"S2 kinetic-loop inlet (X4, H2/CO2 0.87)","P4 (k1, Ea1, k2, Ea2)",2,900/1000,6,0.9995015930715543,206.35120073485498,,,,,,,,0.25874572278582675,0.48825312777804264,1.7870987721985192,3.4582931830507935
S2,"S2 kinetic-loop inlet (X4, H2/CO2 0.87)","P4 (k1, Ea1, k2, Ea2)",2,1000/1050,6,0.16969172503391894,1005.8002680265616,,,,,,,,0.7801062944015018,0.995542444121749,3.5469949836448555,4.3541678075584125
S2,"S2 kinetic-loop inlet (X4, H2/CO2 0.87)","P4 (k1, Ea1, k2, Ea2)",2,925/1000,6,0.040362450416608464,365.30966410786266,,,,,,,,0.2724595306802946,0.6463695328399277,2.0637168212008072,4.40481474202859
S2,"S2 kinetic-loop inlet (X4, H2/CO2 0.87)","P4 (k1, Ea1, k2, Ea2)",2,950/1025,6,-0.07403907575079804,1003.305159268838,,,,,,,,0.3621826129671296,0.6533335160381971,4.024057262178808,5.681236282184548
S2,"S2 kinetic-loop inlet (X4, H2/CO2 0.87)","P4 (k1, Ea1, k2, Ea2)",2,975/1050,6,-0.989963554617304,4530.803812461943,,,,,,,,0.4879136642132301,0.6619566354527607,8.619844129262987,9.099330913444879
S2,"S2 kinetic-loop inlet (X4, H2/CO2 0.87)","P4 (k1, Ea1, k2, Ea2)",2,850/950,6,-1.9965462609467202,614.1517972981848,,,,,,,,0.3621826130600184,0.5037031372700149,4.024057265860259,5.754004406950099
S2,"S2 kinetic-loop inlet (X4, H2/CO2 0.87)","P4 (k1, Ea1, k2, Ea2)",2,850/975,6,-2.013420424736042,692.2257346826782,,,,,,,,0.29708327622983943,0.4071213604437028,5.259248070308013,5.780750822528283
S2,"S2 kinetic-loop inlet (X4, H2/CO2 0.87)","P4 (k1, Ea1, k2, Ea2)",2,950/1000,6,-2.1309585124809285,1580.6832736433623,,,,,,,,0.36218261260946627,0.9704713754285677,4.024057263673662,8.515489347830565
S2,"S2 kinetic-loop inlet (X4, H2/CO2 0.87)","P4 (k1, Ea1, k2, Ea2)",2,1025/1050,6,-2.1679116438348305,3989.923719003967,,,,,,,,1.7313944465285913,2.0057475784199776,6.775456358500405,7.890716073680021
S2,"S2 kinetic-loop inlet (X4, H2/CO2 0.87)","P4 (k1, Ea1, k2, Ea2)",2,875/975,6,-2.260878536018825,861.3759569009787,,,,,,,,0.2848218668399698,0.49255732480551845,4.9365891453132695,6.697362392776206
S2,"S2 kinetic-loop inlet (X4, H2/CO2 0.87)","P4 (k1, Ea1, k2, Ea2)",2,875/950,6,-2.502162335602082,805.5411331308692,,,,,,,,0.3621826131123952,0.6513472094847311,4.024057265865419,6.685087420476202
S2,"S2 kinetic-loop inlet (X4, H2/CO2 0.87)","P4 (k1, Ea1, k2, Ea2)",2,1000/1025,6,-2.5963909192250236,2724.2395727294697,,,,,,,,1.2576345902444173,1.9695622667083181,5.5785494335842865,8.45638698596715
S2,"S2 kinetic-loop inlet (X4, H2/CO2 0.87)","P4 (k1, Ea1, k2, Ea2)",2,850/925,6,-2.5977594943379354,1000.8102193715982,,,,,,,,0.5128039146106684,0.6654172335024416,4.311739503244627,6.909596196408554
S2,"S2 kinetic-loop inlet (X4, H2/CO2 0.87)","P4 (k1, Ea1, k2, Ea2)",2,975/1025,6,-2.6053143079554006,6373.707518288234,,,,,,,,0.5608620224677859,0.9816341272505776,9.706229006167115,13.316866096796486
S2,"S2 kinetic-loop inlet (X4, H2/CO2 0.87)","P4 (k1, Ea1, k2, Ea2)",2,900/975,6,-2.9329374771682954,1284.015515038026,,,,,,,,0.269006829392296,0.6458944796673366,4.432365424306276,8.669819688650266
S2,"S2 kinetic-loop inlet (X4, H2/CO2 0.87)","P4 (k1, Ea1, k2, Ea2)",2,875/925,6,-3.5745116781568522,1516.763560348594,,,,,,,,0.5890869377313057,0.9701072866837718,4.875383996076048,8.72435684637646
S2,"S2 kinetic-loop inlet (X4, H2/CO2 0.87)","P4 (k1, Ea1, k2, Ea2)",2,900/950,6,-3.645357833692216,1436.4057832748977,,,,,,,,0.3621826130813723,0.9624453808787438,4.02405726585444,9.313051442662461
S2,"S2 kinetic-loop inlet (X4, H2/CO2 0.87)","P4 (k1, Ea1, k2, Ea2)",2,925/975,6,-4.363228088500556,2727.4811089757486,,,,,,,,0.25636831502532886,0.9631199293487216,3.5563882556359703,13.119139221070405
S2,"S2 kinetic-loop inlet (X4, H2/CO2 0.87)","P4 (k1, Ea1, k2, Ea2)",2,850/900,6,-4.411167235373333,3008.782882954099,,,,,,,,0.8748991126253319,0.9945757494434359,8.06857578717574,10.31448084827375
S2,"S2 kinetic-loop inlet (X4, H2/CO2 0.87)","P4 (k1, Ea1, k2, Ea2)",2,975/1000,6,-5.812877490430921,17319.222560282808,,,,,,,,0.7925234722924526,1.9455949534476715,13.013193763275778,26.25650272290101
S2,"S2 kinetic-loop inlet (X4, H2/CO2 0.87)","P4 (k1, Ea1, k2, Ea2)",2,900/925,6,-5.868441214930869,4443.88330083268,,,,,,,,0.8314599936031032,1.9145638363618016,6.76570195268778,15.735122885390464
S2,"S2 kinetic-loop inlet (X4, H2/CO2 0.87)","P4 (k1, Ea1, k2, Ea2)",2,925/950,6,-6.226379813146959,5251.758739380775,,,,,,,,0.3621826131025683,1.9160197370435612,4.024057265801995,18.483724156009746
S2,"S2 kinetic-loop inlet (X4, H2/CO2 0.87)","P4 (k1, Ea1, k2, Ea2)",2,875/900,6,-6.538649888588766,7827.974204055351,,,,,,,,1.3962662559749455,1.9387651727606632,12.260428034696352,17.554030682376062
S2,"S2 kinetic-loop inlet (X4, H2/CO2 0.87)","P4 (k1, Ea1, k2, Ea2)",2,850/875,6,-7.662408585969967,18071.050882689015,,,,,,,,2.0519783464746797,1.9983098854777748,21.430718904136405,21.486406131043996
S2,"S2 kinetic-loop inlet (X4, H2/CO2 0.87)","P4 (k1, Ea1, k2, Ea2)",2,950/975,6,-7.685312913151574,13644.995440241883,,,,,,,,0.3621826126044327,1.9299180327705434,4.024057265733519,28.754437898905273
S2,"S2 kinetic-loop inlet (X4, H2/CO2 0.87)","P4 (k1, Ea1, k2, Ea2)",3,850/875/1050,9,4.535251601007545,122.66748423418053,,,,,,,,0.2241203751812804,0.22517839555059055,1.7662531083394712,1.8233931708503484
S2,"S2 kinetic-loop inlet (X4, H2/CO2 0.87)","P4 (k1, Ea1, k2, Ea2)",3,875/900/1050,9,4.522835354530023,115.6207416607423,,,,,,,,0.2156465839260494,0.25542892953839225,1.6145054275180595,1.7537963687902876
S2,"S2 kinetic-loop inlet (X4, H2/CO2 0.87)","P4 (k1, Ea1, k2, Ea2)",3,850/900/1050,9,4.511720159438842,123.63736426743927,,,,,,,,0.21979552803657582,0.23829638598928438,1.7056856582757864,1.8195331864885456
S2,"S2 kinetic-loop inlet (X4, H2/CO2 0.87)","P4 (k1, Ea1, k2, Ea2)",3,875/1025/1050,9,4.408238312011013,344.8018207484855,,,,,,,,0.24253006579263933,0.28018074792247577,2.0339574165974224,2.363701958693906
S2,"S2 kinetic-loop inlet (X4, H2/CO2 0.87)","P4 (k1, Ea1, k2, Ea2)",3,850/1025/1050,9,4.352728608144337,418.4189999565643,,,,,,,,0.2382356257326494,0.25563753004180395,2.252506392855389,2.5895200669153327
S2,"S2 kinetic-loop inlet (X4, H2/CO2 0.87)","P4 (k1, Ea1, k2, Ea2)",3,875/925/1050,9,4.326152360124652,139.83571982028312,,,,,,,,0.2146579997671497,0.2717539569884519,1.6780961642084669,1.87287689310045
S2,"S2 kinetic-loop inlet (X4, H2/CO2 0.87)","P4 (k1, Ea1, k2, Ea2)",3,850/925/1050,9,4.325569670732599,151.9313298475923,,,,,,,,0.21764890182967567,0.2508367893938076,1.7838586472359994,1.9560012018999178
S2,"S2 kinetic-loop inlet (X4, H2/CO2 0.87)","P4 (k1, Ea1, k2, Ea2)",3,875/1000/1050,9,4.254036074020154,252.9726133241216,,,,,,,,0.2327068529776555,0.2893158572166853,1.8234749028329749,2.2219688579519707
S2,"S2 kinetic-loop inlet (X4, H2/CO2 0.87)","P4 (k1, Ea1, k2, Ea2)",3,850/1000/1050,9,4.2512135455137265,291.14932702628187,,,,,,,,0.22992041877024488,0.2628391021622414,1.9754377004509787,2.3751284793097422
S2,"S2 kinetic-loop inlet (X4, H2/CO2 0.87)","P4 (k1, Ea1, k2, Ea2)",3,900/1025/1050,9,4.2232272255702625,338.817007444624,,,,,,,,0.2572473944380417,0.31996420819252924,1.9720124921789959,2.3362259496865687
S2,"S2 kinetic-loop inlet (X4, H2/CO2 0.87)","P4 (k1, Ea1, k2, Ea2)",3,900/925/1050,9,4.203214226779502,142.97678691239142,,,,,,,,0.21480302839009882,0.2997132440738866,1.6301961473453632,1.8763212806170664
S2,"S2 kinetic-loop inlet (X4, H2/CO2 0.87)","P4 (k1, Ea1, k2, Ea2)",3,900/1000/1050,9,4.048311445449774,255.0630297157555,,,,,,,,0.24458927537481884,0.3313407491019717,1.7775252280297018,2.219275397347069
S2,"S2 kinetic-loop inlet (X4, H2/CO2 0.87)","P4 (k1, Ea1, k2, Ea2)",3,850/875/1025,9,3.967911185484792,120.06795493794687,,,,,,,,0.22997180440650747,0.2568563003842905,1.5951476345555455,2.054111844603777
S2,"S2 kinetic-loop inlet (X4, H2/CO2 0.87)","P4 (k1, Ea1, k2, Ea2)",3,875/950/1050,9,3.920815137199641,212.76118417249944,,,,,,,,0.21718818440677345,0.2848443712893267,1.9804123929804662,2.1632341187735227
S2,"S2 kinetic-loop inlet (X4, H2/CO2 0.87)","P4 (k1, Ea1, k2, Ea2)",3,850/900/1025,9,3.9014569140381914,119.84099231947718,,,,,,,,0.22328519125354607,0.2735845275807904,1.5555811808649485,2.0810552247734635
S2,"S2 kinetic-loop inlet (X4, H2/CO2 0.87)","P4 (k1, Ea1, k2, Ea2)",3,850/950/1050,9,3.883662426424055,246.3371643080847,,,,,,,,0.2185160521026039,0.2604164054955895,2.1662812620620358,2.323066075770048
S2,"S2 kinetic-loop inlet (X4, H2/CO2 0.87)","P4 (k1, Ea1, k2, Ea2)",3,875/900/1025,9,3.8633058431098473,114.1831336275473,,,,,,,,0.2177703891820551,0.2983989971429999,1.4820877916719761,2.0208415358369947
S2,"S2 kinetic-loop inlet (X4, H2/CO2 0.87)","P4 (k1, Ea1, k2, Ea2)",3,900/950/1050,9,3.776807506396795,212.8811847928588,,,,,,,,0.22075804484235473,0.3198859554175608,1.9082358197128595,2.151446085342562
S2,"S2 kinetic-loop inlet (X4, H2/CO2 0.87)","P4 (k1, Ea1, k2, Ea2)",3,875/975/1050,9,3.7030105544579563,281.0731551028611,,,,,,,,0.22348458898503434,0.2914473693259603,2.193729844086878,2.3323833831062992
S2,"S2 kinetic-loop inlet (X4, H2/CO2 0.87)","P4 (k1, Ea1, k2, Ea2)",3,850/925/1025,9,3.6841953582651303,146.8146448785559,,,,,,,,0.21811205915980963,0.2882070393168535,1.6381391062822945,2.271018578740831
S2,"S2 kinetic-loop inlet (X4, H2/CO2 0.87)","P4 (k1, Ea1, k2, Ea2)",3,925/1025/1050,9,3.655100219498463,454.8651529906241,,,,,,,,0.2893214980501489,0.381752071276919,2.206367060801349,2.6581856604517715
S2,"S2 kinetic-loop inlet (X4, H2/CO2 0.87)","P4 (k1, Ea1, k2, Ea2)",3,850/975/1050,9,3.632208187827149,343.5313730925756,,,,,,,,0.22274267818153035,0.2648710197092295,2.4566044669969327,2.562006063964424
S2,"S2 kinetic-loop inlet (X4, H2/CO2 0.87)","P4 (k1, Ea1, k2, Ea2)",3,875/925/1025,9,3.6273220661295955,139.42179133152868,,,,,,,,0.21365401683037957,0.3191739519879129,1.5501292366414747,2.189669448251948
S2,"S2 kinetic-loop inlet (X4, H2/CO2 0.87)","P4 (k1, Ea1, k2, Ea2)",3,850/1000/1025,9,3.6264910972567597,309.160951034273,,,,,,,,0.22361304048936345,0.28886370654261756,1.9602910260234272,2.8747350649378025
S2,"S2 kinetic-loop inlet (X4, H2/CO2 0.87)","P4 (k1, Ea1, k2, Ea2)",3,875/1000/1025,9,3.5984721553902075,271.61161077888517,,,,,,,,0.22564150192955096,0.3242132306224824,1.8015055211229343,2.6792034502356192
S2,"S2 kinetic-loop inlet (X4, H2/CO2 0.87)","P4 (k1, Ea1, k2, Ea2)",3,900/975/1050,9,3.545650747931515,275.09701129864385,,,,,,,,0.23129861237905489,0.3319426435879548,2.0971662300670126,2.3035474840486168
S2,"S2 kinetic-loop inlet (X4, H2/CO2 0.87)","P4 (k1, Ea1, k2, Ea2)",3,925/1000/1050,9,3.52095490014519,332.6351688546925,,,,,,,,0.2719708528301486,0.39512648457751104,1.9434080678403198,2.480342384102759
S2,"S2 kinetic-loop inlet (X4, H2/CO2 0.87)","P4 (k1, Ea1, k2, Ea2)",3,900/925/1025,9,3.419395294880336,148.2943195422359,,,,,,,,0.21133542191743285,0.36155070784650134,1.5199256244256838,2.2286213952644567
S2,"S2 kinetic-loop inlet (X4, H2/CO2 0.87)","P4 (k1, Ea1, k2, Ea2)",3,925/950/1050,9,3.353434729545459,276.2663910973404,,,,,,,,0.23242739963884684,0.36553914336315524,2.06398273490256,2.3907058193045287
S2,"S2 kinetic-loop inlet (X4, H2/CO2 0.87)","P4 (k1, Ea1, k2, Ea2)",3,900/1000/1025,9,3.298881204081111,288.54006232010806,,,,,,,,0.23738604929925122,0.38231769967872764,1.7797022785633385,2.7240460808279785
S2,"S2 kinetic-loop inlet (X4, H2/CO2 0.87)","P4 (k1, Ea1, k2, Ea2)",3,850/950/1025,9,3.2723298937167726,226.7875524545714,,,,,,,,0.21601972912528783,0.2969701000821203,1.9681456715618852,2.6787265342477373
S2,"S2 kinetic-loop inlet (X4, H2/CO2 0.87)","P4 (k1, Ea1, k2, Ea2)",3,875/950/1025,9,3.239865294372119,204.64849043906585,,,,,,,,0.21327093114937723,0.332899565644478,1.8161062368895147,2.520791725845446
S2,"S2 kinetic-loop inlet (X4, H2/CO2 0.87)","P4 (k1, Ea1, k2, Ea2)",3,850/975/1025,9,3.094677639817984,296.8048671374122,,,,,,,,0.2179640769363093,0.29724323203136827,2.188493018680221,2.8967369297688013
S2,"S2 kinetic-loop inlet (X4, H2/CO2 0.87)","P4 (k1, Ea1, k2, Ea2)",3,875/975/1025,9,3.0864638556961017,256.75968244878027,,,,,,,,0.21759836349308484,0.3348560404914407,1.9838692383571457,2.6802891146908414
S2,"S2 kinetic-loop inlet (X4, H2/CO2 0.87)","P4 (k1, Ea1, k2, Ea2)",3,925/975/1050,9,3.0286067072732434,369.42773970478277,,,,,,,,0.2511300879887918,0.3897785207928117,2.3126181687477887,2.610906507639586
S2,"S2 kinetic-loop inlet (X4, H2/CO2 0.87)","P4 (k1, Ea1, k2, Ea2)",3,900/950/1025,9,2.9847736076300326,217.14800720153565,,,,,,,,0.21491175144793778,0.38670748396341764,1.7763231973335918,2.562421912603925
S2,"S2 kinetic-loop inlet (X4, H2/CO2 0.87)","P4 (k1, Ea1, k2, Ea2)",3,850/875/1000,9,2.8649261041527683,141.65041694012376,,,,,,,,0.24577294025930874,0.3006161128941992,1.5264065178249957,2.452587299261415
S2,"S2 kinetic-loop inlet (X4, H2/CO2 0.87)","P4 (k1, Ea1, k2, Ea2)",3,900/975/1025,9,2.80742149027615,269.8593123939796,,,,,,,,0.2245246737476149,0.394942579874394,1.9331873898759078,2.716957910982572
S2,"S2 kinetic-loop inlet (X4, H2/CO2 0.87)","P4 (k1, Ea1, k2, Ea2)",3,850/900/1000,9,2.749278894790888,148.1800417045976,,,,,,,,0.2356639204227943,0.32234397652602975,1.4824062252101442,2.5554591831268043
S2,"S2 kinetic-loop inlet (X4, H2/CO2 0.87)","P4 (k1, Ea1, k2, Ea2)",3,875/900/1000,9,2.6336169105604297,145.24008756417348,,,,,,,,0.22902731076514374,0.36080720450627723,1.4246982756884317,2.532445459055204
S2,"S2 kinetic-loop inlet (X4, H2/CO2 0.87)","P4 (k1, Ea1, k2, Ea2)",3,925/1000/1025,9,2.569937874558388,424.3827631030467,,,,,,,,0.26931155939596285,0.47755233676653674,2.0413924051789425,3.214517961614644
S2,"S2 kinetic-loop inlet (X4, H2/CO2 0.87)","P4 (k1, Ea1, k2, Ea2)",3,850/925/1000,9,2.5128618136716985,183.40121316509908,,,,,,,,0.2253340219839321,0.3383902707510197,1.5278468890130101,2.840729225636496
S2,"S2 kinetic-loop inlet (X4, H2/CO2 0.87)","P4 (k1, Ea1, k2, Ea2)",3,950/1000/1050,9,2.4826538115783023,659.36176601212,,,,,,,,0.32681748787165676,0.4922729232209952,2.644873622308634,3.3322506734846824
S2,"S2 kinetic-loop inlet (X4, H2/CO2 0.87)","P4 (k1, Ea1, k2, Ea2)",3,925/950/1025,9,2.4010851243735987,305.4811808437239,,,,,,,,0.22632908786193984,0.46164223728104586,1.9730491936520989,2.9536983881358507
S2,"S2 kinetic-loop inlet (X4, H2/CO2 0.87)","P4 (k1, Ea1, k2, Ea2)",3,875/925/1000,9,2.3618169750384217,180.46375464680298,,,,,,,,0.2193154691338072,0.3872331227148743,1.4591397438716327,2.7981812721713846
S2,"S2 kinetic-loop inlet (X4, H2/CO2 0.87)","P4 (k1, Ea1, k2, Ea2)",3,950/1025/1050,9,2.3312102012284863,1169.8867325568006,,,,,,,,0.3531605221022811,0.48025086755630964,3.433980634099909,4.088555766813439
S2,"S2 kinetic-loop inlet (X4, H2/CO2 0.87)","P4 (k1, Ea1, k2, Ea2)",3,850/950/1000,9,2.1716706892248663,254.2565193326326,,,,,,,,0.21769387989260572,0.3428666478838972,1.7746728529199909,3.2482494185343374
S2,"S2 kinetic-loop inlet (X4, H2/CO2 0.87)","P4 (k1, Ea1, k2, Ea2)",3,925/975/1025,9,2.1025448949179957,398.6933561162409,,,,,,,,0.24735929766436368,0.4887893673052223,2.200006488978359,3.2100407059199663
S2,"S2 kinetic-loop inlet (X4, H2/CO2 0.87)","P4 (k1, Ea1, k2, Ea2)",3,850/975/1000,9,2.0997525824725556,296.2945418423948,,,,,,,,0.2152454005957137,0.3337131181992981,1.9324754155770862,3.387066266561135
S2,"S2 kinetic-loop inlet (X4, H2/CO2 0.87)","P4 (k1, Ea1, k2, Ea2)",3,875/950/1000,9,2.031947487572875,242.2893425733527,,,,,,,,0.21282842342840164,0.3977258292499754,1.6603815685345995,3.141754447566538
S2,"S2 kinetic-loop inlet (X4, H2/CO2 0.87)","P4 (k1, Ea1, k2, Ea2)",3,900/925/1000,9,2.0094721750873124,205.8628889358658,,,,,,,,0.2129293248454783,0.4578787470374682,1.4286736156878337,2.956485400348772
S2,"S2 kinetic-loop inlet (X4, H2/CO2 0.87)","P4 (k1, Ea1, k2, Ea2)",3,875/975/1000,9,1.984950676126854,276.1964014046566,,,,,,,,0.2126938578106088,0.386809329296291,1.7858738216028514,3.241548122012901
S2,"S2 kinetic-loop inlet (X4, H2/CO2 0.87)","P4 (k1, Ea1, k2, Ea2)",3,950/975/1050,9,1.7675185593502947,988.866240319203,,,,,,,,0.2907868647130489,0.46856149283891885,3.645272467588238,4.02174758157948
S2,"S2 kinetic-loop inlet (X4, H2/CO2 0.87)","P4 (k1, Ea1, k2, Ea2)",3,900/950/1000,9,1.5967166057421907,282.95663740572945,,,,,,,,0.21019914104829507,0.48664103972294454,1.6320404321358148,3.3483628605978284
S2,"S2 kinetic-loop inlet (X4, H2/CO2 0.87)","P4 (k1, Ea1, k2, Ea2)",3,975/1000/1050,9,1.5503246024565902,1079.3999655529553,,,,,,,,0.43020294400462644,0.6425996592749058,3.2855308550708666,4.0732074374194855
S2,"S2 kinetic-loop inlet (X4, H2/CO2 0.87)","P4 (k1, Ea1, k2, Ea2)",3,900/975/1000,9,1.5342236976384496,323.6391404542772,,,,,,,,0.21620178066424112,0.47756070336970113,1.7532344084577824,3.4556547177838777
S2,"S2 kinetic-loop inlet (X4, H2/CO2 0.87)","P4 (k1, Ea1, k2, Ea2)",3,1000/1025/1050,9,1.0707479872931884,1428.5465818100631,,,,,,,,0.7651793628289514,0.9938354213976219,3.3982719255067515,4.315400680235599
S2,"S2 kinetic-loop inlet (X4, H2/CO2 0.87)","P4 (k1, Ea1, k2, Ea2)",3,950/1000/1025,9,1.050884938627536,1160.6254376057313,,,,,,,,0.34693658529395766,0.6445955570620133,3.252843874179758,5.067852318018473
S2,"S2 kinetic-loop inlet (X4, H2/CO2 0.87)","P4 (k1, Ea1, k2, Ea2)",3,975/1025/1050,9,0.8738290694493376,2980.2779453663934,,,,,,,,0.48002904963846366,0.6502007586977797,5.330079532429976,6.257414362360887
S2,"S2 kinetic-loop inlet (X4, H2/CO2 0.87)","P4 (k1, Ea1, k2, Ea2)",3,925/950/1000,9,0.725969223981715,458.65308232195235,,,,,,,,0.21753801384999033,0.6275812650774072,1.835957890026976,4.144613875947012
S2,"S2 kinetic-loop inlet (X4, H2/CO2 0.87)","P4 (k1, Ea1, k2, Ea2)",3,950/975/1025,9,0.539594707705922,1231.5565713453725,,,,,,,,0.3042371863451982,0.6352088284079955,3.716359015978281,5.324217835567344
S2,"S2 kinetic-loop inlet (X4, H2/CO2 0.87)","P4 (k1, Ea1, k2, Ea2)",3,925/975/1000,9,0.533646307420852,557.9404919738283,,,,,,,,0.23933892350212457,0.6400220291258857,2.026633398980105,4.395176883468553
S2,"S2 kinetic-loop inlet (X4, H2/CO2 0.87)","P4 (k1, Ea1, k2, Ea2)",3,850/925/975,9,-0.43724487964709446,761.16248218458,,,,,,,,0.24750335928354164,0.40659137227454517,3.2133209391912305,5.511651300013489
S2,"S2 kinetic-loop inlet (X4, H2/CO2 0.87)","P4 (k1, Ea1, k2, Ea2)",3,850/950/975,9,-0.5011916781902834,594.4796297902944,,,,,,,,0.22966332536682368,0.3980945400246748,3.194739487154044,5.053779267396668
S2,"S2 kinetic-loop inlet (X4, H2/CO2 0.87)","P4 (k1, Ea1, k2, Ea2)",3,975/1000/1025,9,-0.5648333951293267,2764.8308442073917,,,,,,,,0.5377553951889141,0.9779869634611892,4.879837780427147,7.468998979247598
S2,"S2 kinetic-loop inlet (X4, H2/CO2 0.87)","P4 (k1, Ea1, k2, Ea2)",3,850/900/975,9,-0.6168088995224736,1010.2257186514288,,,,,,,,0.2670415312809923,0.392983659346344,4.159933969452063,5.779454009085186
S2,"S2 kinetic-loop inlet (X4, H2/CO2 0.87)","P4 (k1, Ea1, k2, Ea2)",3,850/875/975,9,-0.6673686349193106,1128.5365304739307,,,,,,,,0.28200543373920506,0.3648022852847963,4.915993012925823,5.52792129621117
S2,"S2 kinetic-loop inlet (X4, H2/CO2 0.87)","P4 (k1, Ea1, k2, Ea2)",3,850/925/950,9,-0.7271815387764722,809.7520096131327,,,,,,,,0.29562408232524895,0.49642170857228013,2.941375204287691,5.665657672193898
S2,"S2 kinetic-loop inlet (X4, H2/CO2 0.87)","P4 (k1, Ea1, k2, Ea2)",3,850/875/950,9,-0.7733342954781097,908.7881725147525,,,,,,,,0.35661841944731143,0.46445983551619774,3.9544492690618496,5.152681824658247
S2,"S2 kinetic-loop inlet (X4, H2/CO2 0.87)","P4 (k1, Ea1, k2, Ea2)",3,875/950/975,9,-0.8596266669681798,757.0033673583035,,,,,,,,0.22386088738600357,0.4832775660509182,3.1179971030016813,5.595995177760442
S2,"S2 kinetic-loop inlet (X4, H2/CO2 0.87)","P4 (k1, Ea1, k2, Ea2)",3,850/900/950,9,-0.866577812450767,943.6591020998284,,,,,,,,0.33443370781411763,0.4992249638858905,3.599728194185184,5.653646534926344
S2,"S2 kinetic-loop inlet (X4, H2/CO2 0.87)","P4 (k1, Ea1, k2, Ea2)",3,875/925/975,9,-0.8898327841894864,1008.8349189314794,,,,,,,,0.2432688834848207,0.4896686728940917,3.332560160475564,6.303023710165877
S2,"S2 kinetic-loop inlet (X4, H2/CO2 0.87)","P4 (k1, Ea1, k2, Ea2)",3,875/900/975,9,-1.0125515900946835,1312.1667694708553,,,,,,,,0.2631026723280083,0.4588188616378586,4.363160664845007,6.686485633585579
S2,"S2 kinetic-loop inlet (X4, H2/CO2 0.87)","P4 (k1, Ea1, k2, Ea2)",3,875/925/950,9,-1.3713889020602124,1076.7398739860428,,,,,,,,0.3083199690207429,0.6468205171835281,3.102984571004401,6.51696737101845
S2,"S2 kinetic-loop inlet (X4, H2/CO2 0.87)","P4 (k1, Ea1, k2, Ea2)",3,875/900/950,9,-1.4348745330001647,1228.3322138686863,,,,,,,,0.3504638629517199,0.6278825720877146,3.822744180672985,6.529163960256417
S2,"S2 kinetic-loop inlet (X4, H2/CO2 0.87)","P4 (k1, Ea1, k2, Ea2)",3,850/875/925,9,-1.53409840143435,1343.9941528557947,,,,,,,,0.5112847026315971,0.6366817221767183,4.301516747934361,6.109738893440564
S2,"S2 kinetic-loop inlet (X4, H2/CO2 0.87)","P4 (k1, Ea1, k2, Ea2)",3,950/975/1000,9,-1.6151577871329117,2215.6495179019307,,,,,,,,0.32940947552115296,0.9695542010647792,3.8438184494638508,8.277471827158259
S2,"S2 kinetic-loop inlet (X4, H2/CO2 0.87)","P4 (k1, Ea1, k2, Ea2)",3,850/900/925,9,-1.6466319947354497,1488.875895675712,,,,,,,,0.46688491245015806,0.6628914927756747,4.121710897486675,6.860129357393666
S2,"S2 kinetic-loop inlet (X4, H2/CO2 0.87)","P4 (k1, Ea1, k2, Ea2)",3,900/950/975,9,-1.6974893247491964,1249.9190409728005,,,,,,,,0.21594480509980155,0.6401961410226462,2.9783828499186504,7.235083617864282
S2,"S2 kinetic-loop inlet (X4, H2/CO2 0.87)","P4 (k1, Ea1, k2, Ea2)",3,900/925/975,9,-1.7725656314605964,1766.6973879900734,,,,,,,,0.23524817233671283,0.6251870456231307,3.507821561930642,8.472517192487993
S2,"S2 kinetic-loop inlet (X4, H2/CO2 0.87)","P4 (k1, Ea1, k2, Ea2)",3,900/925/950,9,-2.6834736201984577,2086.221114990332,,,,,,,,0.3318734607861514,0.9610209707725885,3.458178491645629,9.22785764853029
S2,"S2 kinetic-loop inlet (X4, H2/CO2 0.87)","P4 (k1, Ea1, k2, Ea2)",3,875/900/925,9,-2.7008590650333923,2266.6164284322304,,,,,,,,0.5738410826569152,0.9681914348928579,4.818001884381236,8.600884476975017
S2,"S2 kinetic-loop inlet (X4, H2/CO2 0.87)","P4 (k1, Ea1, k2, Ea2)",3,925/950/975,9,-3.3778925675609925,3321.681898665329,,,,,,,,0.20925026467474608,0.9619482171449736,2.6641914739114805,11.91452938508193
S2,"S2 kinetic-loop inlet (X4, H2/CO2 0.87)","P4 (k1, Ea1, k2, Ea2)",3,850/875/900,9,-3.535182336554413,4388.528887427004,,,,,,,,0.868031111628216,0.9910993942113173,8.055380446278024,9.935506796724718
S2,"S2 kinetic-loop inlet (X4, H2/CO2 0.87)","P4 (k1, Ea1, k2, Ea2)",4,850/875/1025/1050,12,5.720019789584224,199.5763715712481,,,,,,,,0.1906329739678774,0.20700489889008117,1.5824253779347954,1.8193903842265704
S2,"S2 kinetic-loop inlet (X4, H2/CO2 0.87)","P4 (k1, Ea1, k2, Ea2)",4,850/900/1025/1050,12,5.661402310598843,199.81722510178406,,,,,,,,0.19096509619063048,0.21948651416285966,1.5478756117226804,1.8132805210311775
S2,"S2 kinetic-loop inlet (X4, H2/CO2 0.87)","P4 (k1, Ea1, k2, Ea2)",4,875/900/1025/1050,12,5.661193007353236,184.48586221139328,,,,,,,,0.1905970466287024,0.23381237845284064,1.4733007395111277,1.7434237039278344
S2,"S2 kinetic-loop inlet (X4, H2/CO2 0.87)","P4 (k1, Ea1, k2, Ea2)",4,850/875/1000/1050,12,5.470823441198103,158.81977822444054,,,,,,,,0.18893996666409593,0.2162316148803927,1.4836888036992408,1.7798840888670353
S2,"S2 kinetic-loop inlet (X4, H2/CO2 0.87)","P4 (k1, Ea1, k2, Ea2)",4,850/925/1025/1050,12,5.437735756788522,239.7585427961138,,,,,,,,0.19363129887091604,0.23276839269174154,1.6370344328300175,1.9495200516310585
S2,"S2 kinetic-loop inlet (X4, H2/CO2 0.87)","P4 (k1, Ea1, k2, Ea2)",4,875/925/1025/1050,12,5.430735670798722,218.65212106660417,,,,,,,,0.1944604469003227,0.2502784577886391,1.5484009044117537,1.8624007949918597
S2,"S2 kinetic-loop inlet (X4, H2/CO2 0.87)","P4 (k1, Ea1, k2, Ea2)",4,850/900/1000/1050,12,5.401978425660862,162.12223839393346,,,,,,,,0.18838877213906982,0.2296449720823135,1.4535769261630225,1.7847370300595558
S2,"S2 kinetic-loop inlet (X4, H2/CO2 0.87)","P4 (k1, Ea1, k2, Ea2)",4,875/900/1000/1050,12,5.379980862849763,153.16267782487012,,,,,,,,0.18735970477377423,0.2457739046047616,1.3920367347645863,1.730410818016833
S2,"S2 kinetic-loop inlet (X4, H2/CO2 0.87)","P4 (k1, Ea1, k2, Ea2)",4,850/875/900/1050,12,5.355855237982929,99.24170946671921,,,,,,,,0.19782239011642927,0.2170074638926413,1.4197155030580315,1.5220992701475253
S2,"S2 kinetic-loop inlet (X4, H2/CO2 0.87)","P4 (k1, Ea1, k2, Ea2)",4,900/925/1025/1050,12,5.294510399509898,220.74402017994268,,,,,,,,0.19933209392155998,0.2747553372835189,1.5188589573542368,1.8602561881777808
S2,"S2 kinetic-loop inlet (X4, H2/CO2 0.87)","P4 (k1, Ea1, k2, Ea2)",4,850/875/925/1050,12,5.260316247114236,107.8439527397276,,,,,,,,0.1934002165417935,0.2228878405052877,1.4498179502472104,1.5949276430465493
S2,"S2 kinetic-loop inlet (X4, H2/CO2 0.87)","P4 (k1, Ea1, k2, Ea2)",4,850/900/925/1050,12,5.218217753082552,108.7704196536059,,,,,,,,0.18989560915871065,0.23446857718636177,1.4145426209622458,1.6026569988201056
S2,"S2 kinetic-loop inlet (X4, H2/CO2 0.87)","P4 (k1, Ea1, k2, Ea2)",4,875/900/925/1050,12,5.19445926714374,105.01865396857185,,,,,,,,0.18671249210565288,0.2499855270142951,1.362630367913575,1.5689031212405775
S2,"S2 kinetic-loop inlet (X4, H2/CO2 0.87)","P4 (k1, Ea1, k2, Ea2)",4,850/925/1000/1050,12,5.19256310720799,193.82201361846614,,,,,,,,0.18993053167609325,0.24343501798858658,1.5227300639467736,1.9089425375847526
S2,"S2 kinetic-loop inlet (X4, H2/CO2 0.87)","P4 (k1, Ea1, k2, Ea2)",4,875/925/1000/1050,12,5.158976452837769,181.12243254176002,,,,,,,,0.1900142995095356,0.26322057419158157,1.4511301861443977,1.8415755714465132
S2,"S2 kinetic-loop inlet (X4, H2/CO2 0.87)","P4 (k1, Ea1, k2, Ea2)",4,850/1000/1025/1050,12,5.1115096180527,424.0621103250989,,,,,,,,0.2142521975223225,0.2554897289877529,1.8960573350126215,2.371847728125254
S2,"S2 kinetic-loop inlet (X4, H2/CO2 0.87)","P4 (k1, Ea1, k2, Ea2)",4,875/1000/1025/1050,12,5.106318129296376,368.64735234163794,,,,,,,,0.2204720735363289,0.27996841739180983,1.7564004703422789,2.2159493204494556
S2,"S2 kinetic-loop inlet (X4, H2/CO2 0.87)","P4 (k1, Ea1, k2, Ea2)",4,850/875/950/1050,12,5.041637930978423,139.04803398741078,,,,,,,,0.1900887298196495,0.2250729710809903,1.6136019453182022,1.7388883440040743
S2,"S2 kinetic-loop inlet (X4, H2/CO2 0.87)","P4 (k1, Ea1, k2, Ea2)",4,875/950/1025/1050,12,5.011152746045843,317.9213985258219,,,,,,,,0.20122600090554735,0.26556358396002117,1.8135432836830834,2.1572167441508934
S2,"S2 kinetic-loop inlet (X4, H2/CO2 0.87)","P4 (k1, Ea1, k2, Ea2)",4,900/925/1000/1050,12,5.004008582872862,185.8426403404208,,,,,,,,0.19369964325548558,0.2905777261787953,1.425755292555814,1.8510629044888838
S2,"S2 kinetic-loop inlet (X4, H2/CO2 0.87)","P4 (k1, Ea1, k2, Ea2)",4,850/900/950/1050,12,4.995829811656585,140.72175049491466,,,,,,,,0.18750761529217067,0.23808770402573257,1.5678113736013357,1.7416131645793915
S2,"S2 kinetic-loop inlet (X4, H2/CO2 0.87)","P4 (k1, Ea1, k2, Ea2)",4,850/950/1025/1050,12,4.990230678939948,365.9619828962545,,,,,,,,0.19872866489549074,0.24470896422593644,1.9630814718953915,2.3114639340555416
S2,"S2 kinetic-loop inlet (X4, H2/CO2 0.87)","P4 (k1, Ea1, k2, Ea2)",4,875/900/950/1050,12,4.980462309633404,133.38993363185318,,,,,,,,0.1849355618432667,0.2550238264801979,1.4962701846102695,1.6901690002233298
S2,"S2 kinetic-loop inlet (X4, H2/CO2 0.87)","P4 (k1, Ea1, k2, Ea2)",4,850/875/975/1050,12,4.961208328145875,165.1445826288287,,,,,,,,0.188570829936141,0.2228779760137341,1.720002556725108,1.806018388462527
S2,"S2 kinetic-loop inlet (X4, H2/CO2 0.87)","P4 (k1, Ea1, k2, Ea2)",4,850/875/1000/1025,12,4.948844302978376,162.67478596969121,,,,,,,,0.1883062430104492,0.2376056295908269,1.4203586151864385,2.0517868409777584
S2,"S2 kinetic-loop inlet (X4, H2/CO2 0.87)","P4 (k1, Ea1, k2, Ea2)",4,850/900/975/1050,12,4.915342259629072,166.0062494149766,,,,,,,,0.18698606994137235,0.23655518871503656,1.6651273295514006,1.8037497469625612
S2,"S2 kinetic-loop inlet (X4, H2/CO2 0.87)","P4 (k1, Ea1, k2, Ea2)",4,875/900/975/1050,12,4.90819135680567,154.84612155762193,,,,,,,,0.18516723936806717,0.25374286027012394,1.5796782707982056,1.741099341549204
S2,"S2 kinetic-loop inlet (X4, H2/CO2 0.87)","P4 (k1, Ea1, k2, Ea2)",4,900/1000/1025/1050,12,4.891074608232705,368.98729763047555,,,,,,,,0.23636360293499578,0.3196043131194246,1.7230485464599783,2.208546802759752
S2,"S2 kinetic-loop inlet (X4, H2/CO2 0.87)","P4 (k1, Ea1, k2, Ea2)",4,900/950/1025/1050,12,4.851320131668282,317.0593133865558,,,,,,,,0.2094685854700683,0.2964197672753724,1.7698607162842181,2.1442955449080987
S2,"S2 kinetic-loop inlet (X4, H2/CO2 0.87)","P4 (k1, Ea1, k2, Ea2)",4,850/900/1000/1025,12,4.844463646726622,171.39350780500783,,,,,,,,0.18673176729067936,0.25418731728698396,1.4007049293608618,2.079298607967543
S2,"S2 kinetic-loop inlet (X4, H2/CO2 0.87)","P4 (k1, Ea1, k2, Ea2)",4,850/925/950/1050,12,4.817866017477847,166.6690778569411,,,,,,,,0.1862740453012313,0.2500511521574723,1.6291241229012798,1.8572091985779493
S2,"S2 kinetic-loop inlet (X4, H2/CO2 0.87)","P4 (k1, Ea1, k2, Ea2)",4,850/950/1000/1050,12,4.810691340609974,279.77742476177804,,,,,,,,0.19380988340773056,0.2550485099892298,1.7713269892241221,2.191501261262403
S2,"S2 kinetic-loop inlet (X4, H2/CO2 0.87)","P4 (k1, Ea1, k2, Ea2)",4,875/900/1000/1025,12,4.793098621036165,164.47570120865925,,,,,,,,0.1850070895021,0.27575607116468387,1.3421564528402987,2.0183856825063633
S2,"S2 kinetic-loop inlet (X4, H2/CO2 0.87)","P4 (k1, Ea1, k2, Ea2)",4,875/925/950/1050,12,4.791750911275009,156.25637431876055,,,,,,,,0.1844043671167954,0.2704255927117431,1.547500024853817,1.7934394583202335
S2,"S2 kinetic-loop inlet (X4, H2/CO2 0.87)","P4 (k1, Ea1, k2, Ea2)",4,875/950/1000/1050,12,4.79101876547147,251.99123416528488,,,,,,,,0.19548808525336875,0.2784745196880604,1.6594256323001828,2.079116733651338
S2,"S2 kinetic-loop inlet (X4, H2/CO2 0.87)","P4 (k1, Ea1, k2, Ea2)",4,875/975/1025/1050,12,4.779030619782333,398.72547234125255,,,,,,,,0.21031353864202262,0.276429159683305,1.9793610992343693,2.3205028981351865
S2,"S2 kinetic-loop inlet (X4, H2/CO2 0.87)","P4 (k1, Ea1, k2, Ea2)",4,850/875/900/1025,12,4.7499134654706445,109.0144489766443,,,,,,,,0.20673621116938168,0.24991901390865004,1.3126107762173242,1.7353105086732807
S2,"S2 kinetic-loop inlet (X4, H2/CO2 0.87)","P4 (k1, Ea1, k2, Ea2)",4,850/975/1025/1050,12,4.738933432967108,475.8998276587805,,,,,,,,0.20586278155808513,0.25293208546283363,2.179301822607822,2.528285436780078
S2,"S2 kinetic-loop inlet (X4, H2/CO2 0.87)","P4 (k1, Ea1, k2, Ea2)",4,850/925/975/1050,12,4.713068522628881,199.43025725587026,,,,,,,,0.18715852424149856,0.24993401974074037,1.740627966380532,1.9358405423951446
S2,"S2 kinetic-loop inlet (X4, H2/CO2 0.87)","P4 (k1, Ea1, k2, Ea2)",4,875/925/975/1050,12,4.695909595766989,183.48429369281453,,,,,,,,0.18627059430011106,0.27091334114297366,1.6416072617631743,1.8570607451098096
S2,"S2 kinetic-loop inlet (X4, H2/CO2 0.87)","P4 (k1, Ea1, k2, Ea2)",4,900/925/950/1050,12,4.660196871341546,159.56622026992383,,,,,,,,0.1845491129327614,0.2968378935141141,1.5101453240152218,1.8020108035466527
S2,"S2 kinetic-loop inlet (X4, H2/CO2 0.87)","P4 (k1, Ea1, k2, Ea2)",4,850/875/925/1025,12,4.64357236951599,119.05697958685205,,,,,,,,0.19979870198457092,0.25600476313303466,1.3423311664362723,1.8335417705559147
S2,"S2 kinetic-loop inlet (X4, H2/CO2 0.87)","P4 (k1, Ea1, k2, Ea2)",4,850/975/1000/1050,12,4.616558496460159,348.51208354159127,,,,,,,,0.1997941728688536,0.2618413801817325,1.9251827587362456,2.339293999080248
S2,"S2 kinetic-loop inlet (X4, H2/CO2 0.87)","P4 (k1, Ea1, k2, Ea2)",4,900/950/1000/1050,12,4.6065583512925645,256.2274300386345,,,,,,,,0.20243040230297232,0.31289085706791386,1.6250335140604864,2.084006543716048
S2,"S2 kinetic-loop inlet (X4, H2/CO2 0.87)","P4 (k1, Ea1, k2, Ea2)",4,875/975/1000/1050,12,4.605334301460356,305.93763462060264,,,,,,,,0.20335821589146544,0.2877843409011078,1.783469763998495,2.1954773881154397
S2,"S2 kinetic-loop inlet (X4, H2/CO2 0.87)","P4 (k1, Ea1, k2, Ea2)",4,900/975/1025/1050,12,4.598506168646992,393.1136299037718,,,,,,,,0.22256289605294577,0.313062745828418,1.9230474490183067,2.2970821822893703
S2,"S2 kinetic-loop inlet (X4, H2/CO2 0.87)","P4 (k1, Ea1, k2, Ea2)",4,850/925/1000/1025,12,4.586709376015849,213.78986639873523,,,,,,,,0.1871023518344842,0.27068720529537965,1.4877628682953763,2.2681720747051597
S2,"S2 kinetic-loop inlet (X4, H2/CO2 0.87)","P4 (k1, Ea1, k2, Ea2)",4,850/900/925/1025,12,4.564225793252318,120.68443259345672,,,,,,,,0.1947488503299227,0.27147416813882513,1.316446390146495,1.8621387525946562
S2,"S2 kinetic-loop inlet (X4, H2/CO2 0.87)","P4 (k1, Ea1, k2, Ea2)",4,900/925/975/1050,12,4.557071262268442,185.91025970935766,,,,,,,,0.1882583329553964,0.29922919554589406,1.5974158052975476,1.8617306299483414
S2,"S2 kinetic-loop inlet (X4, H2/CO2 0.87)","P4 (k1, Ea1, k2, Ea2)",4,875/925/1000/1025,12,4.51925829547401,202.14199297107658,,,,,,,,0.18654744437258858,0.29779818810933706,1.4164123485655102,2.1873476950157578
S2,"S2 kinetic-loop inlet (X4, H2/CO2 0.87)","P4 (k1, Ea1, k2, Ea2)",4,875/900/925/1025,12,4.495232183943672,116.88852816405733,,,,,,,,0.1908362069133725,0.2947290038150883,1.2725930858517802,1.8309764762533984
S2,"S2 kinetic-loop inlet (X4, H2/CO2 0.87)","P4 (k1, Ea1, k2, Ea2)",4,850/875/950/1025,12,4.4579677848269466,144.64986494688054,,,,,,,,0.19371482212671273,0.25592340094457255,1.48043002760175,1.9873931961359934
S2,"S2 kinetic-loop inlet (X4, H2/CO2 0.87)","P4 (k1, Ea1, k2, Ea2)",4,850/875/975/1025,12,4.43041926220762,159.07362202075657,,,,,,,,0.18970860859588412,0.24933677830368228,1.5636545690070052,2.0455993279162477
S2,"S2 kinetic-loop inlet (X4, H2/CO2 0.87)","P4 (k1, Ea1, k2, Ea2)",4,925/950/1025/1050,12,4.415379209170702,404.6781369083288,,,,,,,,0.2258467410132932,0.33779317352304195,1.9342632977378973,2.381800323155304
S2,"S2 kinetic-loop inlet (X4, H2/CO2 0.87)","P4 (k1, Ea1, k2, Ea2)",4,900/975/1000/1050,12,4.398106163624673,308.28179599044597,,,,,,,,0.21416379333048713,0.3279550988177045,1.74120725412235,2.1949905648114014
S2,"S2 kinetic-loop inlet (X4, H2/CO2 0.87)","P4 (k1, Ea1, k2, Ea2)",4,850/900/950/1025,12,4.367675915442961,148.412467952574,,,,,,,,0.18971544120138495,0.2732088393518751,1.4491386486183708,2.0168890480551798
S2,"S2 kinetic-loop inlet (X4, H2/CO2 0.87)","P4 (k1, Ea1, k2, Ea2)",4,925/1000/1025/1050,12,4.353071755739492,474.44380336817625,,,,,,,,0.2677275578453181,0.38054259188603756,1.8974341946423203,2.46751485454261
S2,"S2 kinetic-loop inlet (X4, H2/CO2 0.87)","P4 (k1, Ea1, k2, Ea2)",4,850/900/975/1025,12,4.337816797699716,164.75007406467415,,,,,,,,0.18690403695532046,0.2669717145708148,1.5273349734996227,2.0732302647901344
S2,"S2 kinetic-loop inlet (X4, H2/CO2 0.87)","P4 (k1, Ea1, k2, Ea2)",4,875/900/950/1025,12,4.303619646427574,142.40470561304383,,,,,,,,0.1863093376880433,0.2981959154791419,1.3892407535668332,1.9681246845406493
S2,"S2 kinetic-loop inlet (X4, H2/CO2 0.87)","P4 (k1, Ea1, k2, Ea2)",4,900/925/1000/1025,12,4.294966954745483,214.307252763807,,,,,,,,0.18956042671667964,0.3362921868321783,1.402132976967916,2.224914703921165
S2,"S2 kinetic-loop inlet (X4, H2/CO2 0.87)","P4 (k1, Ea1, k2, Ea2)",4,875/950/975/1050,12,4.290365574015577,269.1878225394227,,,,,,,,0.18997817911577902,0.28468745432065856,1.9244008241727064,2.132645621949594
S2,"S2 kinetic-loop inlet (X4, H2/CO2 0.87)","P4 (k1, Ea1, k2, Ea2)",4,875/900/975/1025,12,4.28329512006269,157.218077640731,,,,,,,,0.18426811831082837,0.2912597571097056,1.4572430258830826,2.014806002919384
S2,"S2 kinetic-loop inlet (X4, H2/CO2 0.87)","P4 (k1, Ea1, k2, Ea2)",4,850/950/975/1050,12,4.27489254695595,309.28896588050384,,,,,,,,0.1895019982706291,0.2602149835679187,2.0942409414028575,2.280049261432615
S2,"S2 kinetic-loop inlet (X4, H2/CO2 0.87)","P4 (k1, Ea1, k2, Ea2)",4,925/950/1000/1050,12,4.181883369000077,321.83119903530496,,,,,,,,0.2172322345098154,0.3587358829745018,1.7494602791523586,2.2919179314439155
S2,"S2 kinetic-loop inlet (X4, H2/CO2 0.87)","P4 (k1, Ea1, k2, Ea2)",4,850/950/1000/1025,12,4.167277334077115,318.7819990917837,,,,,,,,0.18997687618738057,0.2834322557082012,1.7602920046106079,2.6553851686833196
S2,"S2 kinetic-loop inlet (X4, H2/CO2 0.87)","P4 (k1, Ea1, k2, Ea2)",4,850/925/950/1025,12,4.15116847981008,178.65401498545896,,,,,,,,0.1865842184050043,0.28816790792199193,1.516019500691571,2.183626156281438
S2,"S2 kinetic-loop inlet (X4, H2/CO2 0.87)","P4 (k1, Ea1, k2, Ea2)",4,900/950/975/1050,12,4.131705002729477,268.05322023270935,,,,,,,,0.19477685033851566,0.3197897318746533,1.8589058462624979,2.1242680209586644
S2,"S2 kinetic-loop inlet (X4, H2/CO2 0.87)","P4 (k1, Ea1, k2, Ea2)",4,875/950/1000/1025,12,4.11359301419809,288.717621283146,,,,,,,,0.19124167553402513,0.3157821150184546,1.642807487208839,2.5112390723866085
S2,"S2 kinetic-loop inlet (X4, H2/CO2 0.87)","P4 (k1, Ea1, k2, Ea2)",4,850/925/975/1025,12,4.09438981519929,203.48290444597586,,,,,,,,0.18557077717933698,0.28353249866674834,1.6080909130911414,2.25988787493344
S2,"S2 kinetic-loop inlet (X4, H2/CO2 0.87)","P4 (k1, Ea1, k2, Ea2)",4,925/975/1025/1050,12,4.07268478326559,519.4761712092319,,,,,,,,0.2467105053523953,0.3662356305375737,2.1408764101913498,2.5997062215708415
S2,"S2 kinetic-loop inlet (X4, H2/CO2 0.87)","P4 (k1, Ea1, k2, Ea2)",4,875/925/950/1025,12,4.0682064952754935,170.2000027340466,,,,,,,,0.18377854482679915,0.3190463215021547,1.4455225745670166,2.1189596201473626
S2,"S2 kinetic-loop inlet (X4, H2/CO2 0.87)","P4 (k1, Ea1, k2, Ea2)",4,875/925/975/1025,12,4.021833061475333,191.69129807481292,,,,,,,,0.1838407471405396,0.31402227958124085,1.524199146656645,2.181276710745059
S2,"S2 kinetic-loop inlet (X4, H2/CO2 0.87)","P4 (k1, Ea1, k2, Ea2)",4,850/975/1000/1025,12,3.983758749801557,396.42143176323634,,,,,,,,0.19528121113152175,0.28881535489181287,1.918457806731947,2.8420989315724974
S2,"S2 kinetic-loop inlet (X4, H2/CO2 0.87)","P4 (k1, Ea1, k2, Ea2)",4,875/975/1000/1025,12,3.9397763114916415,348.96925109934926,,,,,,,,0.19877327214872498,0.3240542145909258,1.7685855388740384,2.6560818806825752
S2,"S2 kinetic-loop inlet (X4, H2/CO2 0.87)","P4 (k1, Ea1, k2, Ea2)",4,925/975/1000/1050,12,3.8951171736810704,396.34774865660654,,,,,,,,0.2364806473938704,0.38602580488519767,1.898473939767685,2.4457414441831564
S2,"S2 kinetic-loop inlet (X4, H2/CO2 0.87)","P4 (k1, Ea1, k2, Ea2)",4,900/925/950/1025,12,3.849195789716302,179.51923303552252,,,,,,,,0.18233605466240224,0.3606734851161193,1.4212579238394456,2.159281270024105
S2,"S2 kinetic-loop inlet (X4, H2/CO2 0.87)","P4 (k1, Ea1, k2, Ea2)",4,900/950/1000/1025,12,3.8389466082141235,305.8366766782819,,,,,,,,0.19830278905703602,0.365390883356476,1.6267859550496686,2.5567428745013814
S2,"S2 kinetic-loop inlet (X4, H2/CO2 0.87)","P4 (k1, Ea1, k2, Ea2)",4,900/925/975/1025,12,3.7953462467577275,202.1201075584954,,,,,,,,0.18469029811693408,0.3567976209253329,1.4962392379485798,2.2206884252532304
S2,"S2 kinetic-loop inlet (X4, H2/CO2 0.87)","P4 (k1, Ea1, k2, Ea2)",4,925/950/975/1050,12,3.709246487488127,341.03896899107684,,,,,,,,0.2062879296736602,0.36488048719108296,2.00482400072473,2.3524204847127947
S2,"S2 kinetic-loop inlet (X4, H2/CO2 0.87)","P4 (k1, Ea1, k2, Ea2)",4,850/950/975/1025,12,3.667527476836895,307.76060596264426,,,,,,,,0.18652967618039196,0.29469341519010706,1.920613850322619,2.6519008090612197
S2,"S2 kinetic-loop inlet (X4, H2/CO2 0.87)","P4 (k1, Ea1, k2, Ea2)",4,900/975/1000/1025,12,3.633121872199333,367.8578203719807,,,,,,,,0.2107178170524975,0.3813800387081702,1.749138845033185,2.701976158715617
S2,"S2 kinetic-loop inlet (X4, H2/CO2 0.87)","P4 (k1, Ea1, k2, Ea2)",4,875/950/975/1025,12,3.6164088811877506,275.9571148554537,,,,,,,,0.18631499603878135,0.3304536077015001,1.7780085872555886,2.502143392077378
S2,"S2 kinetic-loop inlet (X4, H2/CO2 0.87)","P4 (k1, Ea1, k2, Ea2)",4,850/875/900/1000,12,3.602720003759497,141.93287293868278,,,,,,,,0.22538558509971016,0.2956481464701277,1.3231037359340265,2.155966226230162
S2,"S2 kinetic-loop inlet (X4, H2/CO2 0.87)","P4 (k1, Ea1, k2, Ea2)",4,850/875/925/1000,12,3.504167950128017,157.62805817997688,,,,,,,,0.21411026616161105,0.30058217169492746,1.3243684698349938,2.296479237233015
S2,"S2 kinetic-loop inlet (X4, H2/CO2 0.87)","P4 (k1, Ea1, k2, Ea2)",4,850/875/975/1000,12,3.427609423751563,181.15810852279122,,,,,,,,0.19439021522336464,0.28001017144392465,1.494350268742484,2.4518668500934653
S2,"S2 kinetic-loop inlet (X4, H2/CO2 0.87)","P4 (k1, Ea1, k2, Ea2)",4,850/875/950/1000,12,3.3835421508420045,177.228182669211,,,,,,,,0.2029158144147798,0.2949380992923011,1.4250187386455768,2.4290291213688997
S2,"S2 kinetic-loop inlet (X4, H2/CO2 0.87)","P4 (k1, Ea1, k2, Ea2)",4,850/900/925/1000,12,3.372417455747969,167.93475570010614,,,,,,,,0.20715013656355466,0.3219560301499441,1.2924606739176676,2.3876692137729885
S2,"S2 kinetic-loop inlet (X4, H2/CO2 0.87)","P4 (k1, Ea1, k2, Ea2)",4,900/950/975/1025,12,3.3438312344727006,289.74260401790565,,,,,,,,0.1906658712002987,0.3847728580502661,1.7417923165073228,2.5451655998800633
S2,"S2 kinetic-loop inlet (X4, H2/CO2 0.87)","P4 (k1, Ea1, k2, Ea2)",4,950/1000/1025/1050,12,3.314422773236596,916.4722564049655,,,,,,,,0.32541870325155153,0.4745985343141887,2.5750953202406155,3.3220703652110646
S2,"S2 kinetic-loop inlet (X4, H2/CO2 0.87)","P4 (k1, Ea1, k2, Ea2)",4,850/900/975/1000,12,3.2795713683856067,197.49136068013902,,,,,,,,0.1899880140803987,0.3026208391871257,1.4541570177645131,2.5543477088309534
S2,"S2 kinetic-loop inlet (X4, H2/CO2 0.87)","P4 (k1, Ea1, k2, Ea2)",4,925/950/1000/1025,12,3.242650967261162,422.65628173691624,,,,,,,,0.21592596850267134,0.43631578246642827,1.8201888101566805,2.941021580452089
S2,"S2 kinetic-loop inlet (X4, H2/CO2 0.87)","P4 (k1, Ea1, k2, Ea2)",4,850/900/950/1000,12,3.2344704939536464,191.3352920221076,,,,,,,,0.1971463231955955,0.31831565747895035,1.3893686759913917,2.531738247421853
S2,"S2 kinetic-loop inlet (X4, H2/CO2 0.87)","P4 (k1, Ea1, k2, Ea2)",4,875/900/925/1000,12,3.226527459429042,168.2543168253472,,,,,,,,0.20329821104613993,0.3594739646615879,1.2571688047302136,2.385017030908258
S2,"S2 kinetic-loop inlet (X4, H2/CO2 0.87)","P4 (k1, Ea1, k2, Ea2)",4,875/900/975/1000,12,3.1567708989755174,196.3514075815278,,,,,,,,0.1864239847290225,0.33734221109619256,1.398702526001556,2.5305967745010256
S2,"S2 kinetic-loop inlet (X4, H2/CO2 0.87)","P4 (k1, Ea1, k2, Ea2)",4,875/900/950/1000,12,3.0927534736161038,190.3207746314536,,,,,,,,0.19321377573016008,0.3569775208646288,1.341524611953625,2.514697897359556
S2,"S2 kinetic-loop inlet (X4, H2/CO2 0.87)","P4 (k1, Ea1, k2, Ea2)",4,850/925/975/1000,12,2.9990767251238566,252.10238601596552,,,,,,,,0.18631810499340515,0.3225655988584676,1.5014687967836555,2.8396989447078393
S2,"S2 kinetic-loop inlet (X4, H2/CO2 0.87)","P4 (k1, Ea1, k2, Ea2)",4,850/925/950/1000,12,2.978977222121754,238.00539155021633,,,,,,,,0.1910367647485271,0.33669978236821274,1.42724124395934,2.799255274918095
S2,"S2 kinetic-loop inlet (X4, H2/CO2 0.87)","P4 (k1, Ea1, k2, Ea2)",4,950/975/1000/1050,12,2.9503390689515783,749.8435234560237,,,,,,,,0.27622275392432866,0.46547362504360434,2.5390606864652363,3.2309798370267075
S2,"S2 kinetic-loop inlet (X4, H2/CO2 0.87)","P4 (k1, Ea1, k2, Ea2)",4,925/975/1000/1025,12,2.9204799979631746,530.0935698336923,,,,,,,,0.23915620164825074,0.4723573204238578,1.999458686489777,3.1760711876275924
S2,"S2 kinetic-loop inlet (X4, H2/CO2 0.87)","P4 (k1, Ea1, k2, Ea2)",4,950/975/1025/1050,12,2.9099250898346565,1226.7596613136202,,,,,,,,0.28875318517497756,0.4400601277018372,3.2074938568411997,3.8505393766616036
S2,"S2 kinetic-loop inlet (X4, H2/CO2 0.87)","P4 (k1, Ea1, k2, Ea2)",4,875/925/975/1000,12,2.8430670547070824,248.42844725027635,,,,,,,,0.18336930930588038,0.36736121776286434,1.4352090095269392,2.7966880170495965
S2,"S2 kinetic-loop inlet (X4, H2/CO2 0.87)","P4 (k1, Ea1, k2, Ea2)",4,875/925/950/1000,12,2.8017579863557542,235.7072742305406,,,,,,,,0.1873289651694607,0.38584238193041553,1.3707569530713972,2.766809102679165
S2,"S2 kinetic-loop inlet (X4, H2/CO2 0.87)","P4 (k1, Ea1, k2, Ea2)",4,925/950/975/1025,12,2.7495924782195957,399.51083551694904,,,,,,,,0.20417122843995736,0.46098103431851684,1.930112722462255,2.9249873040918395
S2,"S2 kinetic-loop inlet (X4, H2/CO2 0.87)","P4 (k1, Ea1, k2, Ea2)",4,850/950/975/1000,12,2.6141344818019467,354.29522235547637,,,,,,,,0.18479918660675526,0.3331631499457543,1.7404236259250903,3.245124649660636
S2,"S2 kinetic-loop inlet (X4, H2/CO2 0.87)","P4 (k1, Ea1, k2, Ea2)",4,900/925/975/1000,12,2.478531470317093,283.7004308097263,,,,,,,,0.18185897500536702,0.4342080452944086,1.4074785116262034,2.954277417428323
S2,"S2 kinetic-loop inlet (X4, H2/CO2 0.87)","P4 (k1, Ea1, k2, Ea2)",4,875/950/975/1000,12,2.465050158955143,335.6202777146593,,,,,,,,0.18318804665406943,0.38530591059618885,1.631141336960721,3.1402906151339813
S2,"S2 kinetic-loop inlet (X4, H2/CO2 0.87)","P4 (k1, Ea1, k2, Ea2)",4,900/925/950/1000,12,2.428644875336675,267.9882677426379,,,,,,,,0.18332997803442924,0.4574548740640343,1.3456382238845446,2.9231135119747593
S2,"S2 kinetic-loop inlet (X4, H2/CO2 0.87)","P4 (k1, Ea1, k2, Ea2)",4,975/1000/1025/1050,12,2.3829297543570753,1447.3762010154755,,,,,,,,0.4297559206621409,0.623691038791966,3.1659809059189628,4.043850407002037
S2,"S2 kinetic-loop inlet (X4, H2/CO2 0.87)","P4 (k1, Ea1, k2, Ea2)",4,900/950/975/1000,12,2.0163256121751303,389.5349527755323,,,,,,,,0.1854628799500037,0.471525208135268,1.6065796279284839,3.3469003202976144
S2,"S2 kinetic-loop inlet (X4, H2/CO2 0.87)","P4 (k1, Ea1, k2, Ea2)",4,950/975/1000/1025,12,1.5131311654791015,1352.5507373108562,,,,,,,,0.29994535578417053,0.6171618348437188,3.1013161287847204,4.876059818484207
S2,"S2 kinetic-loop inlet (X4, H2/CO2 0.87)","P4 (k1, Ea1, k2, Ea2)",4,925/950/975/1000,12,1.1247774076256163,625.0311676101865,,,,,,,,0.19956995319224713,0.6116406344341077,1.809800704178094,4.140361249765987
S2,"S2 kinetic-loop inlet (X4, H2/CO2 0.87)","P4 (k1, Ea1, k2, Ea2)",4,850/875/950/975,12,0.7212311440057517,698.5876108782043,,,,,,,,0.22248229479723158,0.34334314620635387,3.112796864001797,4.3412631262755506
S2,"S2 kinetic-loop inlet (X4, H2/CO2 0.87)","P4 (k1, Ea1, k2, Ea2)",4,850/875/925/975,12,0.6083846217975846,895.0592002575258,,,,,,,,0.24320242428646985,0.36176919069624747,3.212052740098891,4.805295382518761
S2,"S2 kinetic-loop inlet (X4, H2/CO2 0.87)","P4 (k1, Ea1, k2, Ea2)",4,850/900/950/975,12,0.5461937992482033,784.0004146546429,,,,,,,,0.21493300149318972,0.37474026671129895,2.891360980764033,4.790550615454535
S2,"S2 kinetic-loop inlet (X4, H2/CO2 0.87)","P4 (k1, Ea1, k2, Ea2)",4,850/925/950/975,12,0.4412022917513756,793.312515660534,,,,,,,,0.20434107180734268,0.39545058733497485,2.510476126689002,5.0526886124698045
S2,"S2 kinetic-loop inlet (X4, H2/CO2 0.87)","P4 (k1, Ea1, k2, Ea2)",4,850/900/925/975,12,0.4017815241311671,1023.6046367585795,,,,,,,,0.23445960692874196,0.39204129370730273,3.0789020345837486,5.345694237702759
S2,"S2 kinetic-loop inlet (X4, H2/CO2 0.87)","P4 (k1, Ea1, k2, Ea2)",4,850/875/925/950,12,0.32998197871010193,882.6907052402985,,,,,,,,0.2953316259614295,0.4442773926337242,2.93812017502533,4.785618154519419
S2,"S2 kinetic-loop inlet (X4, H2/CO2 0.87)","P4 (k1, Ea1, k2, Ea2)",4,850/875/900/975,12,0.24434474678184337,1347.24491291731,,,,,,,,0.262847862853671,0.3624968527055133,4.154938756586571,5.435999651153926
S2,"S2 kinetic-loop inlet (X4, H2/CO2 0.87)","P4 (k1, Ea1, k2, Ea2)",4,875/900/950/975,12,0.1901086859647516,963.0828510622283,,,,,,,,0.2128522997561495,0.43676251213311723,2.957114079381998,5.287265886008097
S2,"S2 kinetic-loop inlet (X4, H2/CO2 0.87)","P4 (k1, Ea1, k2, Ea2)",4,850/900/925/950,12,0.0558688689634077,1048.9066649384392,,,,,,,,0.2859425834776645,0.48662568611100576,2.878456706460378,5.401682679230317
S2,"S2 kinetic-loop inlet (X4, H2/CO2 0.87)","P4 (k1, Ea1, k2, Ea2)",4,875/925/950/975,12,0.006606077394232468,997.2061304567736,,,,,,,,0.20194276040491027,0.4757963291479441,2.566101975856052,5.591880039076659
S2,"S2 kinetic-loop inlet (X4, H2/CO2 0.87)","P4 (k1, Ea1, k2, Ea2)",4,850/875/900/950,12,-0.006643595139313785,1176.8161925985587,,,,,,,,0.33404469641717716,0.46427808896344336,3.5985179564651335,5.1496522267666
S2,"S2 kinetic-loop inlet (X4, H2/CO2 0.87)","P4 (k1, Ea1, k2, Ea2)",4,875/900/925/975,12,-0.03534271826481783,1318.3421928723205,,,,,,,,0.2350266898324464,0.45837326492371117,3.277006680706057,6.070647509341021
S2,"S2 kinetic-loop inlet (X4, H2/CO2 0.87)","P4 (k1, Ea1, k2, Ea2)",4,875/900/925/950,12,-0.5493261642343632,1354.003656987983,,,,,,,,0.3060543739582617,0.6140991879312611,3.087884795373685,6.149802489543131
S2,"S2 kinetic-loop inlet (X4, H2/CO2 0.87)","P4 (k1, Ea1, k2, Ea2)",4,850/875/900/925,12,-0.805882318693905,1721.6439825082966,,,,,,,,0.46624985849263034,0.625281788609981,4.045588459730966,6.100079739715485
S2,"S2 kinetic-loop inlet (X4, H2/CO2 0.87)","P4 (k1, Ea1, k2, Ea2)",4,900/925/950/975,12,-0.8537741522594349,1655.7102526908031,,,,,,,,0.19728384156402298,0.6102977644879798,2.6435553065846475,7.225459066421981
S3,"S3 equilibrium-loop inlet (X4, H2/CO2 1.18)","P3 (k_meth, Ea_meth, n)",2,625/725,12,2.993095687924661,357.9610940274683,3.0625854137025494,0.32537809167266585,1.9338817832953004,,,,,,,,
S3,"S3 equilibrium-loop inlet (X4, H2/CO2 1.18)","P3 (k_meth, Ea_meth, n)",2,600/725,12,2.9606090240758616,266.8509992083701,3.0583555407704837,0.270184702697551,1.9405602930870332,,,,,,,,
S3,"S3 equilibrium-loop inlet (X4, H2/CO2 1.18)","P3 (k_meth, Ea_meth, n)",2,650/725,12,2.6631009301888673,321.25272497082625,2.695805207687606,0.4407826546468635,1.8030575217569476,,,,,,,,
S3,"S3 equilibrium-loop inlet (X4, H2/CO2 1.18)","P3 (k_meth, Ea_meth, n)",2,650/825,12,2.2737460551327353,370.43228511961956,3.233716531200052,0.4231610314887264,2.1603268740345354,,,,,,,,
S3,"S3 equilibrium-loop inlet (X4, H2/CO2 1.18)","P3 (k_meth, Ea_meth, n)",2,600/700,12,2.209738752514853,1058.2049527865108,5.442205089292638,0.2615856141296028,3.428989230265924,,,,,,,,
S3,"S3 equilibrium-loop inlet (X4, H2/CO2 1.18)","P3 (k_meth, Ea_meth, n)",2,625/825,12,2.1781291820112174,502.3229825134614,3.8199798415061434,0.3823622405470748,2.454877388582894,,,,,,,,
S3,"S3 equilibrium-loop inlet (X4, H2/CO2 1.18)","P3 (k_meth, Ea_meth, n)",2,625/700,12,2.1152928221138243,1419.946546215492,5.4243367837091725,0.3202646030369245,3.411218344874478,,,,,,,,
S3,"S3 equilibrium-loop inlet (X4, H2/CO2 1.18)","P3 (k_meth, Ea_meth, n)",2,600/825,12,1.9353805820932901,424.62051186236494,3.756561865463423,0.3327872195690826,2.4605132472103035,,,,,,,,
S3,"S3 equilibrium-loop inlet (X4, H2/CO2 1.18)","P3 (k_meth, Ea_meth, n)",2,650/700,12,1.8262574841773551,964.8876823859031,4.120645585240809,0.5197091333829434,2.7642629595238417,,,,,,,,
S3,"S3 equilibrium-loop inlet (X4, H2/CO2 1.18)","P3 (k_meth, Ea_meth, n)",2,650/750,12,1.8164970365330202,513.3661945174395,3.663413081146645,0.4817363952671098,2.4520163275894777,,,,,,,,
S3,"S3 equilibrium-loop inlet (X4, H2/CO2 1.18)","P3 (k_meth, Ea_meth, n)",2,625/750,12,1.792643944326472,755.5978248956303,4.664475148364173,0.3653385941334297,2.8984561102181448,,,,,,,,
S3,"S3 equilibrium-loop inlet (X4, H2/CO2 1.18)","P3 (k_meth, Ea_meth, n)",2,600/750,12,1.6590150674812185,618.4448345777312,4.706539634126182,0.30698192430669224,2.907203356787616,,,,,,,,
S3,"S3 equilibrium-loop inlet (X4, H2/CO2 1.18)","P3 (k_meth, Ea_meth, n)",2,650/775,12,1.5628476598194887,466.54274154045237,3.630615370395338,0.5333516516789413,2.426630518569917,,,,,,,,
S3,"S3 equilibrium-loop inlet (X4, H2/CO2 1.18)","P3 (k_meth, Ea_meth, n)",2,625/775,12,1.4696738711290391,695.0842770026856,4.480662149385924,0.4635697018374936,2.8825353689762716,,,,,,,,
S3,"S3 equilibrium-loop inlet (X4, H2/CO2 1.18)","P3 (k_meth, Ea_meth, n)",2,650/800,12,1.40411935123096,387.5761607141006,3.3632501170883473,0.7021545398395507,2.2480169717663823,,,,,,,,
S3,"S3 equilibrium-loop inlet (X4, H2/CO2 1.18)","P3 (k_meth, Ea_meth, n)",2,675/825,12,1.3934530025544212,445.14177765349916,3.756177407441927,0.5418244588734731,2.2584580375344347,,,,,,,,
S3,"S3 equilibrium-loop inlet (X4, H2/CO2 1.18)","P3 (k_meth, Ea_meth, n)",2,675/725,12,1.3282708895306867,364.986961282262,2.990965539354748,0.7207824174151947,1.832516544764567,,,,,,,,
S3,"S3 equilibrium-loop inlet (X4, H2/CO2 1.18)","P3 (k_meth, Ea_meth, n)",2,625/800,12,1.325355965101153,526.654858547312,3.8517924385220694,0.645797853416197,2.585817495665711,,,,,,,,
S3,"S3 equilibrium-loop inlet (X4, H2/CO2 1.18)","P3 (k_meth, Ea_meth, n)",2,600/775,12,1.2997318681365608,565.1760048363847,4.404491871897847,0.38936901867307555,2.883328613336093,,,,,,,,
S3,"S3 equilibrium-loop inlet (X4, H2/CO2 1.18)","P3 (k_meth, Ea_meth, n)",2,600/800,12,1.1136160285705525,414.96973751889607,3.6729627752246095,0.5476269400529725,2.5923514766372655,,,,,,,,
S3,"S3 equilibrium-loop inlet (X4, H2/CO2 1.18)","P3 (k_meth, Ea_meth, n)",2,600/650,12,1.048971843877096,2494.4343800819483,6.7001139138856685,0.5329810511121524,4.499373825138511,,,,,,,,
S3,"S3 equilibrium-loop inlet (X4, H2/CO2 1.18)","P3 (k_meth, Ea_meth, n)",2,700/825,12,1.0264355814617048,424.24122357058604,3.5478322648651277,0.6563558262385424,1.9828511914084186,,,,,,,,
S3,"S3 equilibrium-loop inlet (X4, H2/CO2 1.18)","P3 (k_meth, Ea_meth, n)",2,650/850,12,1.0226661542987445,535.0049248142942,3.9730327011783606,0.7181473693398777,2.6603337615420872,,,,,,,,
S3,"S3 equilibrium-loop inlet (X4, H2/CO2 1.18)","P3 (k_meth, Ea_meth, n)",2,600/675,12,0.9155400141415182,3371.135200797371,9.047225652442398,0.32060974120807206,5.713475528355838,,,,,,,,
S3,"S3 equilibrium-loop inlet (X4, H2/CO2 1.18)","P3 (k_meth, Ea_meth, n)",2,625/850,12,0.7323881040321347,853.2288233050062,4.912026410609215,0.7032606552083909,3.2796455995008285,,,,,,,,
S3,"S3 equilibrium-loop inlet (X4, H2/CO2 1.18)","P3 (k_meth, Ea_meth, n)",2,675/750,12,0.6861346988083064,589.6358273718428,4.104114291743514,0.6473675387924751,2.6004995271701556,,,,,,,,
S3,"S3 equilibrium-loop inlet (X4, H2/CO2 1.18)","P3 (k_meth, Ea_meth, n)",2,625/675,12,0.6100499946063023,4233.867139974458,8.949380859035914,0.43423711507905705,5.6405086996893745,,,,,,,,
S3,"S3 equilibrium-loop inlet (X4, H2/CO2 1.18)","P3 (k_meth, Ea_meth, n)",2,675/775,12,0.5099504286108081,572.0046414603692,4.348208380259345,0.7344535569413673,2.593969310605116,,,,,,,,
S3,"S3 equilibrium-loop inlet (X4, H2/CO2 1.18)","P3 (k_meth, Ea_meth, n)",2,675/800,12,0.46608703116895356,476.995360938787,4.160211803082386,0.9336253311511419,2.3518576768320636,,,,,,,,
S3,"S3 equilibrium-loop inlet (X4, H2/CO2 1.18)","P3 (k_meth, Ea_meth, n)",2,600/850,12,0.46090141567004084,679.7274279473326,4.692078838964167,0.6117931401387403,3.293277598870739,,,,,,,,
S3,"S3 equilibrium-loop inlet (X4, H2/CO2 1.18)","P3 (k_meth, Ea_meth, n)",2,725/825,12,0.3241829639843137,222.14138296443903,3.1227710773599857,0.8428129413813887,1.5071521727838666,,,,,,,,
S3,"S3 equilibrium-loop inlet (X4, H2/CO2 1.18)","P3 (k_meth, Ea_meth, n)",2,650/675,12,0.2696353679724197,1665.006199748764,5.30540912947353,0.965484607533173,3.5608429174080967,,,,,,,,
S3,"S3 equilibrium-loop inlet (X4, H2/CO2 1.18)","P3 (k_meth, Ea_meth, n)",2,625/650,12,0.15183865235510297,2942.019112576322,6.6489704011643544,0.9984361363722651,4.464921178270899,,,,,,,,
S3,"S3 equilibrium-loop inlet (X4, H2/CO2 1.18)","P3 (k_meth, Ea_meth, n)",2,675/850,12,0.1433117137028992,656.198901976223,4.913677202949356,0.9104489125779307,2.840824173353751,,,,,,,,
S3,"S3 equilibrium-loop inlet (X4, H2/CO2 1.18)","P3 (k_meth, Ea_meth, n)",2,700/800,12,0.07703210011208528,487.5255335235049,4.161018582405006,1.1189197309031507,2.012794343402121,,,,,,,,
S3,"S3 equilibrium-loop inlet (X4, H2/CO2 1.18)","P3 (k_meth, Ea_meth, n)",2,700/775,12,0.03567845187134422,525.4792410317135,4.09942698092655,0.9679456941805377,2.201565367762443,,,,,,,,
S3,"S3 equilibrium-loop inlet (X4, H2/CO2 1.18)","P3 (k_meth, Ea_meth, n)",2,700/750,12,0.03300039827321166,483.48780813167497,3.632832355161681,0.9572625845560063,2.240465524695598,,,,,,,,
S3,"S3 equilibrium-loop inlet (X4, H2/CO2 1.18)","P3 (k_meth, Ea_meth, n)",2,700/850,12,-0.014499173211198535,564.0930868224422,4.483292961341937,1.0038838126199017,2.3122498137352574,,,,,,,,
S3,"S3 equilibrium-loop inlet (X4, H2/CO2 1.18)","P3 (k_meth, Ea_meth, n)",2,700/725,12,-0.07614399147954609,406.41431501839577,3.209098534431838,1.4664425117009874,1.7056465626084647,,,,,,,,
S3,"S3 equilibrium-loop inlet (X4, H2/CO2 1.18)","P3 (k_meth, Ea_meth, n)",2,675/700,12,-0.21341122301095217,1179.1187697977305,4.71618035548148,1.1098013598440146,2.9556875144062205,,,,,,,,
S3,"S3 equilibrium-loop inlet (X4, H2/CO2 1.18)","P3 (k_meth, Ea_meth, n)",2,725/850,12,-0.4353336398003096,240.02324873200894,3.6998247463864358,1.1105792849755183,1.601125800783102,,,,,,,,
S3,"S3 equilibrium-loop inlet (X4, H2/CO2 1.18)","P3 (k_meth, Ea_meth, n)",2,725/800,12,-0.6377825330676612,278.6591917491712,3.9559962765430003,1.366282660795005,1.472701181885237,,,,,,,,
S3,"S3 equilibrium-loop inlet (X4, H2/CO2 1.18)","P3 (k_meth, Ea_meth, n)",2,725/775,12,-0.8141140279083254,300.3969146737541,3.87499637820426,1.407172638718614,1.5956515661074993,,,,,,,,
S3,"S3 equilibrium-loop inlet (X4, H2/CO2 1.18)","P3 (k_meth, Ea_meth, n)",2,725/750,12,-1.210451320173505,339.6811932400364,3.8019773825071748,1.8226921996640109,1.7388376512247,,,,,,,,
S3,"S3 equilibrium-loop inlet (X4, H2/CO2 1.18)","P3 (k_meth, Ea_meth, n)",2,750/825,12,-1.751455281651447,583.8980247311177,5.937748407800031,1.454584029571107,1.8508695940788926,,,,,,,,
S3,"S3 equilibrium-loop inlet (X4, H2/CO2 1.18)","P3 (k_meth, Ea_meth, n)",2,750/850,12,-2.4538349413477563,578.725557301931,7.014253457188082,1.7165484953510448,2.094542410841283,,,,,,,,
S3,"S3 equilibrium-loop inlet (X4, H2/CO2 1.18)","P3 (k_meth, Ea_meth, n)",2,750/800,12,-2.902235921747273,897.7596550387499,8.584773574168352,2.5436246925640513,1.8119744601145966,,,,,,,,
S3,"S3 equilibrium-loop inlet (X4, H2/CO2 1.18)","P3 (k_meth, Ea_meth, n)",2,775/825,12,-2.9732087807497383,962.4915870650382,8.457137783398107,2.1860016863042944,1.8911414249897174,,,,,,,,
S3,"S3 equilibrium-loop inlet (X4, H2/CO2 1.18)","P3 (k_meth, Ea_meth, n)",2,750/775,12,-3.2962167533516715,1245.0927103372887,9.313107928719475,2.8930743565981882,2.0273220588160576,,,,,,,,
S3,"S3 equilibrium-loop inlet (X4, H2/CO2 1.18)","P3 (k_meth, Ea_meth, n)",2,775/850,12,-3.6197532890165265,753.8203292995099,9.30068894360976,2.283605873465017,2.25863478469736,,,,,,,,
S3,"S3 equilibrium-loop inlet (X4, H2/CO2 1.18)","P3 (k_meth, Ea_meth, n)",2,600/625,12,-4.274994501202039,143635.82591438392,48.75488258824802,0.848074376493195,30.545380797387125,,,,,,,,
S3,"S3 equilibrium-loop inlet (X4, H2/CO2 1.18)","P3 (k_meth, Ea_meth, n)",2,775/800,12,-4.4354731639596405,1892.758342586449,14.36851588108205,4.1323051488669105,2.0170916603450317,,,,,,,,
S3,"S3 equilibrium-loop inlet (X4, H2/CO2 1.18)","P3 (k_meth, Ea_meth, n)",2,800/850,12,-5.022479630200541,1427.969273018812,14.546469959031796,3.7514565715927057,2.0381731796094953,,,,,,,,
S3,"S3 equilibrium-loop inlet (X4, H2/CO2 1.18)","P3 (k_meth, Ea_meth, n)",2,800/825,12,-5.046121735327938,5336.788723690964,21.481400513567774,5.813652854849611,1.7827792801457256,,,,,,,,
S3,"S3 equilibrium-loop inlet (X4, H2/CO2 1.18)","P3 (k_meth, Ea_meth, n)",2,825/850,12,-5.85368955035189,10147.167995351258,30.302870497227502,7.325714581428507,1.9739763921321576,,,,,,,,
S3,"S3 equilibrium-loop inlet (X4, H2/CO2 1.18)","P3 (k_meth, Ea_meth, n)",3,600/700/725,18,4.165124619916437,340.1786415103407,2.668992344499093,0.22383415030288217,1.6831758235051517,,,,,,,,
S3,"S3 equilibrium-loop inlet (X4, H2/CO2 1.18)","P3 (k_meth, Ea_meth, n)",3,625/700/725,18,4.119653823552359,424.6413613377887,2.671840293053562,0.25971361547262906,1.679940344686255,,,,,,,,
S3,"S3 equilibrium-loop inlet (X4, H2/CO2 1.18)","P3 (k_meth, Ea_meth, n)",3,600/650/725,18,4.068070212800665,418.33750354378634,2.6550640427078482,0.2675358201456407,1.7405655880909114,,,,,,,,
S3,"S3 equilibrium-loop inlet (X4, H2/CO2 1.18)","P3 (k_meth, Ea_meth, n)",3,625/725/825,18,4.056062482786336,224.1684027020665,2.3810328366130027,0.2578753753278762,1.5055035296340358,,,,,,,,
S3,"S3 equilibrium-loop inlet (X4, H2/CO2 1.18)","P3 (k_meth, Ea_meth, n)",3,600/725/825,18,3.9489086793349286,167.4925272370812,2.3635186236874044,0.2246847289867148,1.50638435642768,,,,,,,,
S3,"S3 equilibrium-loop inlet (X4, H2/CO2 1.18)","P3 (k_meth, Ea_meth, n)",3,600/675/725,18,3.906418288900562,412.8916876539035,2.898738448871213,0.24604458415855085,1.8318859285922524,,,,,,,,
S3,"S3 equilibrium-loop inlet (X4, H2/CO2 1.18)","P3 (k_meth, Ea_meth, n)",3,625/650/725,18,3.904510212492404,490.6438166570619,2.6243281250675703,0.3246323104490065,1.7055579112640753,,,,,,,,
S3,"S3 equilibrium-loop inlet (X4, H2/CO2 1.18)","P3 (k_meth, Ea_meth, n)",3,625/725/750,18,3.8987441439699757,271.84327941306105,2.548458285121237,0.26007531907872583,1.597068078617206,,,,,,,,
S3,"S3 equilibrium-loop inlet (X4, H2/CO2 1.18)","P3 (k_meth, Ea_meth, n)",3,625/725/800,18,3.8649144730741023,202.85997418806394,2.2883497505977037,0.29515633696750965,1.4540051811468875,,,,,,,,
S3,"S3 equilibrium-loop inlet (X4, H2/CO2 1.18)","P3 (k_meth, Ea_meth, n)",3,650/725/825,18,3.8438419886313215,225.8617125330338,2.156806314628273,0.31441818022778784,1.4264835942413923,,,,,,,,
S3,"S3 equilibrium-loop inlet (X4, H2/CO2 1.18)","P3 (k_meth, Ea_meth, n)",3,600/725/750,18,3.829669896548904,189.56892998567145,2.5511687495494164,0.2251199670989995,1.6002651959057073,,,,,,,,
S3,"S3 equilibrium-loop inlet (X4, H2/CO2 1.18)","P3 (k_meth, Ea_meth, n)",3,600/725/800,18,3.800260072839091,148.39982178517735,2.2608516567453636,0.25032417850689664,1.4519245136874543,,,,,,,,
S3,"S3 equilibrium-loop inlet (X4, H2/CO2 1.18)","P3 (k_meth, Ea_meth, n)",3,625/725/775,18,3.7853081587684656,251.67959891351316,2.5185728484790713,0.27755026277487965,1.5929102332644856,,,,,,,,
S3,"S3 equilibrium-loop inlet (X4, H2/CO2 1.18)","P3 (k_meth, Ea_meth, n)",3,625/675/725,18,3.774376151430564,521.1007369862047,2.9030504515226028,0.2952275374432953,1.8289551856034276,,,,,,,,
S3,"S3 equilibrium-loop inlet (X4, H2/CO2 1.18)","P3 (k_meth, Ea_meth, n)",3,600/700/825,18,3.7684897394792993,355.8779555276448,3.044276963358931,0.22522169141883794,1.9220651359011367,,,,,,,,
S3,"S3 equilibrium-loop inlet (X4, H2/CO2 1.18)","P3 (k_meth, Ea_meth, n)",3,625/700/825,18,3.7649726273759776,478.3520372231589,3.069177658798471,0.2611172079733669,1.9291262250654602,,,,,,,,
S3,"S3 equilibrium-loop inlet (X4, H2/CO2 1.18)","P3 (k_meth, Ea_meth, n)",3,600/625/725,18,3.7592611503126987,579.4965634033451,3.052102929235497,0.266761490093076,1.9322171328327975,,,,,,,,
S3,"S3 equilibrium-loop inlet (X4, H2/CO2 1.18)","P3 (k_meth, Ea_meth, n)",3,600/700/800,18,3.7211340819482994,290.8993684002938,2.8218245232593637,0.24725527502331993,1.7871983503967586,,,,,,,,
S3,"S3 equilibrium-loop inlet (X4, H2/CO2 1.18)","P3 (k_meth, Ea_meth, n)",3,600/725/775,18,3.7132131033581457,180.09006433336785,2.5031811131513213,0.23780665010172589,1.5949017505719219,,,,,,,,
S3,"S3 equilibrium-loop inlet (X4, H2/CO2 1.18)","P3 (k_meth, Ea_meth, n)",3,625/725/850,18,3.6734711918713,239.19946834125292,2.4934625191414836,0.29588495504438755,1.5818808236134525,,,,,,,,
S3,"S3 equilibrium-loop inlet (X4, H2/CO2 1.18)","P3 (k_meth, Ea_meth, n)",3,625/700/800,18,3.6598500787970694,402.40682484302283,2.859737476883766,0.29597805551139544,1.8006672523117864,,,,,,,,
S3,"S3 equilibrium-loop inlet (X4, H2/CO2 1.18)","P3 (k_meth, Ea_meth, n)",3,650/700/725,18,3.644732369239375,403.82098525075867,2.386106960909355,0.3723392512935736,1.5892044384538062,,,,,,,,
S3,"S3 equilibrium-loop inlet (X4, H2/CO2 1.18)","P3 (k_meth, Ea_meth, n)",3,600/725/850,18,3.602336358264508,177.33164083260047,2.466284081035094,0.2512520422166531,1.5793416514271492,,,,,,,,
S3,"S3 equilibrium-loop inlet (X4, H2/CO2 1.18)","P3 (k_meth, Ea_meth, n)",3,650/725/750,18,3.5850333257418163,271.99928672759034,2.2923179860073817,0.344996333428727,1.5299696969620744,,,,,,,,
S3,"S3 equilibrium-loop inlet (X4, H2/CO2 1.18)","P3 (k_meth, Ea_meth, n)",3,650/725/800,18,3.581877945072096,199.27042285081134,2.090900416469354,0.37004748356077277,1.3782891558700328,,,,,,,,
S3,"S3 equilibrium-loop inlet (X4, H2/CO2 1.18)","P3 (k_meth, Ea_meth, n)",3,600/650/700,18,3.5741132077744737,972.9075350234812,3.7563102742011174,0.2611617256666145,2.440199630212675,,,,,,,,
S3,"S3 equilibrium-loop inlet (X4, H2/CO2 1.18)","P3 (k_meth, Ea_meth, n)",3,650/700/825,18,3.559780073127684,415.84679718254836,2.617238562092928,0.3318942977293661,1.717724111637442,,,,,,,,
S3,"S3 equilibrium-loop inlet (X4, H2/CO2 1.18)","P3 (k_meth, Ea_meth, n)",3,650/725/775,18,3.511266433628613,246.12397534156804,2.267271416465705,0.3517927508214967,1.5040959091814317,,,,,,,,
S3,"S3 equilibrium-loop inlet (X4, H2/CO2 1.18)","P3 (k_meth, Ea_meth, n)",3,625/750/825,18,3.4753641612205386,288.58063718897523,2.8582213712825277,0.26661869560107176,1.7960371549411414,,,,,,,,
S3,"S3 equilibrium-loop inlet (X4, H2/CO2 1.18)","P3 (k_meth, Ea_meth, n)",3,600/700/750,18,3.470742181681805,509.87529224736534,3.522284843515914,0.22640512103501462,2.2071476447110214,,,,,,,,
S3,"S3 equilibrium-loop inlet (X4, H2/CO2 1.18)","P3 (k_meth, Ea_meth, n)",3,600/700/775,18,3.448964001173522,432.0290587014495,3.370794013639341,0.23713408635669014,2.1288567314242646,,,,,,,,
S3,"S3 equilibrium-loop inlet (X4, H2/CO2 1.18)","P3 (k_meth, Ea_meth, n)",3,625/700/750,18,3.4451659474373177,660.2335587820756,3.5150804915902976,0.2635193110492253,2.2023371979228292,,,,,,,,
S3,"S3 equilibrium-loop inlet (X4, H2/CO2 1.18)","P3 (k_meth, Ea_meth, n)",3,600/650/825,18,3.4417150141597666,579.3874816521552,3.2325619455627406,0.3045499897296693,2.154915888668247,,,,,,,,
S3,"S3 equilibrium-loop inlet (X4, H2/CO2 1.18)","P3 (k_meth, Ea_meth, n)",3,650/725/850,18,3.428319178763207,227.88264347344997,2.2476411812496595,0.36832932932701457,1.4840699122966252,,,,,,,,
S3,"S3 equilibrium-loop inlet (X4, H2/CO2 1.18)","P3 (k_meth, Ea_meth, n)",3,600/675/825,18,3.418641830216516,492.878991062224,3.4241585195698963,0.2554866230833138,2.1719751055717667,,,,,,,,
S3,"S3 equilibrium-loop inlet (X4, H2/CO2 1.18)","P3 (k_meth, Ea_meth, n)",3,600/700/850,18,3.4144522401670305,385.53794502529456,3.264909595533509,0.24795119444985594,2.0645345053196658,,,,,,,,
S3,"S3 equilibrium-loop inlet (X4, H2/CO2 1.18)","P3 (k_meth, Ea_meth, n)",3,625/700/775,18,3.4091403884067515,582.5899408309472,3.3910713764017104,0.2799365238411671,2.132984514150255,,,,,,,,
S3,"S3 equilibrium-loop inlet (X4, H2/CO2 1.18)","P3 (k_meth, Ea_meth, n)",3,650/750/825,18,3.4063873172723116,262.40729736967563,2.500726642375154,0.31672643748234824,1.6578302479048812,,,,,,,,
S3,"S3 equilibrium-loop inlet (X4, H2/CO2 1.18)","P3 (k_meth, Ea_meth, n)",3,625/650/700,18,3.3864048991096687,1103.7777664453447,3.681201520750569,0.31877653886059315,2.3776433497697287,,,,,,,,
S3,"S3 equilibrium-loop inlet (X4, H2/CO2 1.18)","P3 (k_meth, Ea_meth, n)",3,625/700/850,18,3.3558523434267915,533.7050947764102,3.306248610463104,0.29684315531672806,2.0804145567978707,,,,,,,,
S3,"S3 equilibrium-loop inlet (X4, H2/CO2 1.18)","P3 (k_meth, Ea_meth, n)",3,600/650/750,18,3.3311622500873965,653.032708091996,3.4163411495646328,0.2862462975328808,2.230368634806517,,,,,,,,
S3,"S3 equilibrium-loop inlet (X4, H2/CO2 1.18)","P3 (k_meth, Ea_meth, n)",3,650/700/800,18,3.319537692421903,353.3690746646682,2.4757752955764474,0.3954058143778839,1.6178445687327068,,,,,,,,
S3,"S3 equilibrium-loop inlet (X4, H2/CO2 1.18)","P3 (k_meth, Ea_meth, n)",3,600/675/800,18,3.319299910304433,410.8468440547193,3.1406091818916733,0.29329611304993997,2.0022389854215357,,,,,,,,
S3,"S3 equilibrium-loop inlet (X4, H2/CO2 1.18)","P3 (k_meth, Ea_meth, n)",3,625/650/825,18,3.316053037185492,673.1618379698913,3.1927444096114113,0.36970919966642035,2.102229481930894,,,,,,,,
S3,"S3 equilibrium-loop inlet (X4, H2/CO2 1.18)","P3 (k_meth, Ea_meth, n)",3,625/675/825,18,3.3139480406653226,656.6709748602633,3.474815867460102,0.3076262414907476,2.1936420388325453,,,,,,,,
S3,"S3 equilibrium-loop inlet (X4, H2/CO2 1.18)","P3 (k_meth, Ea_meth, n)",3,600/750/825,18,3.2940931884335707,245.47471682148105,2.8477612705038844,0.2336526528051591,1.7956069594895925,,,,,,,,
S3,"S3 equilibrium-loop inlet (X4, H2/CO2 1.18)","P3 (k_meth, Ea_meth, n)",3,650/675/725,18,3.2919504796672463,458.00640448201875,2.5418728474887775,0.43114098921312977,1.6789434549928925,,,,,,,,
S3,"S3 equilibrium-loop inlet (X4, H2/CO2 1.18)","P3 (k_meth, Ea_meth, n)",3,625/800/825,18,3.2820657835917326,242.76575589429973,2.6440174036158313,0.33389101448839015,1.715766726396512,,,,,,,,
S3,"S3 equilibrium-loop inlet (X4, H2/CO2 1.18)","P3 (k_meth, Ea_meth, n)",3,625/750/800,18,3.277711076080373,251.46887536690576,2.6732986264034877,0.3128966906847122,1.690352878163127,,,,,,,,
S3,"S3 equilibrium-loop inlet (X4, H2/CO2 1.18)","P3 (k_meth, Ea_meth, n)",3,650/800/825,18,3.240648870992704,214.4183069409023,2.416068731978326,0.3706146572572242,1.6065056303949732,,,,,,,,
S3,"S3 equilibrium-loop inlet (X4, H2/CO2 1.18)","P3 (k_meth, Ea_meth, n)",3,625/775/825,18,3.2403272650508543,296.1435857491053,2.922211620371729,0.30286418729283376,1.8719470120011277,,,,,,,,
S3,"S3 equilibrium-loop inlet (X4, H2/CO2 1.18)","P3 (k_meth, Ea_meth, n)",3,650/775/825,18,3.204747595503013,260.68163007999874,2.5988663609414835,0.3411499884583076,1.7281134720054763,,,,,,,,
S3,"S3 equilibrium-loop inlet (X4, H2/CO2 1.18)","P3 (k_meth, Ea_meth, n)",3,650/675/825,18,3.1608623847544965,504.16629138867086,2.8689010975624156,0.3894487721947575,1.8698136971606902,,,,,,,,
S3,"S3 equilibrium-loop inlet (X4, H2/CO2 1.18)","P3 (k_meth, Ea_meth, n)",3,625/650/750,18,3.156364863735112,754.1583442270172,3.3530064449691372,0.35397991225735465,2.170094718996071,,,,,,,,
S3,"S3 equilibrium-loop inlet (X4, H2/CO2 1.18)","P3 (k_meth, Ea_meth, n)",3,650/750/800,18,3.146612132998113,222.92068111784874,2.3787267924902125,0.37745201770376985,1.5751241166789556,,,,,,,,
S3,"S3 equilibrium-loop inlet (X4, H2/CO2 1.18)","P3 (k_meth, Ea_meth, n)",3,650/700/775,18,3.131380658356224,485.54296250006195,2.840622307929344,0.3780488484441491,1.87491725107881,,,,,,,,
S3,"S3 equilibrium-loop inlet (X4, H2/CO2 1.18)","P3 (k_meth, Ea_meth, n)",3,600/750/800,18,3.126881274039715,204.56740522032266,2.652763281507145,0.2680296644724787,1.688589981145227,,,,,,,,
S3,"S3 equilibrium-loop inlet (X4, H2/CO2 1.18)","P3 (k_meth, Ea_meth, n)",3,600/675/700,18,3.1184145492574107,1322.515359093823,4.664544672802919,0.249011893888899,2.941966920391631,,,,,,,,
S3,"S3 equilibrium-loop inlet (X4, H2/CO2 1.18)","P3 (k_meth, Ea_meth, n)",3,625/750/775,18,3.1158984307971607,347.0354436953322,3.1225664598259764,0.2900724796697979,1.9604021919174186,,,,,,,,
S3,"S3 equilibrium-loop inlet (X4, H2/CO2 1.18)","P3 (k_meth, Ea_meth, n)",3,650/700/750,18,3.102473694373019,580.7040819840079,3.0031260452961774,0.38412303715718293,2.0059597771180346,,,,,,,,
S3,"S3 equilibrium-loop inlet (X4, H2/CO2 1.18)","P3 (k_meth, Ea_meth, n)",3,650/700/850,18,3.0949966061348575,436.80449940137504,2.7627148425228567,0.39305898146590573,1.8100101515664277,,,,,,,,
S3,"S3 equilibrium-loop inlet (X4, H2/CO2 1.18)","P3 (k_meth, Ea_meth, n)",3,625/675/800,18,3.0919181530627675,560.8494160643277,3.23417494811687,0.376386655036444,2.0498147235683266,,,,,,,,
S3,"S3 equilibrium-loop inlet (X4, H2/CO2 1.18)","P3 (k_meth, Ea_meth, n)",3,600/800/825,18,3.049560256164828,209.7007418386993,2.5784440764126244,0.2915208973629297,1.7197368156024775,,,,,,,,
S3,"S3 equilibrium-loop inlet (X4, H2/CO2 1.18)","P3 (k_meth, Ea_meth, n)",3,600/675/750,18,3.0458627376721368,739.3081243346136,4.100764921216585,0.25327927725305854,2.574112371151179,,,,,,,,
S3,"S3 equilibrium-loop inlet (X4, H2/CO2 1.18)","P3 (k_meth, Ea_meth, n)",3,600/650/800,18,3.043995245225903,573.8683715331406,3.1995458308204867,0.3991517341885698,2.1700065846351326,,,,,,,,
S3,"S3 equilibrium-loop inlet (X4, H2/CO2 1.18)","P3 (k_meth, Ea_meth, n)",3,650/825/850,18,3.0431451336820396,253.97311753490584,2.645954418274524,0.37152943183229864,1.761000462540495,,,,,,,,
S3,"S3 equilibrium-loop inlet (X4, H2/CO2 1.18)","P3 (k_meth, Ea_meth, n)",3,600/775/825,18,3.0308040442570556,256.41140268361255,2.872290130223835,0.26419634572212247,1.8721110764799482,,,,,,,,
S3,"S3 equilibrium-loop inlet (X4, H2/CO2 1.18)","P3 (k_meth, Ea_meth, n)",3,625/825/850,18,3.0298915898477157,302.2381773824466,2.952163164165142,0.3396045461983103,1.9112496032012685,,,,,,,,
S3,"S3 equilibrium-loop inlet (X4, H2/CO2 1.18)","P3 (k_meth, Ea_meth, n)",3,650/750/775,18,3.011361963824079,300.9145465420802,2.69373498958276,0.3577834909457794,1.791231909454461,,,,,,,,
S3,"S3 equilibrium-loop inlet (X4, H2/CO2 1.18)","P3 (k_meth, Ea_meth, n)",3,600/675/775,18,3.002416979000704,643.5605357349356,3.9011208774525077,0.27404012258253063,2.4738079563290785,,,,,,,,
S3,"S3 equilibrium-loop inlet (X4, H2/CO2 1.18)","P3 (k_meth, Ea_meth, n)",3,625/750/850,18,2.994744909648556,323.04212051731207,3.0362914178729095,0.31443264031140555,1.9136192409049821,,,,,,,,
S3,"S3 equilibrium-loop inlet (X4, H2/CO2 1.18)","P3 (k_meth, Ea_meth, n)",3,600/650/775,18,2.9890458183607134,733.6739784959994,3.62869680644092,0.3416733789981006,2.420280440695181,,,,,,,,
S3,"S3 equilibrium-loop inlet (X4, H2/CO2 1.18)","P3 (k_meth, Ea_meth, n)",3,600/750/775,18,2.9697196672487514,279.73746135530325,3.1185492151413445,0.25001504939905694,1.9619045847126617,,,,,,,,
S3,"S3 equilibrium-loop inlet (X4, H2/CO2 1.18)","P3 (k_meth, Ea_meth, n)",3,625/675/700,18,2.9379803888996494,1589.2595653069304,4.654393722525694,0.30134487064922405,2.9298039290190356,,,,,,,,
S3,"S3 equilibrium-loop inlet (X4, H2/CO2 1.18)","P3 (k_meth, Ea_meth, n)",3,600/675/850,18,2.9322146339477673,589.4934731884166,3.7710545761183787,0.296280107910924,2.3992230749765864,,,,,,,,
S3,"S3 equilibrium-loop inlet (X4, H2/CO2 1.18)","P3 (k_meth, Ea_meth, n)",3,650/750/850,18,2.9313963580756734,269.5148719485118,2.6307046695146865,0.37663339217483294,1.7433780618131287,,,,,,,,
S3,"S3 equilibrium-loop inlet (X4, H2/CO2 1.18)","P3 (k_meth, Ea_meth, n)",3,600/625/700,18,2.926113294437472,2005.8744948754772,5.413186717585594,0.24836286111356592,3.4073063035386655,,,,,,,,
S3,"S3 equilibrium-loop inlet (X4, H2/CO2 1.18)","P3 (k_meth, Ea_meth, n)",3,625/675/750,18,2.9219768221917373,946.7245648766268,4.090294802331163,0.3061005688024225,2.5666524033734395,,,,,,,,
S3,"S3 equilibrium-loop inlet (X4, H2/CO2 1.18)","P3 (k_meth, Ea_meth, n)",3,600/625/825,18,2.9166033761237706,864.2656842582747,3.741021550122881,0.32849738372136,2.4189959858098162,,,,,,,,
S3,"S3 equilibrium-loop inlet (X4, H2/CO2 1.18)","P3 (k_meth, Ea_meth, n)",3,625/775/800,18,2.879249948503762,284.19181157020904,2.849249341393987,0.3830574070983089,1.8560413898175274,,,,,,,,
S3,"S3 equilibrium-loop inlet (X4, H2/CO2 1.18)","P3 (k_meth, Ea_meth, n)",3,600/650/675,18,2.877008886287337,1537.6835693372739,4.560561992596073,0.31753425473624597,2.9629556724431922,,,,,,,,
S3,"S3 equilibrium-loop inlet (X4, H2/CO2 1.18)","P3 (k_meth, Ea_meth, n)",3,675/725/825,18,2.8394324988113544,282.2221375680887,2.4415623932231267,0.4485124103055746,1.4562972815786426,,,,,,,,
S3,"S3 equilibrium-loop inlet (X4, H2/CO2 1.18)","P3 (k_meth, Ea_meth, n)",3,625/675/775,18,2.833717885110563,851.3278765128105,3.9507130437397935,0.34080915890017227,2.494698773690679,,,,,,,,
S3,"S3 equilibrium-loop inlet (X4, H2/CO2 1.18)","P3 (k_meth, Ea_meth, n)",3,600/750/850,18,2.831754460094552,265.83775312050284,3.018306267357283,0.27012400895063954,1.9102794801613157,,,,,,,,
S3,"S3 equilibrium-loop inlet (X4, H2/CO2 1.18)","P3 (k_meth, Ea_meth, n)",3,650/775/800,18,2.806143825670098,243.59411800226454,2.582566318949022,0.43472663714818444,1.7158156309913348,,,,,,,,
S3,"S3 equilibrium-loop inlet (X4, H2/CO2 1.18)","P3 (k_meth, Ea_meth, n)",3,600/825/850,18,2.7833335445678857,262.4194527108646,2.878282145911203,0.29762466301878243,1.912294886346113,,,,,,,,
S3,"S3 equilibrium-loop inlet (X4, H2/CO2 1.18)","P3 (k_meth, Ea_meth, n)",3,625/650/775,18,2.7569067276394295,847.5935245327013,3.5724579303992017,0.4394593331983102,2.355814828281676,,,,,,,,
S3,"S3 equilibrium-loop inlet (X4, H2/CO2 1.18)","P3 (k_meth, Ea_meth, n)",3,625/675/850,18,2.7018432543014916,805.094689596236,3.886109520205492,0.3813775684594737,2.4601890175018535,,,,,,,,
S3,"S3 equilibrium-loop inlet (X4, H2/CO2 1.18)","P3 (k_meth, Ea_meth, n)",3,600/775/800,18,2.6991138407563033,231.8639947280693,2.7647295598784027,0.32625314064042554,1.8520566390415936,,,,,,,,
S3,"S3 equilibrium-loop inlet (X4, H2/CO2 1.18)","P3 (k_meth, Ea_meth, n)",3,650/675/800,18,2.678567258342067,445.19938393378686,2.7481452809461517,0.5295900344983671,1.7767986848023263,,,,,,,,
S3,"S3 equilibrium-loop inlet (X4, H2/CO2 1.18)","P3 (k_meth, Ea_meth, n)",3,600/650/850,18,2.6552382841809954,812.5699239096505,3.8114264864641556,0.41689381957895827,2.579418447897449,,,,,,,,
S3,"S3 equilibrium-loop inlet (X4, H2/CO2 1.18)","P3 (k_meth, Ea_meth, n)",3,625/650/800,18,2.6190584677562225,744.7107856186002,3.3382131388146554,0.5626816518790214,2.2414860554716376,,,,,,,,
S3,"S3 equilibrium-loop inlet (X4, H2/CO2 1.18)","P3 (k_meth, Ea_meth, n)",3,650/675/750,18,2.6104033448603072,725.7305957394159,3.3442296540592746,0.4612084991238723,2.2185335985239405,,,,,,,,
S3,"S3 equilibrium-loop inlet (X4, H2/CO2 1.18)","P3 (k_meth, Ea_meth, n)",3,625/775/850,18,2.5829750820685273,366.50134822494846,3.2395049314799857,0.39168763367195086,2.10442611320539,,,,,,,,
S3,"S3 equilibrium-loop inlet (X4, H2/CO2 1.18)","P3 (k_meth, Ea_meth, n)",3,650/675/775,18,2.5818878576232183,602.7631380041192,3.142139253897981,0.4704382119356713,2.0557240379368804,,,,,,,,
S3,"S3 equilibrium-loop inlet (X4, H2/CO2 1.18)","P3 (k_meth, Ea_meth, n)",3,650/775/850,18,2.581500586786076,295.65289476711155,2.8616535752364936,0.43605178174147174,1.903749243974027,,,,,,,,
S3,"S3 equilibrium-loop inlet (X4, H2/CO2 1.18)","P3 (k_meth, Ea_meth, n)",3,600/625/750,18,2.554367285600534,1310.791485268999,4.661338524174289,0.30687590737263726,2.8949619679310037,,,,,,,,
S3,"S3 equilibrium-loop inlet (X4, H2/CO2 1.18)","P3 (k_meth, Ea_meth, n)",3,625/650/675,18,2.4868293082110444,1686.3705851206305,4.427108878352845,0.430240209402848,2.860048452255354,,,,,,,,
S3,"S3 equilibrium-loop inlet (X4, H2/CO2 1.18)","P3 (k_meth, Ea_meth, n)",3,650/675/700,18,2.4706431426300615,1134.1392904018514,3.676246434587988,0.5093054899496257,2.4507792788869116,,,,,,,,
S3,"S3 equilibrium-loop inlet (X4, H2/CO2 1.18)","P3 (k_meth, Ea_meth, n)",3,650/800/850,18,2.4597367780980726,269.3774893115691,2.7834898607257084,0.517492835468992,1.8554290903784598,,,,,,,,
S3,"S3 equilibrium-loop inlet (X4, H2/CO2 1.18)","P3 (k_meth, Ea_meth, n)",3,675/750/825,18,2.456436618599285,333.2308787350214,2.8489116740089373,0.4222394492917977,1.7204400111258704,,,,,,,,
S3,"S3 equilibrium-loop inlet (X4, H2/CO2 1.18)","P3 (k_meth, Ea_meth, n)",3,625/800/850,18,2.4438609452076934,328.5583804952118,3.04418499960244,0.4784619516327839,2.0322001402825167,,,,,,,,
S3,"S3 equilibrium-loop inlet (X4, H2/CO2 1.18)","P3 (k_meth, Ea_meth, n)",3,675/725/750,18,2.4198254578707505,313.35010149265474,2.4921947957073005,0.5231497495020433,1.546323127201394,,,,,,,,
S3,"S3 equilibrium-loop inlet (X4, H2/CO2 1.18)","P3 (k_meth, Ea_meth, n)",3,675/725/800,18,2.4165515259792847,258.910322638442,2.465429810255506,0.5733557816926219,1.4184793068631496,,,,,,,,
S3,"S3 equilibrium-loop inlet (X4, H2/CO2 1.18)","P3 (k_meth, Ea_meth, n)",3,650/675/850,18,2.4164909443719305,566.1341114953191,3.1084483579534394,0.5260331626263538,2.016738628483481,,,,,,,,
S3,"S3 equilibrium-loop inlet (X4, H2/CO2 1.18)","P3 (k_meth, Ea_meth, n)",3,675/700/825,18,2.412003830346072,568.1306489990327,3.118440181996505,0.5044767294913006,1.8581131234804824,,,,,,,,
S3,"S3 equilibrium-loop inlet (X4, H2/CO2 1.18)","P3 (k_meth, Ea_meth, n)",3,675/800/825,18,2.3918449603341916,267.70656739173006,2.801894742176357,0.48201907187195553,1.6388895175218454,,,,,,,,
S3,"S3 equilibrium-loop inlet (X4, H2/CO2 1.18)","P3 (k_meth, Ea_meth, n)",3,600/775/850,18,2.387420166728657,300.8286979337464,3.1426147686909056,0.33507648137876933,2.0957991103334592,,,,,,,,
S3,"S3 equilibrium-loop inlet (X4, H2/CO2 1.18)","P3 (k_meth, Ea_meth, n)",3,675/725/775,18,2.3593634553509615,302.9379592783534,2.5754505517555133,0.5382505075835547,1.533933067837434,,,,,,,,
S3,"S3 equilibrium-loop inlet (X4, H2/CO2 1.18)","P3 (k_meth, Ea_meth, n)",3,600/625/800,18,2.32118544621292,803.9577151183048,3.5660841975669997,0.49052413635525527,2.398550603203976,,,,,,,,
S3,"S3 equilibrium-loop inlet (X4, H2/CO2 1.18)","P3 (k_meth, Ea_meth, n)",3,675/775/825,18,2.3040458418335605,332.22867872152943,3.001571456777216,0.453395248999052,1.7848185394645102,,,,,,,,
S3,"S3 equilibrium-loop inlet (X4, H2/CO2 1.18)","P3 (k_meth, Ea_meth, n)",3,675/725/850,18,2.302156846305764,292.6629224964129,2.630471452690524,0.5555876279057549,1.5352807893312446,,,,,,,,
S3,"S3 equilibrium-loop inlet (X4, H2/CO2 1.18)","P3 (k_meth, Ea_meth, n)",3,600/625/775,18,2.300179711555092,1177.5981578072144,4.374348832512365,0.3800988678180274,2.824502474035813,,,,,,,,
S3,"S3 equilibrium-loop inlet (X4, H2/CO2 1.18)","P3 (k_meth, Ea_meth, n)",3,625/650/850,18,2.228022280384744,1041.6214228655574,3.9563476138384015,0.5919855309550035,2.651575994468134,,,,,,,,
S3,"S3 equilibrium-loop inlet (X4, H2/CO2 1.18)","P3 (k_meth, Ea_meth, n)",3,600/800/850,18,2.206988041114818,267.0475039808749,2.9050667957878047,0.4129694975435231,2.0364091797528796,,,,,,,,
S3,"S3 equilibrium-loop inlet (X4, H2/CO2 1.18)","P3 (k_meth, Ea_meth, n)",3,675/825/850,18,2.20229960574088,319.5142765270571,3.0826184282319096,0.47796941576218793,1.8167542942193744,,,,,,,,
S3,"S3 equilibrium-loop inlet (X4, H2/CO2 1.18)","P3 (k_meth, Ea_meth, n)",3,700/725/825,18,2.181547353573646,307.4610606074775,2.5095695334342136,0.6112733987214723,1.372786872438745,,,,,,,,
S3,"S3 equilibrium-loop inlet (X4, H2/CO2 1.18)","P3 (k_meth, Ea_meth, n)",3,675/700/725,18,2.1447096392452996,473.9214940508126,2.648172288798328,0.6847830789406254,1.6158625887528366,,,,,,,,
S3,"S3 equilibrium-loop inlet (X4, H2/CO2 1.18)","P3 (k_meth, Ea_meth, n)",3,675/750/800,18,2.1290384806844918,277.9111372380452,2.758138010128259,0.5237802532829092,1.6313901765505994,,,,,,,,
S3,"S3 equilibrium-loop inlet (X4, H2/CO2 1.18)","P3 (k_meth, Ea_meth, n)",3,675/750/775,18,1.9671848815231483,369.7539204609088,3.056918697776471,0.4950568829512091,1.859271903213572,,,,,,,,
S3,"S3 equilibrium-loop inlet (X4, H2/CO2 1.18)","P3 (k_meth, Ea_meth, n)",3,675/750/850,18,1.9284595732115224,339.4961290574716,3.0643088215879386,0.5107031625092506,1.8312962314733496,,,,,,,,
S3,"S3 equilibrium-loop inlet (X4, H2/CO2 1.18)","P3 (k_meth, Ea_meth, n)",3,700/800/825,18,1.8963526545645635,300.5663978448977,2.8734508659413933,0.5928109856500415,1.5167713313969111,,,,,,,,
S3,"S3 equilibrium-loop inlet (X4, H2/CO2 1.18)","P3 (k_meth, Ea_meth, n)",3,700/750/825,18,1.8776196732578292,351.465064157043,2.844505036515854,0.5574708082512385,1.597137439380077,,,,,,,,
S3,"S3 equilibrium-loop inlet (X4, H2/CO2 1.18)","P3 (k_meth, Ea_meth, n)",3,675/775/800,18,1.8425827220232835,310.8631225358889,3.0926224367522663,0.5977441578063553,1.7814404695799417,,,,,,,,
S3,"S3 equilibrium-loop inlet (X4, H2/CO2 1.18)","P3 (k_meth, Ea_meth, n)",3,675/700/800,18,1.8215011290202479,548.457877029625,3.2032385838142945,0.7226553611653526,1.8071516161429635,,,,,,,,
S3,"S3 equilibrium-loop inlet (X4, H2/CO2 1.18)","P3 (k_meth, Ea_meth, n)",3,700/775/825,18,1.7900137696464422,356.1620735618074,3.008383091796715,0.5733622924238726,1.6404585281334192,,,,,,,,
S3,"S3 equilibrium-loop inlet (X4, H2/CO2 1.18)","P3 (k_meth, Ea_meth, n)",3,675/700/750,18,1.7810499842375291,674.9965631083045,3.284545668921472,0.6104667347471776,2.0758435436806413,,,,,,,,
S3,"S3 equilibrium-loop inlet (X4, H2/CO2 1.18)","P3 (k_meth, Ea_meth, n)",3,600/625/850,18,1.7760903969658364,1258.4455458876562,4.467791362153005,0.5225451937494664,2.982703334854192,,,,,,,,
S3,"S3 equilibrium-loop inlet (X4, H2/CO2 1.18)","P3 (k_meth, Ea_meth, n)",3,700/825/850,18,1.7697125687955808,344.7147919348252,3.087636395062224,0.5750504644200161,1.6618963839470726,,,,,,,,
S3,"S3 equilibrium-loop inlet (X4, H2/CO2 1.18)","P3 (k_meth, Ea_meth, n)",3,600/625/650,18,1.763158778148148,3290.8385883754295,6.039401899143099,0.5276944987177836,4.014622737086792,,,,,,,,
S3,"S3 equilibrium-loop inlet (X4, H2/CO2 1.18)","P3 (k_meth, Ea_meth, n)",3,675/700/775,18,1.730725520096564,663.6081107001503,3.4152449954948523,0.6435918445787107,2.0275823112262836,,,,,,,,
S3,"S3 equilibrium-loop inlet (X4, H2/CO2 1.18)","P3 (k_meth, Ea_meth, n)",3,675/775/850,18,1.6373015008546703,378.6677058500272,3.4361924495510405,0.5888335722000273,2.002707607553202,,,,,,,,
S3,"S3 equilibrium-loop inlet (X4, H2/CO2 1.18)","P3 (k_meth, Ea_meth, n)",3,675/700/850,18,1.6315651331014958,678.0394216992382,3.5655909792108127,0.6935269748987399,2.054571132375379,,,,,,,,
S3,"S3 equilibrium-loop inlet (X4, H2/CO2 1.18)","P3 (k_meth, Ea_meth, n)",3,675/800/850,18,1.6044541701637742,332.57725566755533,3.3573941009609727,0.6716270468434752,1.9094287219025112,,,,,,,,
S3,"S3 equilibrium-loop inlet (X4, H2/CO2 1.18)","P3 (k_meth, Ea_meth, n)",3,600/625/675,18,1.5800684608728504,5912.382532476468,8.903307643205322,0.30863095763744336,5.614801981142022,,,,,,,,
S3,"S3 equilibrium-loop inlet (X4, H2/CO2 1.18)","P3 (k_meth, Ea_meth, n)",3,700/725/850,18,1.5207551796410677,343.62799010892735,2.829990196105779,0.8059121889496093,1.4416854771586354,,,,,,,,
S3,"S3 equilibrium-loop inlet (X4, H2/CO2 1.18)","P3 (k_meth, Ea_meth, n)",3,700/725/800,18,1.501547049686935,331.88793538033855,2.7833520845061974,0.8826590446446708,1.3436670159481277,,,,,,,,
S3,"S3 equilibrium-loop inlet (X4, H2/CO2 1.18)","P3 (k_meth, Ea_meth, n)",3,700/725/775,18,1.4396089709861206,344.31887460118423,2.739873924327327,0.8416805905561328,1.4373367267884603,,,,,,,,
S3,"S3 equilibrium-loop inlet (X4, H2/CO2 1.18)","P3 (k_meth, Ea_meth, n)",3,700/750/800,18,1.4230536153830027,318.7807418532659,2.9048754295557457,0.7284695577676488,1.5261253579294356,,,,,,,,
S3,"S3 equilibrium-loop inlet (X4, H2/CO2 1.18)","P3 (k_meth, Ea_meth, n)",3,700/725/750,18,1.3820367236100695,323.0618365645115,2.533238399190889,0.8739062046170061,1.4725474800584015,,,,,,,,
S3,"S3 equilibrium-loop inlet (X4, H2/CO2 1.18)","P3 (k_meth, Ea_meth, n)",3,700/750/850,18,1.3262963808988872,365.9907004721917,3.11214726872709,0.6842089695914261,1.6897334239490152,,,,,,,,
S3,"S3 equilibrium-loop inlet (X4, H2/CO2 1.18)","P3 (k_meth, Ea_meth, n)",3,700/750/775,18,1.2622550140020037,380.81390614516965,3.0420668883608712,0.7053470631551298,1.7046542266324811,,,,,,,,
S3,"S3 equilibrium-loop inlet (X4, H2/CO2 1.18)","P3 (k_meth, Ea_meth, n)",3,700/775/800,18,1.2525547062488855,360.72902903143034,3.259845388904615,0.7763838279670459,1.6377451499632016,,,,,,,,
S3,"S3 equilibrium-loop inlet (X4, H2/CO2 1.18)","P3 (k_meth, Ea_meth, n)",3,700/800/850,18,1.1863965011083515,368.076843285855,3.4463828021600387,0.793422303400988,1.7145516184673053,,,,,,,,
S3,"S3 equilibrium-loop inlet (X4, H2/CO2 1.18)","P3 (k_meth, Ea_meth, n)",3,700/775/850,18,1.153016955059448,408.86866379525327,3.479055757300102,0.7347028032058945,1.8091444017784515,,,,,,,,
S3,"S3 equilibrium-loop inlet (X4, H2/CO2 1.18)","P3 (k_meth, Ea_meth, n)",3,725/800/825,18,0.9837300697271809,215.89512401969188,2.88474778815157,0.7761690495747225,1.2588884910724232,,,,,,,,
S3,"S3 equilibrium-loop inlet (X4, H2/CO2 1.18)","P3 (k_meth, Ea_meth, n)",3,725/825/850,18,0.9705657748622807,221.70257316230413,2.9315811269566714,0.7234665686918454,1.3403375835579656,,,,,,,,
S3,"S3 equilibrium-loop inlet (X4, H2/CO2 1.18)","P3 (k_meth, Ea_meth, n)",3,725/750/825,18,0.9591972311345929,256.45175234024356,2.853687314725264,0.8096826818896795,1.317946944676048,,,,,,,,
S3,"S3 equilibrium-loop inlet (X4, H2/CO2 1.18)","P3 (k_meth, Ea_meth, n)",3,725/775/825,18,0.8959475515600359,244.3282318863842,2.936786337699801,0.7854345579115024,1.3350250996796094,,,,,,,,
S3,"S3 equilibrium-loop inlet (X4, H2/CO2 1.18)","P3 (k_meth, Ea_meth, n)",3,725/800/850,18,0.4258312199564127,230.13491209833106,3.317488203937894,0.9414508839212511,1.3434132826572631,,,,,,,,
S3,"S3 equilibrium-loop inlet (X4, H2/CO2 1.18)","P3 (k_meth, Ea_meth, n)",3,725/750/850,18,0.42227843311697555,267.92714081960577,3.19075959440281,0.9807945687843801,1.3627923746072237,,,,,,,,
S3,"S3 equilibrium-loop inlet (X4, H2/CO2 1.18)","P3 (k_meth, Ea_meth, n)",3,725/775/850,18,0.35993790341135057,258.22854438636006,3.336455454489096,0.9439104689103751,1.406991919838555,,,,,,,,
S3,"S3 equilibrium-loop inlet (X4, H2/CO2 1.18)","P3 (k_meth, Ea_meth, n)",3,725/750/800,18,0.2717992662154778,294.89948897224394,3.333726763664424,1.14998691738205,1.2720663553062364,,,,,,,,
S3,"S3 equilibrium-loop inlet (X4, H2/CO2 1.18)","P3 (k_meth, Ea_meth, n)",3,725/775/800,18,0.2550246832859564,277.99785460237445,3.4456660674376454,1.0802044867137395,1.3163705229861258,,,,,,,,
S3,"S3 equilibrium-loop inlet (X4, H2/CO2 1.18)","P3 (k_meth, Ea_meth, n)",3,725/750/775,18,0.0686399097014343,320.1438083682292,3.337886292082214,1.20814338881143,1.3870495938454916,,,,,,,,
S3,"S3 equilibrium-loop inlet (X4, H2/CO2 1.18)","P3 (k_meth, Ea_meth, n)",3,750/825/850,18,-0.9781234251442728,577.3209004213185,5.423146421191308,1.2670321677142915,1.5879280783038567,,,,,,,,
S3,"S3 equilibrium-loop inlet (X4, H2/CO2 1.18)","P3 (k_meth, Ea_meth, n)",3,750/800/825,18,-0.9927770131041926,594.7601882111015,5.457005798725673,1.419648304546007,1.432631251457599,,,,,,,,
S3,"S3 equilibrium-loop inlet (X4, H2/CO2 1.18)","P3 (k_meth, Ea_meth, n)",3,750/775/825,18,-1.0193126369352847,655.2242984866092,5.442712136296994,1.4034544207765662,1.5600272326162272,,,,,,,,
S3,"S3 equilibrium-loop inlet (X4, H2/CO2 1.18)","P3 (k_meth, Ea_meth, n)",3,750/800/850,18,-1.5155064515820484,579.083668475062,6.1711714345950295,1.600668165615865,1.582424042433432,,,,,,,,
S3,"S3 equilibrium-loop inlet (X4, H2/CO2 1.18)","P3 (k_meth, Ea_meth, n)",3,750/775/850,18,-1.5786805212570596,694.2857002371571,6.327044338838211,1.6284265905200574,1.7263059849343303,,,,,,,,
S3,"S3 equilibrium-loop inlet (X4, H2/CO2 1.18)","P3 (k_meth, Ea_meth, n)",3,750/775/800,18,-2.015973894549361,1072.0916711290295,7.763048288680563,2.2748088661910506,1.5724152654398134,,,,,,,,
S3,"S3 equilibrium-loop inlet (X4, H2/CO2 1.18)","P3 (k_meth, Ea_meth, n)",3,775/825/850,18,-2.1320059407229457,932.9292469972222,7.504460696246366,1.844303916187433,1.6272289245558271,,,,,,,,
S3,"S3 equilibrium-loop inlet (X4, H2/CO2 1.18)","P3 (k_meth, Ea_meth, n)",3,775/800/825,18,-2.2302152582549066,1103.9888071552643,8.050287833343956,2.1722676544499815,1.4780286928721602,,,,,,,,
S3,"S3 equilibrium-loop inlet (X4, H2/CO2 1.18)","P3 (k_meth, Ea_meth, n)",3,775/800/850,18,-2.665751419613914,854.3303620838628,8.34880594902815,2.1867281480392875,1.6767942118614425,,,,,,,,
S3,"S3 equilibrium-loop inlet (X4, H2/CO2 1.18)","P3 (k_meth, Ea_meth, n)",3,800/825/850,18,-3.6617364718907224,3005.5879362391374,14.317949500959438,3.6761602178061303,1.5154883848598029,,,,,,,,
S3,"S3 equilibrium-loop inlet (X4, H2/CO2 1.18)","P3 (k_meth, Ea_meth, n)",4,600/650/700/725,24,4.9700347847121265,435.04113550273433,2.3497879422506815,0.2204318192025725,1.523278456162587,,,,,,,,
S3,"S3 equilibrium-loop inlet (X4, H2/CO2 1.18)","P3 (k_meth, Ea_meth, n)",4,600/650/725/825,24,4.8959191581688914,280.7283839794788,2.156087866694472,0.22403216549677504,1.414014669203343,,,,,,,,
S3,"S3 equilibrium-loop inlet (X4, H2/CO2 1.18)","P3 (k_meth, Ea_meth, n)",4,600/625/700/725,24,4.866877951463778,523.6807211320734,2.6634128775077586,0.20366220671781377,1.6793994671027903,,,,,,,,
S3,"S3 equilibrium-loop inlet (X4, H2/CO2 1.18)","P3 (k_meth, Ea_meth, n)",4,625/700/725/825,24,4.860931979572597,304.24911297504303,2.1793015214607356,0.22753383737622535,1.3657376415157971,,,,,,,,
S3,"S3 equilibrium-loop inlet (X4, H2/CO2 1.18)","P3 (k_meth, Ea_meth, n)",4,625/650/700/725,24,4.852981289110923,499.1004054859579,2.33595310243895,0.2540203213805897,1.5066630949715285,,,,,,,,
S3,"S3 equilibrium-loop inlet (X4, H2/CO2 1.18)","P3 (k_meth, Ea_meth, n)",4,600/700/725/825,24,4.852115941569233,255.29455050536515,2.1680595601009163,0.20237792629327306,1.364643123162068,,,,,,,,
S3,"S3 equilibrium-loop inlet (X4, H2/CO2 1.18)","P3 (k_meth, Ea_meth, n)",4,625/650/725/825,24,4.838290102725429,335.7858441739352,2.1481710289082154,0.2560629029373434,1.3958312436671878,,,,,,,,
S3,"S3 equilibrium-loop inlet (X4, H2/CO2 1.18)","P3 (k_meth, Ea_meth, n)",4,600/700/725/800,24,4.795105101123572,218.133678993096,2.0829957920695534,0.21535736961151225,1.3125865670747534,,,,,,,,
S3,"S3 equilibrium-loop inlet (X4, H2/CO2 1.18)","P3 (k_meth, Ea_meth, n)",4,600/650/725/750,24,4.790143504106721,317.5782298163892,2.2571615411550128,0.22504334558206018,1.4677683158184998,,,,,,,,
S3,"S3 equilibrium-loop inlet (X4, H2/CO2 1.18)","P3 (k_meth, Ea_meth, n)",4,625/700/725/800,24,4.771112805369822,269.48085181506315,2.098658602675067,0.2466816359195372,1.3153511723804159,,,,,,,,
S3,"S3 equilibrium-loop inlet (X4, H2/CO2 1.18)","P3 (k_meth, Ea_meth, n)",4,600/650/725/800,24,4.753084669717053,261.0685052431257,2.08817042819587,0.2491242433254165,1.3749336512132233,,,,,,,,
S3,"S3 equilibrium-loop inlet (X4, H2/CO2 1.18)","P3 (k_meth, Ea_meth, n)",4,600/625/725/825,24,4.74158279388794,347.42804612425255,2.3570527661905882,0.21867651059098653,1.5016331438155992,,,,,,,,
S3,"S3 equilibrium-loop inlet (X4, H2/CO2 1.18)","P3 (k_meth, Ea_meth, n)",4,600/675/725/825,24,4.712395677423294,276.4222788192209,2.2878893812425027,0.21589580247540624,1.4448599428014384,,,,,,,,
S3,"S3 equilibrium-loop inlet (X4, H2/CO2 1.18)","P3 (k_meth, Ea_meth, n)",4,600/700/725/750,24,4.706530101520475,302.78277471889817,2.3100182867272165,0.20566289430350046,1.4502718451437553,,,,,,,,
S3,"S3 equilibrium-loop inlet (X4, H2/CO2 1.18)","P3 (k_meth, Ea_meth, n)",4,625/650/725/750,24,4.706007216938613,377.27945585067243,2.2441462924187308,0.25938123924937123,1.449975827164536,,,,,,,,
S3,"S3 equilibrium-loop inlet (X4, H2/CO2 1.18)","P3 (k_meth, Ea_meth, n)",4,625/700/725/750,24,4.697915673944557,356.8964115380848,2.3097796925552685,0.23202256166960772,1.4479456371207893,,,,,,,,
S3,"S3 equilibrium-loop inlet (X4, H2/CO2 1.18)","P3 (k_meth, Ea_meth, n)",4,600/675/700/725,24,4.689961225621774,486.391738849687,2.560263383646115,0.22168102750211138,1.6140936969122406,,,,,,,,
S3,"S3 equilibrium-loop inlet (X4, H2/CO2 1.18)","P3 (k_meth, Ea_meth, n)",4,600/650/675/725,24,4.68895657812199,517.8962339173412,2.5116002516184754,0.24462529054667262,1.6268163142851484,,,,,,,,
S3,"S3 equilibrium-loop inlet (X4, H2/CO2 1.18)","P3 (k_meth, Ea_meth, n)",4,600/650/700/825,24,4.679936830334821,483.356931689827,2.612063650895971,0.22231293287569232,1.697623228575224,,,,,,,,
S3,"S3 equilibrium-loop inlet (X4, H2/CO2 1.18)","P3 (k_meth, Ea_meth, n)",4,600/650/725/775,24,4.676606316023496,310.6793446908986,2.263883676472996,0.2372202494852283,1.484475097717103,,,,,,,,
S3,"S3 equilibrium-loop inlet (X4, H2/CO2 1.18)","P3 (k_meth, Ea_meth, n)",4,600/700/725/775,24,4.668937019222847,273.229625759064,2.2745510898387393,0.21055104684654333,1.4332717628563802,,,,,,,,
S3,"S3 equilibrium-loop inlet (X4, H2/CO2 1.18)","P3 (k_meth, Ea_meth, n)",4,625/675/725/825,24,4.664556307805765,344.48933539735015,2.3037488779815143,0.2473992352085396,1.4482025474972282,,,,,,,,
S3,"S3 equilibrium-loop inlet (X4, H2/CO2 1.18)","P3 (k_meth, Ea_meth, n)",4,625/725/750/825,24,4.657560185114787,200.75442361652952,2.1010509139520703,0.22374310291932947,1.3166918501916833,,,,,,,,
S3,"S3 equilibrium-loop inlet (X4, H2/CO2 1.18)","P3 (k_meth, Ea_meth, n)",4,625/700/725/775,24,4.654543447417135,330.4090677764354,2.2840429828638076,0.23942467891903133,1.4331990195884676,,,,,,,,
S3,"S3 equilibrium-loop inlet (X4, H2/CO2 1.18)","P3 (k_meth, Ea_meth, n)",4,600/700/725/850,24,4.639571410777829,249.7819952488426,2.2425690251591934,0.21502122457909556,1.4123770396702409,,,,,,,,
S3,"S3 equilibrium-loop inlet (X4, H2/CO2 1.18)","P3 (k_meth, Ea_meth, n)",4,625/650/725/800,24,4.636458344784662,313.9708893046131,2.0886070226797173,0.2935947652633409,1.3612053516528968,,,,,,,,
S3,"S3 equilibrium-loop inlet (X4, H2/CO2 1.18)","P3 (k_meth, Ea_meth, n)",4,600/675/725/800,24,4.63022889530485,242.52313938481456,2.1922566820268994,0.23391316072690907,1.3867682287563314,,,,,,,,
S3,"S3 equilibrium-loop inlet (X4, H2/CO2 1.18)","P3 (k_meth, Ea_meth, n)",4,625/700/725/850,24,4.6180930263149165,309.2650239221894,2.257668063121764,0.24619074788685147,1.4151154847364844,,,,,,,,
S3,"S3 equilibrium-loop inlet (X4, H2/CO2 1.18)","P3 (k_meth, Ea_meth, n)",4,600/625/725/750,24,4.608650167358063,404.9733413769102,2.542928289904875,0.21606746524017645,1.5967454079974421,,,,,,,,
S3,"S3 equilibrium-loop inlet (X4, H2/CO2 1.18)","P3 (k_meth, Ea_meth, n)",4,625/725/800/825,24,4.608144387881122,158.55976572791155,1.9758427005839692,0.24453434199637009,1.251718212068792,,,,,,,,
S3,"S3 equilibrium-loop inlet (X4, H2/CO2 1.18)","P3 (k_meth, Ea_meth, n)",4,600/650/700/800,24,4.59750657222772,427.149316427259,2.4749552839857767,0.24495897866781247,1.6115689412629737,,,,,,,,
S3,"S3 equilibrium-loop inlet (X4, H2/CO2 1.18)","P3 (k_meth, Ea_meth, n)",4,600/625/650/725,24,4.597062290096847,636.2744540986866,2.6233082126438987,0.2585497943853631,1.7032889187135805,,,,,,,,
S3,"S3 equilibrium-loop inlet (X4, H2/CO2 1.18)","P3 (k_meth, Ea_meth, n)",4,600/625/725/800,24,4.594246859037292,319.16763276770547,2.2553207776470474,0.2457719910835909,1.446401362529115,,,,,,,,
S3,"S3 equilibrium-loop inlet (X4, H2/CO2 1.18)","P3 (k_meth, Ea_meth, n)",4,600/650/725/850,24,4.591763380656518,301.06630074047933,2.2469369764075884,0.24982955325569614,1.4779505144786684,,,,,,,,
S3,"S3 equilibrium-loop inlet (X4, H2/CO2 1.18)","P3 (k_meth, Ea_meth, n)",4,625/650/700/825,24,4.589320985283717,563.1337308600025,2.5967739878971225,0.2553185123540088,1.6763314302791656,,,,,,,,
S3,"S3 equilibrium-loop inlet (X4, H2/CO2 1.18)","P3 (k_meth, Ea_meth, n)",4,625/650/725/775,24,4.584034063991506,369.71911097513447,2.2516183140251957,0.2761060471192075,1.463177683376254,,,,,,,,
S3,"S3 equilibrium-loop inlet (X4, H2/CO2 1.18)","P3 (k_meth, Ea_meth, n)",4,625/675/700/725,24,4.574138127316353,564.0093324768111,2.563298753483018,0.25610709609226406,1.6116740774220653,,,,,,,,
S3,"S3 equilibrium-loop inlet (X4, H2/CO2 1.18)","P3 (k_meth, Ea_meth, n)",4,600/675/725/750,24,4.553132271988579,333.32327682941957,2.4495882729472456,0.2184863395025594,1.5410286350513516,,,,,,,,
S3,"S3 equilibrium-loop inlet (X4, H2/CO2 1.18)","P3 (k_meth, Ea_meth, n)",4,625/725/775/825,24,4.551690964689764,188.14872557469286,2.1091415267460554,0.23521863297093443,1.3321410239240496,,,,,,,,
S3,"S3 equilibrium-loop inlet (X4, H2/CO2 1.18)","P3 (k_meth, Ea_meth, n)",4,625/725/750/800,24,4.546256557689645,176.58412365107145,2.0237622712572194,0.24396061343236003,1.27072513485731,,,,,,,,
S3,"S3 equilibrium-loop inlet (X4, H2/CO2 1.18)","P3 (k_meth, Ea_meth, n)",4,600/725/750/825,24,4.544921490276699,167.58812680429173,2.0952463832092234,0.1996449694240585,1.317723464898547,,,,,,,,
S3,"S3 equilibrium-loop inlet (X4, H2/CO2 1.18)","P3 (k_meth, Ea_meth, n)",4,600/625/675/725,24,4.539934680979734,663.6995270394613,2.893357344276793,0.22754326434634947,1.8275573492129389,,,,,,,,
S3,"S3 equilibrium-loop inlet (X4, H2/CO2 1.18)","P3 (k_meth, Ea_meth, n)",4,650/700/725/825,24,4.539374641635322,296.1313904029,1.9736055780880821,0.29127421470708514,1.2907910120412263,,,,,,,,
S3,"S3 equilibrium-loop inlet (X4, H2/CO2 1.18)","P3 (k_meth, Ea_meth, n)",4,625/675/725/800,24,4.533177621249309,309.2832206502658,2.2160049279277745,0.27523727371454415,1.3938446762770362,,,,,,,,
S3,"S3 equilibrium-loop inlet (X4, H2/CO2 1.18)","P3 (k_meth, Ea_meth, n)",4,625/700/800/825,24,4.505894347704944,278.045104923663,2.3068427324400202,0.248909798502992,1.4491126629995645,,,,,,,,
S3,"S3 equilibrium-loop inlet (X4, H2/CO2 1.18)","P3 (k_meth, Ea_meth, n)",4,600/625/725/775,24,4.502075619339482,390.2990069265103,2.4974731396682803,0.2315867808741468,1.5894100359071823,,,,,,,,
S3,"S3 equilibrium-loop inlet (X4, H2/CO2 1.18)","P3 (k_meth, Ea_meth, n)",4,600/675/725/775,24,4.500618803680661,304.67883864636747,2.4136982175697073,0.22642300258049786,1.525312448590111,,,,,,,,
S3,"S3 equilibrium-loop inlet (X4, H2/CO2 1.18)","P3 (k_meth, Ea_meth, n)",4,625/650/675/725,24,4.496959919378325,589.9591540914462,2.495003944867427,0.2917571355127745,1.608143598887334,,,,,,,,
S3,"S3 equilibrium-loop inlet (X4, H2/CO2 1.18)","P3 (k_meth, Ea_meth, n)",4,600/700/800/825,24,4.493482387715064,211.09855791954982,2.272736473094902,0.21704188715295208,1.437626255559971,,,,,,,,
S3,"S3 equilibrium-loop inlet (X4, H2/CO2 1.18)","P3 (k_meth, Ea_meth, n)",4,600/725/800/825,24,4.490633521320975,126.95725791377954,1.9503759001122936,0.21507205655916056,1.249753876843446,,,,,,,,
S3,"S3 equilibrium-loop inlet (X4, H2/CO2 1.18)","P3 (k_meth, Ea_meth, n)",4,625/675/725/750,24,4.487408592224237,405.9465586487495,2.449395769816835,0.25145715416298875,1.5383889167716491,,,,,,,,
S3,"S3 equilibrium-loop inlet (X4, H2/CO2 1.18)","P3 (k_meth, Ea_meth, n)",4,625/650/725/850,24,4.479223972052271,360.2661199161806,2.2420999467905522,0.2942835400146826,1.4602500835500714,,,,,,,,
S3,"S3 equilibrium-loop inlet (X4, H2/CO2 1.18)","P3 (k_meth, Ea_meth, n)",4,600/625/700/825,24,4.473301389275397,633.8987347711042,3.0324014385305995,0.21206776625788062,1.9186890995226946,,,,,,,,
S3,"S3 equilibrium-loop inlet (X4, H2/CO2 1.18)","P3 (k_meth, Ea_meth, n)",4,625/725/825/850,24,4.472607573008631,177.34967807639254,2.1007148711263293,0.2448122146200697,1.3296977095880818,,,,,,,,
S3,"S3 equilibrium-loop inlet (X4, H2/CO2 1.18)","P3 (k_meth, Ea_meth, n)",4,600/650/700/750,24,4.470913858920932,598.1485065102211,2.8580175265553343,0.22543558367200442,1.848656292351967,,,,,,,,
S3,"S3 equilibrium-loop inlet (X4, H2/CO2 1.18)","P3 (k_meth, Ea_meth, n)",4,600/725/750/800,24,4.458918556936208,132.00176584248698,2.0145635851111474,0.21398846713525793,1.2711992477346878,,,,,,,,
S3,"S3 equilibrium-loop inlet (X4, H2/CO2 1.18)","P3 (k_meth, Ea_meth, n)",4,625/700/750/825,24,4.457123849957826,369.5376336093328,2.535449818823807,0.22789824930784866,1.5853593305303317,,,,,,,,
S3,"S3 equilibrium-loop inlet (X4, H2/CO2 1.18)","P3 (k_meth, Ea_meth, n)",4,600/675/725/850,24,4.456742237340601,282.9297886210853,2.3788506770110427,0.23384427598410631,1.5037457017212652,,,,,,,,
S3,"S3 equilibrium-loop inlet (X4, H2/CO2 1.18)","P3 (k_meth, Ea_meth, n)",4,625/725/750/775,24,4.453729763891362,216.82300748375135,2.196685444942607,0.23597998275619553,1.377639337627873,,,,,,,,
S3,"S3 equilibrium-loop inlet (X4, H2/CO2 1.18)","P3 (k_meth, Ea_meth, n)",4,600/650/750/825,24,4.445579925224977,350.91343003585564,2.4915213931609705,0.23199388215579358,1.6317316422737231,,,,,,,,
S3,"S3 equilibrium-loop inlet (X4, H2/CO2 1.18)","P3 (k_meth, Ea_meth, n)",4,625/650/700/800,24,4.445061670580417,502.24129029590733,2.470368957689085,0.29023651890360364,1.596526837526951,,,,,,,,
S3,"S3 equilibrium-loop inlet (X4, H2/CO2 1.18)","P3 (k_meth, Ea_meth, n)",4,600/725/775/825,24,4.433822371018204,153.59437648627176,2.0898799165066935,0.20814748231126745,1.3317518355576952,,,,,,,,
S3,"S3 equilibrium-loop inlet (X4, H2/CO2 1.18)","P3 (k_meth, Ea_meth, n)",4,600/625/700/800,24,4.427276446649676,544.1541265860329,2.810317545174289,0.23394841786111467,1.7844778318566075,,,,,,,,
S3,"S3 equilibrium-loop inlet (X4, H2/CO2 1.18)","P3 (k_meth, Ea_meth, n)",4,600/700/750/825,24,4.426995498006521,302.6991252852262,2.528421397544634,0.2025117480453566,1.5845192506266497,,,,,,,,
S3,"S3 equilibrium-loop inlet (X4, H2/CO2 1.18)","P3 (k_meth, Ea_meth, n)",4,650/725/750/825,24,4.424524372912301,210.75805872400792,1.9176012458214275,0.2754199322833694,1.2640340774132208,,,,,,,,
S3,"S3 equilibrium-loop inlet (X4, H2/CO2 1.18)","P3 (k_meth, Ea_meth, n)",4,625/675/725/775,24,4.421265423204463,381.0417465074793,2.4275178259978647,0.26354034609891086,1.5273185312708153,,,,,,,,
S3,"S3 equilibrium-loop inlet (X4, H2/CO2 1.18)","P3 (k_meth, Ea_meth, n)",4,600/650/700/775,24,4.409774200035396,563.1222365280483,2.8178793358651233,0.2347078746910791,1.831501516143479,,,,,,,,
S3,"S3 equilibrium-loop inlet (X4, H2/CO2 1.18)","P3 (k_meth, Ea_meth, n)",4,625/725/775/800,24,4.404337388410406,170.37818862623752,2.0491126188046187,0.26047830487249457,1.299019037938459,,,,,,,,
S3,"S3 equilibrium-loop inlet (X4, H2/CO2 1.18)","P3 (k_meth, Ea_meth, n)",4,625/650/750/825,24,4.400204717510221,417.13972368221135,2.4721058151465405,0.26585362391187295,1.6044310766992267,,,,,,,,
S3,"S3 equilibrium-loop inlet (X4, H2/CO2 1.18)","P3 (k_meth, Ea_meth, n)",4,600/675/700/825,24,4.3999388939932835,540.5263753548873,2.8877367598411916,0.22007927784529635,1.8176784229573837,,,,,,,,
S3,"S3 equilibrium-loop inlet (X4, H2/CO2 1.18)","P3 (k_meth, Ea_meth, n)",4,600/625/725/850,24,4.398361995395044,379.55068548644897,2.4603249669353042,0.2472240788475839,1.5737026093965145,,,,,,,,
S3,"S3 equilibrium-loop inlet (X4, H2/CO2 1.18)","P3 (k_meth, Ea_meth, n)",4,625/725/750/850,24,4.396671549859588,200.5163721606714,2.168101712892652,0.2437804145847279,1.3600137668310428,,,,,,,,
S3,"S3 equilibrium-loop inlet (X4, H2/CO2 1.18)","P3 (k_meth, Ea_meth, n)",4,600/700/750/800,24,4.3925814231691325,247.36644615764297,2.387964929161476,0.21624779116748796,1.4987752641888372,,,,,,,,
S3,"S3 equilibrium-loop inlet (X4, H2/CO2 1.18)","P3 (k_meth, Ea_meth, n)",4,650/725/800/825,24,4.392342858696022,170.47913509795026,1.8332814817428833,0.29145833076053124,1.2016354536674752,,,,,,,,
S3,"S3 equilibrium-loop inlet (X4, H2/CO2 1.18)","P3 (k_meth, Ea_meth, n)",4,625/700/750/800,24,4.390060128073463,316.0458496817796,2.398967130303572,0.24801265222646207,1.500987358341159,,,,,,,,
S3,"S3 equilibrium-loop inlet (X4, H2/CO2 1.18)","P3 (k_meth, Ea_meth, n)",4,650/675/725/825,24,4.378905894815965,321.906019323427,2.07243264618677,0.3127287699118359,1.3472794587658936,,,,,,,,
S3,"S3 equilibrium-loop inlet (X4, H2/CO2 1.18)","P3 (k_meth, Ea_meth, n)",4,600/675/700/800,24,4.377111547312316,452.24079623123527,2.694707147924639,0.23807593610849112,1.6971381239831016,,,,,,,,
S3,"S3 equilibrium-loop inlet (X4, H2/CO2 1.18)","P3 (k_meth, Ea_meth, n)",4,625/700/775/825,24,4.376872442908731,348.6713764467509,2.537136951662624,0.24002268086215314,1.5926700632505402,,,,,,,,
S3,"S3 equilibrium-loop inlet (X4, H2/CO2 1.18)","P3 (k_meth, Ea_meth, n)",4,650/700/725/800,24,4.3719586872550025,263.60895009140654,1.909475816018167,0.3262633332360329,1.2444220477072812,,,,,,,,
S3,"S3 equilibrium-loop inlet (X4, H2/CO2 1.18)","P3 (k_meth, Ea_meth, n)",4,600/650/700/850,24,4.367551684062388,528.9571742159435,2.7607549337766124,0.24535868261431357,1.7964138531395715,,,,,,,,
S3,"S3 equilibrium-loop inlet (X4, H2/CO2 1.18)","P3 (k_meth, Ea_meth, n)",4,600/725/750/775,24,4.364255943489308,169.39296025606578,2.192690626875493,0.20827379132705368,1.379498606110441,,,,,,,,
S3,"S3 equilibrium-loop inlet (X4, H2/CO2 1.18)","P3 (k_meth, Ea_meth, n)",4,625/675/725/850,24,4.362130247373331,360.98611732391953,2.402134636739512,0.27502692612950363,1.5108023745717534,,,,,,,,
S3,"S3 equilibrium-loop inlet (X4, H2/CO2 1.18)","P3 (k_meth, Ea_meth, n)",4,600/700/775/825,24,4.355456911783863,273.71515721349414,2.5106152549525222,0.21093409922930967,1.5847369792927686,,,,,,,,
S3,"S3 equilibrium-loop inlet (X4, H2/CO2 1.18)","P3 (k_meth, Ea_meth, n)",4,625/650/700/750,24,4.354091424432912,691.7244879905566,2.836312427432406,0.2614168628089114,1.826755931080496,,,,,,,,
S3,"S3 equilibrium-loop inlet (X4, H2/CO2 1.18)","P3 (k_meth, Ea_meth, n)",4,600/725/825/850,24,4.350608045106941,142.90265800290928,2.0745616973023115,0.2154228653189792,1.3270104836742322,,,,,,,,
S3,"S3 equilibrium-loop inlet (X4, H2/CO2 1.18)","P3 (k_meth, Ea_meth, n)",4,650/725/775/825,24,4.3385366830542855,199.79483002195056,1.9363203845144015,0.2821752095585693,1.2741402074562163,,,,,,,,
S3,"S3 equilibrium-loop inlet (X4, H2/CO2 1.18)","P3 (k_meth, Ea_meth, n)",4,600/650/675/825,24,4.327932407163335,618.7542464705766,2.8680682427189303,0.2528869617420174,1.8654615484913613,,,,,,,,
S3,"S3 equilibrium-loop inlet (X4, H2/CO2 1.18)","P3 (k_meth, Ea_meth, n)",4,625/700/825/850,24,4.323035305403554,327.63823809193894,2.5158074998475004,0.2494075849326218,1.5798675231274777,,,,,,,,
S3,"S3 equilibrium-loop inlet (X4, H2/CO2 1.18)","P3 (k_meth, Ea_meth, n)",4,600/725/775/800,24,4.315559645682295,123.30850150197541,2.0222892945562467,0.22600528030359995,1.2965156667544375,,,,,,,,
S3,"S3 equilibrium-loop inlet (X4, H2/CO2 1.18)","P3 (k_meth, Ea_meth, n)",4,600/700/825/850,24,4.30883340359393,247.26573260057157,2.47889119910155,0.2174290147448864,1.5664680355805733,,,,,,,,
S3,"S3 equilibrium-loop inlet (X4, H2/CO2 1.18)","P3 (k_meth, Ea_meth, n)",4,625/675/700/825,24,4.305447352292797,649.7032827713812,2.909456169878316,0.2538716067200801,1.8246558460110112,,,,,,,,
S3,"S3 equilibrium-loop inlet (X4, H2/CO2 1.18)","P3 (k_meth, Ea_meth, n)",4,600/725/750/850,24,4.304886792950203,149.10973855885646,2.160099950898231,0.213958168795002,1.360322752281084,,,,,,,,
S3,"S3 equilibrium-loop inlet (X4, H2/CO2 1.18)","P3 (k_meth, Ea_meth, n)",4,600/650/750/800,24,4.298540535782099,318.9486009207062,2.3780357180792824,0.26209033033180645,1.5653783093902491,,,,,,,,
S3,"S3 equilibrium-loop inlet (X4, H2/CO2 1.18)","P3 (k_meth, Ea_meth, n)",4,600/700/775/800,24,4.293100866742963,227.41892970695048,2.389662265804596,0.22740346896532465,1.5125035627832022,,,,,,,,
S3,"S3 equilibrium-loop inlet (X4, H2/CO2 1.18)","P3 (k_meth, Ea_meth, n)",4,625/725/800/850,24,4.292762836138465,164.729777810898,2.052656980573587,0.2750582894419222,1.3061755777731452,,,,,,,,
S3,"S3 equilibrium-loop inlet (X4, H2/CO2 1.18)","P3 (k_meth, Ea_meth, n)",4,625/650/700/775,24,4.285457252667145,651.870212743388,2.7929479733818803,0.2745636260031972,1.80358772768159,,,,,,,,
S3,"S3 equilibrium-loop inlet (X4, H2/CO2 1.18)","P3 (k_meth, Ea_meth, n)",4,650/725/825/850,24,4.280485625958796,187.50732560530668,1.9331450395720475,0.2901669803229616,1.2686029759853157,,,,,,,,
S3,"S3 equilibrium-loop inlet (X4, H2/CO2 1.18)","P3 (k_meth, Ea_meth, n)",4,600/650/800/825,24,4.280338974278216,319.88544943364434,2.395394850571723,0.27699094772625105,1.6049050239610314,,,,,,,,
S3,"S3 equilibrium-loop inlet (X4, H2/CO2 1.18)","P3 (k_meth, Ea_meth, n)",4,600/675/800/825,24,4.278193249613933,253.0862774954707,2.435078594809505,0.24212566872511185,1.5502425687824029,,,,,,,,
S3,"S3 equilibrium-loop inlet (X4, H2/CO2 1.18)","P3 (k_meth, Ea_meth, n)",4,625/700/775/800,24,4.274815113113302,305.7365843125884,2.4258162895157214,0.2647290922324784,1.524859727598498,,,,,,,,
S3,"S3 equilibrium-loop inlet (X4, H2/CO2 1.18)","P3 (k_meth, Ea_meth, n)",4,650/700/725/750,24,4.271297445983388,351.23479408509485,2.1000730526649964,0.32017492617740634,1.395902583953378,,,,,,,,
S3,"S3 equilibrium-loop inlet (X4, H2/CO2 1.18)","P3 (k_meth, Ea_meth, n)",4,650/700/725/775,24,4.265030324777777,319.2280835503849,2.061049991130212,0.3192801500931736,1.3555261366554423,,,,,,,,
S3,"S3 equilibrium-loop inlet (X4, H2/CO2 1.18)","P3 (k_meth, Ea_meth, n)",4,650/700/800/825,24,4.2646622513563095,269.4174412016731,2.075027360704886,0.3053120870989615,1.344805994842604,,,,,,,,
S3,"S3 equilibrium-loop inlet (X4, H2/CO2 1.18)","P3 (k_meth, Ea_meth, n)",4,650/725/750/800,24,4.264510679143391,184.93319270189406,1.8572841542503267,0.3059206786784565,1.2218822290550302,,,,,,,,
S3,"S3 equilibrium-loop inlet (X4, H2/CO2 1.18)","P3 (k_meth, Ea_meth, n)",4,625/725/775/850,24,4.257346914673519,192.7553703159705,2.1897889205513046,0.2607846278965662,1.3869497806080113,,,,,,,,
S3,"S3 equilibrium-loop inlet (X4, H2/CO2 1.18)","P3 (k_meth, Ea_meth, n)",4,650/700/725/850,24,4.246726482032446,296.7912087203586,2.0324393843343094,0.32441430423162715,1.327574370222117,,,,,,,,
S3,"S3 equilibrium-loop inlet (X4, H2/CO2 1.18)","P3 (k_meth, Ea_meth, n)",4,600/675/750/825,24,4.238581414624921,343.2578946250138,2.716664134040404,0.21802351175250373,1.7087013138044738,,,,,,,,
S3,"S3 equilibrium-loop inlet (X4, H2/CO2 1.18)","P3 (k_meth, Ea_meth, n)",4,625/675/700/800,24,4.227683969929949,554.5644566685614,2.726943423945825,0.2826144897727047,1.7094191209822447,,,,,,,,
S3,"S3 equilibrium-loop inlet (X4, H2/CO2 1.18)","P3 (k_meth, Ea_meth, n)",4,600/650/775/825,24,4.226585873771821,376.57806819140205,2.596973357023127,0.25716323986331696,1.725165970826068,,,,,,,,
S3,"S3 equilibrium-loop inlet (X4, H2/CO2 1.18)","P3 (k_meth, Ea_meth, n)",4,600/700/800/850,24,4.223331240026017,209.96551095435717,2.371201071459888,0.2363996394245372,1.5039670443237214,,,,,,,,
S3,"S3 equilibrium-loop inlet (X4, H2/CO2 1.18)","P3 (k_meth, Ea_meth, n)",4,625/650/700/850,24,4.220789719281662,618.1776075868189,2.746571849564142,0.29056862372788517,1.7744436926535656,,,,,,,,
S3,"S3 equilibrium-loop inlet (X4, H2/CO2 1.18)","P3 (k_meth, Ea_meth, n)",4,650/700/750/825,24,4.2200002470411295,346.7852944414952,2.237162815645987,0.28915193277924167,1.466806726424868,,,,,,,,
S3,"S3 equilibrium-loop inlet (X4, H2/CO2 1.18)","P3 (k_meth, Ea_meth, n)",4,625/675/750/825,24,4.207446541624629,439.5004958865937,2.72754896162908,0.250183123315832,1.7110202721247918,,,,,,,,
S3,"S3 equilibrium-loop inlet (X4, H2/CO2 1.18)","P3 (k_meth, Ea_meth, n)",4,625/675/800/825,24,4.2049142794145205,343.3285005550116,2.4925951136152924,0.28616761836093974,1.5752104990012044,,,,,,,,
S3,"S3 equilibrium-loop inlet (X4, H2/CO2 1.18)","P3 (k_meth, Ea_meth, n)",4,625/750/800/825,24,4.204638696351333,173.0523302319162,2.2000338393657186,0.25052703924047987,1.3905885708884802,,,,,,,,
S3,"S3 equilibrium-loop inlet (X4, H2/CO2 1.18)","P3 (k_meth, Ea_meth, n)",4,625/700/750/775,24,4.203650767142204,419.23596918944827,2.714155971142588,0.2402549502594724,1.6991629160716697,,,,,,,,
S3,"S3 equilibrium-loop inlet (X4, H2/CO2 1.18)","P3 (k_meth, Ea_meth, n)",4,600/725/800/850,24,4.203178183461867,122.56601996152953,2.0155665847496596,0.23681327999038723,1.3000705901507426,,,,,,,,
S3,"S3 equilibrium-loop inlet (X4, H2/CO2 1.18)","P3 (k_meth, Ea_meth, n)",4,600/700/750/775,24,4.197397650079811,336.8194375534804,2.7103186694181316,0.21101801755479035,1.7000321385590882,,,,,,,,
S3,"S3 equilibrium-loop inlet (X4, H2/CO2 1.18)","P3 (k_meth, Ea_meth, n)",4,625/700/800/850,24,4.191354277354138,292.89393661491056,2.422238546573679,0.2783797155783669,1.524297875974065,,,,,,,,
S3,"S3 equilibrium-loop inlet (X4, H2/CO2 1.18)","P3 (k_meth, Ea_meth, n)",4,625/650/800/825,24,4.1881967406011915,387.5901468976713,2.4132324517167074,0.3273961942591855,1.5943419584851506,,,,,,,,
S3,"S3 equilibrium-loop inlet (X4, H2/CO2 1.18)","P3 (k_meth, Ea_meth, n)",4,625/650/750/800,24,4.186225591885263,379.6900908617091,2.36694925882815,0.31089441536634277,1.5424506814661783,,,,,,,,
S3,"S3 equilibrium-loop inlet (X4, H2/CO2 1.18)","P3 (k_meth, Ea_meth, n)",4,600/650/675/800,24,4.183306243962722,549.7490445253059,2.714364879242643,0.29043626591078403,1.7713119814674014,,,,,,,,
S3,"S3 equilibrium-loop inlet (X4, H2/CO2 1.18)","P3 (k_meth, Ea_meth, n)",4,600/675/750/800,24,4.18129969271922,291.0668544446212,2.5475295110055773,0.2377680580866293,1.605664982665123,,,,,,,,
S3,"S3 equilibrium-loop inlet (X4, H2/CO2 1.18)","P3 (k_meth, Ea_meth, n)",4,600/625/700/750,24,4.179310983246088,864.0436354938388,3.512183475831556,0.2100632432393265,2.201248691185577,,,,,,,,
S3,"S3 equilibrium-loop inlet (X4, H2/CO2 1.18)","P3 (k_meth, Ea_meth, n)",4,625/700/750/850,24,4.178826865665268,383.5845148213448,2.654671894798015,0.24762046752912475,1.6603642601139774,,,,,,,,
S3,"S3 equilibrium-loop inlet (X4, H2/CO2 1.18)","P3 (k_meth, Ea_meth, n)",4,600/700/750/850,24,4.178240500579248,299.2615380121844,2.6449985561270224,0.21600571164101506,1.6582836330913517,,,,,,,,
S3,"S3 equilibrium-loop inlet (X4, H2/CO2 1.18)","P3 (k_meth, Ea_meth, n)",4,600/650/675/700,24,4.175508043321187,1091.9947352559777,3.4220309652667034,0.24589013895966302,2.208834836636232,,,,,,,,
S3,"S3 equilibrium-loop inlet (X4, H2/CO2 1.18)","P3 (k_meth, Ea_meth, n)",4,600/650/750/775,24,4.172967720733235,404.16097210429166,2.667522690197473,0.24723350619088205,1.7457929199218052,,,,,,,,
S3,"S3 equilibrium-loop inlet (X4, H2/CO2 1.18)","P3 (k_meth, Ea_meth, n)",4,650/725/750/775,24,4.17286156986112,224.88280008009028,1.999062153678892,0.2993831955393552,1.3232557808205367,,,,,,,,
S3,"S3 equilibrium-loop inlet (X4, H2/CO2 1.18)","P3 (k_meth, Ea_meth, n)",4,625/650/775/825,24,4.1684403438209126,448.2651704415762,2.586866681811549,0.29884246004868587,1.6972736074133528,,,,,,,,
S3,"S3 equilibrium-loop inlet (X4, H2/CO2 1.18)","P3 (k_meth, Ea_meth, n)",4,600/725/775/850,24,4.163783969370941,141.17015374618262,2.1625119375325537,0.22641716452084998,1.3838225687221155,,,,,,,,
S3,"S3 equilibrium-loop inlet (X4, H2/CO2 1.18)","P3 (k_meth, Ea_meth, n)",4,650/700/775/825,24,4.160851293276423,327.4282053788978,2.2414205651821546,0.2952969863015116,1.461431096652431,,,,,,,,
S3,"S3 equilibrium-loop inlet (X4, H2/CO2 1.18)","P3 (k_meth, Ea_meth, n)",4,600/625/700/775,24,4.156846159115152,780.8410092649158,3.359679431566002,0.22286310125784956,2.1240253369004103,,,,,,,,
S3,"S3 equilibrium-loop inlet (X4, H2/CO2 1.18)","P3 (k_meth, Ea_meth, n)",4,625/650/675/825,24,4.155300680544036,715.5615525841176,2.857598565333822,0.3015891228598787,1.846511176295363,,,,,,,,
S3,"S3 equilibrium-loop inlet (X4, H2/CO2 1.18)","P3 (k_meth, Ea_meth, n)",4,600/625/750/825,24,4.149539098531086,490.9004526621456,2.8346711295386844,0.23174157384481142,1.7915638962848268,,,,,,,,
S3,"S3 equilibrium-loop inlet (X4, H2/CO2 1.18)","P3 (k_meth, Ea_meth, n)",4,650/725/775/800,24,4.14482923848376,178.60357865698134,1.8943346340705074,0.31829796582196723,1.2426746582116572,,,,,,,,
S3,"S3 equilibrium-loop inlet (X4, H2/CO2 1.18)","P3 (k_meth, Ea_meth, n)",4,650/675/725/800,24,4.143050945394702,289.55234988257894,2.007050986245573,0.3639204883644733,1.2988089958518962,,,,,,,,
S3,"S3 equilibrium-loop inlet (X4, H2/CO2 1.18)","P3 (k_meth, Ea_meth, n)",4,650/725/750/850,24,4.140995672738247,206.31768602403105,1.971382001788498,0.30472535117810107,1.2985641833018036,,,,,,,,
S3,"S3 equilibrium-loop inlet (X4, H2/CO2 1.18)","P3 (k_meth, Ea_meth, n)",4,600/675/775/825,24,4.136037711286552,323.9742142749313,2.7172140823257065,0.2321400683020927,1.723653199330316,,,,,,,,
S3,"S3 equilibrium-loop inlet (X4, H2/CO2 1.18)","P3 (k_meth, Ea_meth, n)",4,600/625/650/700,24,4.128127791094405,1344.7239466473368,3.6600579924895253,0.24623068116376606,2.3577082183459943,,,,,,,,
S3,"S3 equilibrium-loop inlet (X4, H2/CO2 1.18)","P3 (k_meth, Ea_meth, n)",4,650/700/825/850,24,4.120633903372346,307.5949260428154,2.2261770963911727,0.30366091635551923,1.445144676128741,,,,,,,,
S3,"S3 equilibrium-loop inlet (X4, H2/CO2 1.18)","P3 (k_meth, Ea_meth, n)",4,600/625/700/850,24,4.120069174232045,726.7652351780574,3.251115638717336,0.23521429977418884,2.060483316175599,,,,,,,,
S3,"S3 equilibrium-loop inlet (X4, H2/CO2 1.18)","P3 (k_meth, Ea_meth, n)",4,625/750/775/825,24,4.116223630429899,212.4853498036889,2.406565073999954,0.23944068736677743,1.5142248668004286,,,,,,,,
S3,"S3 equilibrium-loop inlet (X4, H2/CO2 1.18)","P3 (k_meth, Ea_meth, n)",4,600/675/700/775,24,4.11205405965637,642.3152467388838,3.161358419796363,0.23059857729448435,1.99195464953754,,,,,,,,
S3,"S3 equilibrium-loop inlet (X4, H2/CO2 1.18)","P3 (k_meth, Ea_meth, n)",4,600/675/700/750,24,4.111671974718785,724.4980426261175,3.2725253907779677,0.2225813610875411,2.05811465309664,,,,,,,,
S3,"S3 equilibrium-loop inlet (X4, H2/CO2 1.18)","P3 (k_meth, Ea_meth, n)",4,600/675/700/850,24,4.106762242712385,583.4851168018141,3.0728711542919616,0.23814511064193697,1.9348057673061136,,,,,,,,
S3,"S3 equilibrium-loop inlet (X4, H2/CO2 1.18)","P3 (k_meth, Ea_meth, n)",4,600/650/675/750,24,4.0996022943516515,768.4319593751932,3.1551997102939575,0.25327838644457856,2.0385476973981387,,,,,,,,
S3,"S3 equilibrium-loop inlet (X4, H2/CO2 1.18)","P3 (k_meth, Ea_meth, n)",4,625/675/750/800,24,4.098991520383358,378.62714292541403,2.565429382795356,0.28051484705562924,1.6112558246793336,,,,,,,,
S3,"S3 equilibrium-loop inlet (X4, H2/CO2 1.18)","P3 (k_meth, Ea_meth, n)",4,650/675/725/750,24,4.093496517541129,382.26911441345146,2.2060942292082806,0.34419013727675174,1.4553057958422793,,,,,,,,
S3,"S3 equilibrium-loop inlet (X4, H2/CO2 1.18)","P3 (k_meth, Ea_meth, n)",4,625/650/750/775,24,4.088220020387059,477.20131123716374,2.6398067634456686,0.28931675159982845,1.7126277968883896,,,,,,,,
S3,"S3 equilibrium-loop inlet (X4, H2/CO2 1.18)","P3 (k_meth, Ea_meth, n)",4,600/700/775/850,24,4.086124556515843,272.5580349008286,2.6348044890631925,0.22779789051206964,1.6659182018645435,,,,,,,,
S3,"S3 equilibrium-loop inlet (X4, H2/CO2 1.18)","P3 (k_meth, Ea_meth, n)",4,625/675/775/825,24,4.082569562320945,431.0924321477656,2.760923641560866,0.2709542800436996,1.7411304512554946,,,,,,,,
S3,"S3 equilibrium-loop inlet (X4, H2/CO2 1.18)","P3 (k_meth, Ea_meth, n)",4,600/650/750/850,24,4.081276283746705,387.76669790555707,2.6259228724412367,0.26326067682759113,1.725686771766604,,,,,,,,
S3,"S3 equilibrium-loop inlet (X4, H2/CO2 1.18)","P3 (k_meth, Ea_meth, n)",4,650/750/800/825,24,4.080334411526925,177.86936650872812,2.01041606256555,0.2914328969711202,1.323423871957557,,,,,,,,
S3,"S3 equilibrium-loop inlet (X4, H2/CO2 1.18)","P3 (k_meth, Ea_meth, n)",4,600/650/825/850,24,4.07323522047516,384.89327995674813,2.629921070279696,0.280800320840703,1.759917007731821,,,,,,,,
S3,"S3 equilibrium-loop inlet (X4, H2/CO2 1.18)","P3 (k_meth, Ea_meth, n)",4,650/700/750/800,24,4.072642774470993,299.69294936117115,2.1353160323589053,0.32388024615583233,1.3970921961656868,,,,,,,,
S3,"S3 equilibrium-loop inlet (X4, H2/CO2 1.18)","P3 (k_meth, Ea_meth, n)",4,625/700/775/850,24,4.0698535113534655,368.2170585036044,2.6738456856630886,0.2652256115902421,1.6802456537740544,,,,,,,,
S3,"S3 equilibrium-loop inlet (X4, H2/CO2 1.18)","P3 (k_meth, Ea_meth, n)",4,600/675/825/850,24,4.065948381686278,306.3969788097305,2.6890213652266133,0.24343321959443437,1.7099193690346022,,,,,,,,
S3,"S3 equilibrium-loop inlet (X4, H2/CO2 1.18)","P3 (k_meth, Ea_meth, n)",4,650/675/700/725,24,4.063463681947425,511.95877839109914,2.2898093749549195,0.37178466390666765,1.5111449197539553,,,,,,,,
S3,"S3 equilibrium-loop inlet (X4, H2/CO2 1.18)","P3 (k_meth, Ea_meth, n)",4,650/675/725/775,24,4.058621951014914,350.15118185177005,2.1694879678213472,0.3491454711115606,1.4162846777466356,,,,,,,,
S3,"S3 equilibrium-loop inlet (X4, H2/CO2 1.18)","P3 (k_meth, Ea_meth, n)",4,650/725/800/850,24,4.0540172622140105,170.402294170234,1.9059553837597352,0.3322334407525002,1.2467186377253145,,,,,,,,
S3,"S3 equilibrium-loop inlet (X4, H2/CO2 1.18)","P3 (k_meth, Ea_meth, n)",4,600/625/675/825,24,4.046865400922908,874.4317147818256,3.412026813763845,0.24433138290317868,2.1672327091954458,,,,,,,,
S3,"S3 equilibrium-loop inlet (X4, H2/CO2 1.18)","P3 (k_meth, Ea_meth, n)",4,650/675/700/825,24,4.040796751982791,538.1219711066701,2.4841370770616966,0.3310541290738995,1.6124137234159241,,,,,,,,
S3,"S3 equilibrium-loop inlet (X4, H2/CO2 1.18)","P3 (k_meth, Ea_meth, n)",4,600/675/775/800,24,4.033780766258175,285.48878951414713,2.5801720355989417,0.25756603641176656,1.6433318473581606,,,,,,,,
S3,"S3 equilibrium-loop inlet (X4, H2/CO2 1.18)","P3 (k_meth, Ea_meth, n)",4,625/750/825/850,24,4.028691671169169,201.60522099760496,2.3820744050245026,0.2511176070390448,1.503128479908688,,,,,,,,
S3,"S3 equilibrium-loop inlet (X4, H2/CO2 1.18)","P3 (k_meth, Ea_meth, n)",4,650/725/775/850,24,4.0246762502810025,198.1028508529239,2.0055814377220798,0.3167154804514425,1.3176027903789163,,,,,,,,
S3,"S3 equilibrium-loop inlet (X4, H2/CO2 1.18)","P3 (k_meth, Ea_meth, n)",4,600/750/800/825,24,4.021330607778113,154.40775359887905,2.176236169906472,0.2211685988807608,1.3885169494463083,,,,,,,,
S3,"S3 equilibrium-loop inlet (X4, H2/CO2 1.18)","P3 (k_meth, Ea_meth, n)",4,650/675/750/825,24,4.019179570517764,386.45393127888303,2.3749130235650373,0.3132433637291773,1.5481594300863861,,,,,,,,
S3,"S3 equilibrium-loop inlet (X4, H2/CO2 1.18)","P3 (k_meth, Ea_meth, n)",4,650/675/725/850,24,4.005909931689439,328.9684622348603,2.1454798923306218,0.36189261941879575,1.3917297660161465,,,,,,,,
S3,"S3 equilibrium-loop inlet (X4, H2/CO2 1.18)","P3 (k_meth, Ea_meth, n)",4,625/675/700/750,24,4.003349321635344,850.6981047571888,3.268021792565021,0.2577085737405115,2.053386343366601,,,,,,,,
S3,"S3 equilibrium-loop inlet (X4, H2/CO2 1.18)","P3 (k_meth, Ea_meth, n)",4,650/750/775/825,24,3.9997918271060358,217.4510199764999,2.163201578936835,0.28136496559620955,1.4276023170650516,,,,,,,,
S3,"S3 equilibrium-loop inlet (X4, H2/CO2 1.18)","P3 (k_meth, Ea_meth, n)",4,600/625/750/800,24,3.9933357909006304,427.98564767002983,2.643406971821817,0.26756968054697017,1.6827701226229754,,,,,,,,
S3,"S3 equilibrium-loop inlet (X4, H2/CO2 1.18)","P3 (k_meth, Ea_meth, n)",4,600/650/675/775,24,3.993010575293164,742.3590102767301,3.1372356916908153,0.2715759405581616,2.040208293072135,,,,,,,,
S3,"S3 equilibrium-loop inlet (X4, H2/CO2 1.18)","P3 (k_meth, Ea_meth, n)",4,625/675/825/850,24,3.9927892167684873,416.2739918276465,2.753624734495206,0.2879843259148075,1.7392953357705476,,,,,,,,
S3,"S3 equilibrium-loop inlet (X4, H2/CO2 1.18)","P3 (k_meth, Ea_meth, n)",4,625/650/825/850,24,3.987612480639435,462.4322857048652,2.640562236070314,0.3316318509503555,1.7429658395979097,,,,,,,,
S3,"S3 equilibrium-loop inlet (X4, H2/CO2 1.18)","P3 (k_meth, Ea_meth, n)",4,650/675/800/825,24,3.9873808562979054,312.38685278194765,2.2328531524608097,0.3487141167387981,1.4405135533594555,,,,,,,,
S3,"S3 equilibrium-loop inlet (X4, H2/CO2 1.18)","P3 (k_meth, Ea_meth, n)",4,600/650/775/800,24,3.9861143129748897,364.17665073228176,2.5484261944171127,0.30368393395167215,1.710002728626839,,,,,,,,
S3,"S3 equilibrium-loop inlet (X4, H2/CO2 1.18)","P3 (k_meth, Ea_meth, n)",4,600/625/800/825,24,3.9855945642995474,414.4335688040985,2.5740833828353513,0.29073913021870856,1.6903869756945407,,,,,,,,
S3,"S3 equilibrium-loop inlet (X4, H2/CO2 1.18)","P3 (k_meth, Ea_meth, n)",4,625/675/700/775,24,3.984985937758308,772.3735434625897,3.1788102350871523,0.27041854997185644,1.9960981918550325,,,,,,,,
S3,"S3 equilibrium-loop inlet (X4, H2/CO2 1.18)","P3 (k_meth, Ea_meth, n)",4,600/625/650/825,24,3.9814808877616397,903.2413963105924,3.170526658205055,0.3032183901023519,2.09157384697091,,,,,,,,
S3,"S3 equilibrium-loop inlet (X4, H2/CO2 1.18)","P3 (k_meth, Ea_meth, n)",4,650/700/775/800,24,3.9781616470732013,289.1608235264163,2.1643203670892803,0.336042840130376,1.4050739926615392,,,,,,,,
S3,"S3 equilibrium-loop inlet (X4, H2/CO2 1.18)","P3 (k_meth, Ea_meth, n)",4,625/650/750/850,24,3.974780494335956,457.98807645021276,2.6047663221812436,0.312095971239419,1.695211102265917,,,,,,,,
S3,"S3 equilibrium-loop inlet (X4, H2/CO2 1.18)","P3 (k_meth, Ea_meth, n)",4,625/775/800/825,24,3.9716554771588863,182.04577786713241,2.2838613030843757,0.27910630662412933,1.4702358395494857,,,,,,,,
S3,"S3 equilibrium-loop inlet (X4, H2/CO2 1.18)","P3 (k_meth, Ea_meth, n)",4,625/750/775/800,24,3.9662833727442006,191.21265655371874,2.3036212688312014,0.26850010909711614,1.456731323381719,,,,,,,,
S3,"S3 equilibrium-loop inlet (X4, H2/CO2 1.18)","P3 (k_meth, Ea_meth, n)",4,600/675/750/775,24,3.9645496331497836,402.06527399721404,2.9465441999028243,0.22933301017844088,1.8538318865831158,,,,,,,,
S3,"S3 equilibrium-loop inlet (X4, H2/CO2 1.18)","P3 (k_meth, Ea_meth, n)",4,625/650/675/700,24,3.964013199228143,1212.1961708598164,3.38173707923914,0.2952477390168613,2.175391635455116,,,,,,,,
S3,"S3 equilibrium-loop inlet (X4, H2/CO2 1.18)","P3 (k_meth, Ea_meth, n)",4,625/675/700/850,24,3.9590790596015393,715.7003153430655,3.1069346180360733,0.28268087762538113,1.9482886756231914,,,,,,,,
S3,"S3 equilibrium-loop inlet (X4, H2/CO2 1.18)","P3 (k_meth, Ea_meth, n)",4,600/625/675/800,24,3.95025478880725,736.4046265207892,3.1284641451007333,0.2813449443827261,1.99856268888514,,,,,,,,
S3,"S3 equilibrium-loop inlet (X4, H2/CO2 1.18)","P3 (k_meth, Ea_meth, n)",4,600/750/775/825,24,3.939811796090872,189.42984085381232,2.3901418112318487,0.21231786920643883,1.5128843366917792,,,,,,,,
S3,"S3 equilibrium-loop inlet (X4, H2/CO2 1.18)","P3 (k_meth, Ea_meth, n)",4,650/750/825/850,24,3.9387043974958367,200.68787564673167,2.149047238862407,0.29040178336902767,1.4156589910815074,,,,,,,,
S3,"S3 equilibrium-loop inlet (X4, H2/CO2 1.18)","P3 (k_meth, Ea_meth, n)",4,600/675/750/850,24,3.933628985824874,365.07947535473824,2.865109458010478,0.23784737254520807,1.8034224461834727,,,,,,,,
S3,"S3 equilibrium-loop inlet (X4, H2/CO2 1.18)","P3 (k_meth, Ea_meth, n)",4,600/625/775/825,24,3.9293587322857837,508.77194400416545,2.8678195497972605,0.2640982183135122,1.8541505511000425,,,,,,,,
S3,"S3 equilibrium-loop inlet (X4, H2/CO2 1.18)","P3 (k_meth, Ea_meth, n)",4,600/675/800/850,24,3.9237671943963255,277.9718392132061,2.576285012637416,0.274510393335109,1.6475902637607092,,,,,,,,
S3,"S3 equilibrium-loop inlet (X4, H2/CO2 1.18)","P3 (k_meth, Ea_meth, n)",4,650/675/775/825,24,3.910748552140244,376.3351561443216,2.4091534393705922,0.32904650442154065,1.562517832433275,,,,,,,,
S3,"S3 equilibrium-loop inlet (X4, H2/CO2 1.18)","P3 (k_meth, Ea_meth, n)",4,625/675/775/800,24,3.9104423350911004,387.9668014625908,2.6469765283714795,0.31206099553543604,1.6737287780551713,,,,,,,,
S3,"S3 equilibrium-loop inlet (X4, H2/CO2 1.18)","P3 (k_meth, Ea_meth, n)",4,600/650/675/850,24,3.9076741387741745,709.956222168952,3.090482921261083,0.2922051526700073,2.014837563435956,,,,,,,,
S3,"S3 equilibrium-loop inlet (X4, H2/CO2 1.18)","P3 (k_meth, Ea_meth, n)",4,650/700/750/775,24,3.907497926793045,388.0540761420537,2.380379254006457,0.31842822666055853,1.5701247111564665,,,,,,,,
S3,"S3 equilibrium-loop inlet (X4, H2/CO2 1.18)","P3 (k_meth, Ea_meth, n)",4,650/700/750/850,24,3.904398414184542,351.3773450262914,2.3204420105906087,0.3227526399262262,1.520976882535093,,,,,,,,
S3,"S3 equilibrium-loop inlet (X4, H2/CO2 1.18)","P3 (k_meth, Ea_meth, n)",4,650/700/800/850,24,3.9035511657646422,276.72021115927464,2.1692825741045385,0.35080291054767265,1.4008920101015403,,,,,,,,
S3,"S3 equilibrium-loop inlet (X4, H2/CO2 1.18)","P3 (k_meth, Ea_meth, n)",4,625/675/750/775,24,3.9002525788956968,514.3395418322166,2.9527799925729266,0.26752117852121177,1.8536110371469101,,,,,,,,
S3,"S3 equilibrium-loop inlet (X4, H2/CO2 1.18)","P3 (k_meth, Ea_meth, n)",4,625/650/675/750,24,3.8966968747870445,876.707875216553,3.125384566201894,0.30583111671285595,2.0109462094675883,,,,,,,,
S3,"S3 equilibrium-loop inlet (X4, H2/CO2 1.18)","P3 (k_meth, Ea_meth, n)",4,600/625/650/750,24,3.885915895533955,995.4013310467762,3.332651585790463,0.27971840548780286,2.1527387833220253,,,,,,,,
S3,"S3 equilibrium-loop inlet (X4, H2/CO2 1.18)","P3 (k_meth, Ea_meth, n)",4,625/650/675/800,24,3.8833491501350066,651.3612820970892,2.737800147960516,0.3690724029433564,1.7738942344333721,,,,,,,,
S3,"S3 equilibrium-loop inlet (X4, H2/CO2 1.18)","P3 (k_meth, Ea_meth, n)",4,650/775/800/825,24,3.875881926330008,180.81318545932126,2.1135374050958857,0.31390654901720866,1.3979280670188547,,,,,,,,
S3,"S3 equilibrium-loop inlet (X4, H2/CO2 1.18)","P3 (k_meth, Ea_meth, n)",4,625/675/750/850,24,3.854326702659229,474.52469360584865,2.8815487671758673,0.28046251062140504,1.808691440413642,,,,,,,,
S3,"S3 equilibrium-loop inlet (X4, H2/CO2 1.18)","P3 (k_meth, Ea_meth, n)",4,600/750/825/850,24,3.838426804889883,181.47367718581842,2.3575025352452945,0.22191086281188327,1.4995237344543573,,,,,,,,
S3,"S3 equilibrium-loop inlet (X4, H2/CO2 1.18)","P3 (k_meth, Ea_meth, n)",4,625/750/800/850,24,3.8338459978095623,186.4694169773524,2.2959150636328327,0.28718090742678,1.4595471666480657,,,,,,,,
S3,"S3 equilibrium-loop inlet (X4, H2/CO2 1.18)","P3 (k_meth, Ea_meth, n)",4,650/675/825/850,24,3.8247917952408654,362.3472369449979,2.4135131372573237,0.34742048746731424,1.5596498421344347,,,,,,,,
S3,"S3 equilibrium-loop inlet (X4, H2/CO2 1.18)","P3 (k_meth, Ea_meth, n)",4,625/650/775/800,24,3.821898685652567,445.43091598183,2.5788946334429106,0.3724990623183523,1.707345115369178,,,,,,,,
S3,"S3 equilibrium-loop inlet (X4, H2/CO2 1.18)","P3 (k_meth, Ea_meth, n)",4,650/700/775/850,24,3.8192197886732844,335.249575374464,2.339422104181698,0.3339419612299462,1.5218969720068896,,,,,,,,
S3,"S3 equilibrium-loop inlet (X4, H2/CO2 1.18)","P3 (k_meth, Ea_meth, n)",4,600/625/750/775,24,3.8189941155515075,587.3025258868638,3.105160895570461,0.24834935892067175,1.9571627109617564,,,,,,,,
S3,"S3 equilibrium-loop inlet (X4, H2/CO2 1.18)","P3 (k_meth, Ea_meth, n)",4,600/750/775/800,24,3.8116052427462703,157.71223110639423,2.279489203472168,0.2339211422033762,1.454310866644496,,,,,,,,
S3,"S3 equilibrium-loop inlet (X4, H2/CO2 1.18)","P3 (k_meth, Ea_meth, n)",4,650/750/775/800,24,3.810180335716644,189.306547735048,2.0931721058427453,0.31916584328610714,1.379487138766141,,,,,,,,
S3,"S3 equilibrium-loop inlet (X4, H2/CO2 1.18)","P3 (k_meth, Ea_meth, n)",4,650/675/700/800,24,3.8100270021910614,467.24348017981634,2.357604106339004,0.3915407175656022,1.5232287176447041,,,,,,,,
S3,"S3 equilibrium-loop inlet (X4, H2/CO2 1.18)","P3 (k_meth, Ea_meth, n)",4,650/675/750/800,24,3.7993188346910505,335.7698560912881,2.2606077826604642,0.3661316066390708,1.4696368741728005,,,,,,,,
S3,"S3 equilibrium-loop inlet (X4, H2/CO2 1.18)","P3 (k_meth, Ea_meth, n)",4,600/675/775/850,24,3.7917524489618186,355.8007350766999,2.8900249848267676,0.25908603903455685,1.8383454206381225,,,,,,,,
S3,"S3 equilibrium-loop inlet (X4, H2/CO2 1.18)","P3 (k_meth, Ea_meth, n)",4,625/775/825/850,24,3.78997564002414,213.2636653404586,2.474875618018382,0.2816991398251287,1.5908988826297725,,,,,,,,
S3,"S3 equilibrium-loop inlet (X4, H2/CO2 1.18)","P3 (k_meth, Ea_meth, n)",4,625/800/825/850,24,3.788263118425058,188.17312956484622,2.3229559320468707,0.3049510290377561,1.5105601497815826,,,,,,,,
S3,"S3 equilibrium-loop inlet (X4, H2/CO2 1.18)","P3 (k_meth, Ea_meth, n)",4,625/750/775/850,24,3.7704433516692,226.85369685353973,2.516710536360829,0.2691826199254842,1.5885181571848153,,,,,,,,
S3,"S3 equilibrium-loop inlet (X4, H2/CO2 1.18)","P3 (k_meth, Ea_meth, n)",4,600/775/800/825,24,3.763194799574003,164.8923676326304,2.233078692948723,0.24498441425621337,1.4700897105871127,,,,,,,,
S3,"S3 equilibrium-loop inlet (X4, H2/CO2 1.18)","P3 (k_meth, Ea_meth, n)",4,625/675/800/850,24,3.760758008555717,388.14585157411744,2.680173308513499,0.3405377705554878,1.7000059737392967,,,,,,,,
S3,"S3 equilibrium-loop inlet (X4, H2/CO2 1.18)","P3 (k_meth, Ea_meth, n)",4,625/650/675/775,24,3.759046657888925,851.1333416433656,3.113667959146158,0.33470292742642477,2.012195643908474,,,,,,,,
S3,"S3 equilibrium-loop inlet (X4, H2/CO2 1.18)","P3 (k_meth, Ea_meth, n)",4,600/650/775/850,24,3.749756723358501,449.6095184770424,2.834602778061296,0.30882313303291326,1.899416724131857,,,,,,,,
S3,"S3 equilibrium-loop inlet (X4, H2/CO2 1.18)","P3 (k_meth, Ea_meth, n)",4,600/625/675/700,24,3.7479757200005475,1912.0026869894061,4.646090882551162,0.22379555567707698,2.9274295689039884,,,,,,,,
S3,"S3 equilibrium-loop inlet (X4, H2/CO2 1.18)","P3 (k_meth, Ea_meth, n)",4,600/625/825/850,24,3.7332357628686483,515.760288366644,2.8714902814360053,0.2962356886313304,1.87948642059223,,,,,,,,
S3,"S3 equilibrium-loop inlet (X4, H2/CO2 1.18)","P3 (k_meth, Ea_meth, n)",4,650/800/825/850,24,3.729653120126993,177.42473729492184,2.163838880671214,0.336157870559861,1.4338516281517146,,,,,,,,
S3,"S3 equilibrium-loop inlet (X4, H2/CO2 1.18)","P3 (k_meth, Ea_meth, n)",4,600/650/800/850,24,3.729604973472037,396.7155576126394,2.656983375830155,0.3481448285220663,1.8049999450381178,,,,,,,,
S3,"S3 equilibrium-loop inlet (X4, H2/CO2 1.18)","P3 (k_meth, Ea_meth, n)",4,650/775/825/850,24,3.7282933549959303,204.60624521329834,2.2633278356107898,0.31378795862796033,1.4984322736021494,,,,,,,,
S3,"S3 equilibrium-loop inlet (X4, H2/CO2 1.18)","P3 (k_meth, Ea_meth, n)",4,650/750/800/850,24,3.7083405733009958,178.39799203229475,2.09818466498498,0.3354739789243277,1.3806888873850787,,,,,,,,
S3,"S3 equilibrium-loop inlet (X4, H2/CO2 1.18)","P3 (k_meth, Ea_meth, n)",4,600/625/750/850,24,3.7063377275872558,552.8352106032245,3.005491542104943,0.26988273509002353,1.9049842742141105,,,,,,,,
S3,"S3 equilibrium-loop inlet (X4, H2/CO2 1.18)","P3 (k_meth, Ea_meth, n)",4,600/625/675/750,24,3.682132083999076,1268.0071511991723,4.088225393558822,0.2385743950345323,2.564363691099713,,,,,,,,
S3,"S3 equilibrium-loop inlet (X4, H2/CO2 1.18)","P3 (k_meth, Ea_meth, n)",4,625/675/775/850,24,3.668195420276296,483.99738116898095,2.9657486809955595,0.31427394992742885,1.8742944268510202,,,,,,,,
S3,"S3 equilibrium-loop inlet (X4, H2/CO2 1.18)","P3 (k_meth, Ea_meth, n)",4,600/750/800/850,24,3.665034893154207,156.37333289160418,2.2597061335711683,0.2491945335938883,1.4541053197641913,,,,,,,,
S3,"S3 equilibrium-loop inlet (X4, H2/CO2 1.18)","P3 (k_meth, Ea_meth, n)",4,650/750/775/850,24,3.6544071099550477,216.60610638938928,2.2526167942159714,0.31794714776844313,1.4858958271498985,,,,,,,,
S3,"S3 equilibrium-loop inlet (X4, H2/CO2 1.18)","P3 (k_meth, Ea_meth, n)",4,650/675/750/775,24,3.6474803476730493,439.66943601405444,2.5410233969016427,0.35242677622811835,1.6645431104848112,,,,,,,,
S3,"S3 equilibrium-loop inlet (X4, H2/CO2 1.18)","P3 (k_meth, Ea_meth, n)",4,600/625/775/800,24,3.6371135372164343,474.90995638699513,2.7573025663166835,0.3243608307155264,1.8159197329789387,,,,,,,,
S3,"S3 equilibrium-loop inlet (X4, H2/CO2 1.18)","P3 (k_meth, Ea_meth, n)",4,600/625/675/775,24,3.6360637707174726,1138.3610027771813,3.8877124766723514,0.26143993308759633,2.466598138415333,,,,,,,,
S3,"S3 equilibrium-loop inlet (X4, H2/CO2 1.18)","P3 (k_meth, Ea_meth, n)",4,650/675/700/775,24,3.632431288263427,620.144456956285,2.672604827103034,0.37669584645737414,1.7463153240453846,,,,,,,,
S3,"S3 equilibrium-loop inlet (X4, H2/CO2 1.18)","P3 (k_meth, Ea_meth, n)",4,650/675/775/800,24,3.6169156894435157,342.70652081057756,2.347167846362914,0.39825672595711004,1.5136646004102088,,,,,,,,
S3,"S3 equilibrium-loop inlet (X4, H2/CO2 1.18)","P3 (k_meth, Ea_meth, n)",4,625/650/675/850,24,3.613347559656675,833.2231173935124,3.102448359695894,0.3713876776549668,2.0089852829462265,,,,,,,,
S3,"S3 equilibrium-loop inlet (X4, H2/CO2 1.18)","P3 (k_meth, Ea_meth, n)",4,650/675/700/850,24,3.6106399716971254,567.0493830172932,2.6025455318232615,0.38914202946421644,1.6868729370859292,,,,,,,,
S3,"S3 equilibrium-loop inlet (X4, H2/CO2 1.18)","P3 (k_meth, Ea_meth, n)",4,650/675/750/850,24,3.6104237611834558,400.62367208754495,2.4771522471860203,0.3649203364256639,1.6135047600336325,,,,,,,,
S3,"S3 equilibrium-loop inlet (X4, H2/CO2 1.18)","P3 (k_meth, Ea_meth, n)",4,600/750/775/850,24,3.60824308717624,189.2577843871432,2.4922731633125577,0.23481429402224155,1.584649691646191,,,,,,,,
S3,"S3 equilibrium-loop inlet (X4, H2/CO2 1.18)","P3 (k_meth, Ea_meth, n)",4,625/650/775/850,24,3.5922574611182116,544.4111345843178,2.856293167212819,0.37866897012956574,1.8890110742745492,,,,,,,,
S3,"S3 equilibrium-loop inlet (X4, H2/CO2 1.18)","P3 (k_meth, Ea_meth, n)",4,650/675/700/750,24,3.5871839474675618,727.9302992648168,2.8226252329578134,0.3819854068601172,1.871255935901255,,,,,,,,
S3,"S3 equilibrium-loop inlet (X4, H2/CO2 1.18)","P3 (k_meth, Ea_meth, n)",4,600/625/650/800,24,3.5784194604895925,901.3915399189138,3.147343299901783,0.3984112445758896,2.114786866779496,,,,,,,,
S3,"S3 equilibrium-loop inlet (X4, H2/CO2 1.18)","P3 (k_meth, Ea_meth, n)",4,600/775/825/850,24,3.5732169005385988,194.17959997093146,2.4193825331607304,0.24760153331706056,1.5886419453585916,,,,,,,,
S3,"S3 equilibrium-loop inlet (X4, H2/CO2 1.18)","P3 (k_meth, Ea_meth, n)",4,600/625/675/850,24,3.5629372251781564,1058.6204195660432,3.7549237647285687,0.28493451105150747,2.3928839325573135,,,,,,,,
S3,"S3 equilibrium-loop inlet (X4, H2/CO2 1.18)","P3 (k_meth, Ea_meth, n)",4,600/800/825/850,24,3.5501767186495377,170.17396474627492,2.2563441614798805,0.2681097810005634,1.5125045756261335,,,,,,,,
S3,"S3 equilibrium-loop inlet (X4, H2/CO2 1.18)","P3 (k_meth, Ea_meth, n)",4,600/625/650/775,24,3.5440001097924223,1127.0237855849223,3.53639721952592,0.3403093908285256,2.3349619058547906,,,,,,,,
S3,"S3 equilibrium-loop inlet (X4, H2/CO2 1.18)","P3 (k_meth, Ea_meth, n)",4,625/775/800/850,24,3.477829947622424,213.51907486195893,2.465242513006711,0.34035923549517144,1.6089080365520905,,,,,,,,
S3,"S3 equilibrium-loop inlet (X4, H2/CO2 1.18)","P3 (k_meth, Ea_meth, n)",4,625/650/800/850,24,3.476823516793879,510.9313948533669,2.765455324756911,0.44754217917002836,1.8523841986580831,,,,,,,,
S3,"S3 equilibrium-loop inlet (X4, H2/CO2 1.18)","P3 (k_meth, Ea_meth, n)",4,675/700/725/825,24,3.464422699450727,374.903942837531,2.250470171728969,0.4436986861575238,1.3335128037293391,,,,,,,,
S3,"S3 equilibrium-loop inlet (X4, H2/CO2 1.18)","P3 (k_meth, Ea_meth, n)",4,650/675/800/850,24,3.4509898028926385,345.47800182787677,2.4033429639768085,0.4365372471093071,1.54207881252097,,,,,,,,
S3,"S3 equilibrium-loop inlet (X4, H2/CO2 1.18)","P3 (k_meth, Ea_meth, n)",4,650/675/775/850,24,3.43657474178577,404.35224956968807,2.5581991198997005,0.3962322626837366,1.6534659922863864,,,,,,,,
S3,"S3 equilibrium-loop inlet (X4, H2/CO2 1.18)","P3 (k_meth, Ea_meth, n)",4,675/725/750/825,24,3.4336290288330122,262.7342903572535,2.1443269600429518,0.3922179058959645,1.2834789140172331,,,,,,,,
S3,"S3 equilibrium-loop inlet (X4, H2/CO2 1.18)","P3 (k_meth, Ea_meth, n)",4,600/625/650/675,24,3.4271908288641058,2075.8062599802024,4.419016294135679,0.30154678821390185,2.853179193640853,,,,,,,,
S3,"S3 equilibrium-loop inlet (X4, H2/CO2 1.18)","P3 (k_meth, Ea_meth, n)",4,675/725/800/825,24,3.42140602338128,224.73114465170437,2.1218020031874634,0.41523361987254026,1.228138501299969,,,,,,,,
S3,"S3 equilibrium-loop inlet (X4, H2/CO2 1.18)","P3 (k_meth, Ea_meth, n)",4,650/775/800/850,24,3.3967104185679435,196.25938665404922,2.2883667628538764,0.38060041425529134,1.5148891262005453,,,,,,,,
S3,"S3 equilibrium-loop inlet (X4, H2/CO2 1.18)","P3 (k_meth, Ea_meth, n)",4,675/725/775/825,24,3.360951405229144,257.5842537094104,2.207240258713713,0.40254996029938855,1.2996473004938829,,,,,,,,
S3,"S3 equilibrium-loop inlet (X4, H2/CO2 1.18)","P3 (k_meth, Ea_meth, n)",4,600/625/775/850,24,3.3422883462997306,611.7827387947384,3.130381903505523,0.3319828977585627,2.053556722052936,,,,,,,,
S3,"S3 equilibrium-loop inlet (X4, H2/CO2 1.18)","P3 (k_meth, Ea_meth, n)",4,675/725/825/850,24,3.325136848146105,247.08431219663325,2.2335638079822955,0.40844089139583056,1.3026053630535248,,,,,,,,
S3,"S3 equilibrium-loop inlet (X4, H2/CO2 1.18)","P3 (k_meth, Ea_meth, n)",4,600/775/800/850,24,3.2796700889358257,180.36549262499943,2.381596813524774,0.2937335204729064,1.603825439239667,,,,,,,,
S3,"S3 equilibrium-loop inlet (X4, H2/CO2 1.18)","P3 (k_meth, Ea_meth, n)",4,600/625/800/850,24,3.2659604183689397,523.3858437003852,2.865035031821968,0.3954456086918341,1.9358718742929517,,,,,,,,
S3,"S3 equilibrium-loop inlet (X4, H2/CO2 1.18)","P3 (k_meth, Ea_meth, n)",4,600/625/650/850,24,3.209579575393657,1250.8583084892177,3.7112553814769997,0.416445378719691,2.487214576781521,,,,,,,,
S3,"S3 equilibrium-loop inlet (X4, H2/CO2 1.18)","P3 (k_meth, Ea_meth, n)",4,675/700/800/825,24,3.2038465466806723,382.0886734853296,2.512296913809158,0.45889414384653043,1.448447195217219,,,,,,,,
S3,"S3 equilibrium-loop inlet (X4, H2/CO2 1.18)","P3 (k_meth, Ea_meth, n)",4,675/700/750/825,24,3.1978181690600502,442.3887063239262,2.5486892835206345,0.417468328728354,1.5339592139987932,,,,,,,,
S3,"S3 equilibrium-loop inlet (X4, H2/CO2 1.18)","P3 (k_meth, Ea_meth, n)",4,675/725/750/800,24,3.175732959643032,233.634011744482,2.1157818018721857,0.4583697160594565,1.2414927874716903,,,,,,,,
S3,"S3 equilibrium-loop inlet (X4, H2/CO2 1.18)","P3 (k_meth, Ea_meth, n)",4,675/750/800/825,24,3.1584988356969514,235.2253235117468,2.319794683312647,0.3947396002643425,1.359298053410458,,,,,,,,
S3,"S3 equilibrium-loop inlet (X4, H2/CO2 1.18)","P3 (k_meth, Ea_meth, n)",4,675/700/775/825,24,3.110348430963499,448.90188978136246,2.6570321298813244,0.4381341328302463,1.5635715330036517,,,,,,,,
S3,"S3 equilibrium-loop inlet (X4, H2/CO2 1.18)","P3 (k_meth, Ea_meth, n)",4,675/725/750/775,24,3.0845379823033485,274.42152361324764,2.225308503494512,0.4461143130630573,1.3394552163055033,,,,,,,,
S3,"S3 equilibrium-loop inlet (X4, H2/CO2 1.18)","P3 (k_meth, Ea_meth, n)",4,675/700/725/800,24,3.0779114030947197,355.2241986566308,2.2731118098185927,0.5561909816908192,1.2965893024513622,,,,,,,,
S3,"S3 equilibrium-loop inlet (X4, H2/CO2 1.18)","P3 (k_meth, Ea_meth, n)",4,675/725/750/850,24,3.0776891563399076,259.64908451453414,2.2365705073478996,0.447765602535426,1.3250360446093077,,,,,,,,
S3,"S3 equilibrium-loop inlet (X4, H2/CO2 1.18)","P3 (k_meth, Ea_meth, n)",4,675/700/825/850,24,3.064104025437655,440.9577999521147,2.7062827014846005,0.45201688276811297,1.5739219743960582,,,,,,,,
S3,"S3 equilibrium-loop inlet (X4, H2/CO2 1.18)","P3 (k_meth, Ea_meth, n)",4,675/725/775/800,24,3.062710473778483,237.84150593642974,2.225814438620025,0.4788259129921422,1.2758320510630177,,,,,,,,
S3,"S3 equilibrium-loop inlet (X4, H2/CO2 1.18)","P3 (k_meth, Ea_meth, n)",4,675/750/775/825,24,3.0565253000147834,285.36983061392255,2.4732756362032946,0.38330390879236176,1.470787497552252,,,,,,,,
S3,"S3 equilibrium-loop inlet (X4, H2/CO2 1.18)","P3 (k_meth, Ea_meth, n)",4,675/700/725/750,24,3.0391607937292946,403.6570834194649,2.280766326421047,0.5201402934195624,1.4115152733823848,,,,,,,,
S3,"S3 equilibrium-loop inlet (X4, H2/CO2 1.18)","P3 (k_meth, Ea_meth, n)",4,675/750/825/850,24,3.022234806838143,267.8671849226369,2.4880646458286733,0.38938033507361647,1.4665711566601822,,,,,,,,
S3,"S3 equilibrium-loop inlet (X4, H2/CO2 1.18)","P3 (k_meth, Ea_meth, n)",4,675/700/725/775,24,3.01275919547637,400.6030398222541,2.3546514509308576,0.5293355822992978,1.3932142966792052,,,,,,,,
S3,"S3 equilibrium-loop inlet (X4, H2/CO2 1.18)","P3 (k_meth, Ea_meth, n)",4,675/775/800/825,24,2.9964112866430455,239.5236376837572,2.4548810199086817,0.4199643528798124,1.4269618967173914,,,,,,,,
S3,"S3 equilibrium-loop inlet (X4, H2/CO2 1.18)","P3 (k_meth, Ea_meth, n)",4,675/725/800/850,24,2.9962511406939196,233.40177955201057,2.282282698791766,0.4924392001670129,1.29315991174394,,,,,,,,
S3,"S3 equilibrium-loop inlet (X4, H2/CO2 1.18)","P3 (k_meth, Ea_meth, n)",4,675/700/725/850,24,2.9924725158784184,394.47733018782793,2.396816019091737,0.5385302146758741,1.3880370057129359,,,,,,,,
S3,"S3 equilibrium-loop inlet (X4, H2/CO2 1.18)","P3 (k_meth, Ea_meth, n)",4,675/725/775/850,24,2.967916468498573,262.2909654773108,2.345822065342788,0.46820186230412975,1.3587217577655488,,,,,,,,
S3,"S3 equilibrium-loop inlet (X4, H2/CO2 1.18)","P3 (k_meth, Ea_meth, n)",4,675/800/825/850,24,2.900777908795864,232.38046317232087,2.5217619661374275,0.43665532341460955,1.4587178274306616,,,,,,,,
S3,"S3 equilibrium-loop inlet (X4, H2/CO2 1.18)","P3 (k_meth, Ea_meth, n)",4,675/700/750/800,24,2.8972362265374425,392.09620288276244,2.49134419952194,0.5079081084634178,1.4641698013554338,,,,,,,,
S3,"S3 equilibrium-loop inlet (X4, H2/CO2 1.18)","P3 (k_meth, Ea_meth, n)",4,675/775/825/850,24,2.8560999923619264,272.7239426999035,2.6351281485809723,0.41638303320735054,1.5414763780633278,,,,,,,,
S3,"S3 equilibrium-loop inlet (X4, H2/CO2 1.18)","P3 (k_meth, Ea_meth, n)",4,675/750/775/800,24,2.813048720133323,248.16236758601062,2.434086893920574,0.44774240799842,1.422090404412749,,,,,,,,
S3,"S3 equilibrium-loop inlet (X4, H2/CO2 1.18)","P3 (k_meth, Ea_meth, n)",4,700/725/800/825,24,2.771106661350962,265.6119549435375,2.2727096080356315,0.555424991879184,1.1768164661818104,,,,,,,,
S3,"S3 equilibrium-loop inlet (X4, H2/CO2 1.18)","P3 (k_meth, Ea_meth, n)",4,675/700/750/775,24,2.7540900403024646,483.34920818202363,2.6925954135740895,0.48683548530077975,1.6319088380861781,,,,,,,,
S3,"S3 equilibrium-loop inlet (X4, H2/CO2 1.18)","P3 (k_meth, Ea_meth, n)",4,675/700/750/850,24,2.750292492096654,460.72027647283994,2.7041260278708465,0.4945193412817888,1.60769710855516,,,,,,,,
S3,"S3 equilibrium-loop inlet (X4, H2/CO2 1.18)","P3 (k_meth, Ea_meth, n)",4,675/750/800/850,24,2.7475058784312663,237.20473437564453,2.4778886529117714,0.46071044918165044,1.432960452823751,,,,,,,,
S3,"S3 equilibrium-loop inlet (X4, H2/CO2 1.18)","P3 (k_meth, Ea_meth, n)",4,675/700/775/800,24,2.737410749542241,428.41382395310114,2.700915619083072,0.5507016149555606,1.53437170741233,,,,,,,,
S3,"S3 equilibrium-loop inlet (X4, H2/CO2 1.18)","P3 (k_meth, Ea_meth, n)",4,700/725/750/825,24,2.7341108725000747,289.37766446712635,2.225653840583717,0.5447846447639352,1.2274893124477553,,,,,,,,
S3,"S3 equilibrium-loop inlet (X4, H2/CO2 1.18)","P3 (k_meth, Ea_meth, n)",4,700/725/825/850,24,2.722310936923612,284.10025990215286,2.3528928569085936,0.5354423953355409,1.2433716730473419,,,,,,,,
S3,"S3 equilibrium-loop inlet (X4, H2/CO2 1.18)","P3 (k_meth, Ea_meth, n)",4,700/725/775/825,24,2.7010961704665313,291.8727827020416,2.316127399114199,0.5453243635193823,1.239443315660154,,,,,,,,
S3,"S3 equilibrium-loop inlet (X4, H2/CO2 1.18)","P3 (k_meth, Ea_meth, n)",4,675/750/775/850,24,2.6691656243797475,285.7692366197166,2.624725832770575,0.43953864505885465,1.5458396576084776,,,,,,,,
S3,"S3 equilibrium-loop inlet (X4, H2/CO2 1.18)","P3 (k_meth, Ea_meth, n)",4,675/700/800/850,24,2.6331715130512823,443.37748121009514,2.8260555157377953,0.5833047557775549,1.5797841570609819,,,,,,,,
S3,"S3 equilibrium-loop inlet (X4, H2/CO2 1.18)","P3 (k_meth, Ea_meth, n)",4,675/700/775/850,24,2.594790706662984,499.0293297504603,2.921235124446412,0.5378757844746488,1.6809937210939014,,,,,,,,
S3,"S3 equilibrium-loop inlet (X4, H2/CO2 1.18)","P3 (k_meth, Ea_meth, n)",4,700/750/800/825,24,2.5325905758862834,276.4143334279246,2.4535554776933104,0.5198019184962973,1.297069333514276,,,,,,,,
S3,"S3 equilibrium-loop inlet (X4, H2/CO2 1.18)","P3 (k_meth, Ea_meth, n)",4,675/775/800/850,24,2.4884524218040474,260.62459394982204,2.7384758400656075,0.5141659329385952,1.5645323912556883,,,,,,,,
S3,"S3 equilibrium-loop inlet (X4, H2/CO2 1.18)","P3 (k_meth, Ea_meth, n)",4,700/750/825/850,24,2.440904087634915,307.08936582683816,2.5907594284872517,0.5043313814519654,1.392157808635803,,,,,,,,
S3,"S3 equilibrium-loop inlet (X4, H2/CO2 1.18)","P3 (k_meth, Ea_meth, n)",4,700/750/775/825,24,2.4253782818257887,320.1174358850252,2.557238194025988,0.5121537843603732,1.39246346342966,,,,,,,,
S3,"S3 equilibrium-loop inlet (X4, H2/CO2 1.18)","P3 (k_meth, Ea_meth, n)",4,700/775/800/825,24,2.423426032690686,282.3915743081573,2.5860741625742407,0.5342752903986385,1.3478921961720087,,,,,,,,
S3,"S3 equilibrium-loop inlet (X4, H2/CO2 1.18)","P3 (k_meth, Ea_meth, n)",4,700/800/825/850,24,2.3943324297006905,273.7855244304798,2.6424704283814036,0.5337987714422517,1.3705565379519065,,,,,,,,
S3,"S3 equilibrium-loop inlet (X4, H2/CO2 1.18)","P3 (k_meth, Ea_meth, n)",4,700/775/825/850,24,2.3277382498252708,313.105394442255,2.73067824894236,0.5207190460535152,1.4471105513754372,,,,,,,,
S3,"S3 equilibrium-loop inlet (X4, H2/CO2 1.18)","P3 (k_meth, Ea_meth, n)",4,700/725/750/800,24,2.30491473470119,281.15849930214813,2.316510970626328,0.6903073883654383,1.1898474852310947,,,,,,,,
S3,"S3 equilibrium-loop inlet (X4, H2/CO2 1.18)","P3 (k_meth, Ea_meth, n)",4,700/725/750/850,24,2.291079165725562,297.86163301424665,2.3804751256796015,0.6496005296881193,1.2639794052322422,,,,,,,,
S3,"S3 equilibrium-loop inlet (X4, H2/CO2 1.18)","P3 (k_meth, Ea_meth, n)",4,700/725/800/850,24,2.2724684720243697,295.87371660640196,2.539713741634305,0.6825002052469967,1.2410762243434628,,,,,,,,
S3,"S3 equilibrium-loop inlet (X4, H2/CO2 1.18)","P3 (k_meth, Ea_meth, n)",4,700/725/775/800,24,2.2491840280326616,299.50526627056394,2.479708974984042,0.697087709801148,1.2219776749793614,,,,,,,,
S3,"S3 equilibrium-loop inlet (X4, H2/CO2 1.18)","P3 (k_meth, Ea_meth, n)",4,700/725/775/850,24,2.2342212044505123,313.9013485531497,2.539112533155037,0.657799656167468,1.294527868269503,,,,,,,,
S3,"S3 equilibrium-loop inlet (X4, H2/CO2 1.18)","P3 (k_meth, Ea_meth, n)",4,700/725/750/775,24,2.2021858580026716,305.5107030941068,2.342987770395184,0.6818633665399806,1.2773625290245472,,,,,,,,
S3,"S3 equilibrium-loop inlet (X4, H2/CO2 1.18)","P3 (k_meth, Ea_meth, n)",4,700/750/800/850,24,2.1005868854113547,289.7380345391332,2.677418871551197,0.6121940375592129,1.3665999022108222,,,,,,,,
S3,"S3 equilibrium-loop inlet (X4, H2/CO2 1.18)","P3 (k_meth, Ea_meth, n)",4,700/750/775/800,24,2.0880756133451444,298.46657349926664,2.621740904852757,0.6224534561177408,1.3531862725200041,,,,,,,,
S3,"S3 equilibrium-loop inlet (X4, H2/CO2 1.18)","P3 (k_meth, Ea_meth, n)",4,700/750/775/850,24,2.011785319054559,330.3487000527718,2.760628741943749,0.5950580017254287,1.4608154462842375,,,,,,,,
S3,"S3 equilibrium-loop inlet (X4, H2/CO2 1.18)","P3 (k_meth, Ea_meth, n)",4,700/775/800/850,24,1.9268861096003973,315.0149331706457,2.9265460570040744,0.6489014577251837,1.4658815497003237,,,,,,,,
S3,"S3 equilibrium-loop inlet (X4, H2/CO2 1.18)","P3 (k_meth, Ea_meth, n)",4,725/750/825/850,24,1.5194179978567341,255.30214596193943,2.719904443094602,0.7033490711654082,1.1904489435774885,,,,,,,,
S3,"S3 equilibrium-loop inlet (X4, H2/CO2 1.18)","P3 (k_meth, Ea_meth, n)",4,725/750/800/825,24,1.511173341080192,252.23674225146723,2.6991782043116364,0.7530293801961486,1.1288909181121511,,,,,,,,
S3,"S3 equilibrium-loop inlet (X4, H2/CO2 1.18)","P3 (k_meth, Ea_meth, n)",4,725/800/825/850,24,1.4589804848548427,217.3506427404587,2.734526827000674,0.6910288608106976,1.1677974429836318,,,,,,,,
S3,"S3 equilibrium-loop inlet (X4, H2/CO2 1.18)","P3 (k_meth, Ea_meth, n)",4,725/750/775/825,24,1.4150127872819094,277.2097363523872,2.737835442805077,0.7646654622183127,1.192955007053115,,,,,,,,
S3,"S3 equilibrium-loop inlet (X4, H2/CO2 1.18)","P3 (k_meth, Ea_meth, n)",4,725/775/800/825,24,1.412290702111043,240.43827257917326,2.7606464308058065,0.7409000543667228,1.156898185215767,,,,,,,,
S3,"S3 equilibrium-loop inlet (X4, H2/CO2 1.18)","P3 (k_meth, Ea_meth, n)",4,725/775/825/850,24,1.4095842496323745,243.58504452429736,2.78525737269195,0.696029079689473,1.2192561600621854,,,,,,,,
S3,"S3 equilibrium-loop inlet (X4, H2/CO2 1.18)","P3 (k_meth, Ea_meth, n)",4,725/750/800/850,24,1.0908263461891305,263.9857836518264,2.9847131507306943,0.8706457349121033,1.1711318899937804,,,,,,,,
S3,"S3 equilibrium-loop inlet (X4, H2/CO2 1.18)","P3 (k_meth, Ea_meth, n)",4,725/750/775/850,24,0.9966236278583156,289.6614338287697,3.012827976082853,0.8832774788340438,1.2320638475149048,,,,,,,,
S3,"S3 equilibrium-loop inlet (X4, H2/CO2 1.18)","P3 (k_meth, Ea_meth, n)",4,725/775/800/850,24,0.9811309351347623,252.31283154496953,3.0818729947257846,0.8548401250801371,1.2203973940192798,,,,,,,,
S3,"S3 equilibrium-loop inlet (X4, H2/CO2 1.18)","P3 (k_meth, Ea_meth, n)",4,725/750/775/800,24,0.8939612462232658,310.05210526614235,3.106897813645239,0.99534773036955,1.1643510259917071,,,,,,,,
S3,"S3 equilibrium-loop inlet (X4, H2/CO2 1.18)","P3 (k_meth, Ea_meth, n)",4,750/775/825/850,24,-0.3710741192195721,623.5082675694562,4.973345878760898,1.2160573015091194,1.399714953189575,,,,,,,,
S3,"S3 equilibrium-loop inlet (X4, H2/CO2 1.18)","P3 (k_meth, Ea_meth, n)",4,750/800/825/850,24,-0.40700727223516564,578.2668781961555,5.006919870565168,1.2421598600805377,1.3095875391910698,,,,,,,,
S3,"S3 equilibrium-loop inlet (X4, H2/CO2 1.18)","P3 (k_meth, Ea_meth, n)",4,750/775/800/825,24,-0.44190524058094116,676.178812257086,5.141950778354055,1.3685329153134882,1.293656377944834,,,,,,,,
S3,"S3 equilibrium-loop inlet (X4, H2/CO2 1.18)","P3 (k_meth, Ea_meth, n)",4,750/775/800/850,24,-0.8887710457079732,697.6311811010517,5.78994861559397,1.535977496260932,1.4114908685524348,,,,,,,,
S3,"S3 equilibrium-loop inlet (X4, H2/CO2 1.18)","P3 (k_meth, Ea_meth, n)",4,775/800/825/850,24,-1.5265041591032427,991.3483249948832,7.017342794502207,1.807710900363991,1.3454649644494205,,,,,,,,
S3,"S3 equilibrium-loop inlet (X4, H2/CO2 1.18)",P7 (all three reactions + n),2,700/825,12,16.528831847279292,223280.00807316153,5.552926450872052,0.8202824325499709,3.002704661325202,0.7256046429137034,0.1657645354983011,0.9190043637510071,0.19602977830445398,,,,
S3,"S3 equilibrium-loop inlet (X4, H2/CO2 1.18)",P7 (all three reactions + n),2,700/800,12,15.334772520225918,222811.80911704947,5.926538331420571,1.2753337387005774,2.9286062148065612,0.7799460490969448,0.2021438777634389,0.9269789431132257,0.1973486503998624,,,,
S3,"S3 equilibrium-loop inlet (X4, H2/CO2 1.18)",P7 (all three reactions + n),2,725/825,12,15.260040093962255,190902.79034117638,5.282294707733625,1.08272483327721,2.268308771114576,0.6200630789274829,0.1441871849189333,1.3371797517278872,0.234195641741282,,,,
S3,"S3 equilibrium-loop inlet (X4, H2/CO2 1.18)",P7 (all three reactions + n),2,700/850,12,15.042880780934862,355864.9049166739,7.453680958760283,1.349217300467459,3.7340070565948453,0.7438646931395586,0.15325922228473834,1.0184912399511878,0.21587187731312268,,,,
S3,"S3 equilibrium-loop inlet (X4, H2/CO2 1.18)",P7 (all three reactions + n),2,675/825,12,14.837923863407513,174251.20474344664,4.8398093638802635,0.6371370991575536,2.8788242923289347,0.9654135882729551,0.22442699096244406,1.8388357717571802,0.3031040906200021,,,,
S3,"S3 equilibrium-loop inlet (X4, H2/CO2 1.18)",P7 (all three reactions + n),2,725/850,12,14.218631848469737,249834.9364995505,6.368989562856359,1.4566546453801823,2.491552388072174,0.5852208673892358,0.12341189793017507,1.2705831393232443,0.21641966892951192,,,,
S3,"S3 equilibrium-loop inlet (X4, H2/CO2 1.18)",P7 (all three reactions + n),2,750/825,12,14.197082643776847,456383.3719359119,7.9603884382223296,1.730718655635528,2.5883298136837305,0.31842132621240665,0.0799756539864298,1.3285462462648328,0.25445673850861017,,,,
S3,"S3 equilibrium-loop inlet (X4, H2/CO2 1.18)",P7 (all three reactions + n),2,700/775,12,13.996349178373709,139931.178249087,6.1278353407470645,1.1365141157293617,3.3473683244035137,0.9118689696267475,0.2768949473956352,1.1287726502363795,0.272812759779587,,,,
S3,"S3 equilibrium-loop inlet (X4, H2/CO2 1.18)",P7 (all three reactions + n),2,675/800,12,13.88473594289218,159124.94917242948,4.896856008363984,0.9538738496380649,2.813376225739687,0.991496090263149,0.2606853619022852,1.8929719351056828,0.3501837624594974,,,,
S3,"S3 equilibrium-loop inlet (X4, H2/CO2 1.18)",P7 (all three reactions + n),2,725/800,12,13.826330376604359,228298.54791454406,6.13144979187027,1.6946344111667109,2.18832301848632,0.7194219386969456,0.18940700211327918,1.445838354084155,0.27583235366799175,,,,
S3,"S3 equilibrium-loop inlet (X4, H2/CO2 1.18)",P7 (all three reactions + n),2,750/850,12,13.512554244274002,613945.8233587164,9.634654205861693,2.1558122686781354,2.9029549622538693,0.28094491718923936,0.06526953457308655,1.3301103087538713,0.2554473331350112,,,,
S3,"S3 equilibrium-loop inlet (X4, H2/CO2 1.18)",P7 (all three reactions + n),2,675/850,12,13.224114809567991,248015.07490891186,6.099775121743226,1.0636996157006604,3.494305107232465,0.9472091655078351,0.1987459660489643,1.8123464758165777,0.27652255106402823,,,,
S3,"S3 equilibrium-loop inlet (X4, H2/CO2 1.18)",P7 (all three reactions + n),2,675/775,12,13.095325295156602,99308.34213827613,5.125580735997288,0.7994329268829814,3.0755914455248865,1.011556994883607,0.3087399301082889,1.859181724995413,0.39567580256452306,,,,
S3,"S3 equilibrium-loop inlet (X4, H2/CO2 1.18)",P7 (all three reactions + n),2,775/825,12,12.332220516101268,874689.1880420041,9.909396495058852,2.4847194236364523,2.3328172862356946,0.35176992286832853,0.08998654043445427,1.9910943766103502,0.37483137005172223,,,,
S3,"S3 equilibrium-loop inlet (X4, H2/CO2 1.18)",P7 (all three reactions + n),2,775/850,12,12.305978410630031,983094.9310676828,10.82972335669416,2.5882972144720506,2.6583701022127886,0.27497638916757255,0.06647517477156031,1.7240356927989497,0.32621283019758535,,,,
S3,"S3 equilibrium-loop inlet (X4, H2/CO2 1.18)",P7 (all three reactions + n),2,750/800,12,12.232455603671509,736881.7649090224,10.61715555126248,2.9788263702343194,2.4699299406514346,0.40780964257276,0.11341926665136182,1.4329218085196302,0.28061505070264664,,,,
S3,"S3 equilibrium-loop inlet (X4, H2/CO2 1.18)",P7 (all three reactions + n),2,725/775,12,12.139484713333564,142300.81759443245,6.272374360095147,1.8541026164699728,2.401857821216121,0.9318809397110607,0.2888321414302668,1.5899764489325512,0.3437658644527243,,,,
S3,"S3 equilibrium-loop inlet (X4, H2/CO2 1.18)",P7 (all three reactions + n),2,650/825,12,12.112081323944793,130145.68962601446,4.047348177619112,0.6492591364707535,2.6292161501012985,1.4923035009299557,0.3458479886653154,4.4163507488049385,0.7133207235623747,,,,
S3,"S3 equilibrium-loop inlet (X4, H2/CO2 1.18)",P7 (all three reactions + n),2,675/750,12,11.79447929223599,40796.503617995375,5.274396780064592,0.7345582347591977,3.3147215318816854,1.0202330656301772,0.38450750761954966,1.5572327905429302,0.40408431701930714,,,,
S3,"S3 equilibrium-loop inlet (X4, H2/CO2 1.18)",P7 (all three reactions + n),2,650/775,12,11.359683361871774,70126.55372694715,4.25473620493972,0.771813838000047,2.7566121548967604,1.4733182904911357,0.44878830361861166,3.306877922594356,0.6984698115738596,,,,
S3,"S3 equilibrium-loop inlet (X4, H2/CO2 1.18)",P7 (all three reactions + n),2,650/800,12,11.311111991994675,116530.51198594247,3.9918293610712525,0.8508880580725272,2.587147808225406,1.492515636380141,0.3913149521218112,4.416883074470918,0.8005603815942242,,,,
S3,"S3 equilibrium-loop inlet (X4, H2/CO2 1.18)",P7 (all three reactions + n),2,700/750,12,11.2467582524095,77248.17449053854,6.954035423392313,1.189665513165522,4.586439305673054,1.1140421210047102,0.42219064720929883,1.5908874112521487,0.4549499802023925,,,,
S3,"S3 equilibrium-loop inlet (X4, H2/CO2 1.18)",P7 (all three reactions + n),2,650/750,12,10.919104556606854,47536.204946952035,5.398473671467039,0.8042099313841127,3.9446994950214536,1.4220317210015887,0.5340900689150813,1.9948789882668285,0.49595048684169946,,,,
S3,"S3 equilibrium-loop inlet (X4, H2/CO2 1.18)",P7 (all three reactions + n),2,650/850,12,10.437863743973098,149352.75836355396,4.617288373312611,0.8653870817785932,3.0946552878176434,1.4935276322263484,0.3121849153981836,4.452585444597474,0.654742926058775,,,,
S3,"S3 equilibrium-loop inlet (X4, H2/CO2 1.18)",P7 (all three reactions + n),2,625/775,12,9.858360062009927,183864.89250843762,5.952828170838142,0.6440926402896995,3.698958809556134,3.8618329564232328,1.1730867952012334,5.73287582539141,1.2060393157951015,,,,
S3,"S3 equilibrium-loop inlet (X4, H2/CO2 1.18)",P7 (all three reactions + n),2,625/825,12,9.745093211052708,930928.9932983647,5.1067835814392,0.6234833993913571,3.147283105611538,6.562410582586487,1.5202986262100722,11.050357352379331,1.7691217337934868,,,,
S3,"S3 equilibrium-loop inlet (X4, H2/CO2 1.18)",P7 (all three reactions + n),2,750/775,12,9.550427777595061,737411.6741717916,13.277951940649078,4.115974871016124,2.9201373650826543,0.687716966698708,0.21850285183554846,1.6445375480624624,0.35676792061896634,,,,
S3,"S3 equilibrium-loop inlet (X4, H2/CO2 1.18)",P7 (all three reactions + n),2,625/750,12,9.538330089707344,129961.42436312376,9.072938516978873,0.6405431187700513,5.894030021642887,2.6575266084364233,0.9912341986962498,3.481961886824854,0.8819043705093745,,,,
S3,"S3 equilibrium-loop inlet (X4, H2/CO2 1.18)",P7 (all three reactions + n),2,725/750,12,9.333822084282275,61004.17333320986,5.9504960689509385,2.552594592488146,2.398912920552048,1.59438704237637,0.6145949705590704,1.7671161733295768,0.4585287056243111,,,,
S3,"S3 equilibrium-loop inlet (X4, H2/CO2 1.18)",P7 (all three reactions + n),2,800/850,12,9.16774928083493,2731413.9990692968,16.08796338124574,4.053638254815463,2.454679990957046,0.41124146334068185,0.09601214779466748,3.080681637214931,0.5207343288337409,,,,
S3,"S3 equilibrium-loop inlet (X4, H2/CO2 1.18)",P7 (all three reactions + n),2,625/800,12,9.08045984510498,814365.4495325414,4.878418074186468,0.7998341207114796,3.0777196888562894,6.437783054445437,1.6872100641272283,10.841788522130104,1.958588235602903,,,,
S3,"S3 equilibrium-loop inlet (X4, H2/CO2 1.18)",P7 (all three reactions + n),2,775/800,12,8.848858024196407,2200925.5715292245,16.13831427816219,4.697501617381508,2.283999744329153,0.6059080835495841,0.16827653448653035,3.1371939048699153,0.6082583305193899,,,,
S3,"S3 equilibrium-loop inlet (X4, H2/CO2 1.18)",P7 (all three reactions + n),2,650/725,12,7.994116860582881,10649.497775982718,4.289824743478533,0.6685153504406559,2.783542445787058,1.4652629916934896,0.6993445867501077,1.9438143692661596,0.7473184886148531,,,,
S3,"S3 equilibrium-loop inlet (X4, H2/CO2 1.18)",P7 (all three reactions + n),2,625/850,12,7.79584135109909,866389.1988205282,6.1828851462379495,0.9090926610965071,4.072960618175719,6.690935954135017,1.3974896135688561,11.257901670050185,1.6288340755098023,,,,
S3,"S3 equilibrium-loop inlet (X4, H2/CO2 1.18)",P7 (all three reactions + n),2,675/725,12,7.7640226619929695,15280.060812376414,5.062065543333323,0.8130634232205552,3.2782439067155384,1.0933540973465112,0.55700031903276,1.8477045839950639,0.7459705497322254,,,,
S3,"S3 equilibrium-loop inlet (X4, H2/CO2 1.18)",P7 (all three reactions + n),2,600/750,12,7.674841112424659,159386.61809907583,10.329450443695533,0.7226835614444098,6.7420668355663995,4.503083142963735,1.6850419377552273,3.748296570884343,0.9639503996483124,,,,
S3,"S3 equilibrium-loop inlet (X4, H2/CO2 1.18)",P7 (all three reactions + n),2,800/825,12,7.369576768507526,5811513.317068949,22.790564418336515,6.120377780140969,2.2015630900926006,0.6962937819676697,0.1710037738792226,4.752432633180245,0.8155337204641006,,,,
S3,"S3 equilibrium-loop inlet (X4, H2/CO2 1.18)",P7 (all three reactions + n),2,700/725,12,7.212739105295194,13797.653251871774,4.6279011613539485,1.5906853849988543,2.8760695365685724,1.3472883311692931,0.6846462566084862,1.7418552432490655,0.7535444396762832,,,,
S3,"S3 equilibrium-loop inlet (X4, H2/CO2 1.18)",P7 (all three reactions + n),2,600/775,12,7.14226633810704,360830.88847551786,7.465783313814156,0.7821942489466324,4.170284194797454,6.984715439907014,2.1229293203723314,6.755106863994818,1.4200427159436673,,,,
S3,"S3 equilibrium-loop inlet (X4, H2/CO2 1.18)",P7 (all three reactions + n),2,625/725,12,6.9007656316606205,20869.60103138537,5.95456578948546,0.5278457387022886,3.639562039599122,2.878963804355383,1.3678392196820364,3.4195649861179436,1.1884270476506846,,,,
S3,"S3 equilibrium-loop inlet (X4, H2/CO2 1.18)",P7 (all three reactions + n),2,825/850,12,4.897564116904769,12381938.320223494,33.37633988530176,8.007326125598967,2.4923495776634255,0.9024386946292475,0.19896423977466937,7.275096058065591,1.117754974470821,,,,
S3,"S3 equilibrium-loop inlet (X4, H2/CO2 1.18)",P7 (all three reactions + n),2,650/700,12,4.819997377169723,6412.663564980307,6.3757434782202775,1.249749595525017,4.366507970908542,1.4320357792793659,1.0416942895300165,2.771464619775265,1.2609153748296764,,,,
S3,"S3 equilibrium-loop inlet (X4, H2/CO2 1.18)",P7 (all three reactions + n),2,600/725,12,4.818829709785222,39631.58475536861,6.114129698292636,0.5079130009397521,3.9773591081108255,6.445717688722767,3.016343860747194,5.708777265567403,1.862747155150803,,,,
S3,"S3 equilibrium-loop inlet (X4, H2/CO2 1.18)",P7 (all three reactions + n),2,600/825,12,4.373280330411426,8316232.3296599155,7.160792515873643,1.4145015833067625,3.1504958259863622,15.279779146078953,3.5413129437300324,35.397391054708436,5.653505327356625,,,,
S3,"S3 equilibrium-loop inlet (X4, H2/CO2 1.18)",P7 (all three reactions + n),2,600/800,12,3.814189529602256,6956865.292328516,6.675117820939959,1.5574582501682175,3.078326075616672,14.699326608138907,3.8539762616986817,33.97797347026397,6.133086443011751,,,,
S3,"S3 equilibrium-loop inlet (X4, H2/CO2 1.18)",P7 (all three reactions + n),2,675/700,12,3.517981907252729,14333.987032986231,9.321809034309533,1.36629357228248,5.951066314039117,1.4132095715519506,1.1283927306098136,2.4673814095626683,1.3093547722453567,,,,
S3,"S3 equilibrium-loop inlet (X4, H2/CO2 1.18)",P7 (all three reactions + n),2,625/700,12,3.3759242085069525,47823.461146319336,18.227235977265124,0.7750206150868694,11.338978545614294,2.4760182114421267,1.630590308806401,3.566943003827105,1.5961020764954315,,,,
S3,"S3 equilibrium-loop inlet (X4, H2/CO2 1.18)",P7 (all three reactions + n),2,600/850,12,2.4029416304637143,7505508.110560663,7.529930688387279,1.4036496420248599,4.085109160557592,15.345310310461763,3.2065862084302292,35.55491506969536,5.12235791812016,,,,
S3,"S3 equilibrium-loop inlet (X4, H2/CO2 1.18)",P7 (all three reactions + n),2,600/700,12,0.9675079775852979,51283.09444795372,18.838894369741656,1.1966797222096615,11.668657569063912,4.432950909820337,3.049675273472887,3.716483782280165,1.7199702179795724,,,,
S3,"S3 equilibrium-loop inlet (X4, H2/CO2 1.18)",P7 (all three reactions + n),2,625/675,12,-2.7799953631356735,8007.627994586376,11.241843880299419,1.4128679212955544,7.027160974945827,3.5488171838664324,4.777286673079867,5.968882711182238,5.554254641908283,,,,
S3,"S3 equilibrium-loop inlet (X4, H2/CO2 1.18)",P7 (all three reactions + n),2,650/675,12,-3.0989178511311057,2506.656324882773,5.775352510708885,2.986668761935864,3.9713325338701972,1.4821034855084902,2.300402407769095,4.399009580155264,4.366521817739551,,,,
S3,"S3 equilibrium-loop inlet (X4, H2/CO2 1.18)",P7 (all three reactions + n),2,600/675,12,-6.190100176482211,13343.800162123367,12.44255896499792,2.883902481631419,7.396726236167467,5.467649124839148,7.4351162249648395,12.562803254475204,11.598046539920821,,,,
S3,"S3 equilibrium-loop inlet (X4, H2/CO2 1.18)",P7 (all three reactions + n),2,625/650,12,-10.057615103805354,13340.515951147692,6.790293716180839,3.9623508709725557,4.769058898335709,1.4977519246718052,9.82001573091476,4.590511806731045,11.68208755563388,,,,
S3,"S3 equilibrium-loop inlet (X4, H2/CO2 1.18)",P7 (all three reactions + n),2,600/650,12,-11.996424534446515,25633.28266209621,6.790306245805777,5.003187168609875,4.769068531334713,1.497751959242346,12.759380969643633,4.590512951045165,20.296748363115093,,,,
S3,"S3 equilibrium-loop inlet (X4, H2/CO2 1.18)",P7 (all three reactions + n),2,600/625,12,-30.877353963738315,684862222.0998327,2892.362789273487,10.768274659308078,1840.5332346429605,396.12046233690575,49.9103241473631,531.9684893990068,130.67197197424574,,,,
S3,"S3 equilibrium-loop inlet (X4, H2/CO2 1.18)",P7 (all three reactions + n),3,700/775/825,18,20.175450027005578,151937.2128317881,3.7396922766597642,0.6084413437951828,2.0985951931083333,0.31146496523669703,0.07934088774327006,0.603286489803164,0.1367518027449728,,,,
S3,"S3 equilibrium-loop inlet (X4, H2/CO2 1.18)",P7 (all three reactions + n),3,700/750/825,18,20.122317407792146,110560.65643867478,3.57968509730052,0.5779085572530916,2.0859136185323526,0.28281884489864917,0.07066005229905425,0.5782422843971037,0.13073531158237736,,,,
S3,"S3 equilibrium-loop inlet (X4, H2/CO2 1.18)",P7 (all three reactions + n),3,625/750/825,18,20.025777373610694,102883.30491012568,3.3350474517745545,0.2974776655030776,2.2056381555648765,0.31483414133469295,0.07871903459696779,1.0800816017205728,0.19749754170434258,,,,
S3,"S3 equilibrium-loop inlet (X4, H2/CO2 1.18)",P7 (all three reactions + n),3,650/750/825,18,19.931670054478488,78646.93720537695,2.860875372089464,0.34506201180135,2.0024191638897775,0.30910116139681393,0.07728250994706723,1.1184323558091205,0.20532509504038865,,,,
S3,"S3 equilibrium-loop inlet (X4, H2/CO2 1.18)",P7 (all three reactions + n),3,625/700/825,18,19.871122170566295,129791.96624114542,4.077853121437496,0.26701837775743786,2.5792762447380237,0.6457077398167157,0.1481609953437798,0.7544282018343351,0.15263467580835166,,,,
S3,"S3 equilibrium-loop inlet (X4, H2/CO2 1.18)",P7 (all three reactions + n),3,650/700/825,18,19.85792468763257,81742.48811818435,3.19891960784665,0.3464275654514166,2.116253966747987,0.5927854148548846,0.13713369095764277,0.6941803275494586,0.14629047708694276,,,,
S3,"S3 equilibrium-loop inlet (X4, H2/CO2 1.18)",P7 (all three reactions + n),3,700/775/850,18,19.821314341696862,168248.44461449154,4.099542439142503,0.7726601860571779,2.2059557780512504,0.2526635763114896,0.06108053494149416,0.5853883037405365,0.1365426831029411,,,,
S3,"S3 equilibrium-loop inlet (X4, H2/CO2 1.18)",P7 (all three reactions + n),3,675/750/825,18,19.777858329268724,91634.61966800304,3.2262607126921266,0.43509281501524105,1.9664857487000618,0.2992839835324647,0.07467745656818718,0.8306236637652302,0.15503096264758628,,,,
S3,"S3 equilibrium-loop inlet (X4, H2/CO2 1.18)",P7 (all three reactions + n),3,600/700/825,18,19.755939299860117,131810.0527760279,4.108630763215211,0.22634464299608525,2.5988914620329315,0.6503540125357168,0.1493619919630314,0.7691971547869003,0.1568688631515545,,,,
S3,"S3 equilibrium-loop inlet (X4, H2/CO2 1.18)",P7 (all three reactions + n),3,625/750/850,18,19.6600440579264,95187.81907988744,3.3586707260721753,0.339804585364813,2.2049533356840256,0.277399856204629,0.06420145101346356,1.026274545092901,0.18658842764057437,,,,
S3,"S3 equilibrium-loop inlet (X4, H2/CO2 1.18)",P7 (all three reactions + n),3,600/750/825,18,19.625439495256224,110189.01887943564,3.4464899888542644,0.24485235879765965,2.262316289278831,0.3159094523551952,0.0791344819554763,1.1795901743197466,0.21707808685599694,,,,
S3,"S3 equilibrium-loop inlet (X4, H2/CO2 1.18)",P7 (all three reactions + n),3,625/725/825,18,19.625072999011756,100039.5275782108,3.559926057549778,0.3111989367488218,2.11259166577035,0.547213007896194,0.12769594935760153,1.244446937691093,0.20814347191600371,,,,
S3,"S3 equilibrium-loop inlet (X4, H2/CO2 1.18)",P7 (all three reactions + n),3,650/725/825,18,19.61821046355621,71379.09559950152,2.963606006800444,0.34370408688479326,1.858646167234728,0.5128885874637504,0.12006563299500737,1.2054234050593158,0.20636284787818712,,,,
S3,"S3 equilibrium-loop inlet (X4, H2/CO2 1.18)",P7 (all three reactions + n),3,700/725/825,18,19.615002803508165,100416.50826128869,3.658494885922831,0.6815164495237422,1.9227334793767172,0.4302512184343081,0.09901910591417332,0.6528999257421148,0.14663547944712962,,,,
S3,"S3 equilibrium-loop inlet (X4, H2/CO2 1.18)",P7 (all three reactions + n),3,700/800/825,18,19.60261704625215,200001.14809534862,3.8443240236860086,0.6567162987920884,2.0553177248476158,0.495043322303208,0.12068743669322568,0.6839110789608797,0.140930418731805,,,,
S3,"S3 equilibrium-loop inlet (X4, H2/CO2 1.18)",P7 (all three reactions + n),3,700/750/850,18,19.592860386228303,109028.70613793762,3.7380497222414952,0.7018528198646785,2.115869890318268,0.2527345482168015,0.05868831232205828,0.5660604513874313,0.13285432221250504,,,,
S3,"S3 equilibrium-loop inlet (X4, H2/CO2 1.18)",P7 (all three reactions + n),3,650/750/850,18,19.55917338269093,71906.14480172779,2.867551891817008,0.40008165090753767,1.988841200800004,0.2734754592989575,0.063321978865179,1.059756437883875,0.1934105125659642,,,,
S3,"S3 equilibrium-loop inlet (X4, H2/CO2 1.18)",P7 (all three reactions + n),3,600/725/825,18,19.4179856608955,95498.01068978335,3.457755655379747,0.24781570888404414,2.101822110707534,0.5594374052679596,0.1305822847734961,1.2998495911002181,0.21985530642135423,,,,
S3,"S3 equilibrium-loop inlet (X4, H2/CO2 1.18)",P7 (all three reactions + n),3,700/800/850,18,19.416852889167437,251627.9857505481,4.453175950126756,0.8698731519927612,2.278310436153536,0.3553674991978397,0.08258379007770225,0.634775799553955,0.1337564494840171,,,,
S3,"S3 equilibrium-loop inlet (X4, H2/CO2 1.18)",P7 (all three reactions + n),3,675/775/825,18,19.408385595668122,145027.33794214626,3.599247175206029,0.47696385259137736,2.1572246609906514,0.3246553639276715,0.0832561302927804,0.9943089635857422,0.18766323723662712,,,,
S3,"S3 equilibrium-loop inlet (X4, H2/CO2 1.18)",P7 (all three reactions + n),3,625/700/800,18,19.33671202363855,102326.75768181647,3.8110485158193335,0.3126341495707006,2.407455191318578,0.6855378561615586,0.17771973171688554,0.7978630556815616,0.1744860052239544,,,,
S3,"S3 equilibrium-loop inlet (X4, H2/CO2 1.18)",P7 (all three reactions + n),3,600/750/850,18,19.297551907460935,100725.58268689831,3.4521617744063047,0.2795664708945268,2.251615619566543,0.27788117876900004,0.06441201411919079,1.114224472696211,0.20372332787757685,,,,
S3,"S3 equilibrium-loop inlet (X4, H2/CO2 1.18)",P7 (all three reactions + n),3,675/750/850,18,19.29000927963591,87554.95283875111,3.301019154785485,0.5203507467146515,1.9933084919929556,0.2667733942040664,0.06170799034816511,0.7962494963834206,0.14941396664392123,,,,
S3,"S3 equilibrium-loop inlet (X4, H2/CO2 1.18)",P7 (all three reactions + n),3,600/700/800,18,19.282606624311548,103520.4378633153,3.8314788971517273,0.2515919751267737,2.4216273798685775,0.695293274754572,0.18036998151680034,0.8101837439192648,0.17756989290240882,,,,
S3,"S3 equilibrium-loop inlet (X4, H2/CO2 1.18)",P7 (all three reactions + n),3,625/775/825,18,19.247613042407668,149524.48462016042,3.6216283695498444,0.3603571175426556,2.268358496637001,0.345187735382168,0.08847426888329245,1.462047807640344,0.27278668523276056,,,,
S3,"S3 equilibrium-loop inlet (X4, H2/CO2 1.18)",P7 (all three reactions + n),3,650/700/800,18,19.208989198444037,67770.19900196466,3.0644166043256207,0.4174846178567172,2.0287349094472438,0.6281497667447264,0.16397649342861323,0.7400194933006384,0.16627635460202977,,,,
S3,"S3 equilibrium-loop inlet (X4, H2/CO2 1.18)",P7 (all three reactions + n),3,625/700/850,18,19.195976510718033,123255.38682582523,4.1842362878796875,0.3016603280959346,2.638740229381181,0.6242098710208457,0.1296922409676339,0.7382602782686266,0.15383639998963447,,,,
S3,"S3 equilibrium-loop inlet (X4, H2/CO2 1.18)",P7 (all three reactions + n),3,600/700/850,18,19.128004801164284,124396.64440738081,4.2016366631737645,0.24943972750340562,2.6519409264243228,0.630031064598689,0.13099452597827982,0.7538533198366933,0.15855351748179666,,,,
S3,"S3 equilibrium-loop inlet (X4, H2/CO2 1.18)",P7 (all three reactions + n),3,625/775/850,18,19.127119625347355,153676.48981632784,3.782992356359557,0.4400012820368998,2.388529273043714,0.27079805429445974,0.06564803664659066,1.3208228254292036,0.24664081156438827,,,,
S3,"S3 equilibrium-loop inlet (X4, H2/CO2 1.18)",P7 (all three reactions + n),3,650/700/850,18,19.12455992814005,75699.61608464495,3.241510822129975,0.40144178840689965,2.1375455605635514,0.5732007631163776,0.12001147004818363,0.6810651604348587,0.1498881814879162,,,,
S3,"S3 equilibrium-loop inlet (X4, H2/CO2 1.18)",P7 (all three reactions + n),3,700/825/850,18,19.12005299606117,254859.07761008036,4.337225685916623,0.6992325816364874,2.2897638284242516,0.5476995909731612,0.11989498840829627,0.7258001419793083,0.14789777906580645,,,,
S3,"S3 equilibrium-loop inlet (X4, H2/CO2 1.18)",P7 (all three reactions + n),3,675/775/850,18,19.116630805519012,156738.1418993304,3.8820807260002814,0.6115560474190052,2.2829747705837318,0.25942431629200735,0.06293580669201541,0.9215617492927373,0.17548778792572964,,,,
S3,"S3 equilibrium-loop inlet (X4, H2/CO2 1.18)",P7 (all three reactions + n),3,650/775/825,18,19.110369254409164,110856.21723600567,3.07869661098961,0.37941782592782625,2.0279864760832464,0.3383606170568516,0.08670548435431844,1.6001140237531875,0.30010150653472184,,,,
S3,"S3 equilibrium-loop inlet (X4, H2/CO2 1.18)",P7 (all three reactions + n),3,650/775/850,18,19.03254615928497,112671.7445103289,3.2062940716399435,0.46934491077060797,2.1043993964692835,0.26753530238462875,0.06488453044475105,1.4248468211705259,0.26749755774882944,,,,
S3,"S3 equilibrium-loop inlet (X4, H2/CO2 1.18)",P7 (all three reactions + n),3,625/750/800,18,19.024962964309633,85943.1034614329,3.1738951754979787,0.3672056233723336,2.1112624379645646,0.39329348630881267,0.10937999179772093,1.1685452885308287,0.22816495384530586,,,,
S3,"S3 equilibrium-loop inlet (X4, H2/CO2 1.18)",P7 (all three reactions + n),3,625/725/850,18,19.016393499160948,93571.85519874557,3.6106570201710193,0.35128984182213896,2.145331721968588,0.519298634033554,0.10999827482949183,1.2080658722613915,0.19586205397880496,,,,
S3,"S3 equilibrium-loop inlet (X4, H2/CO2 1.18)",P7 (all three reactions + n),3,700/750/800,18,19.01029867560837,92663.61822941151,3.4430628399693926,0.7492079123880014,1.9781571113993222,0.34398671620960286,0.0955043199305734,0.6050705306692744,0.13940962253450154,,,,
S3,"S3 equilibrium-loop inlet (X4, H2/CO2 1.18)",P7 (all three reactions + n),3,675/700/825,18,18.998781811806914,134345.67158346684,4.237063393038804,0.5701088593660454,2.4649803735103895,0.5400511841942017,0.12348277201753984,0.7483986731899982,0.1630766991325702,,,,
S3,"S3 equilibrium-loop inlet (X4, H2/CO2 1.18)",P7 (all three reactions + n),3,650/725/850,18,18.97832120543587,65876.36172984057,2.987074374035527,0.4002538239161645,1.8732225044295838,0.4880532052696958,0.10369877841832667,1.1691221698956236,0.19496076790019726,,,,
S3,"S3 equilibrium-loop inlet (X4, H2/CO2 1.18)",P7 (all three reactions + n),3,675/725/825,18,18.946834130051855,90892.14331550406,3.4073538861204424,0.4739864472425431,2.0119417187957724,0.489104795371832,0.11451469042916237,1.0656932723292394,0.1870833694993115,,,,
S3,"S3 equilibrium-loop inlet (X4, H2/CO2 1.18)",P7 (all three reactions + n),3,625/725/800,18,18.904397058214286,82827.86439150825,3.4007827537278343,0.36856018781916094,2.0040172241782424,0.6137977336550623,0.16109958226397209,1.3649642549352494,0.25917593332703565,,,,
S3,"S3 equilibrium-loop inlet (X4, H2/CO2 1.18)",P7 (all three reactions + n),3,650/750/800,18,18.861979454254143,67550.40164169091,2.753284797407642,0.4344712432677687,1.9495712502784555,0.3829126379000184,0.10652493515599865,1.2156056369476094,0.2381209553380891,,,,
S3,"S3 equilibrium-loop inlet (X4, H2/CO2 1.18)",P7 (all three reactions + n),3,600/725/850,18,18.851739127950857,88854.22338006514,3.5002682119632973,0.2752626865563854,2.127449817331513,0.5290207801872919,0.11203076860101518,1.251872617855783,0.20564808965842316,,,,
S3,"S3 equilibrium-loop inlet (X4, H2/CO2 1.18)",P7 (all three reactions + n),3,650/725/800,18,18.84269627242815,60819.021255551685,2.8717188183302977,0.4133618006542261,1.7907477314021125,0.5675284089996167,0.14937091704399658,1.3050015731580986,0.2510020000906226,,,,
S3,"S3 equilibrium-loop inlet (X4, H2/CO2 1.18)",P7 (all three reactions + n),3,725/750/825,18,18.82007245726547,92300.50938285246,3.41797788211959,0.861282437691951,1.5656319548669277,0.28222926404861215,0.07048746766572288,0.7329010278575553,0.14186664216302497,,,,
S3,"S3 equilibrium-loop inlet (X4, H2/CO2 1.18)",P7 (all three reactions + n),3,675/750/800,18,18.78620777439987,76262.54328666397,3.074759314744903,0.535713507982485,1.8712003414500245,0.3634085999927561,0.10074541361272436,0.8906964055761326,0.17613615952954065,,,,
S3,"S3 equilibrium-loop inlet (X4, H2/CO2 1.18)",P7 (all three reactions + n),3,700/725/850,18,18.755327106594336,105306.74143270617,3.963298295042745,0.8699355568015887,1.9886598951732164,0.40938448038715014,0.08609444982768458,0.6392597593348432,0.1501620973742308,,,,
S3,"S3 equilibrium-loop inlet (X4, H2/CO2 1.18)",P7 (all three reactions + n),3,600/725/800,18,18.732630416609823,79402.24513382402,3.3089904708006515,0.2830149212760182,2.001987573629243,0.6270796648255375,0.16472993755184426,1.4210345426184245,0.2707605938801187,,,,
S3,"S3 equilibrium-loop inlet (X4, H2/CO2 1.18)",P7 (all three reactions + n),3,700/775/800,18,18.674444717392003,140670.15541655954,3.7601187032390695,0.798274236175004,2.008149444269789,0.4650285799489153,0.12849562337328072,0.672112823259934,0.1509298158973148,,,,
S3,"S3 equilibrium-loop inlet (X4, H2/CO2 1.18)",P7 (all three reactions + n),3,600/775/825,18,18.642970842309687,143489.3647930304,3.517069113503059,0.29231985266149907,2.269484413399039,0.34746576217078373,0.08907687120724109,1.7426046336383587,0.32544224644910624,,,,
S3,"S3 equilibrium-loop inlet (X4, H2/CO2 1.18)",P7 (all three reactions + n),3,600/750/800,18,18.62085788199577,93620.70720207883,3.307434739492943,0.29231922695961177,2.1737512160857526,0.3968311561728376,0.11062577854196501,1.2819047719335999,0.25104049495100705,,,,
S3,"S3 equilibrium-loop inlet (X4, H2/CO2 1.18)",P7 (all three reactions + n),3,600/775/850,18,18.610929216614068,144617.04542032786,3.634244135082273,0.36002480011050647,2.377832096113956,0.2722196676712409,0.06600836485462654,1.5298965449499802,0.2857502864657217,,,,
S3,"S3 equilibrium-loop inlet (X4, H2/CO2 1.18)",P7 (all three reactions + n),3,700/725/800,18,18.542947772817147,91733.75046412136,3.7098787393650987,0.9279484737680239,1.8382423507018568,0.4722121013822185,0.12282597841657758,0.6792058837737693,0.15558380977650493,,,,
S3,"S3 equilibrium-loop inlet (X4, H2/CO2 1.18)",P7 (all three reactions + n),3,725/775/825,18,18.531739289557606,158375.6968438915,3.9550881698748994,0.8618783678419508,1.7886439194362673,0.30553719451773276,0.07826696431120653,0.8901273872846202,0.17228502552102687,,,,
S3,"S3 equilibrium-loop inlet (X4, H2/CO2 1.18)",P7 (all three reactions + n),3,675/800/825,18,18.457409049280233,167315.85509390855,3.456938030277197,0.5155845867010127,2.02492963685257,0.5545123718300976,0.13629378064307285,1.2940392767596725,0.22564740026360178,,,,
S3,"S3 equilibrium-loop inlet (X4, H2/CO2 1.18)",P7 (all three reactions + n),3,675/800/850,18,18.432704554579544,205828.03809518807,3.9454719787972707,0.7002186411106845,2.255425075229512,0.3669524092536867,0.08596316830844059,1.0788561665966705,0.18743187919093163,,,,
S3,"S3 equilibrium-loop inlet (X4, H2/CO2 1.18)",P7 (all three reactions + n),3,725/750/850,18,18.29563638354613,96939.24806346731,3.667177934490144,1.0204987465756703,1.5831065507224449,0.2524350868623259,0.05871880753278463,0.7012586771060161,0.1386863748397312,,,,
S3,"S3 equilibrium-loop inlet (X4, H2/CO2 1.18)",P7 (all three reactions + n),3,725/775/850,18,18.262793089369566,178483.95651545736,4.34997871061584,1.0274621525302654,1.8526846207357093,0.2473768443891575,0.060170920341256956,0.8305999352159478,0.16331733226659756,,,,
S3,"S3 equilibrium-loop inlet (X4, H2/CO2 1.18)",P7 (all three reactions + n),3,675/725/850,18,18.204805254266482,86990.28665298987,3.505290210409733,0.569242977598616,2.048215653665069,0.46253299091722117,0.09840802709294419,1.0254105780310125,0.17658392564503425,,,,
S3,"S3 equilibrium-loop inlet (X4, H2/CO2 1.18)",P7 (all three reactions + n),3,675/700/800,18,18.17064981101716,113980.29661876499,4.131886546808662,0.7520423506175331,2.3440854499408843,0.5601795093153736,0.1450342867826429,0.7563849320198472,0.1688337755704227,,,,
S3,"S3 equilibrium-loop inlet (X4, H2/CO2 1.18)",P7 (all three reactions + n),3,675/725/800,18,18.144621675315015,75431.20616218625,3.262639554623139,0.5794425122773547,1.9122837299576283,0.5355719200294357,0.1412450346598483,1.1386177610845363,0.2206999953718403,,,,
S3,"S3 equilibrium-loop inlet (X4, H2/CO2 1.18)",P7 (all three reactions + n),3,725/800/825,18,17.952782728204,221098.6628835848,4.208411406916995,0.9206672371728999,1.7394502320670704,0.4712503979496884,0.11570268317108333,1.1055802638979633,0.19794017981482506,,,,
S3,"S3 equilibrium-loop inlet (X4, H2/CO2 1.18)",P7 (all three reactions + n),3,675/700/850,18,17.944306637051056,145167.40391297961,4.657774120736594,0.7609342568848567,2.637944967261445,0.5265761534688782,0.10919173929321187,0.7453590138143241,0.16577423705905184,,,,
S3,"S3 equilibrium-loop inlet (X4, H2/CO2 1.18)",P7 (all three reactions + n),3,725/800/850,18,17.90684965754587,262700.54629607854,4.703585140394464,1.0997362714737653,1.849458903333162,0.3416843284343785,0.08007064898156244,0.9253902174923857,0.16727458461554756,,,,
S3,"S3 equilibrium-loop inlet (X4, H2/CO2 1.18)",P7 (all three reactions + n),3,650/700/775,18,17.846658195064126,56667.81639973841,3.6900002596207058,0.4439714721320629,2.4710931162204757,0.706180743079437,0.21375623882581324,0.8910786801367578,0.22181181362737393,,,,
S3,"S3 equilibrium-loop inlet (X4, H2/CO2 1.18)",P7 (all three reactions + n),3,625/700/775,18,17.827643418696308,99441.03292753283,4.963181154010542,0.31966818303426064,3.1354598715111406,0.8182496883003729,0.2452896547476008,1.0331653917493149,0.25113352221621477,,,,
S3,"S3 equilibrium-loop inlet (X4, H2/CO2 1.18)",P7 (all three reactions + n),3,675/775/800,18,17.77694167658671,130463.62154345324,3.5356615968384504,0.6108581936147467,2.084944819599969,0.5165296295902518,0.14359440381922906,1.261492540512661,0.24814541500934828,,,,
S3,"S3 equilibrium-loop inlet (X4, H2/CO2 1.18)",P7 (all three reactions + n),3,600/700/775,18,17.742711055601,102374.80590055957,5.0421433592575395,0.2503678121644923,3.1684142024851734,0.8312151417006002,0.24909902514872123,1.0506643701535374,0.25598151186733886,,,,
S3,"S3 equilibrium-loop inlet (X4, H2/CO2 1.18)",P7 (all three reactions + n),3,675/825/850,18,17.689162749277536,212218.48302085671,3.8901001037906857,0.5609742080855645,2.266247653858582,0.6456798800421922,0.14276236118613606,1.3997686843957922,0.22228936841038394,,,,
S3,"S3 equilibrium-loop inlet (X4, H2/CO2 1.18)",P7 (all three reactions + n),3,725/825/850,18,17.646582034362936,275333.2213948932,4.679941357326402,0.9407083480259895,1.928830247497536,0.4918270343939673,0.10865453677545282,1.1411681417160664,0.1892242621999173,,,,
S3,"S3 equilibrium-loop inlet (X4, H2/CO2 1.18)",P7 (all three reactions + n),3,625/800/850,18,17.617255781719237,190619.69170886523,3.698440959594641,0.5329232539793116,2.4176736362321813,0.39557090212758345,0.09253541933733848,2.0236618717796606,0.34110700939548705,,,,
S3,"S3 equilibrium-loop inlet (X4, H2/CO2 1.18)",P7 (all three reactions + n),3,650/675/825,18,17.499116944391446,97245.75595431341,3.5407388764868886,0.4600944507936358,2.2384020368539774,0.7623856816595452,0.1777372428750324,1.420210481793904,0.22954817651925788,,,,
S3,"S3 equilibrium-loop inlet (X4, H2/CO2 1.18)",P7 (all three reactions + n),3,725/750/800,18,17.452089985955524,97812.83018535016,3.7065996646382957,1.2225424941550078,1.515112307547043,0.34292466874072847,0.0953502479591351,0.8040518962281408,0.16409762003489772,,,,
S3,"S3 equilibrium-loop inlet (X4, H2/CO2 1.18)",P7 (all three reactions + n),3,650/725/775,18,17.44896953815465,46233.23461474415,3.25150077656631,0.41506384992712453,2.036963475238392,0.6785160779416749,0.20733310093366186,1.3730466973442244,0.29987638286177226,,,,
S3,"S3 equilibrium-loop inlet (X4, H2/CO2 1.18)",P7 (all three reactions + n),3,625/725/775,18,17.439954176032582,66400.9268734965,3.960481821536208,0.3626868942150062,2.329379047581738,0.7651227191875151,0.23271300911117118,1.4558671678926698,0.31439013575855246,,,,
S3,"S3 equilibrium-loop inlet (X4, H2/CO2 1.18)",P7 (all three reactions + n),3,625/675/825,18,17.426055874778697,157189.87187162496,4.535036983729907,0.4290577265782734,2.798095870475351,0.8608945344455193,0.20042472828995234,1.5227613613604403,0.23677848388432535,,,,
S3,"S3 equilibrium-loop inlet (X4, H2/CO2 1.18)",P7 (all three reactions + n),3,650/800/850,18,17.355879720579207,146734.43236433226,3.2277423837101558,0.5518993016115986,2.170740420240968,0.3841062535061322,0.09008571763551762,2.4244676230339772,0.40947310601515424,,,,
S3,"S3 equilibrium-loop inlet (X4, H2/CO2 1.18)",P7 (all three reactions + n),3,625/775/800,18,17.233442530503886,136379.4239470471,3.5687413231192657,0.5092074200468409,2.1699908582813556,0.5997418965517941,0.16652986834925304,1.9930353777635785,0.3881437445506541,,,,
S3,"S3 equilibrium-loop inlet (X4, H2/CO2 1.18)",P7 (all three reactions + n),3,600/725/775,18,17.23255256837443,66033.54683442436,3.930034604360119,0.2774996531912709,2.3530240100861706,0.7785060364780123,0.2369335924394128,1.5169648823547814,0.3281420158696817,,,,
S3,"S3 equilibrium-loop inlet (X4, H2/CO2 1.18)",P7 (all three reactions + n),3,625/800/825,18,17.227980553230186,167104.9614260628,3.417137301565384,0.44371848014795073,2.142354339142679,0.6679873074019338,0.1639264247221564,2.481260839854564,0.4253047798562243,,,,
S3,"S3 equilibrium-loop inlet (X4, H2/CO2 1.18)",P7 (all three reactions + n),3,600/675/825,18,17.2268225951576,144538.8174864588,4.322392324251555,0.31389251322313927,2.7196857622937833,0.9054850800570705,0.210989812931001,1.7300188453792091,0.2735293712764575,,,,
S3,"S3 equilibrium-loop inlet (X4, H2/CO2 1.18)",P7 (all three reactions + n),3,675/750/775,18,17.12155898089832,63964.69533738403,3.496742179188834,0.5401269015486683,2.1761087118834808,0.5368527599049369,0.17150730907702044,1.0156543367434687,0.22307583207681225,,,,
S3,"S3 equilibrium-loop inlet (X4, H2/CO2 1.18)",P7 (all three reactions + n),3,700/750/775,18,17.11140877524615,78910.29529068069,3.890005200163546,0.7914902630142353,2.393604137064225,0.5190526409896744,0.16636710207247754,0.7635738372462272,0.18887986028684475,,,,
S3,"S3 equilibrium-loop inlet (X4, H2/CO2 1.18)",P7 (all three reactions + n),3,625/750/775,18,17.072955069006937,84404.99530304338,3.911789782775132,0.402352772666688,2.6163919094133883,0.6448786728987715,0.2063881364005779,1.310325923623974,0.2871458850757728,,,,
S3,"S3 equilibrium-loop inlet (X4, H2/CO2 1.18)",P7 (all three reactions + n),3,700/725/775,18,17.049473293949887,59975.78215979448,3.8229835400354455,0.9333019662628753,2.0453089773958744,0.5989483418158305,0.183561516811843,0.8006295856613893,0.20126443702304384,,,,
S3,"S3 equilibrium-loop inlet (X4, H2/CO2 1.18)",P7 (all three reactions + n),3,650/775/800,18,17.005999619961646,103500.98766385407,3.070896415344127,0.5442695351714322,1.9455992036683545,0.5601303982554439,0.15542433641293418,2.237709875500695,0.4374048540098519,,,,
S3,"S3 equilibrium-loop inlet (X4, H2/CO2 1.18)",P7 (all three reactions + n),3,650/750/775,18,16.991674024965405,62616.326789583334,3.275942165358196,0.4938340355201132,2.3648500823181324,0.6079917240056332,0.19505463768533063,1.3351822171341634,0.29308755344105036,,,,
S3,"S3 equilibrium-loop inlet (X4, H2/CO2 1.18)",P7 (all three reactions + n),3,675/700/775,18,16.95265863975199,80265.97076697061,4.547576063979282,0.6971784852559458,2.695971898793938,0.6421643682031811,0.1942385449489451,0.8918928786748987,0.22191317381265557,,,,
S3,"S3 equilibrium-loop inlet (X4, H2/CO2 1.18)",P7 (all three reactions + n),3,625/675/800,18,16.874889213152123,127379.96954320627,4.2865806474940165,0.5437745652901084,2.6349015601252086,0.9124585056308234,0.2397468268995919,1.6740789719971922,0.30895782285083334,,,,
S3,"S3 equilibrium-loop inlet (X4, H2/CO2 1.18)",P7 (all three reactions + n),3,650/800/825,18,16.837103437281108,132936.01538107276,2.999966734958491,0.4727409954662084,1.9800749528563462,0.6155805746936075,0.15124112819541422,3.127118969532547,0.5374931856521754,,,,
S3,"S3 equilibrium-loop inlet (X4, H2/CO2 1.18)",P7 (all three reactions + n),3,600/675/800,18,16.825212308031194,113528.12934110404,4.02515751525386,0.366008743301578,2.5327693879888153,0.9539508924883968,0.25087462222367585,1.8435200058638472,0.3405064173045209,,,,
S3,"S3 equilibrium-loop inlet (X4, H2/CO2 1.18)",P7 (all three reactions + n),3,675/725/775,18,16.799083269322736,55173.13123145351,3.594133671481929,0.5694388805858639,2.1672911539211284,0.6333705941079371,0.1944933180490288,1.2141243251870752,0.2662514905742762,,,,
S3,"S3 equilibrium-loop inlet (X4, H2/CO2 1.18)",P7 (all three reactions + n),3,650/675/800,18,16.797001115047344,81488.9272929893,3.4110432009018288,0.6147209009340117,2.1396982266421065,0.7862826356868078,0.20682709138350852,1.5004759034089898,0.2801651267441417,,,,
S3,"S3 equilibrium-loop inlet (X4, H2/CO2 1.18)",P7 (all three reactions + n),3,725/775/800,18,16.748778549367362,187263.57876803857,4.49398014827756,1.2217252737785826,1.7535647247500232,0.4609964742683442,0.12836847752494243,1.1325326535578266,0.22718630733355544,,,,
S3,"S3 equilibrium-loop inlet (X4, H2/CO2 1.18)",P7 (all three reactions + n),3,600/800/850,18,16.594948221851958,176461.38001863306,3.497660651803409,0.4435916116985258,2.435839242411883,0.3975742015700484,0.09310878875658657,2.9203340972818177,0.49156442119651045,,,,
S3,"S3 equilibrium-loop inlet (X4, H2/CO2 1.18)",P7 (all three reactions + n),3,600/750/775,18,16.56605641265526,98087.68071671239,4.2244760113988455,0.31603852771188445,2.7615312960258502,0.6689920915443728,0.2146805858463425,1.4391686014253429,0.31656638243638396,,,,
S3,"S3 equilibrium-loop inlet (X4, H2/CO2 1.18)",P7 (all three reactions + n),3,750/825/850,18,16.471291523235873,596693.6219864677,6.873396934300093,1.4837474116414582,2.097683291286391,0.27086349847279434,0.06303575783998072,1.186407220198914,0.2133358010281386,,,,
S3,"S3 equilibrium-loop inlet (X4, H2/CO2 1.18)",P7 (all three reactions + n),3,750/775/825,18,16.46088529962971,488774.223700454,6.922677356864002,1.639373554758235,2.053591433403107,0.2535489289658249,0.06769465757882681,1.1612292773811457,0.23268278648536508,,,,
S3,"S3 equilibrium-loop inlet (X4, H2/CO2 1.18)",P7 (all three reactions + n),3,600/775/800,18,16.34218174890608,132166.79431420434,3.4376782710002916,0.41916316204329696,2.1714170065484466,0.6045858980602832,0.16787997047391648,2.6635444266329453,0.5188134309903024,,,,
S3,"S3 equilibrium-loop inlet (X4, H2/CO2 1.18)",P7 (all three reactions + n),3,650/675/850,18,16.3301691738,96597.67857454118,3.7073149082897996,0.6212323408970366,2.326177109846579,0.7649682717694526,0.1609056740922397,1.4637969104549884,0.21995996462108314,,,,
S3,"S3 equilibrium-loop inlet (X4, H2/CO2 1.18)",P7 (all three reactions + n),3,600/675/850,18,16.329034378744478,140570.49798303287,4.470710876769625,0.3684919162928834,2.8228275757129038,0.923446357904887,0.19420492288615596,1.788917680664241,0.2634755956632737,,,,
S3,"S3 equilibrium-loop inlet (X4, H2/CO2 1.18)",P7 (all three reactions + n),3,625/675/850,18,16.29882290440233,167710.20411149054,4.904282237774228,0.5601844783984549,3.0272395512096093,0.8888227362649728,0.18699559355290465,1.661202459518085,0.2383907230788322,,,,
S3,"S3 equilibrium-loop inlet (X4, H2/CO2 1.18)",P7 (all three reactions + n),3,750/800/825,18,16.268182861375003,551237.8198008304,6.630495974657974,1.5871063720816285,1.8957541211515399,0.30058040460843305,0.07690490615503265,1.2458630905431918,0.2316388196303448,,,,
S3,"S3 equilibrium-loop inlet (X4, H2/CO2 1.18)",P7 (all three reactions + n),3,750/775/850,18,16.168519955680335,621065.7505670801,8.036659422113923,1.9509529502319929,2.214212618081249,0.2110621249361296,0.053763623162782874,1.138837457679706,0.229970024209628,,,,
S3,"S3 equilibrium-loop inlet (X4, H2/CO2 1.18)",P7 (all three reactions + n),3,750/800/850,18,16.082376267398292,684327.8300327747,7.551361119656455,1.8308113464742664,2.0461108766471443,0.24522182642164755,0.06021544010972221,1.2153104609484482,0.22523745750134022,,,,
S3,"S3 equilibrium-loop inlet (X4, H2/CO2 1.18)",P7 (all three reactions + n),3,625/825/850,18,16.007207627725546,224174.26381540083,3.931426368943313,0.5259987657524862,2.3828949311902745,0.8658030953501237,0.19106671168825648,2.786336146574248,0.42940565075065834,,,,
S3,"S3 equilibrium-loop inlet (X4, H2/CO2 1.18)",P7 (all three reactions + n),3,625/675/775,18,15.955214111711603,93950.21167160105,4.944070562522832,0.48351265544716376,3.0426757532290103,0.9223579017273771,0.2786526109428717,1.5884818862967138,0.33731230328446876,,,,
S3,"S3 equilibrium-loop inlet (X4, H2/CO2 1.18)",P7 (all three reactions + n),3,650/675/775,18,15.939547221968986,55932.51853302967,3.7772118080255663,0.5742693253477166,2.40818522182104,0.7951378582255649,0.24187613323343496,1.457013114012825,0.3115275261364664,,,,
S3,"S3 equilibrium-loop inlet (X4, H2/CO2 1.18)",P7 (all three reactions + n),3,600/675/775,18,15.810967064626348,91739.8427062325,4.869623410724725,0.3394333926494054,3.032063451821921,0.9590013300718196,0.290271681993007,1.769134097228602,0.3754121651679554,,,,
S3,"S3 equilibrium-loop inlet (X4, H2/CO2 1.18)",P7 (all three reactions + n),3,650/825/850,18,15.732910263524857,185204.36741322844,3.4245492820898282,0.5664901927124938,2.115433338434378,0.7597688710757543,0.1677875141602969,3.494184900134302,0.5407626115133473,,,,
S3,"S3 equilibrium-loop inlet (X4, H2/CO2 1.18)",P7 (all three reactions + n),3,600/800/825,18,15.676147241863019,223928.4672617805,3.304182865178724,0.39463421625972545,2.172878581581993,0.6736117894091538,0.16543155633275686,4.448092292240415,0.7620950685726404,,,,
S3,"S3 equilibrium-loop inlet (X4, H2/CO2 1.18)",P7 (all three reactions + n),3,725/750/775,18,15.496147785521757,73676.23504950234,3.9589869720783044,1.4337213556380661,1.727383498459265,0.5373993830458563,0.1740762031170304,0.9283768436326993,0.20637839817483983,,,,
S3,"S3 equilibrium-loop inlet (X4, H2/CO2 1.18)",P7 (all three reactions + n),3,650/725/750,18,15.407514174871473,19826.39608145976,3.1021346129516987,0.41306896407474425,1.9897883265707956,0.9826058901819827,0.37470714820952855,1.2802497981704468,0.34076650083804183,,,,
S3,"S3 equilibrium-loop inlet (X4, H2/CO2 1.18)",P7 (all three reactions + n),3,650/700/750,18,15.308691125366316,36479.02172695426,4.692291807251873,0.537771997121195,3.232740154598994,0.8338297734987847,0.3169828428410863,1.1805482292576328,0.3480176475216838,,,,
S3,"S3 equilibrium-loop inlet (X4, H2/CO2 1.18)",P7 (all three reactions + n),3,625/725/750,18,15.245784414565017,29799.763841624455,3.8210741648622255,0.32245341442135406,2.2800469555482903,1.2598669380162677,0.47805122395009364,1.562881893455358,0.4122089854921527,,,,
S3,"S3 equilibrium-loop inlet (X4, H2/CO2 1.18)",P7 (all three reactions + n),3,625/700/750,18,15.076069515857121,76177.32165917289,6.9127927660744755,0.37128404247799573,4.426695935018113,1.082347070598372,0.4081342794328289,1.5846541075503322,0.4526940273896794,,,,
S3,"S3 equilibrium-loop inlet (X4, H2/CO2 1.18)",P7 (all three reactions + n),3,600/725/750,18,15.030078174132946,30781.674337047665,3.871760848272989,0.2558520087737275,2.304807148779993,1.3179645696252809,0.4997719361741429,1.5951635549988756,0.41978982345679744,,,,
S3,"S3 equilibrium-loop inlet (X4, H2/CO2 1.18)",P7 (all three reactions + n),3,600/700/750,18,15.014618147787882,76195.95924580924,6.946353507788662,0.2707257075768264,4.377248422627427,1.1002776152051164,0.414874018052516,1.5809031819854955,0.4518558069401209,,,,
S3,"S3 equilibrium-loop inlet (X4, H2/CO2 1.18)",P7 (all three reactions + n),3,775/825/850,18,14.983366727848981,1075253.5689196503,8.70725036289287,2.0654223639050198,1.9918804354662003,0.2721829905925864,0.06470440553816287,1.5405731749521012,0.27675548365866703,,,,
S3,"S3 equilibrium-loop inlet (X4, H2/CO2 1.18)",P7 (all three reactions + n),3,675/725/750,18,14.842691888825936,21940.297232863224,3.3257815881009174,0.5725595340971023,2.0453399145880238,0.8368341711833577,0.3210091250147408,1.168419630590736,0.3159822983256763,,,,
S3,"S3 equilibrium-loop inlet (X4, H2/CO2 1.18)",P7 (all three reactions + n),3,675/700/750,18,14.698468536206125,38042.09366049801,4.931005952051764,0.6670521981331616,3.086660967914941,0.7682087581058256,0.2942613431930159,1.1071618864713515,0.32836751852338836,,,,
S3,"S3 equilibrium-loop inlet (X4, H2/CO2 1.18)",P7 (all three reactions + n),3,625/650/825,18,14.642933802970656,118604.63080605994,3.895513570916153,0.5119733790548517,2.570281712520233,1.3808804285671752,0.31914888514484985,2.854124498267411,0.45831829473970054,,,,
S3,"S3 equilibrium-loop inlet (X4, H2/CO2 1.18)",P7 (all three reactions + n),3,650/675/750,18,14.450337194893095,22617.94602864715,3.8718852915319744,0.5746768271440588,2.5838967656481295,0.8022328993730141,0.3026287242453465,1.2166306461417373,0.3207190732525982,,,,
S3,"S3 equilibrium-loop inlet (X4, H2/CO2 1.18)",P7 (all three reactions + n),3,700/725/750,18,14.43021574261609,25910.683897674146,3.579107755838839,0.9891664739624678,2.1103956329527884,0.8744220783429454,0.33843179088053327,1.0205004751642026,0.3075170782827269,,,,
S3,"S3 equilibrium-loop inlet (X4, H2/CO2 1.18)",P7 (all three reactions + n),3,625/675/750,18,14.414940519992015,40504.96854997773,5.240657833954265,0.41724501229074196,3.3035321274708096,0.9667893748708107,0.36173921564725403,1.4561258702298472,0.38335816041502446,,,,
S3,"S3 equilibrium-loop inlet (X4, H2/CO2 1.18)",P7 (all three reactions + n),3,775/800/850,18,14.377257628121608,1230827.6060719206,9.482367643234813,2.424778558625201,1.9612921528713207,0.260623084778252,0.06492653324821925,1.697266342942217,0.31451156233521016,,,,
S3,"S3 equilibrium-loop inlet (X4, H2/CO2 1.18)",P7 (all three reactions + n),3,600/675/750,18,14.35959958137489,40848.53271919143,5.2734559731363655,0.3022938424325486,3.2866795900136436,0.9895487762035324,0.3703909033144334,1.5233584203713473,0.3979622475513894,,,,
S3,"S3 equilibrium-loop inlet (X4, H2/CO2 1.18)",P7 (all three reactions + n),3,750/775/800,18,14.352758657630309,832261.3780884509,9.321902564912934,2.674016928630982,1.997307753081797,0.3657412370010643,0.10460805740235507,1.2954326577821014,0.26159094963342017,,,,
S3,"S3 equilibrium-loop inlet (X4, H2/CO2 1.18)",P7 (all three reactions + n),3,775/800/825,18,14.056192228483637,1204828.647948197,9.193478302878155,2.4304717616755425,1.7950490447753427,0.3461238126242308,0.08933339175438655,1.962479577389371,0.36346190553216834,,,,
S3,"S3 equilibrium-loop inlet (X4, H2/CO2 1.18)",P7 (all three reactions + n),3,600/650/825,18,14.054197549337172,120026.81381233077,3.9332301215773335,0.34639672084194545,2.6113491772539135,1.4476279216887193,0.3350355502978636,3.777783510009974,0.620495621212339,,,,
S3,"S3 equilibrium-loop inlet (X4, H2/CO2 1.18)",P7 (all three reactions + n),3,625/650/800,18,14.020710619140107,105388.17384788644,3.867827654640551,0.6712740131045234,2.5534396172335145,1.3807489142260694,0.3608431488829995,2.8435147693584204,0.5160176070490134,,,,
S3,"S3 equilibrium-loop inlet (X4, H2/CO2 1.18)",P7 (all three reactions + n),3,600/825/850,18,13.942209403386865,465682.13868423237,4.068710790280061,0.5833866557796369,2.3898091248003674,0.880734396992702,0.19439111320747712,6.1238964255799235,0.9387369125016393,,,,
S3,"S3 equilibrium-loop inlet (X4, H2/CO2 1.18)",P7 (all three reactions + n),3,625/650/775,18,13.724804075486215,66440.5898547119,4.0663506808289975,0.5956351556814911,2.6597113641496377,1.3730809758101463,0.41641115742114615,2.6012256588034295,0.5507535445529071,,,,
S3,"S3 equilibrium-loop inlet (X4, H2/CO2 1.18)",P7 (all three reactions + n),3,600/650/800,18,13.496639919069322,100268.86244674378,3.748671305872267,0.40670528427785263,2.579420996162665,1.44918521896499,0.37931713519469523,3.9153418193915868,0.7114164464242607,,,,
S3,"S3 equilibrium-loop inlet (X4, H2/CO2 1.18)",P7 (all three reactions + n),3,600/650/775,18,13.419776156604774,70040.02861907323,4.243451814690635,0.37472596249258794,2.7101356624549076,1.4223143662953355,0.4313181060341311,3.0191275767848866,0.6381365908288704,,,,
S3,"S3 equilibrium-loop inlet (X4, H2/CO2 1.18)",P7 (all three reactions + n),3,600/650/750,18,13.302611747837682,27656.904149343693,4.216639833555245,0.3157946493109041,2.79499720538986,1.3510682929457811,0.5046641568520328,1.8294694599959531,0.4596153722126411,,,,
S3,"S3 equilibrium-loop inlet (X4, H2/CO2 1.18)",P7 (all three reactions + n),3,625/650/850,18,13.131444770672175,146695.13284141675,4.535179107355224,0.7129936174705482,3.019551926917111,1.3886671028167983,0.28977620558455636,2.89385723628562,0.4197909664157343,,,,
S3,"S3 equilibrium-loop inlet (X4, H2/CO2 1.18)",P7 (all three reactions + n),3,625/650/750,18,13.041704648342336,31660.92183342287,4.46174193927925,0.4904081694385672,3.046696766256988,1.287591678224518,0.482406511395391,1.9025517859952552,0.4759373577747915,,,,
S3,"S3 equilibrium-loop inlet (X4, H2/CO2 1.18)",P7 (all three reactions + n),3,600/650/850,18,12.629963796558545,135850.0209747437,4.228040764519704,0.44150807431919925,3.037916647265817,1.4534954362178034,0.30364358758078747,4.064512396498602,0.6092364109758079,,,,
S3,"S3 equilibrium-loop inlet (X4, H2/CO2 1.18)",P7 (all three reactions + n),3,625/700/725,18,11.989657949196197,13569.049391103988,4.480287130021175,0.45123910807775347,2.7604017835827044,1.2134499400128473,0.6168575853181427,1.6649826929443232,0.7110487226105703,,,,
S3,"S3 equilibrium-loop inlet (X4, H2/CO2 1.18)",P7 (all three reactions + n),3,650/700/725,18,11.856091234732716,9329.976788503922,3.628156896198898,0.5733347274719138,2.4189033514084204,0.9920389428846345,0.5081580659945365,1.5025887029590121,0.6623143726520714,,,,
S3,"S3 equilibrium-loop inlet (X4, H2/CO2 1.18)",P7 (all three reactions + n),3,600/625/825,18,11.827381969454832,509068.8148241364,4.6891013015275345,0.3777156666509981,3.1242809712794384,5.238863025145946,1.2130660179095485,7.8970695274195695,1.275613031170722,,,,
S3,"S3 equilibrium-loop inlet (X4, H2/CO2 1.18)",P7 (all three reactions + n),3,600/700/725,18,11.608029730212685,13671.759292945599,4.494962195948128,0.3255965528726678,2.7590427010357765,1.2952595446204846,0.6509624129431928,1.715318031749213,0.7399870619288537,,,,
S3,"S3 equilibrium-loop inlet (X4, H2/CO2 1.18)",P7 (all three reactions + n),3,600/625/775,18,11.518598515959887,174321.14529494115,5.786880358801543,0.4072761137670739,3.674209301802976,3.6669996859028964,1.1139946637816878,5.203153072518715,1.0967472275055923,,,,
S3,"S3 equilibrium-loop inlet (X4, H2/CO2 1.18)",P7 (all three reactions + n),3,800/825/850,18,11.468259663584753,3936147.2136641783,15.502208434411662,3.913656557677844,1.87074801852988,0.4087851622748089,0.09518265894144244,2.9427792588995025,0.4886665014941094,,,,
S3,"S3 equilibrium-loop inlet (X4, H2/CO2 1.18)",P7 (all three reactions + n),3,600/625/800,18,11.24842750550587,467033.003455225,4.380312831420629,0.49706676200779454,3.026449492271312,5.198860964630662,1.362035331666978,7.949774153731272,1.4384766860572236,,,,
S3,"S3 equilibrium-loop inlet (X4, H2/CO2 1.18)",P7 (all three reactions + n),3,600/625/750,18,11.07222333742226,108187.43110747605,8.26263455778587,0.3878173278339717,5.2099289341451875,2.565094005367527,0.955760865540152,3.3284307649510843,0.8460103699907485,,,,
S3,"S3 equilibrium-loop inlet (X4, H2/CO2 1.18)",P7 (all three reactions + n),3,675/700/725,18,11.040597033465536,11627.455627026526,4.068747363698369,0.7526311615076784,2.5913272088846253,0.8536823236101706,0.46440789865055365,1.4588875168763187,0.6613357533429196,,,,
S3,"S3 equilibrium-loop inlet (X4, H2/CO2 1.18)",P7 (all three reactions + n),3,625/675/725,18,10.888680060316844,13898.743442811017,4.898648990459428,0.46078772958734754,3.027656786364479,1.0093139940910838,0.4996642504346338,1.5626194676636043,0.6359903394869318,,,,
S3,"S3 equilibrium-loop inlet (X4, H2/CO2 1.18)",P7 (all three reactions + n),3,650/675/725,18,10.665827850109435,9570.713287474968,3.991207069505933,0.5805352184633028,2.6007109977012846,0.8630594293030568,0.44150426803111487,1.45357554073968,0.6251857984516717,,,,
S3,"S3 equilibrium-loop inlet (X4, H2/CO2 1.18)",P7 (all three reactions + n),3,600/675/725,18,10.628151786619789,14366.647498929318,4.966225405134774,0.3354807839071025,3.0735295305134347,1.0430798827547518,0.5173859563465802,1.7161208126970693,0.6973873258657045,,,,
S3,"S3 equilibrium-loop inlet (X4, H2/CO2 1.18)",P7 (all three reactions + n),3,625/650/725,18,10.170709199558013,7786.891672393937,3.701761434259201,0.5121637900956949,2.3386254046145356,1.2963387788086995,0.6130521634709607,1.808212030110422,0.6883416556250467,,,,
S3,"S3 equilibrium-loop inlet (X4, H2/CO2 1.18)",P7 (all three reactions + n),3,600/625/850,18,9.988218614281372,567631.4694982762,5.396969432424926,0.6097367131107446,3.8920439589158677,5.572647077032227,1.16299187013062,8.668730379349162,1.2730318376138527,,,,
S3,"S3 equilibrium-loop inlet (X4, H2/CO2 1.18)",P7 (all three reactions + n),3,600/650/725,18,9.920536653065831,9194.850338304668,4.038273673467679,0.35321927907538136,2.4642485332801174,1.3784091390612458,0.642269321118302,1.9370259929276052,0.74506060949785,,,,
S3,"S3 equilibrium-loop inlet (X4, H2/CO2 1.18)",P7 (all three reactions + n),3,600/625/725,18,8.25093415682154,20386.68950854641,5.897901661349485,0.3537476440225983,3.611676895042465,2.6851767484916036,1.2764906620943015,3.2642543697959243,1.1384190524016975,,,,
S3,"S3 equilibrium-loop inlet (X4, H2/CO2 1.18)",P7 (all three reactions + n),3,625/650/700,18,8.074502763165086,3813.3288948022378,4.902640445855092,0.718911624988881,3.228896534806475,1.262149837305216,0.8640262196152297,2.235968587436715,0.9902153863882532,,,,
S3,"S3 equilibrium-loop inlet (X4, H2/CO2 1.18)",P7 (all three reactions + n),3,650/675/700,18,7.922847900876646,5081.313066277434,5.383887236530338,0.8083392890079051,3.483962462008357,0.9992494858558663,0.8050354019788055,1.7179471837315432,0.8722747232224294,,,,
S3,"S3 equilibrium-loop inlet (X4, H2/CO2 1.18)",P7 (all three reactions + n),3,625/675/700,18,7.915033381584054,11648.953990002632,8.523940417072598,0.6217854874798006,5.217945053256403,1.2037562350108635,0.9141641524737238,1.81609141666164,0.9205435529589233,,,,
S3,"S3 equilibrium-loop inlet (X4, H2/CO2 1.18)",P7 (all three reactions + n),3,600/650/700,18,7.605867199956594,4426.4536530839105,5.458926374947073,0.5204681481045246,3.3214007222609223,1.3192904769027416,0.8849756466073232,2.5533718368747014,1.2123921014615837,,,,
S3,"S3 equilibrium-loop inlet (X4, H2/CO2 1.18)",P7 (all three reactions + n),3,600/675/700,18,7.368701100296674,13058.161967868573,8.998669419107138,0.4715426059846292,5.5021318872307985,1.260549819806321,0.953995693645039,2.0569181439633653,1.0591234914436183,,,,
S3,"S3 equilibrium-loop inlet (X4, H2/CO2 1.18)",P7 (all three reactions + n),3,600/625/700,18,5.096642884876797,47851.595992671435,18.115358612665442,0.41595822629409757,11.232785830179568,2.3891018899209504,1.5476921818093525,3.3350960253113033,1.493104618283134,,,,
S3,"S3 equilibrium-loop inlet (X4, H2/CO2 1.18)",P7 (all three reactions + n),3,625/650/675,18,1.7379206103700189,3035.9094989471773,5.239782236483051,1.1923804701599787,3.435586636494874,1.321235831839108,1.8980678552192536,2.472287351655729,2.4001248170111884,,,,
S3,"S3 equilibrium-loop inlet (X4, H2/CO2 1.18)",P7 (all three reactions + n),3,600/650/675,18,0.7450767522972828,2569.2836406202314,5.537696367980781,1.1556759217080828,3.456137959500071,1.400690459467365,2.070219164383534,3.568897645561112,3.7997094616213465,,,,
S3,"S3 equilibrium-loop inlet (X4, H2/CO2 1.18)",P7 (all three reactions + n),3,600/625/675,18,-0.2028934465181731,11177.871200580132,11.106439177356693,0.5610183978668676,7.003537258947759,2.7453314282378107,3.7496886056091525,4.060261363369534,3.9870913870919913,,,,
S3,"S3 equilibrium-loop inlet (X4, H2/CO2 1.18)",P7 (all three reactions + n),3,600/625/650,18,-6.449931490389104,8055.094261916868,6.687386661214944,1.7781913280030524,4.584024020903112,1.4880105055212693,6.869304384732993,4.354457940729292,7.147001031530001,,,,
S3,"S3 equilibrium-loop inlet (X4, H2/CO2 1.18)",P7 (all three reactions + n),4,625/700/775/825,24,22.99880086566136,109091.38295623171,3.0503999531899293,0.24697275189787934,1.9606553986149076,0.3089808886009714,0.07864431770221177,0.5607642857169534,0.12404635795588555,,,,
S3,"S3 equilibrium-loop inlet (X4, H2/CO2 1.18)",P7 (all three reactions + n),4,625/700/775/850,24,22.955897695103257,103853.01586853885,3.0795673019702603,0.27367529023130505,1.9757168434223624,0.25169783312019306,0.06079505577197193,0.5422347814905178,0.1245630440229823,,,,
S3,"S3 equilibrium-loop inlet (X4, H2/CO2 1.18)",P7 (all three reactions + n),4,625/700/750/825,24,22.89112244298543,89649.15113964389,3.1153575669051268,0.23809874425728353,2.0172943310363034,0.2811673048588566,0.07017265439655532,0.5490344386108241,0.12114041626601174,,,,
S3,"S3 equilibrium-loop inlet (X4, H2/CO2 1.18)",P7 (all three reactions + n),4,600/700/775/825,24,22.875758837443662,111778.18875947583,3.0882169801919432,0.21264250846962193,1.9798938522826306,0.3104149297178796,0.07905146429191816,0.5795395983256234,0.12890518774749565,,,,
S3,"S3 equilibrium-loop inlet (X4, H2/CO2 1.18)",P7 (all three reactions + n),4,600/700/775/850,24,22.875256294083737,106063.18811763544,3.112050304973397,0.22996457185715102,1.9929216827761973,0.2525523119593871,0.06103365482310161,0.5611607769081214,0.1293642490846994,,,,
S3,"S3 equilibrium-loop inlet (X4, H2/CO2 1.18)",P7 (all three reactions + n),4,650/700/775/825,24,22.819141924542784,81310.77174540042,2.6048044497294636,0.3067865796689355,1.741061228007765,0.3035515863224861,0.07748613386717423,0.5556223456972939,0.12388420886386459,,,,
S3,"S3 equilibrium-loop inlet (X4, H2/CO2 1.18)",P7 (all three reactions + n),4,600/700/750/825,24,22.76210727398093,93714.59553053306,3.192421509180683,0.204979005874974,2.0473565841261037,0.2826700624376149,0.07061120651810888,0.5662388203165333,0.12598964178975464,,,,
S3,"S3 equilibrium-loop inlet (X4, H2/CO2 1.18)",P7 (all three reactions + n),4,625/700/800/850,24,22.723450902007656,119964.16228480249,2.926316745996402,0.2827786663182105,1.867234506648174,0.3424073689361413,0.07984293080710124,0.5621347864453355,0.1175504448026982,,,,
S3,"S3 equilibrium-loop inlet (X4, H2/CO2 1.18)",P7 (all three reactions + n),4,650/700/775/850,24,22.722833107463934,76727.58802363921,2.619098903104816,0.34732356981074214,1.7457193358141143,0.24858521880348483,0.06019838981411723,0.5389476437670371,0.12470846210019182,,,,
S3,"S3 equilibrium-loop inlet (X4, H2/CO2 1.18)",P7 (all three reactions + n),4,650/700/750/825,24,22.703552771027717,66675.7308389257,2.65042464609164,0.3049561304844106,1.7979476475819638,0.2776472856958625,0.06942875941940024,0.5374739321432269,0.11996161853928966,,,,
S3,"S3 equilibrium-loop inlet (X4, H2/CO2 1.18)",P7 (all three reactions + n),4,625/725/750/825,24,22.70082706348498,61078.58573610745,2.5689037994269315,0.24558574112398698,1.5601192541247513,0.2800931580368439,0.06979823007935224,0.7182047157970992,0.13651902684015296,,,,
S3,"S3 equilibrium-loop inlet (X4, H2/CO2 1.18)",P7 (all three reactions + n),4,600/700/800/850,24,22.664292613191066,120011.86260054767,2.9233818796564255,0.23651839143403464,1.870011192099346,0.3431095514861179,0.08005254625240339,0.5788195368270268,0.1213809767870822,,,,
S3,"S3 equilibrium-loop inlet (X4, H2/CO2 1.18)",P7 (all three reactions + n),4,625/700/725/825,24,22.626893275874153,72844.59291331528,2.9937362551254014,0.2362808288000214,1.833189553525669,0.4085456320674665,0.09399619264440781,0.5982193898873266,0.12826045922402268,,,,
S3,"S3 equilibrium-loop inlet (X4, H2/CO2 1.18)",P7 (all three reactions + n),4,625/700/750/850,24,22.60548287632404,83419.97959336016,3.140481041158307,0.2614099335842765,2.0277333103048365,0.2513862483861882,0.058350606030633405,0.5386584068142791,0.12493066827715983,,,,
S3,"S3 equilibrium-loop inlet (X4, H2/CO2 1.18)",P7 (all three reactions + n),4,600/700/725/825,24,22.548428506674142,72714.00072380333,2.988965823880092,0.20505524032880432,1.8323368544389873,0.41049856093013787,0.09442847281414221,0.6106995196936235,0.13223346232069982,,,,
S3,"S3 equilibrium-loop inlet (X4, H2/CO2 1.18)",P7 (all three reactions + n),4,600/725/750/825,24,22.532685337881546,60069.414504656335,2.5402308899142647,0.20757568150814612,1.560349237145647,0.28077800344662135,0.06998372351547383,0.7320941915341935,0.14031881090461798,,,,
S3,"S3 equilibrium-loop inlet (X4, H2/CO2 1.18)",P7 (all three reactions + n),4,625/700/800/825,24,22.531992549131786,123493.89362374654,2.8921207679980063,0.2547334734867184,1.841957083569826,0.4701435762151547,0.11483307224554143,0.6169179402859502,0.12421712286440197,,,,
S3,"S3 equilibrium-loop inlet (X4, H2/CO2 1.18)",P7 (all three reactions + n),4,600/700/750/850,24,22.512577167437392,87053.21761014928,3.2149766631284558,0.22008501109882594,2.056876775825805,0.2525140338646863,0.05865757615852564,0.5551857530914527,0.12950025374687055,,,,
S3,"S3 equilibrium-loop inlet (X4, H2/CO2 1.18)",P7 (all three reactions + n),4,650/725/750/825,24,22.504923611535315,49339.86880220114,2.2737699630285606,0.29145531434662286,1.4636296143044247,0.27505588531158026,0.06867085931778849,0.7194523935371608,0.13818454145027467,,,,
S3,"S3 equilibrium-loop inlet (X4, H2/CO2 1.18)",P7 (all three reactions + n),4,650/700/800/850,24,22.491904250901612,90751.22165813798,2.5244516008260884,0.3551524838487997,1.6610911729390303,0.333549064058647,0.07813208049686549,0.5555559189099214,0.11760560770377754,,,,
S3,"S3 equilibrium-loop inlet (X4, H2/CO2 1.18)",P7 (all three reactions + n),4,625/725/775/825,24,22.43564542259,102049.63771555414,2.959596090572618,0.2711214762004806,1.751776798358776,0.2965982737484794,0.07584943757657896,0.8621397276688271,0.165130324831289,,,,
S3,"S3 equilibrium-loop inlet (X4, H2/CO2 1.18)",P7 (all three reactions + n),4,600/700/800/825,24,22.42587078661013,124137.56268496548,2.8964962146337845,0.21767156746262303,1.8487932248853205,0.47192837618762434,0.11534316631249537,0.6309161628386888,0.12760899300411768,,,,
S3,"S3 equilibrium-loop inlet (X4, H2/CO2 1.18)",P7 (all three reactions + n),4,650/700/725/825,24,22.415115900887088,53504.23718274007,2.535602719657242,0.3030915616423846,1.6269120348769968,0.3807024306859989,0.08832722887333462,0.5782496735062963,0.12748782812053264,,,,
S3,"S3 equilibrium-loop inlet (X4, H2/CO2 1.18)",P7 (all three reactions + n),4,625/725/750/850,24,22.40830695624596,57213.17825498528,2.591462905179854,0.26818083817475125,1.5725106271937996,0.2514559384413907,0.058335037409511854,0.6888880465520589,0.1346471709500952,,,,
S3,"S3 equilibrium-loop inlet (X4, H2/CO2 1.18)",P7 (all three reactions + n),4,625/725/775/850,24,22.377050394729842,98062.19575230916,2.9956438070888156,0.29940058306632245,1.775053000727588,0.2436510573144601,0.05910028389041102,0.8054478181973479,0.15809906556770809,,,,
S3,"S3 equilibrium-loop inlet (X4, H2/CO2 1.18)",P7 (all three reactions + n),4,650/700/800/825,24,22.374446129733542,93895.35108236017,2.499339496843131,0.31313278451672166,1.6468873763502736,0.4518199193617401,0.11078628125902318,0.6029123973545494,0.12309259787434508,,,,
S3,"S3 equilibrium-loop inlet (X4, H2/CO2 1.18)",P7 (all three reactions + n),4,650/700/750/850,24,22.369924600884243,61643.84107439826,2.6624088681877343,0.34150468193203587,1.8029883257847643,0.24889820074198218,0.0578820756660659,0.5283538540312482,0.12417631817724274,,,,
S3,"S3 equilibrium-loop inlet (X4, H2/CO2 1.18)",P7 (all three reactions + n),4,650/725/775/825,24,22.295734850340224,78816.90155173682,2.5640661542294265,0.302057701685476,1.60429621860252,0.2905939908091345,0.07448777336921274,0.8608039030388447,0.166733549638712,,,,
S3,"S3 equilibrium-loop inlet (X4, H2/CO2 1.18)",P7 (all three reactions + n),4,600/725/750/850,24,22.263892603570888,56292.41904681359,2.563886992656663,0.22346995653074744,1.572315965589712,0.2518552430920716,0.058445147363585075,0.7009032643110277,0.13803962152999086,,,,
S3,"S3 equilibrium-loop inlet (X4, H2/CO2 1.18)",P7 (all three reactions + n),4,600/725/775/825,24,22.246716630470896,97627.7303289753,2.8748557303300455,0.22178892629092495,1.749153669157734,0.29821692939760835,0.07629024924709168,0.8893270814175775,0.17144282046314369,,,,
S3,"S3 equilibrium-loop inlet (X4, H2/CO2 1.18)",P7 (all three reactions + n),4,600/725/775/850,24,22.22374583355563,93167.252842894,2.9006305676681405,0.24125848729486055,1.7668530448767858,0.24440535306790395,0.05929595895260883,0.8257193393587487,0.16313887174383646,,,,
S3,"S3 equilibrium-loop inlet (X4, H2/CO2 1.18)",P7 (all three reactions + n),4,650/725/775/850,24,22.210183562656233,75074.93020024631,2.5856592842886266,0.3405901707214104,1.6162519159552753,0.23986757170524867,0.05832200261060319,0.8033431146712345,0.15945115058201614,,,,
S3,"S3 equilibrium-loop inlet (X4, H2/CO2 1.18)",P7 (all three reactions + n),4,650/725/750/850,24,22.183913255543537,45970.60828684637,2.2874405137976397,0.324234863521808,1.4718906176533926,0.24772006453857523,0.05757151227923986,0.6907878607852369,0.1363494732293161,,,,
S3,"S3 equilibrium-loop inlet (X4, H2/CO2 1.18)",P7 (all three reactions + n),4,625/700/825/850,24,22.162043056538824,138079.14268765636,3.05714443371041,0.2557477185989922,1.941938626981567,0.5062188045006816,0.11130063816816327,0.622607285810387,0.12065164798514846,,,,
S3,"S3 equilibrium-loop inlet (X4, H2/CO2 1.18)",P7 (all three reactions + n),4,625/725/800/850,24,22.140194791054814,110341.98192849502,2.818755527958157,0.3097518416299355,1.6734615391606813,0.3205867621415077,0.07527508809143188,0.9012024303404738,0.16196612295146123,,,,
S3,"S3 equilibrium-loop inlet (X4, H2/CO2 1.18)",P7 (all three reactions + n),4,625/750/775/825,24,22.13391453997888,101803.18795484972,2.7927004030842624,0.2686464821058552,1.8219840223097081,0.2515366310540721,0.06702736689123376,0.9322201524713949,0.1823672537361892,,,,
S3,"S3 equilibrium-loop inlet (X4, H2/CO2 1.18)",P7 (all three reactions + n),4,625/700/725/850,24,22.129233164372348,68160.36101112881,3.0400863086962007,0.2601005540879686,1.8586296398266593,0.3884100927407213,0.08163913727715162,0.5880138837492721,0.1348219341986094,,,,
S3,"S3 equilibrium-loop inlet (X4, H2/CO2 1.18)",P7 (all three reactions + n),4,625/700/750/800,24,22.10353138335673,76156.12793796165,2.991375953529901,0.27333822080041476,1.94106175667598,0.3407762336887317,0.09441387765549594,0.5916252853773546,0.13629770024630924,,,,
S3,"S3 equilibrium-loop inlet (X4, H2/CO2 1.18)",P7 (all three reactions + n),4,625/750/775/850,24,22.09282882130461,96792.94221611957,2.811752723714462,0.2992756661071852,1.8226979328274042,0.20949777206350756,0.05331353398011845,0.8896193059900385,0.175945249904697,,,,
S3,"S3 equilibrium-loop inlet (X4, H2/CO2 1.18)",P7 (all three reactions + n),4,600/700/725/850,24,22.08007750083894,68060.67909424246,3.035669924265657,0.21981553209031815,1.8580239748672969,0.39026541213604105,0.08200793584214702,0.6000456241546535,0.1389179994241856,,,,
S3,"S3 equilibrium-loop inlet (X4, H2/CO2 1.18)",P7 (all three reactions + n),4,700/775/825/850,24,22.078203690973204,187689.0226360487,3.3132311371488377,0.5594462439200875,1.7984320836717842,0.24779839257958328,0.058888926139776185,0.540751867718877,0.1165982342759531,,,,
S3,"S3 equilibrium-loop inlet (X4, H2/CO2 1.18)",P7 (all three reactions + n),4,600/700/825/850,24,22.058292894889195,138228.3121505419,3.0554229925148486,0.21982932864934632,1.9464128350127132,0.5077415995239443,0.11172381537819612,0.6357561276024959,0.12389058089903139,,,,
S3,"S3 equilibrium-loop inlet (X4, H2/CO2 1.18)",P7 (all three reactions + n),4,650/700/825/850,24,22.039603352956874,101943.23700477906,2.6043885420352924,0.3153516160700404,1.709855787930045,0.4830672398519764,0.10662626859126509,0.6037421400106324,0.1197269291597782,,,,
S3,"S3 equilibrium-loop inlet (X4, H2/CO2 1.18)",P7 (all three reactions + n),4,600/700/750/800,24,22.02894535958617,79366.03020059255,3.0620456402457465,0.22460627391786264,1.9644793408696886,0.34326928920983624,0.09513808433459453,0.6030919585826021,0.1391501434385191,,,,
S3,"S3 equilibrium-loop inlet (X4, H2/CO2 1.18)",P7 (all three reactions + n),4,700/750/825/850,24,22.027938959537067,147150.525992776,3.1473264526383935,0.5312119705443702,1.7437659101556335,0.24653053764532984,0.057256050177846685,0.5274795517258104,0.11172990963086972,,,,
S3,"S3 equilibrium-loop inlet (X4, H2/CO2 1.18)",P7 (all three reactions + n),4,625/725/800/825,24,22.001143113642605,113132.67768952221,2.784089689671285,0.2838386276775739,1.6487496696358015,0.42752250166625805,0.10512234135931105,1.057464449456113,0.18635786049535147,,,,
S3,"S3 equilibrium-loop inlet (X4, H2/CO2 1.18)",P7 (all three reactions + n),4,600/725/800/850,24,21.996625592214848,102677.96700277433,2.7001660660385283,0.24845526981853228,1.653529118584076,0.32316413905900987,0.07589848116232528,0.9237764860100209,0.16705298148346032,,,,
S3,"S3 equilibrium-loop inlet (X4, H2/CO2 1.18)",P7 (all three reactions + n),4,700/725/775/825,24,21.994427880659508,85570.04585546815,2.7912296392091145,0.5692637258012198,1.5042989291071958,0.2736455318166069,0.06955072410481204,0.5118611874245893,0.11780571682934737,,,,
S3,"S3 equilibrium-loop inlet (X4, H2/CO2 1.18)",P7 (all three reactions + n),4,675/700/775/825,24,21.990435894692226,112303.90641483228,3.1639438310048615,0.4584770447046773,1.8775649852339968,0.291343724567847,0.07402833334453583,0.5422473201345979,0.12304645631633787,,,,
S3,"S3 equilibrium-loop inlet (X4, H2/CO2 1.18)",P7 (all three reactions + n),4,650/725/800/850,24,21.989065205146403,86183.11548008892,2.4625016625125498,0.349470619349643,1.5312367469243289,0.3128355003738267,0.07364857553310027,0.89688383504764,0.16269329085113962,,,,
S3,"S3 equilibrium-loop inlet (X4, H2/CO2 1.18)",P7 (all three reactions + n),4,625/750/825/850,24,21.98823150783352,117491.42385849262,2.69370147642014,0.27630146523222815,1.7691681605848208,0.2702157495675606,0.06276548837133324,0.9986163464459893,0.17228221529287677,,,,
S3,"S3 equilibrium-loop inlet (X4, H2/CO2 1.18)",P7 (all three reactions + n),4,625/700/725/800,24,21.983873912272607,61823.28096320728,2.8897358920052527,0.2697981897458724,1.7659559005436105,0.4468937947996824,0.11560778205096582,0.6521357033359608,0.15017497774376895,,,,
S3,"S3 equilibrium-loop inlet (X4, H2/CO2 1.18)",P7 (all three reactions + n),4,650/750/775/825,24,21.97849061022986,81919.99136746631,2.4636884878735232,0.30671395457588035,1.6949708394028724,0.24896601058738954,0.06634192150718987,0.9673562255314986,0.18957585086720466,,,,
S3,"S3 equilibrium-loop inlet (X4, H2/CO2 1.18)",P7 (all three reactions + n),4,600/700/725/800,24,21.95843245659818,61746.620293001106,2.8850245543358275,0.2239869488097215,1.7658271367574754,0.4494148448311622,0.11624978041606454,0.6610386664359481,0.15261306710073616,,,,
S3,"S3 equilibrium-loop inlet (X4, H2/CO2 1.18)",P7 (all three reactions + n),4,700/750/800/825,24,21.94944060799562,130984.68362034252,2.970933631539848,0.5327348171774215,1.6549712950607864,0.2728917639788885,0.06957779359471016,0.5410598355404631,0.11442409948052036,,,,
S3,"S3 equilibrium-loop inlet (X4, H2/CO2 1.18)",P7 (all three reactions + n),4,650/750/775/850,24,21.929636258616014,77337.94628380648,2.4739548612571647,0.34588640890273886,1.6886040464841414,0.20807823929962727,0.052974190241276496,0.9214494118459537,0.18242143411125925,,,,
S3,"S3 equilibrium-loop inlet (X4, H2/CO2 1.18)",P7 (all three reactions + n),4,625/750/800/850,24,21.92525743714409,103722.91566612887,2.5929779626042864,0.3088483780945817,1.7043706246105599,0.24467342329383027,0.059990779362933046,0.98696894783206,0.17931207865604498,,,,
S3,"S3 equilibrium-loop inlet (X4, H2/CO2 1.18)",P7 (all three reactions + n),4,625/750/800/825,24,21.925140350863607,107658.91387770079,2.575435289732325,0.27783096686849496,1.7010514691429226,0.2992132964352216,0.07641182590964442,1.0462692344212436,0.1902990843956329,,,,
S3,"S3 equilibrium-loop inlet (X4, H2/CO2 1.18)",P7 (all three reactions + n),4,675/700/750/825,24,21.922423821960237,82013.44745198174,3.0377596091392056,0.42949071259932076,1.8483916888496819,0.2675150628966323,0.06658137691146022,0.5150102769639524,0.11690328310599682,,,,
S3,"S3 equilibrium-loop inlet (X4, H2/CO2 1.18)",P7 (all three reactions + n),4,650/725/800/825,24,21.895286246806776,88853.07892719064,2.4366342319674037,0.3110255578328205,1.5164494723055366,0.412009670011161,0.10152151880285129,1.0448240839744927,0.18602970568573632,,,,
S3,"S3 equilibrium-loop inlet (X4, H2/CO2 1.18)",P7 (all three reactions + n),4,700/725/750/825,24,21.891942383252974,59056.23573744745,2.5946495504374476,0.5606995561705961,1.449756716261504,0.2541146974865038,0.06331414571257937,0.47918808229973875,0.11205113603718717,,,,
S3,"S3 equilibrium-loop inlet (X4, H2/CO2 1.18)",P7 (all three reactions + n),4,625/725/750/800,24,21.884068335743923,53239.19466671563,2.4966194269135085,0.28037751957461726,1.5131432384294423,0.33729534065642575,0.09316000813562147,0.7909042420420527,0.16102789920745347,,,,
S3,"S3 equilibrium-loop inlet (X4, H2/CO2 1.18)",P7 (all three reactions + n),4,650/700/725/850,24,21.868788726807217,49672.45136278551,2.5631802532848806,0.33973107168393757,1.64518155952468,0.36238955784698346,0.07681922433987785,0.5703242885524406,0.134938679470555,,,,
S3,"S3 equilibrium-loop inlet (X4, H2/CO2 1.18)",P7 (all three reactions + n),4,625/700/775/800,24,21.863048200418483,94485.11136743244,2.935639904098003,0.2817358294756259,1.8793920079776014,0.45516120445301106,0.12547246042556884,0.6463279162589798,0.14512011480061704,,,,
S3,"S3 equilibrium-loop inlet (X4, H2/CO2 1.18)",P7 (all three reactions + n),4,650/750/825/850,24,21.859702449622596,96249.40385104014,2.4017364380809822,0.310859914178346,1.651926272828839,0.26633070471645903,0.061871673282959824,1.032939018514467,0.17896583120291698,,,,
S3,"S3 equilibrium-loop inlet (X4, H2/CO2 1.18)",P7 (all three reactions + n),4,700/750/775/825,24,21.858030377290554,115833.12790262951,3.0871540496619563,0.5279168800785162,1.76424931502434,0.23666962403419137,0.0629380333155267,0.540531015627031,0.12193348935856622,,,,
S3,"S3 equilibrium-loop inlet (X4, H2/CO2 1.18)",P7 (all three reactions + n),4,650/700/750/800,24,21.832011840775046,58516.23218795284,2.5820564310828007,0.36000110216476633,1.764519772949613,0.3346465011459119,0.09292202393929651,0.5819843483536912,0.13533264519573845,,,,
S3,"S3 equilibrium-loop inlet (X4, H2/CO2 1.18)",P7 (all three reactions + n),4,625/675/750/825,24,21.83082088269323,84797.94376730241,3.0686020275334105,0.2812024182315511,1.9387062886049806,0.298532957734461,0.0744418579412241,0.7501213608006395,0.13652455383730588,,,,
S3,"S3 equilibrium-loop inlet (X4, H2/CO2 1.18)",P7 (all three reactions + n),4,600/725/800/825,24,21.809773596781397,106295.37533235812,2.6792585058416787,0.2297483047781517,1.636322337443325,0.43440145811877645,0.10686328934632486,1.0959346951053222,0.19425813124182906,,,,
S3,"S3 equilibrium-loop inlet (X4, H2/CO2 1.18)",P7 (all three reactions + n),4,600/700/775/800,24,21.78736209081795,96439.63791092276,2.965386683513253,0.23198396420807638,1.8949712472920957,0.4593851423040877,0.12665779691461196,0.6583968416554513,0.14809879923943378,,,,
S3,"S3 equilibrium-loop inlet (X4, H2/CO2 1.18)",P7 (all three reactions + n),4,700/725/800/825,24,21.784091309377217,124038.2701767018,3.0180797611545946,0.5985972977191787,1.5413541928180452,0.3640503457290263,0.08849713469306723,0.5773962866687025,0.12134291621452671,,,,
S3,"S3 equilibrium-loop inlet (X4, H2/CO2 1.18)",P7 (all three reactions + n),4,700/775/800/825,24,21.773449149573903,164334.99829627963,3.104488419768636,0.5547186500084534,1.6872608073614486,0.3071992468319499,0.0790347367416889,0.5668593815375451,0.12077305756171983,,,,
S3,"S3 equilibrium-loop inlet (X4, H2/CO2 1.18)",P7 (all three reactions + n),4,600/750/775/825,24,21.772140284586392,105518.03047890853,2.8371916863569036,0.22293961750461716,1.8461846839455924,0.2525410254488598,0.067373158995009,1.0083320665810545,0.19778075241058882,,,,
S3,"S3 equilibrium-loop inlet (X4, H2/CO2 1.18)",P7 (all three reactions + n),4,675/725/750/825,24,21.762525068904267,58979.98224645189,2.5385365660864636,0.40100326451728513,1.5247978683896115,0.27032859523585945,0.06758496587984951,0.6600628916196479,0.12860320881526408,,,,
S3,"S3 equilibrium-loop inlet (X4, H2/CO2 1.18)",P7 (all three reactions + n),4,600/750/775/850,24,21.760832416589697,99557.16946540454,2.8466648662585055,0.2470207762383793,1.8421601836520274,0.21002224287031,0.053506995924856623,0.9589220762410039,0.18995692520750374,,,,
S3,"S3 equilibrium-loop inlet (X4, H2/CO2 1.18)",P7 (all three reactions + n),4,650/750/800/825,24,21.759473902929624,89805.99561864538,2.3136960862675457,0.31288852054396515,1.6047945045577536,0.294290764617439,0.07517682111041626,1.0876667621170328,0.19842357147679768,,,,
S3,"S3 equilibrium-loop inlet (X4, H2/CO2 1.18)",P7 (all three reactions + n),4,700/750/800/850,24,21.758952452172775,137048.77102281127,3.1318522848473105,0.6240164983752884,1.6879999874516018,0.22984488078978618,0.056325414863159506,0.5271401230280084,0.1133606850085456,,,,
S3,"S3 equilibrium-loop inlet (X4, H2/CO2 1.18)",P7 (all three reactions + n),4,650/750/800/850,24,21.750240364131123,86285.8397692808,2.3305378225400624,0.3524657517786306,1.6015942842928053,0.24195707856833307,0.05937110187330309,1.025247596360187,0.18667707366666722,,,,
S3,"S3 equilibrium-loop inlet (X4, H2/CO2 1.18)",P7 (all three reactions + n),4,600/725/750/800,24,21.747898098377206,52536.37213927068,2.4731420578117578,0.22901413651365501,1.5149276978773336,0.3383840241922667,0.09349274068308348,0.8030072579804264,0.16386446031846183,,,,
S3,"S3 equilibrium-loop inlet (X4, H2/CO2 1.18)",P7 (all three reactions + n),4,625/725/825/850,24,21.728165332162405,125848.86095140899,2.930852700565427,0.29225984924536536,1.742124162256066,0.44156774812176297,0.09802877303985488,1.092338765922338,0.17543882186390974,,,,
S3,"S3 equilibrium-loop inlet (X4, H2/CO2 1.18)",P7 (all three reactions + n),4,700/725/775/850,24,21.713585742693574,84653.2748321188,2.8850412635988887,0.6744451118529439,1.5102498641557833,0.23037296358628856,0.055802635660652064,0.4864407037775835,0.11707776670755983,,,,
S3,"S3 equilibrium-loop inlet (X4, H2/CO2 1.18)",P7 (all three reactions + n),4,675/700/775/850,24,21.707573132153055,113458.99544220344,3.300866706090948,0.5553072812097798,1.9265467764091393,0.24169974858585544,0.058333122970503304,0.5171429665602675,0.12157007675206319,,,,
S3,"S3 equilibrium-loop inlet (X4, H2/CO2 1.18)",P7 (all three reactions + n),4,650/700/725/800,24,21.705312529113712,46518.386056906915,2.475217754787744,0.3514006129997444,1.5904001235182097,0.4175326812800118,0.10874111940436679,0.6309723373684859,0.1479188100964097,,,,
S3,"S3 equilibrium-loop inlet (X4, H2/CO2 1.18)",P7 (all three reactions + n),4,700/775/800/850,24,21.686368215796,184139.6860116127,3.3727282572095003,0.6675523850371764,1.7669795316278314,0.24184517632639674,0.060209632679312605,0.5455962245209449,0.11818452820755433,,,,
S3,"S3 equilibrium-loop inlet (X4, H2/CO2 1.18)",P7 (all three reactions + n),4,650/725/825/850,24,21.66309714635856,96550.93183294496,2.5369170206435276,0.3176773025841941,1.5804237572331676,0.4240932107000417,0.0943061693149216,1.0717771690447122,0.1750116464614314,,,,
S3,"S3 equilibrium-loop inlet (X4, H2/CO2 1.18)",P7 (all three reactions + n),4,675/750/775/825,24,21.662239697248747,98660.2355742193,2.8095150530878334,0.3936714637392016,1.6972084777645944,0.2425454219805686,0.0644855230876206,0.7563828809086334,0.14959842201729967,,,,
S3,"S3 equilibrium-loop inlet (X4, H2/CO2 1.18)",P7 (all three reactions + n),4,600/675/750/825,24,21.66029678040681,85213.30789281653,3.073412349511403,0.22933519148587056,1.9450300781984042,0.2991775781604958,0.07463879813006082,0.8105449742127749,0.14895540746637018,,,,
S3,"S3 equilibrium-loop inlet (X4, H2/CO2 1.18)",P7 (all three reactions + n),4,700/750/775/850,24,21.649647280224848,115598.26008164199,3.196142666736995,0.6127822747126989,1.7826393614315548,0.2007789377511723,0.05106566893688156,0.530140220790978,0.12255265288688433,,,,
S3,"S3 equilibrium-loop inlet (X4, H2/CO2 1.18)",P7 (all three reactions + n),4,650/725/750/800,24,21.64373020519796,43591.045061441735,2.2233097095876175,0.33785354915666754,1.4326341846072603,0.32900713991907204,0.09104640099040133,0.7882529192216751,0.16156218864395291,,,,
S3,"S3 equilibrium-loop inlet (X4, H2/CO2 1.18)",P7 (all three reactions + n),4,700/725/825/850,24,21.63761155467386,144665.45011539815,3.256201347438806,0.6087974168600849,1.6505127526541887,0.3646482004924395,0.07988607582705809,0.5824008266862836,0.12146331830953294,,,,
S3,"S3 equilibrium-loop inlet (X4, H2/CO2 1.18)",P7 (all three reactions + n),4,650/675/750/825,24,21.635955746863253,62663.0505930758,2.613801705783218,0.33476662189692064,1.7094913378907053,0.29317308218332133,0.07316500646507149,0.7598677407923274,0.13986257243685757,,,,
S3,"S3 equilibrium-loop inlet (X4, H2/CO2 1.18)",P7 (all three reactions + n),4,650/700/775/800,24,21.63027507464028,71835.02197362046,2.5305804656197366,0.35991380340884704,1.6892834820363156,0.43940671438925627,0.12146785786457859,0.6333104455289922,0.1431764478589767,,,,
S3,"S3 equilibrium-loop inlet (X4, H2/CO2 1.18)",P7 (all three reactions + n),4,675/750/825/850,24,21.627677158064834,120387.57492682982,2.800507833870665,0.40502408480604346,1.6648396016255873,0.2602804008378815,0.06041923830149637,0.7909223365956317,0.13936163809090438,,,,
S3,"S3 equilibrium-loop inlet (X4, H2/CO2 1.18)",P7 (all three reactions + n),4,600/750/825/850,24,21.62164658725101,120841.99911483734,2.720360584993132,0.23129940031079121,1.791549419854588,0.27061774878092715,0.06290135178230395,1.0760149436813773,0.18649659564996404,,,,
S3,"S3 equilibrium-loop inlet (X4, H2/CO2 1.18)",P7 (all three reactions + n),4,675/725/775/825,24,21.61854906253348,94591.91166397864,2.8593205008862213,0.4153154381465338,1.6950767191164875,0.28662897980001945,0.07354479468373114,0.7691947894487977,0.1503306065036792,,,,
S3,"S3 equilibrium-loop inlet (X4, H2/CO2 1.18)",P7 (all three reactions + n),4,675/750/800/825,24,21.596709097178945,108527.62988249834,2.658653411951481,0.4013965868119364,1.5859137210292633,0.28567869557911696,0.07284205490275615,0.8202555299587819,0.15118302400740266,,,,
S3,"S3 equilibrium-loop inlet (X4, H2/CO2 1.18)",P7 (all three reactions + n),4,675/700/800/825,24,21.591055885933436,144576.5231303025,3.2098624362958024,0.4910668280433499,1.845033231450482,0.42122877560325717,0.10253240431403504,0.6194074863090832,0.12838752321428581,,,,
S3,"S3 equilibrium-loop inlet (X4, H2/CO2 1.18)",P7 (all three reactions + n),4,700/725/800/850,24,21.57712465851651,127040.49003161877,3.1524859417457365,0.7149493704621916,1.5563916659636794,0.29588757818546246,0.06891843426953016,0.5227306292319396,0.11449668687066701,,,,
S3,"S3 equilibrium-loop inlet (X4, H2/CO2 1.18)",P7 (all three reactions + n),4,700/800/825/850,24,21.573283564044658,228954.29844482042,3.4014869871060793,0.5913704292840275,1.7946011575731196,0.34756326259090425,0.08063681515183661,0.5896778117394964,0.11873112235204523,,,,
S3,"S3 equilibrium-loop inlet (X4, H2/CO2 1.18)",P7 (all three reactions + n),4,600/750/800/850,24,21.571727935230555,106452.07576451077,2.614781804550615,0.2555065152721708,1.7239760301893121,0.24510890798789786,0.06014981986894046,1.0687095694673592,0.19455605834889428,,,,
S3,"S3 equilibrium-loop inlet (X4, H2/CO2 1.18)",P7 (all three reactions + n),4,625/675/775/825,24,21.566988161135626,136050.25780369097,3.4518810256000756,0.3271206240466436,2.1295168411884036,0.3230620197180305,0.082775940686508,0.8696032121665496,0.15997588900848111,,,,
S3,"S3 equilibrium-loop inlet (X4, H2/CO2 1.18)",P7 (all three reactions + n),4,600/725/825/850,24,21.54397560841109,116657.9648530831,2.8024037787515463,0.23566301007048915,1.7179511232127302,0.45067333353469313,0.10005117323876393,1.1309302270350157,0.18339075389758552,,,,
S3,"S3 equilibrium-loop inlet (X4, H2/CO2 1.18)",P7 (all three reactions + n),4,600/750/800/825,24,21.54027139548763,111911.61703313491,2.6126692624162424,0.22960964096521758,1.726861218962242,0.3001432233089527,0.07672791349204425,1.1359709824843296,0.20729133718668608,,,,
S3,"S3 equilibrium-loop inlet (X4, H2/CO2 1.18)",P7 (all three reactions + n),4,675/750/775/850,24,21.5204962145911,96081.51176093728,2.8634034167389384,0.45081851793789346,1.714979906962097,0.20430505909270563,0.05189485987887945,0.7237569025352755,0.14529293172176996,,,,
S3,"S3 equilibrium-loop inlet (X4, H2/CO2 1.18)",P7 (all three reactions + n),4,675/750/800/850,24,21.481152743792855,108769.11985226204,2.7336185763626153,0.46470119557751843,1.60950348262161,0.23721308309077974,0.058105034708378564,0.7759656237713924,0.1437483297413362,,,,
S3,"S3 equilibrium-loop inlet (X4, H2/CO2 1.18)",P7 (all three reactions + n),4,625/675/750/850,24,21.47054532423406,79534.8719308095,3.1048441766586654,0.31562654339830626,1.9575765563322918,0.2663866291056633,0.06159192477803983,0.7290956423731029,0.13500380128411063,,,,
S3,"S3 equilibrium-loop inlet (X4, H2/CO2 1.18)",P7 (all three reactions + n),4,675/700/750/850,24,21.459176291000233,77811.42398255799,3.0980316525628604,0.504328722183208,1.86731498674425,0.2416144053599071,0.055992853354585405,0.5004924908845291,0.11894723062481587,,,,
S3,"S3 equilibrium-loop inlet (X4, H2/CO2 1.18)",P7 (all three reactions + n),4,675/725/775/850,24,21.452737645756677,92577.8752518158,2.9279737261435494,0.4791888292296918,1.7186661580888343,0.23702575469950796,0.05770169341619982,0.7110670471322988,0.14265621577812215,,,,
S3,"S3 equilibrium-loop inlet (X4, H2/CO2 1.18)",P7 (all three reactions + n),4,625/675/775/850,24,21.433598749586437,136352.59522901443,3.5730732787036126,0.3835848375546188,2.2000738486623557,0.2590553201137857,0.06284379817257935,0.8370215006097498,0.15619408352197223,,,,
S3,"S3 equilibrium-loop inlet (X4, H2/CO2 1.18)",P7 (all three reactions + n),4,625/775/825/850,24,21.430406355997434,165616.98649788572,3.010722693245714,0.33063896762992007,1.8915752247379896,0.2654168680538061,0.06336749402436964,1.2440497536185042,0.22102233897211387,,,,
S3,"S3 equilibrium-loop inlet (X4, H2/CO2 1.18)",P7 (all three reactions + n),4,675/700/800/850,24,21.421905139379056,156860.79588028096,3.446402733961256,0.611072946991431,1.942077836457022,0.3234399414623372,0.07521086105403244,0.5614148914805497,0.11975358704462348,,,,
S3,"S3 equilibrium-loop inlet (X4, H2/CO2 1.18)",P7 (all three reactions + n),4,700/725/750/850,24,21.420172523187095,56454.032627419176,2.6603253106270954,0.6591734538817722,1.454177596822158,0.23043479960221375,0.053698265820940394,0.46565160252224347,0.11531160785101537,,,,
S3,"S3 equilibrium-loop inlet (X4, H2/CO2 1.18)",P7 (all three reactions + n),4,675/700/725/825,24,21.381022508496493,73078.2810822254,3.044585901510423,0.4669040638179019,1.7678371084020152,0.37959296218316985,0.08769193360086978,0.5932975794034321,0.13404018208104274,,,,
S3,"S3 equilibrium-loop inlet (X4, H2/CO2 1.18)",P7 (all three reactions + n),4,675/775/825/850,24,21.379788077020066,172015.72721320365,3.11371244224938,0.44365963036403283,1.8326233808373502,0.25514174282894053,0.06091262880809622,0.8881973921815626,0.16000139891594628,,,,
S3,"S3 equilibrium-loop inlet (X4, H2/CO2 1.18)",P7 (all three reactions + n),4,675/725/750/850,24,21.374469805954583,55381.3367781786,2.566649841021286,0.4547139280488195,1.536079969333592,0.24383753743697764,0.05677091522406076,0.6304758494274846,0.12644258770173303,,,,
S3,"S3 equilibrium-loop inlet (X4, H2/CO2 1.18)",P7 (all three reactions + n),4,650/675/775/825,24,21.371559479049573,98528.24527003909,2.915003384085637,0.36064585478644406,1.846985948716113,0.3163309682274494,0.0810996071572654,0.8992687748817797,0.1678469413312542,,,,
S3,"S3 equilibrium-loop inlet (X4, H2/CO2 1.18)",P7 (all three reactions + n),4,600/675/750/850,24,21.368297345285853,79751.76892866738,3.106252644094582,0.25014695237080564,1.9624084852213883,0.2665382618867438,0.0616819479652268,0.7815814256068606,0.14550862111386545,,,,
S3,"S3 equilibrium-loop inlet (X4, H2/CO2 1.18)",P7 (all three reactions + n),4,600/675/775/825,24,21.365330408190964,129030.26894281681,3.3476719984597465,0.2558320726614855,2.097895455188572,0.3242718352120701,0.08312660422508798,0.9691824919070235,0.17998463239438847,,,,
S3,"S3 equilibrium-loop inlet (X4, H2/CO2 1.18)",P7 (all three reactions + n),4,600/675/775/850,24,21.352122045973587,125395.25127885622,3.4123956380626295,0.2854744019366025,2.1388721103064876,0.25905164494634103,0.06288650065208894,0.912806745006301,0.1719795996647352,,,,
S3,"S3 equilibrium-loop inlet (X4, H2/CO2 1.18)",P7 (all three reactions + n),4,625/675/700/825,24,21.31394083881724,103246.5333259839,3.6521879115430584,0.2618311674436232,2.2779130790394104,0.5126712924688991,0.1174249176357889,0.6552522661639248,0.13574677662868587,,,,
S3,"S3 equilibrium-loop inlet (X4, H2/CO2 1.18)",P7 (all three reactions + n),4,650/775/825/850,24,21.292532609549035,132397.4567951495,2.6634108278162536,0.34689387026332624,1.742519027206129,0.2622188819593827,0.06261678255416026,1.327229116918664,0.2367962976025897,,,,
S3,"S3 equilibrium-loop inlet (X4, H2/CO2 1.18)",P7 (all three reactions + n),4,600/675/700/825,24,21.2895411396217,103827.9547310159,3.6605700598107207,0.22147375864837046,2.2846296496657668,0.5143003762146857,0.11781059738399889,0.6745728588012927,0.1410445005490364,,,,
S3,"S3 equilibrium-loop inlet (X4, H2/CO2 1.18)",P7 (all three reactions + n),4,675/725/800/825,24,21.271713398424772,110615.37244864057,2.780199519945544,0.42927037599663764,1.609027287639531,0.40341337136517036,0.09938256835924908,0.9312653968710425,0.16773710241181833,,,,
S3,"S3 equilibrium-loop inlet (X4, H2/CO2 1.18)",P7 (all three reactions + n),4,675/725/800/850,24,21.26010760491883,112131.73605046899,2.8771291276853095,0.5003131103741021,1.643895551540503,0.3090784911750954,0.07274806453283424,0.7926575162857503,0.14578586168473956,,,,
S3,"S3 equilibrium-loop inlet (X4, H2/CO2 1.18)",P7 (all three reactions + n),4,650/675/750/850,24,21.214578205913895,58311.66443508846,2.634332842672566,0.3891069296964803,1.7197850745915773,0.26256610479420545,0.06075434487126608,0.7351811205796838,0.13723823734975824,,,,
S3,"S3 equilibrium-loop inlet (X4, H2/CO2 1.18)",P7 (all three reactions + n),4,675/700/825/850,24,21.210891802616906,171059.15723437982,3.491025040009101,0.5137899418167853,1.9916994998305058,0.4478186294738785,0.09801863149832825,0.6393083779317964,0.13090074183681358,,,,
S3,"S3 equilibrium-loop inlet (X4, H2/CO2 1.18)",P7 (all three reactions + n),4,625/725/775/800,24,21.2045372243221,91550.31373172412,2.892356912601012,0.3237841008069014,1.6971630245372669,0.4376375175438248,0.1212248709527062,1.0978744358696584,0.21984437836875545,,,,
S3,"S3 equilibrium-loop inlet (X4, H2/CO2 1.18)",P7 (all three reactions + n),4,650/675/775/850,24,21.185066354859377,96394.8201540946,2.9847943689562078,0.4370472992879847,1.8812752544135285,0.25557652302837797,0.061984228358780515,0.8536100094710057,0.16127751462143639,,,,
S3,"S3 equilibrium-loop inlet (X4, H2/CO2 1.18)",P7 (all three reactions + n),4,650/675/700/825,24,21.169750260374517,66311.89667004827,2.903550175161373,0.3446966245185468,1.8729374617493466,0.47782041114572976,0.1104282370413365,0.6157926909238446,0.13321933677556308,,,,
S3,"S3 equilibrium-loop inlet (X4, H2/CO2 1.18)",P7 (all three reactions + n),4,625/650/750/825,24,21.129411490331336,74538.36160007246,2.8040168409010353,0.29593715978059015,1.9212795141711534,0.3079287275799585,0.07688911701250882,1.047556325321772,0.19140232671431345,,,,
S3,"S3 equilibrium-loop inlet (X4, H2/CO2 1.18)",P7 (all three reactions + n),4,600/650/750/825,24,21.096936889459844,74529.25625321071,2.810243965679907,0.24002008362699023,1.9140194380247044,0.3088459311045111,0.07721939845681877,1.07324927879498,0.19862358726623638,,,,
S3,"S3 equilibrium-loop inlet (X4, H2/CO2 1.18)",P7 (all three reactions + n),4,625/675/725/825,24,21.096671568293306,87097.26864480728,3.3053059923691817,0.2958428068680521,1.9987652780394536,0.47151169892189865,0.1102275007975564,0.9677853911562389,0.16295190480402674,,,,
S3,"S3 equilibrium-loop inlet (X4, H2/CO2 1.18)",P7 (all three reactions + n),4,625/775/800/850,24,21.096010553337,151654.59622394186,2.942496028204985,0.3872515607561377,1.8425221822964473,0.2560964371729355,0.06396261768533774,1.3120984702554992,0.2418684919920306,,,,
S3,"S3 equilibrium-loop inlet (X4, H2/CO2 1.18)",P7 (all three reactions + n),4,600/650/700/825,24,21.07072207956722,80092.65878309592,3.176743291804889,0.2242605552316798,2.070923224307296,0.589504000112131,0.1361212135876467,0.6937972941202153,0.1461250845797463,,,,
S3,"S3 equilibrium-loop inlet (X4, H2/CO2 1.18)",P7 (all three reactions + n),4,650/725/775/800,24,21.052184689391694,71420.55330509742,2.5192258240051633,0.35942822142481534,1.5629010016361806,0.4203816134688068,0.11663266197061514,1.0779594241835377,0.21732389977539238,,,,
S3,"S3 equilibrium-loop inlet (X4, H2/CO2 1.18)",P7 (all three reactions + n),4,600/725/775/800,24,21.040426996000672,87097.34924517306,2.7997662837631343,0.25295674095342985,1.6965890415261342,0.4423320217772409,0.12262506509743396,1.1307251555049427,0.22690381257980782,,,,
S3,"S3 equilibrium-loop inlet (X4, H2/CO2 1.18)",P7 (all three reactions + n),4,675/775/800/825,24,21.0392872309234,149354.5579368111,2.902457135315933,0.4322044891429314,1.7120187621732443,0.3203698617500129,0.08282587470549148,0.9853458746204704,0.1833133734014031,,,,
S3,"S3 equilibrium-loop inlet (X4, H2/CO2 1.18)",P7 (all three reactions + n),4,675/775/800/850,24,21.038592741375776,162134.52933710226,3.0955063743479108,0.5229679788039766,1.794057313992723,0.24677106270473187,0.06165529151638157,0.9065528398784766,0.16958537547370206,,,,
S3,"S3 equilibrium-loop inlet (X4, H2/CO2 1.18)",P7 (all three reactions + n),4,625/650/700/825,24,21.037767853917515,79725.27958263562,3.1691695954527774,0.263156142471432,2.0662048437451856,0.5810847350444633,0.134266790287651,0.6927241156435295,0.1445363588051469,,,,
S3,"S3 equilibrium-loop inlet (X4, H2/CO2 1.18)",P7 (all three reactions + n),4,675/725/825/850,24,21.01185140574274,125566.0566308974,2.9621698049177216,0.4394519471255568,1.7059484843913961,0.4121893453024472,0.09158618273205887,0.9514380366345665,0.1587222978192046,,,,
S3,"S3 equilibrium-loop inlet (X4, H2/CO2 1.18)",P7 (all three reactions + n),4,675/700/750/800,24,21.00696109776068,69836.5502415157,2.9285340149262797,0.5213064355134073,1.775598268504387,0.3175945929077538,0.08775932852791316,0.5490731683176578,0.12756272808055436,,,,
S3,"S3 equilibrium-loop inlet (X4, H2/CO2 1.18)",P7 (all three reactions + n),4,625/675/750/800,24,21.001999342114832,71125.62952378525,2.9315896048175274,0.3325279202165679,1.8535850626292547,0.36149803001795533,0.1000565901976791,0.8213364004236725,0.16295092069804862,,,,
S3,"S3 equilibrium-loop inlet (X4, H2/CO2 1.18)",P7 (all three reactions + n),4,600/675/725/825,24,20.971173739407554,84664.82585244486,3.245752174935655,0.23646391079624263,1.9924668172608908,0.48166916346053884,0.11270659581899092,1.0375097382165377,0.17748402184234785,,,,
S3,"S3 equilibrium-loop inlet (X4, H2/CO2 1.18)",P7 (all three reactions + n),4,600/775/825/850,24,20.94292207135058,156336.9676957706,2.8945128283781028,0.2720743265035737,1.8876785778008702,0.26643423281994744,0.06362694756548556,1.408655244112683,0.2503789868670432,,,,
S3,"S3 equilibrium-loop inlet (X4, H2/CO2 1.18)",P7 (all three reactions + n),4,625/775/800/825,24,20.92594279443945,146981.15980177588,2.8472266084090694,0.33760555067526615,1.7677173531852675,0.33952847533634745,0.08774511892260486,1.4543725011602757,0.2680556295709312,,,,
S3,"S3 equilibrium-loop inlet (X4, H2/CO2 1.18)",P7 (all three reactions + n),4,625/750/775/800,24,20.91981886799363,89089.7563812331,2.6851895542131166,0.3250546694501923,1.7632960904694017,0.35476110898714763,0.10174115910359421,1.0651543441786127,0.21548871061350305,,,,
S3,"S3 equilibrium-loop inlet (X4, H2/CO2 1.18)",P7 (all three reactions + n),4,625/675/800/850,24,20.914934263391245,155038.34294509358,3.364173362966569,0.42228079479555947,2.0608623987383274,0.36010141757993547,0.08446857685991074,0.9606770686047497,0.16365260823872957,,,,
S3,"S3 equilibrium-loop inlet (X4, H2/CO2 1.18)",P7 (all three reactions + n),4,650/775/800/850,24,20.906679934660083,123218.82583084401,2.6287003747591116,0.41073047612063973,1.7038391788273677,0.25337310456127893,0.06332246234439777,1.415517327318731,0.2615965244223256,,,,
S3,"S3 equilibrium-loop inlet (X4, H2/CO2 1.18)",P7 (all three reactions + n),4,650/675/725/825,24,20.90649002556585,64763.58484512994,2.821682320404725,0.33777096536406015,1.768375930846996,0.44599579785939664,0.10480365211482572,0.95881418938766,0.16607100191722696,,,,
S3,"S3 equilibrium-loop inlet (X4, H2/CO2 1.18)",P7 (all three reactions + n),4,600/675/750/800,24,20.896674765068838,71666.90868032718,2.9403057152694925,0.2579400668323221,1.860710208822565,0.3629069925845317,0.10049116440187937,0.8788277468084432,0.17415421125559846,,,,
S3,"S3 equilibrium-loop inlet (X4, H2/CO2 1.18)",P7 (all three reactions + n),4,675/725/750/800,24,20.8720423439876,51359.887892147555,2.467136596011974,0.4704102995687257,1.4815977349866092,0.3216694974085273,0.0892042978783829,0.7203410313734813,0.14820225828083253,,,,
S3,"S3 equilibrium-loop inlet (X4, H2/CO2 1.18)",P7 (all three reactions + n),4,600/625/750/825,24,20.86507242410371,102659.42865420577,3.332395590152741,0.24404977450361012,2.194270097339999,0.31457235043705206,0.07866794589180934,1.0035210287771053,0.1850130816417274,,,,
S3,"S3 equilibrium-loop inlet (X4, H2/CO2 1.18)",P7 (all three reactions + n),4,600/675/800/850,24,20.85685572973481,134389.24418151242,3.1168639395430078,0.3031079634128128,1.9560603238080794,0.3622315702562776,0.08499680755686694,1.0602668701359248,0.18203236702562256,,,,
S3,"S3 equilibrium-loop inlet (X4, H2/CO2 1.18)",P7 (all three reactions + n),4,600/675/700/800,24,20.849074127758925,83977.06025718688,3.4637282348872973,0.24445207620159282,2.161098491224954,0.5404711522759961,0.13977569017033362,0.7156732262677485,0.16166671502913824,,,,
S3,"S3 equilibrium-loop inlet (X4, H2/CO2 1.18)",P7 (all three reactions + n),4,700/725/750/800,24,20.8203685649609,54027.57242152363,2.604980825885762,0.715103209789925,1.4234098629162104,0.3014740377013229,0.08335490887455017,0.5203093244476632,0.12406981983295357,,,,
S3,"S3 equilibrium-loop inlet (X4, H2/CO2 1.18)",P7 (all three reactions + n),4,600/650/750/850,24,20.810926617642195,69355.120858419,2.834562595748202,0.2683929010693286,1.9251065526318847,0.2727999454500123,0.06328493582821432,1.022691142096417,0.18770506995778685,,,,
S3,"S3 equilibrium-loop inlet (X4, H2/CO2 1.18)",P7 (all three reactions + n),4,625/675/700/800,24,20.801222011283414,83690.83491918644,3.4607740603557557,0.30450577140876467,2.1565504543205303,0.5369803396283719,0.13886463216215153,0.6992923424895111,0.15771721420992613,,,,
S3,"S3 equilibrium-loop inlet (X4, H2/CO2 1.18)",P7 (all three reactions + n),4,625/650/725/825,24,20.793739388556073,66634.48711588807,2.8773655029951235,0.29928780347909123,1.7768056689573195,0.5112507585482965,0.11957708371982888,1.1595158458226988,0.19634271664868128,,,,
S3,"S3 equilibrium-loop inlet (X4, H2/CO2 1.18)",P7 (all three reactions + n),4,625/650/750/850,24,20.78202424374866,68822.38271605589,2.8212026238075634,0.3371111545865025,1.92048715241419,0.27256781779568046,0.06310042250159692,0.9983584657454239,0.1815176994569794,,,,
S3,"S3 equilibrium-loop inlet (X4, H2/CO2 1.18)",P7 (all three reactions + n),4,675/700/775/800,24,20.772528128996083,101416.2655482926,3.1209666494160264,0.5629013627124264,1.8158040233889159,0.40619557158134306,0.11190050278339533,0.619508452619331,0.14016014370740446,,,,
S3,"S3 equilibrium-loop inlet (X4, H2/CO2 1.18)",P7 (all three reactions + n),4,625/675/800/825,24,20.745524234759024,148155.3266455028,3.2055771043419443,0.3563229937719535,1.9665194452675245,0.5284902411572733,0.1299614286385909,1.0926663219233679,0.18588442932925905,,,,
S3,"S3 equilibrium-loop inlet (X4, H2/CO2 1.18)",P7 (all three reactions + n),4,600/650/725/825,24,20.724778134577132,71193.04509854235,2.9616375415236162,0.2430718148832639,1.8455600670206558,0.5079389276469214,0.1191657738914607,1.1953832929375876,0.20565395519680207,,,,
S3,"S3 equilibrium-loop inlet (X4, H2/CO2 1.18)",P7 (all three reactions + n),4,650/750/775/800,24,20.71950397980742,72890.59673990261,2.383800227564797,0.3754274207666898,1.65913589506202,0.3473819988498082,0.09964195895524032,1.107163933916337,0.22438662606429394,,,,
S3,"S3 equilibrium-loop inlet (X4, H2/CO2 1.18)",P7 (all three reactions + n),4,700/725/775/800,24,20.718891377971833,86581.69336089019,2.924383946708969,0.7268769513399433,1.4980804722478396,0.370331630141272,0.10210696603117855,0.5913784044072788,0.13528308732637784,,,,
S3,"S3 equilibrium-loop inlet (X4, H2/CO2 1.18)",P7 (all three reactions + n),4,650/675/750/800,24,20.71556357620954,53941.43735030687,2.5280607132928954,0.4090247221621159,1.6594583641305278,0.35246839078861775,0.0977075047112679,0.8234781399894596,0.16398853210216438,,,,
S3,"S3 equilibrium-loop inlet (X4, H2/CO2 1.18)",P7 (all three reactions + n),4,650/775/800/825,24,20.709077001222084,119286.92835984676,2.536323238510686,0.3527251000316106,1.6482285037748619,0.3329498265602132,0.0860483577279122,1.5877660575407888,0.2935030021270593,,,,
S3,"S3 equilibrium-loop inlet (X4, H2/CO2 1.18)",P7 (all three reactions + n),4,675/700/725/850,24,20.695222459177714,69461.08862188127,3.1228799810395844,0.5499213808305538,1.7958634144043917,0.36083682026575614,0.07622831819506114,0.5789119779654087,0.13824065239871908,,,,
S3,"S3 equilibrium-loop inlet (X4, H2/CO2 1.18)",P7 (all three reactions + n),4,700/750/775/800,24,20.693314414836507,101652.14931147941,2.99426847504062,0.6431545807674782,1.6925680249993664,0.31909189030287394,0.09136640435805324,0.5766504187622652,0.13103624575051762,,,,
S3,"S3 equilibrium-loop inlet (X4, H2/CO2 1.18)",P7 (all three reactions + n),4,600/675/700/850,24,20.67704269321966,97862.9531287919,3.7396087793568205,0.24051062812474858,2.3304537447029086,0.5018858429564652,0.10427087728533846,0.6669815547982408,0.14642638065483637,,,,
S3,"S3 equilibrium-loop inlet (X4, H2/CO2 1.18)",P7 (all three reactions + n),4,725/750/825/850,24,20.66234954524044,145027.85020472808,3.2696319662351723,0.7625601378024339,1.4043216401322611,0.2463137354266724,0.057128602126695904,0.6916140604059205,0.12556542870918871,,,,
S3,"S3 equilibrium-loop inlet (X4, H2/CO2 1.18)",P7 (all three reactions + n),4,625/675/700/850,24,20.64900248846574,97823.44881220903,3.7416567860857897,0.2932368438201265,2.3284641697921318,0.49950287679385286,0.10377397490053904,0.6482962860038262,0.14104996900347827,,,,
S3,"S3 equilibrium-loop inlet (X4, H2/CO2 1.18)",P7 (all three reactions + n),4,650/675/800/850,24,20.637343865681046,115215.18538205294,2.8881163306004667,0.47944257904869175,1.7942793475527838,0.3508645783634489,0.08249417603787823,0.9741017468294874,0.16785289073769824,,,,
S3,"S3 equilibrium-loop inlet (X4, H2/CO2 1.18)",P7 (all three reactions + n),4,600/625/700/825,24,20.63649249083419,128508.3750387446,4.050408748714928,0.2139419145952313,2.574318937922121,0.6369888243920511,0.14607556445046865,0.7543362383239112,0.15261708930520962,,,,
S3,"S3 equilibrium-loop inlet (X4, H2/CO2 1.18)",P7 (all three reactions + n),4,675/700/725/800,24,20.592940445399066,62038.28097452203,2.94855919634202,0.5643319806912321,1.6967988173039703,0.4099232706625144,0.10663974125927791,0.6250439440554215,0.14634243418886073,,,,
S3,"S3 equilibrium-loop inlet (X4, H2/CO2 1.18)",P7 (all three reactions + n),4,600/650/700/800,24,20.582117044656606,66434.39270418386,3.045700456264944,0.25068507494242903,1.9826770768665092,0.6254201847907168,0.1629420170443001,0.7352842929433676,0.1653153972199102,,,,
S3,"S3 equilibrium-loop inlet (X4, H2/CO2 1.18)",P7 (all three reactions + n),4,600/775/800/850,24,20.58152907969708,141386.43724209152,2.8070912471287794,0.31498735283246093,1.8366314849434746,0.2571878278231767,0.064247881158247,1.5190664413239565,0.27996797397376894,,,,
S3,"S3 equilibrium-loop inlet (X4, H2/CO2 1.18)",P7 (all three reactions + n),4,675/800/825/850,24,20.58098724380708,194220.68450579044,3.0751927472207465,0.47287806517708897,1.7797030640790248,0.36471261163180396,0.08508947068922226,1.0734542898251684,0.18150359854397774,,,,
S3,"S3 equilibrium-loop inlet (X4, H2/CO2 1.18)",P7 (all three reactions + n),4,650/675/800/825,24,20.564468029298695,111757.64022139153,2.7677025267805964,0.38788619736843655,1.7326464347985702,0.5047845866617832,0.12436337405485116,1.1095682634096298,0.1915217346183444,,,,
S3,"S3 equilibrium-loop inlet (X4, H2/CO2 1.18)",P7 (all three reactions + n),4,600/750/775/800,24,20.545354248389046,93887.58770309432,2.748504296869018,0.25927718404877764,1.7939068084694543,0.3577356589258831,0.10273062047229031,1.1563014636447557,0.23424393278532069,,,,
S3,"S3 equilibrium-loop inlet (X4, H2/CO2 1.18)",P7 (all three reactions + n),4,650/675/700/800,24,20.541396641478514,55971.26755107459,2.80627598501401,0.4135654723259972,1.8121100268415589,0.5014420961612036,0.1306717919185872,0.6600059756423058,0.15256539812326114,,,,
S3,"S3 equilibrium-loop inlet (X4, H2/CO2 1.18)",P7 (all three reactions + n),4,675/750/775/800,24,20.529099164924457,85845.91149379227,2.701005291883844,0.46035100155982683,1.6299574509689227,0.3314374332670075,0.09483580188342047,0.8459283090201556,0.17200210144930378,,,,
S3,"S3 equilibrium-loop inlet (X4, H2/CO2 1.18)",P7 (all three reactions + n),4,600/675/800/825,24,20.525313795472,135663.27346943537,3.050697012716262,0.2720585071864336,1.9123761378713129,0.5369790598683165,0.1321327942639327,1.236014833913389,0.2118544849313723,,,,
S3,"S3 equilibrium-loop inlet (X4, H2/CO2 1.18)",P7 (all three reactions + n),4,600/625/750/850,24,20.516169178010678,95071.71462680488,3.354656332714212,0.27876307651565196,2.1993481043427625,0.2770213750876326,0.06415929813571969,0.9594626396692362,0.1756359235566884,,,,
S3,"S3 equilibrium-loop inlet (X4, H2/CO2 1.18)",P7 (all three reactions + n),4,625/700/725/775,24,20.51050838097582,49380.20284320705,3.320902161679172,0.2767565568976957,2.0315128284530073,0.5725767803418094,0.173424853000805,0.7800250796186088,0.19631525400098282,,,,
S3,"S3 equilibrium-loop inlet (X4, H2/CO2 1.18)",P7 (all three reactions + n),4,625/650/775/825,24,20.506022018209382,106905.01800054414,3.0248984508431653,0.3475786475303989,1.9840057481351827,0.33610412127613265,0.08607650687161285,1.3461143120509975,0.2516834487259317,,,,
S3,"S3 equilibrium-loop inlet (X4, H2/CO2 1.18)",P7 (all three reactions + n),4,725/750/800/825,24,20.50173965800861,133989.6001009289,3.1550034285941297,0.7940097286929564,1.344901395493951,0.27137383847764235,0.06909276367348852,0.7223987308531759,0.13625806988644673,,,,
S3,"S3 equilibrium-loop inlet (X4, H2/CO2 1.18)",P7 (all three reactions + n),4,625/675/725/850,24,20.497305875724233,81485.35847132179,3.3534041486775954,0.33163161081297354,2.0277537649540927,0.45291241307511354,0.09626038635692548,0.9580618446163313,0.15971809513010965,,,,
S3,"S3 equilibrium-loop inlet (X4, H2/CO2 1.18)",P7 (all three reactions + n),4,625/650/700/800,24,20.474662825353185,66101.8709872103,3.0377412785236317,0.3095446785891202,1.9777717737248572,0.6141350975068852,0.1601611912374606,0.7388590120267079,0.16577307297597724,,,,
S3,"S3 equilibrium-loop inlet (X4, H2/CO2 1.18)",P7 (all three reactions + n),4,625/675/725/800,24,20.473707035974,72067.47858992202,3.1553738938225586,0.34492429352394444,1.899947549074272,0.5173632281394743,0.1358814444257847,1.0524054966521583,0.2035495596702314,,,,
S3,"S3 equilibrium-loop inlet (X4, H2/CO2 1.18)",P7 (all three reactions + n),4,600/625/725/825,24,20.47355357016835,92606.45414643118,3.4115480526080963,0.24667085727160198,2.0636230037951697,0.540559502776583,0.12605404158879976,1.1730221562153578,0.19814111195519743,,,,
S3,"S3 equilibrium-loop inlet (X4, H2/CO2 1.18)",P7 (all three reactions + n),4,600/700/725/775,24,20.472903709112714,49689.989509244,3.330616833166491,0.2261297973008932,2.0342262380271325,0.5772763796741179,0.17478800208814746,0.7881762280525889,0.1987784284496238,,,,
S3,"S3 equilibrium-loop inlet (X4, H2/CO2 1.18)",P7 (all three reactions + n),4,725/750/775/825,24,20.466815904434103,109216.98172807645,3.1440739828875346,0.7979420636200261,1.4126090608652258,0.23396761812306416,0.06220931777030928,0.6729866272410775,0.13573509899117714,,,,
S3,"S3 equilibrium-loop inlet (X4, H2/CO2 1.18)",P7 (all three reactions + n),4,600/650/700/850,24,20.456075041462867,74480.239019306,3.2244510193040377,0.24759042775162324,2.099306772139319,0.571943643614205,0.11964521071081821,0.6795058869194669,0.14986294885440746,,,,
S3,"S3 equilibrium-loop inlet (X4, H2/CO2 1.18)",P7 (all three reactions + n),4,725/775/825/850,24,20.452223562925816,214515.22801881135,3.6827441039450615,0.7781799345641968,1.5849420097869775,0.24360284002582483,0.05802083014244103,0.7794086116519742,0.1436220299412024,,,,
S3,"S3 equilibrium-loop inlet (X4, H2/CO2 1.18)",P7 (all three reactions + n),4,600/675/725/850,24,20.441506820492812,78711.47733155516,3.283467064001784,0.2567731407512048,2.0153210477075905,0.45966725938734576,0.09774340277370133,1.0120159635552335,0.1713027247823623,,,,
S3,"S3 equilibrium-loop inlet (X4, H2/CO2 1.18)",P7 (all three reactions + n),4,650/675/700/850,24,20.428223574463786,61641.31150321549,2.945638109582278,0.39907379627444595,1.8974663826058897,0.46536541754417526,0.0974797849972653,0.6097551563621579,0.13963381065411334,,,,
S3,"S3 equilibrium-loop inlet (X4, H2/CO2 1.18)",P7 (all three reactions + n),4,600/675/725/800,24,20.40543819388544,70331.95926929604,3.1033651465735637,0.2636225414062868,1.9003324817587497,0.5283961489212358,0.13904515518168953,1.120488882044897,0.21720495603159876,,,,
S3,"S3 equilibrium-loop inlet (X4, H2/CO2 1.18)",P7 (all three reactions + n),4,625/650/775/850,24,20.4042884785158,110650.22114898593,3.177073709646979,0.42208184231487256,2.0808640587051386,0.2656740944438787,0.0645014962936684,1.2333841349626007,0.23099907902144307,,,,
S3,"S3 equilibrium-loop inlet (X4, H2/CO2 1.18)",P7 (all three reactions + n),4,675/725/775/800,24,20.389282303147432,84650.26227180382,2.7984757776474134,0.49053023096313103,1.6416642561735004,0.4074422504969427,0.11329587930077314,0.9519868767098856,0.19246422512944855,,,,
S3,"S3 equilibrium-loop inlet (X4, H2/CO2 1.18)",P7 (all three reactions + n),4,625/650/700/850,24,20.378050020867075,73941.95725675102,3.213467990132511,0.2977649214024197,2.089920996723529,0.5628104029170982,0.11777640811698543,0.6800209636537103,0.14822605969031857,,,,
S3,"S3 equilibrium-loop inlet (X4, H2/CO2 1.18)",P7 (all three reactions + n),4,600/775/800/825,24,20.33059285004021,139145.99126639016,2.7394532914387946,0.2718684821677018,1.7682678524421003,0.3414157084763349,0.08824568935369646,1.7282001049397333,0.31866805312684154,,,,
S3,"S3 equilibrium-loop inlet (X4, H2/CO2 1.18)",P7 (all three reactions + n),4,725/750/800/850,24,20.32422867752007,146412.3523872034,3.3816321993351552,0.9056466450838687,1.3654410187045247,0.22886143334166792,0.05608875282028755,0.6756446238708594,0.12949236893395547,,,,
S3,"S3 equilibrium-loop inlet (X4, H2/CO2 1.18)",P7 (all three reactions + n),4,600/650/775/850,24,20.304602279648694,111444.04916847363,3.180285422008464,0.31965285198603816,2.1029487186103215,0.266848390078138,0.06482298781181742,1.3826663154849,0.2611016582790958,,,,
S3,"S3 equilibrium-loop inlet (X4, H2/CO2 1.18)",P7 (all three reactions + n),4,625/700/750/775,24,20.301513930427234,73023.76382881391,3.6418975974833145,0.290591709812269,2.3667083011852443,0.5049091053793708,0.1605633789036647,0.7519840720136854,0.18576352028875417,,,,
S3,"S3 equilibrium-loop inlet (X4, H2/CO2 1.18)",P7 (all three reactions + n),4,650/700/725/775,24,20.271888611006602,35716.55273246569,2.7838368864832654,0.3671919095639572,1.8024468953756463,0.518462104508492,0.1579573771334651,0.7347823676640041,0.18802647989400303,,,,
S3,"S3 equilibrium-loop inlet (X4, H2/CO2 1.18)",P7 (all three reactions + n),4,650/675/725/850,24,20.256402696632744,59728.17462846047,2.843369743167619,0.3917304100067029,1.7812687217646963,0.4287617035637111,0.09153457620658825,0.9402807197625402,0.16147295047509347,,,,
S3,"S3 equilibrium-loop inlet (X4, H2/CO2 1.18)",P7 (all three reactions + n),4,600/650/775/825,24,20.256340869250387,110804.44224637489,3.075808109435785,0.2738721204353294,2.0184836554388244,0.3380738122053541,0.08657938645453778,1.5416616808567383,0.2907616584081368,,,,
S3,"S3 equilibrium-loop inlet (X4, H2/CO2 1.18)",P7 (all three reactions + n),4,600/625/775/825,24,20.24955458838235,140992.43293762737,3.487195325548631,0.28487271579086954,2.248996484597879,0.3449505629297484,0.0884083701228428,1.2702263347937202,0.2401708845591769,,,,
S3,"S3 equilibrium-loop inlet (X4, H2/CO2 1.18)",P7 (all three reactions + n),4,725/750/775/850,24,20.247491101561156,115987.08943305175,3.3462531011090326,0.9151724288216951,1.4274464804482527,0.19840566866692352,0.05055559987283975,0.6425654570957637,0.13242602651002747,,,,
S3,"S3 equilibrium-loop inlet (X4, H2/CO2 1.18)",P7 (all three reactions + n),4,625/725/750/775,24,20.244192489600344,44567.28686097493,2.8051518067612613,0.28441076347866745,1.7026235438336108,0.5069706954595955,0.1615510553494598,0.9118767735384362,0.20290412620071638,,,,
S3,"S3 equilibrium-loop inlet (X4, H2/CO2 1.18)",P7 (all three reactions + n),4,600/650/750/800,24,20.225406429559435,63126.661188894555,2.695909452137498,0.2746427902122398,1.8417448480863328,0.38224090352037954,0.1060398589958925,1.1416594680279992,0.2231033601805982,,,,
S3,"S3 equilibrium-loop inlet (X4, H2/CO2 1.18)",P7 (all three reactions + n),4,600/700/750/775,24,20.220491141848612,76015.10156316265,3.7313989774324887,0.23014443584865774,2.387369222726985,0.5098779423956129,0.16199861288500714,0.7628402796053859,0.1887798474475413,,,,
S3,"S3 equilibrium-loop inlet (X4, H2/CO2 1.18)",P7 (all three reactions + n),4,650/675/725/800,24,20.203856351431945,55123.44181225869,2.731043829764961,0.40278381468755753,1.707641968472018,0.4858839597884394,0.1282229251586705,1.0283562767220138,0.20120507638167903,,,,
S3,"S3 equilibrium-loop inlet (X4, H2/CO2 1.18)",P7 (all three reactions + n),4,600/650/725/850,24,20.199797057864885,65786.71509961327,2.9858846183588748,0.2679769697934756,1.863289668356003,0.4793567871135762,0.10221497093366158,1.152301933151311,0.19351815540841782,,,,
S3,"S3 equilibrium-loop inlet (X4, H2/CO2 1.18)",P7 (all three reactions + n),4,625/650/725/850,24,20.192297610477254,61974.268292157474,2.9095105303202895,0.34096578344080525,1.7980183871735955,0.48666826239683686,0.10342225342345654,1.1329056505451516,0.18687012536488526,,,,
S3,"S3 equilibrium-loop inlet (X4, H2/CO2 1.18)",P7 (all three reactions + n),4,600/625/700/800,24,20.177875433699796,101475.96305795682,3.787691764276234,0.24208062573704392,2.4043607904268574,0.6781692247927547,0.1756749729443886,0.7963787472087446,0.17376890141292176,,,,
S3,"S3 equilibrium-loop inlet (X4, H2/CO2 1.18)",P7 (all three reactions + n),4,625/650/750/800,24,20.15995376802714,63450.08747274354,2.693438862563163,0.36284083368288955,1.8560287904600743,0.3798375245630106,0.10538920519747702,1.1296942249180661,0.22075070879639355,,,,
S3,"S3 equilibrium-loop inlet (X4, H2/CO2 1.18)",P7 (all three reactions + n),4,600/625/775/850,24,20.15114830112975,140402.41354959007,3.587418116356932,0.3467884975586587,2.335370049993481,0.27061225875528305,0.06560638738133931,1.1661513820325338,0.2211900895645592,,,,
S3,"S3 equilibrium-loop inlet (X4, H2/CO2 1.18)",P7 (all three reactions + n),4,625/675/775/800,24,20.147000770753472,120007.51298283592,3.3455889094392335,0.41341665110631626,2.0505129924480388,0.5086618586793699,0.1410954436110294,1.1371175188943046,0.22299017608221483,,,,
S3,"S3 equilibrium-loop inlet (X4, H2/CO2 1.18)",P7 (all three reactions + n),4,600/725/750/775,24,20.097643875100516,44466.11104726305,2.7970636448959385,0.2299144687745165,1.7053200800616484,0.5100985664720796,0.1625349624469848,0.9250253973030272,0.2059689362540001,,,,
S3,"S3 equilibrium-loop inlet (X4, H2/CO2 1.18)",P7 (all three reactions + n),4,600/650/725/800,24,20.091917130267674,60725.55916970949,2.870384362888114,0.2741718066332985,1.7785698934805605,0.5610013087725496,0.14807438558742012,1.2827474925087676,0.24662584894507592,,,,
S3,"S3 equilibrium-loop inlet (X4, H2/CO2 1.18)",P7 (all three reactions + n),4,650/700/750/775,24,20.08970036411373,53547.94600265658,3.061283471007731,0.39520847261630215,2.113088086986876,0.48278131054734635,0.15429572367473793,0.714198562816172,0.17805751011667728,,,,
S3,"S3 equilibrium-loop inlet (X4, H2/CO2 1.18)",P7 (all three reactions + n),4,625/650/725/800,24,20.08508236522654,56617.916592941125,2.784963357092193,0.3555663227053032,1.7085788721895578,0.5653347360949955,0.14863996184843606,1.2574599761372103,0.24112324090726323,,,,
S3,"S3 equilibrium-loop inlet (X4, H2/CO2 1.18)",P7 (all three reactions + n),4,650/725/750/775,24,20.042966677559356,35813.43851679342,2.4711339844412303,0.3489006026155718,1.6016056878611347,0.48042273281951436,0.1535619449008566,0.8940544904799013,0.2001224834599345,,,,
S3,"S3 equilibrium-loop inlet (X4, H2/CO2 1.18)",P7 (all three reactions + n),4,725/775/800/825,24,20.02345901747359,197341.6781966749,3.548449502731309,0.8088000031012916,1.5003680777080806,0.30245953896302835,0.07806316422891896,0.8691967955736359,0.16465614899579736,,,,
S3,"S3 equilibrium-loop inlet (X4, H2/CO2 1.18)",P7 (all three reactions + n),4,625/675/825/850,24,20.012547320393146,180125.50129215122,3.524524664788286,0.3888656673823806,2.160586269754911,0.6071211495254134,0.1345073225314198,1.2071896983614565,0.18248948352170288,,,,
S3,"S3 equilibrium-loop inlet (X4, H2/CO2 1.18)",P7 (all three reactions + n),4,600/675/775/800,24,20.008895718462625,111910.41359275095,3.213719380198264,0.3022880279804141,2.0124155169580065,0.5145328927202001,0.14288462099615423,1.2496756862328309,0.24546021942303278,,,,
S3,"S3 equilibrium-loop inlet (X4, H2/CO2 1.18)",P7 (all three reactions + n),4,600/625/700/850,24,20.003827988287824,121492.5134199731,4.145913863408106,0.23816085183487784,2.6291093708634423,0.6184445947867988,0.12843232160003898,0.7380818533360896,0.15367077628274056,,,,
S3,"S3 equilibrium-loop inlet (X4, H2/CO2 1.18)",P7 (all three reactions + n),4,725/775/800/850,24,19.991256342691393,225299.65541418202,3.8702959485034882,0.928157340742336,1.557442891378311,0.23825661922002322,0.05949512981468491,0.7968776724089549,0.15265187215502715,,,,
S3,"S3 equilibrium-loop inlet (X4, H2/CO2 1.18)",P7 (all three reactions + n),4,600/625/750/800,24,19.9716136936275,85439.26833551316,3.1709059599550264,0.28717181007784326,2.0899715624205206,0.39287668111377444,0.10918840444419944,1.0616139372465492,0.20699016485776903,,,,
S3,"S3 equilibrium-loop inlet (X4, H2/CO2 1.18)",P7 (all three reactions + n),4,650/675/825/850,24,19.915471629923424,130260.75420099443,2.982230447762638,0.4155572024181644,1.8595877593738601,0.5711457016324953,0.1266442893885277,1.192688301475704,0.18534366594858245,,,,
S3,"S3 equilibrium-loop inlet (X4, H2/CO2 1.18)",P7 (all three reactions + n),4,600/625/725/850,24,19.907989283000493,86421.20371597163,3.457775651683543,0.2743564485402322,2.091471699488374,0.5111833909037399,0.10827351884549657,1.1296562654220808,0.18506381235019737,,,,
S3,"S3 equilibrium-loop inlet (X4, H2/CO2 1.18)",P7 (all three reactions + n),4,650/675/775/800,24,19.90671727140448,88779.36478500711,2.856694528644645,0.46133346387538676,1.7939380287313271,0.48314949229086357,0.13415016744843483,1.1307163485032357,0.22300836801210766,,,,
S3,"S3 equilibrium-loop inlet (X4, H2/CO2 1.18)",P7 (all three reactions + n),4,725/800/825/850,24,19.90228742324372,271402.6917117094,3.862296733893993,0.820349234269476,1.5696613966418604,0.33593088485035244,0.07827808662400894,0.9061955661578812,0.15732739070172122,,,,
S3,"S3 equilibrium-loop inlet (X4, H2/CO2 1.18)",P7 (all three reactions + n),4,600/625/725/800,24,19.83956190202413,76517.26603058672,3.256716689959311,0.28101527663207476,1.9595046707386379,0.6032777326401932,0.1582417439510834,1.2622923554678291,0.2393408886277721,,,,
S3,"S3 equilibrium-loop inlet (X4, H2/CO2 1.18)",P7 (all three reactions + n),4,600/675/825/850,24,19.83888234630134,158529.94089718256,3.286208720317002,0.28928412524571706,2.065023198061276,0.6222548007806027,0.13792695122488596,1.3538256746516044,0.20803937925509589,,,,
S3,"S3 equilibrium-loop inlet (X4, H2/CO2 1.18)",P7 (all three reactions + n),4,625/800/825/850,24,19.828833629668193,184845.17618423924,2.9562891059042915,0.39479054567209987,1.855938177919177,0.392670282985514,0.09154666399511446,1.9977621758821413,0.3312045192576056,,,,
S3,"S3 equilibrium-loop inlet (X4, H2/CO2 1.18)",P7 (all three reactions + n),4,600/675/700/775,24,19.508364567000456,71496.89273672087,4.228329416273484,0.2442750888240964,2.635616805307312,0.6237188961340101,0.18703206078648296,0.8603914788023762,0.2145683627934879,,,,
S3,"S3 equilibrium-loop inlet (X4, H2/CO2 1.18)",P7 (all three reactions + n),4,650/800/825/850,24,19.503340902348334,152316.75167163124,2.6611660098959415,0.4084417292411737,1.737055841080184,0.38176943908342464,0.0891305344191553,2.362051221795985,0.39238363834821893,,,,
S3,"S3 equilibrium-loop inlet (X4, H2/CO2 1.18)",P7 (all three reactions + n),4,625/675/700/775,24,19.486179355163753,70159.87091939016,4.187316227816148,0.30870850527304955,2.61800129698001,0.6187190457017434,0.1856249245031082,0.8396151369269005,0.20885394503262827,,,,
S3,"S3 equilibrium-loop inlet (X4, H2/CO2 1.18)",P7 (all three reactions + n),4,675/700/750/775,24,19.404020822805137,59662.20634742284,3.347203973453356,0.5279115114424134,2.0730860281329067,0.44895495233776045,0.14323893712444874,0.6792954915884335,0.16882540679842045,,,,
S3,"S3 equilibrium-loop inlet (X4, H2/CO2 1.18)",P7 (all three reactions + n),4,625/675/750/775,24,19.38103331324715,62016.385895084015,3.4175515258724025,0.33829990795028475,2.1666872878574166,0.5253052202570638,0.16691572397486248,0.9352117522507877,0.2063428403870067,,,,
S3,"S3 equilibrium-loop inlet (X4, H2/CO2 1.18)",P7 (all three reactions + n),4,600/650/700/775,24,19.33844937305174,50786.13592929207,3.5260640669541874,0.2498549788869779,2.283773921158167,0.7043524037998347,0.21297503312342095,0.8664635378564305,0.21580546730627187,,,,
S3,"S3 equilibrium-loop inlet (X4, H2/CO2 1.18)",P7 (all three reactions + n),4,650/675/700/775,24,19.318760422504052,42767.317006470046,3.2335122183750395,0.42993221358128947,2.112712239341889,0.5555505605278798,0.1682043734183461,0.7564579129103322,0.1921272348630964,,,,
S3,"S3 equilibrium-loop inlet (X4, H2/CO2 1.18)",P7 (all three reactions + n),4,675/725/750/775,24,19.312883261755026,41480.713138958665,2.711074992940967,0.4783431279279005,1.654183794877755,0.4612215619712997,0.14790246990806846,0.8319490897328702,0.18651882300981135,,,,
S3,"S3 equilibrium-loop inlet (X4, H2/CO2 1.18)",P7 (all three reactions + n),4,600/675/750/775,24,19.25995650679325,63056.6765321064,3.4481507194099397,0.25995357434345107,2.1749237920473825,0.5292477854652523,0.16806782697144512,0.9961585893250025,0.21942993175308273,,,,
S3,"S3 equilibrium-loop inlet (X4, H2/CO2 1.18)",P7 (all three reactions + n),4,675/700/725/775,24,19.24923402923681,43877.170971506544,3.1699875389014207,0.560286041264124,1.8807650731011563,0.5008228666907696,0.15306183800663886,0.7213779802614738,0.18494119463944925,,,,
S3,"S3 equilibrium-loop inlet (X4, H2/CO2 1.18)",P7 (all three reactions + n),4,625/650/700/775,24,19.215960509335535,51531.98603721259,3.5434512460015526,0.31810873978075166,2.3105702807408126,0.6879804890878174,0.2083852738681464,0.8823268157439307,0.21969252283491555,,,,
S3,"S3 equilibrium-loop inlet (X4, H2/CO2 1.18)",P7 (all three reactions + n),4,625/675/725/775,24,19.179614255451853,54216.86478397303,3.5507876714205264,0.338708577598913,2.140987155778913,0.6114043762709461,0.18620483188455544,1.1060451805990272,0.24280323172280624,,,,
S3,"S3 equilibrium-loop inlet (X4, H2/CO2 1.18)",P7 (all three reactions + n),4,650/675/750/775,24,19.166557661526916,44750.70749350009,2.869246340206523,0.42601915367827164,1.9020285198871818,0.49997425201350404,0.15967683120184017,0.913715384621216,0.20151476148300665,,,,
S3,"S3 equilibrium-loop inlet (X4, H2/CO2 1.18)",P7 (all three reactions + n),4,700/725/750/775,24,19.141020118525205,43719.587031827024,2.837269732345328,0.7569599182466538,1.6236269816504416,0.44465022189700026,0.14296620317384726,0.6331625589838871,0.15924200124383764,,,,
S3,"S3 equilibrium-loop inlet (X4, H2/CO2 1.18)",P7 (all three reactions + n),4,625/650/800/850,24,19.100259050480876,146065.48502315028,3.2095470183779966,0.49612578690717196,2.145583993851941,0.38191682533034776,0.08943793002861006,1.755437295222179,0.2957009591256469,,,,
S3,"S3 equilibrium-loop inlet (X4, H2/CO2 1.18)",P7 (all three reactions + n),4,600/675/725/775,24,19.067961865102834,54528.824644475775,3.549179786544824,0.26023724054846675,2.165330275029789,0.6225099629450608,0.1899529450641517,1.1823739443102415,0.25955903453462453,,,,
S3,"S3 equilibrium-loop inlet (X4, H2/CO2 1.18)",P7 (all three reactions + n),4,725/750/775/800,24,19.055428946242035,118904.9092352612,3.4076311581999272,1.0669109311359135,1.3729679540185864,0.3155836871567269,0.09051528885186041,0.7710989653872818,0.1595188123255069,,,,
S3,"S3 equilibrium-loop inlet (X4, H2/CO2 1.18)",P7 (all three reactions + n),4,650/675/725/775,24,18.93535426547328,40656.12530507632,3.038964860342918,0.40378629109272757,1.9151174366322774,0.5603769010725147,0.1717484616560072,1.0739909808084,0.23735427298963885,,,,
S3,"S3 equilibrium-loop inlet (X4, H2/CO2 1.18)",P7 (all three reactions + n),4,600/625/800/850,24,18.89720908991398,169418.6576115149,3.409301040112388,0.4064546660197144,2.3677792400520876,0.3950506672121342,0.0924166031788555,1.662548411965732,0.28464820254564915,,,,
S3,"S3 equilibrium-loop inlet (X4, H2/CO2 1.18)",P7 (all three reactions + n),4,600/800/825/850,24,18.84655205852431,173242.42515468466,2.805357371837854,0.3243830396109108,1.8650455226350466,0.3945238154433347,0.09204561872046353,2.825520591524526,0.4679764752698,,,,
S3,"S3 equilibrium-loop inlet (X4, H2/CO2 1.18)",P7 (all three reactions + n),4,600/650/675/825,24,18.814971839550118,96623.57977712777,3.52398297098615,0.29456416566606164,2.237004306894172,0.7591718091029358,0.1768897898210606,1.4155503984529798,0.22926109562301367,,,,
S3,"S3 equilibrium-loop inlet (X4, H2/CO2 1.18)",P7 (all three reactions + n),4,600/650/800/850,24,18.805451594980767,137726.14255429397,3.0804449508407856,0.3543707075828435,2.14962362183651,0.3828312752969915,0.08969326199988582,2.269850855849044,0.38610924640146593,,,,
S3,"S3 equilibrium-loop inlet (X4, H2/CO2 1.18)",P7 (all three reactions + n),4,625/650/800/825,24,18.797448285935726,126723.0387305622,2.9355403698133284,0.41024303371088056,1.9435324280674648,0.6066887130506993,0.14878066440593063,2.0500064344015447,0.3513503018904847,,,,
S3,"S3 equilibrium-loop inlet (X4, H2/CO2 1.18)",P7 (all three reactions + n),4,625/650/725/775,24,18.789898608511812,40525.417568879464,3.0619968711964773,0.35154167449833945,1.8773362721915319,0.6752209569147918,0.2063006284193178,1.3257855976643735,0.28945423486181177,,,,
S3,"S3 equilibrium-loop inlet (X4, H2/CO2 1.18)",P7 (all three reactions + n),4,625/650/675/825,24,18.775560569437534,93103.05815498247,3.47601443968644,0.3996656546644069,2.181148727346939,0.7422167171314402,0.17260899238334657,1.3408919959858525,0.2125706656559756,,,,
S3,"S3 equilibrium-loop inlet (X4, H2/CO2 1.18)",P7 (all three reactions + n),4,600/650/725/775,24,18.747448384497982,45011.16026953432,3.2194440198067547,0.26976231289172076,1.979757553298652,0.672225980723686,0.2061211002505255,1.3531223342048844,0.29488423203499065,,,,
S3,"S3 equilibrium-loop inlet (X4, H2/CO2 1.18)",P7 (all three reactions + n),4,600/625/700/775,24,18.69583467080508,99449.13363610867,4.963056276223455,0.2433284108087512,3.130427134993145,0.811729810836069,0.2429315505436658,1.0268428696229785,0.24899974837669647,,,,
S3,"S3 equilibrium-loop inlet (X4, H2/CO2 1.18)",P7 (all three reactions + n),4,625/650/775/800,24,18.67472755445471,96544.96901074816,2.9811832561205787,0.477646868190022,1.9132994414974418,0.5542396019574686,0.15355635019108527,1.7571412114868554,0.3433849402272014,,,,
S3,"S3 equilibrium-loop inlet (X4, H2/CO2 1.18)",P7 (all three reactions + n),4,600/625/800/825,24,18.6026021487013,152278.37585847496,3.196947960626617,0.3140735834185042,2.135021750180276,0.6670461569121683,0.16368402781250885,1.8987461415705278,0.3298912862514468,,,,
S3,"S3 equilibrium-loop inlet (X4, H2/CO2 1.18)",P7 (all three reactions + n),4,600/650/750/775,24,18.578803454953526,50670.208830303985,3.023913022433377,0.2777542997033174,2.0474964703908185,0.5964981046896537,0.18986743565135902,1.2214911882852817,0.26623191861220197,,,,
S3,"S3 equilibrium-loop inlet (X4, H2/CO2 1.18)",P7 (all three reactions + n),4,600/625/775/800,24,18.543236898638234,119170.29937979799,3.315897893203937,0.3500250560650829,2.1314804135660315,0.597562954779325,0.16593296802699378,1.5711869902735323,0.30745149510882475,,,,
S3,"S3 equilibrium-loop inlet (X4, H2/CO2 1.18)",P7 (all three reactions + n),4,750/775/825/850,24,18.520666346248397,590372.72400375,6.149864015563173,1.4073195212018421,1.7799371339338463,0.20393481806776734,0.05029520226725838,1.011205586289779,0.19364903144844947,,,,
S3,"S3 equilibrium-loop inlet (X4, H2/CO2 1.18)",P7 (all three reactions + n),4,600/650/775/800,24,18.49662952419986,99989.11090283752,3.017967261406229,0.33318804344018704,1.944334658927402,0.5589827666827456,0.1549897894332368,2.00294629619231,0.39216961817622126,,,,
S3,"S3 equilibrium-loop inlet (X4, H2/CO2 1.18)",P7 (all three reactions + n),4,625/650/750/775,24,18.453324215262914,53799.11305535984,3.0840152580416365,0.3876120015925684,2.1343760910450786,0.5899997893121396,0.18843751251619445,1.2421964474413982,0.27160784056677034,,,,
S3,"S3 equilibrium-loop inlet (X4, H2/CO2 1.18)",P7 (all three reactions + n),4,600/650/675/800,24,18.432790864861964,79586.50590106657,3.363964610674503,0.33696111223349096,2.1328577200992203,0.7845332301815026,0.20637774677287926,1.4709460437721797,0.27521604781964976,,,,
S3,"S3 equilibrium-loop inlet (X4, H2/CO2 1.18)",P7 (all three reactions + n),4,600/625/675/825,24,18.393774494570476,138269.48838992818,4.243910523761793,0.30919981126877877,2.6598252338062536,0.8560062298671669,0.1991484563047904,1.4492778849970454,0.2297755661730908,,,,
S3,"S3 equilibrium-loop inlet (X4, H2/CO2 1.18)",P7 (all three reactions + n),4,600/625/725/775,24,18.382800358268256,63322.24518856445,3.8493580701609402,0.2752962626610273,2.299347947915909,0.7589373901150707,0.23095542419114234,1.360018648362366,0.29353929421694425,,,,
S3,"S3 equilibrium-loop inlet (X4, H2/CO2 1.18)",P7 (all three reactions + n),4,600/650/800/825,24,18.282936718119505,126365.095718026,2.9258162589131165,0.30106096748756433,1.9709083545000927,0.610469160416941,0.1497748120623435,2.7005496718379445,0.46826177059839674,,,,
S3,"S3 equilibrium-loop inlet (X4, H2/CO2 1.18)",P7 (all three reactions + n),4,625/650/675/800,24,18.216797424363712,78970.3365714298,3.364711350998621,0.5027068609733315,2.101551058842102,0.772598075064511,0.20270180979673397,1.4451676708389007,0.26955206752366945,,,,
S3,"S3 equilibrium-loop inlet (X4, H2/CO2 1.18)",P7 (all three reactions + n),4,600/625/750/775,24,18.122453833185645,80475.94207477369,3.8520550780663356,0.2958745698328262,2.5164409179789105,0.6379440149125306,0.2035595215217897,1.1893471484132305,0.2598081649081898,,,,
S3,"S3 equilibrium-loop inlet (X4, H2/CO2 1.18)",P7 (all three reactions + n),4,750/800/825/850,24,18.09828861178474,650315.8073116523,6.021220531450892,1.393799651114047,1.6858183689110142,0.24061413774818904,0.05798603213328627,1.1340126252708267,0.20373200691622956,,,,
S3,"S3 equilibrium-loop inlet (X4, H2/CO2 1.18)",P7 (all three reactions + n),4,600/625/675/800,24,18.03837849281863,107843.43240080593,3.9449533521385742,0.35634372876230996,2.4716113756348252,0.895846416960216,0.23517780703058608,1.5225387729922784,0.28208316885839574,,,,
S3,"S3 equilibrium-loop inlet (X4, H2/CO2 1.18)",P7 (all three reactions + n),4,625/700/725/750,24,18.004839298610868,24741.322043839064,3.3944567286485983,0.2863680131164539,2.0793197262242114,0.8374741088909151,0.3222382525417267,1.010487477826312,0.30538198041029624,,,,
S3,"S3 equilibrium-loop inlet (X4, H2/CO2 1.18)",P7 (all three reactions + n),4,600/650/675/850,24,17.983925887453083,92335.66985736025,3.616296282022446,0.33658103492054403,2.30096223495665,0.7625213645990719,0.16043824006175605,1.4283536387567168,0.21856622968477643,,,,
S3,"S3 equilibrium-loop inlet (X4, H2/CO2 1.18)",P7 (all three reactions + n),4,600/700/725/750,24,17.949430612951385,25000.692396551032,3.4142352158200406,0.2293539488615704,2.0787306167080084,0.8549370296223884,0.3285550237411704,1.0163817968678446,0.30674607742866355,,,,
S3,"S3 equilibrium-loop inlet (X4, H2/CO2 1.18)",P7 (all three reactions + n),4,750/775/800/825,24,17.938135609344748,585416.0445712367,6.137904950940946,1.5340804317593941,1.6463880154125452,0.25032799867370825,0.06645833037706354,1.1036781237459612,0.2137055205300339,,,,
S3,"S3 equilibrium-loop inlet (X4, H2/CO2 1.18)",P7 (all three reactions + n),4,750/775/800/850,24,17.854082065519364,708782.7764147444,6.876268879738371,1.7410483263073875,1.7442241148600621,0.20603109942262623,0.05305791587938469,1.0696043206601455,0.20754594847382535,,,,
S3,"S3 equilibrium-loop inlet (X4, H2/CO2 1.18)",P7 (all three reactions + n),4,650/700/725/750,24,17.808574918192594,17999.46642360947,2.8563666006507367,0.38616929200569367,1.8669538801996541,0.7264246325717568,0.28124223463020614,0.9004629019958105,0.2775813713638504,,,,
S3,"S3 equilibrium-loop inlet (X4, H2/CO2 1.18)",P7 (all three reactions + n),4,625/650/825/850,24,17.801695619087567,155518.45184925036,3.2617592803796867,0.46781235085808764,2.10156056450098,0.7419894526242088,0.1636265334366023,2.235929462970686,0.34511965595662514,,,,
S3,"S3 equilibrium-loop inlet (X4, H2/CO2 1.18)",P7 (all three reactions + n),4,625/650/675/850,24,17.73516125382715,94336.28882054935,3.6667816576512497,0.5034127280111013,2.297461743562592,0.7548407840658516,0.15858885956011803,1.4209562268512168,0.21063131706052407,,,,
S3,"S3 equilibrium-loop inlet (X4, H2/CO2 1.18)",P7 (all three reactions + n),4,600/650/675/775,24,17.553779097510574,55279.824142795005,3.7614473926300884,0.3198249789703308,2.371974153834942,0.7932243086791594,0.24102657395283908,1.4418816676398214,0.3083229471324937,,,,
S3,"S3 equilibrium-loop inlet (X4, H2/CO2 1.18)",P7 (all three reactions + n),4,600/625/825/850,24,17.544985326717452,182814.16605935103,3.4989155294254486,0.34725582742535577,2.3312904310666,0.8637655575895073,0.1905905161339036,2.070057002306652,0.3288915632911189,,,,
S3,"S3 equilibrium-loop inlet (X4, H2/CO2 1.18)",P7 (all three reactions + n),4,600/625/675/850,24,17.498157903717846,133259.3387068193,4.374274167586863,0.36076089325647204,2.7484985078576676,0.8673636405122189,0.18219467100665174,1.4911965070078683,0.22115057868139745,,,,
S3,"S3 equilibrium-loop inlet (X4, H2/CO2 1.18)",P7 (all three reactions + n),4,625/650/675/775,24,17.429186659041147,50757.79103512338,3.615215358362278,0.4635634745169357,2.2678294930661047,0.7822281602776597,0.2369119417282655,1.4007063612930712,0.30002517017508157,,,,
S3,"S3 equilibrium-loop inlet (X4, H2/CO2 1.18)",P7 (all three reactions + n),4,600/650/825/850,24,17.40541917760046,150812.84050128778,3.192810268915669,0.3268757544415015,2.1129559973062757,0.7494264449116157,0.16538334460492507,2.8226437086988363,0.4465834568732871,,,,
S3,"S3 equilibrium-loop inlet (X4, H2/CO2 1.18)",P7 (all three reactions + n),4,625/675/725/750,24,17.19511121874676,21810.45289043878,3.3075225144408034,0.31091091027584516,2.0188994774145512,0.8046351137189044,0.3070565964331458,1.1052210686816002,0.30269302383462054,,,,
S3,"S3 equilibrium-loop inlet (X4, H2/CO2 1.18)",P7 (all three reactions + n),4,600/675/700/750,24,17.15085515130479,38060.040969754715,4.918747080821512,0.25137435361462085,3.0759339453194285,0.7601396172726151,0.28953823941525164,1.1027902249217323,0.3272289505608626,,,,
S3,"S3 equilibrium-loop inlet (X4, H2/CO2 1.18)",P7 (all three reactions + n),4,600/675/725/750,24,17.127593980341523,21941.26679915673,3.3165715914960745,0.24618222809786933,2.0227392638999793,0.818778388278571,0.31234784637876867,1.1382552238168138,0.31026991029541595,,,,
S3,"S3 equilibrium-loop inlet (X4, H2/CO2 1.18)",P7 (all three reactions + n),4,625/675/700/750,24,17.124976710314314,37603.11922486017,4.877170848547286,0.3274755223613798,3.0819467950037085,0.7521825388196496,0.28640217405381135,1.0863726531607407,0.3220747111059809,,,,
S3,"S3 equilibrium-loop inlet (X4, H2/CO2 1.18)",P7 (all three reactions + n),4,600/650/700/750,24,17.12230893201805,24451.666807921283,3.905344082919027,0.2564659702926245,2.537713247567929,0.8288010039100363,0.31560328916124336,1.067660389962649,0.31836704511023856,,,,
S3,"S3 equilibrium-loop inlet (X4, H2/CO2 1.18)",P7 (all three reactions + n),4,650/675/700/750,24,17.039717862142883,21816.238713484538,3.6639956399362172,0.46743401610346474,2.444138011404965,0.6418020123371628,0.2465661771581238,0.909910532440845,0.278591597207736,,,,
S3,"S3 equilibrium-loop inlet (X4, H2/CO2 1.18)",P7 (all three reactions + n),4,600/625/675/775,24,17.019871062893845,89248.16837769265,4.805879282123576,0.3320692581375925,2.987081374784258,0.9158480455918985,0.2768942841577935,1.4926663328149887,0.31852277044577065,,,,
S3,"S3 equilibrium-loop inlet (X4, H2/CO2 1.18)",P7 (all three reactions + n),4,650/675/725/750,24,16.982311112464306,16610.727960420998,2.8573557989853784,0.40384931617856457,1.8391865965394918,0.7091443384109175,0.2724543106526199,1.010485796282931,0.27800486600547564,,,,
S3,"S3 equilibrium-loop inlet (X4, H2/CO2 1.18)",P7 (all three reactions + n),4,675/700/725/750,24,16.954027469128906,19866.36616742311,3.0727131252103184,0.5612692532326272,1.8783533388120612,0.6644843306304001,0.25898401083803135,0.8650493834191734,0.26921254365878833,,,,
S3,"S3 equilibrium-loop inlet (X4, H2/CO2 1.18)",P7 (all three reactions + n),4,625/650/700/750,24,16.904148254157587,27193.982157362814,4.096399189944922,0.3465654436144128,2.7068529571674413,0.807654517765963,0.3085044912841111,1.1166649930275363,0.3322796386398329,,,,
S3,"S3 equilibrium-loop inlet (X4, H2/CO2 1.18)",P7 (all three reactions + n),4,600/650/725/750,24,16.78100476675228,18306.92042367989,3.0037975948881432,0.25251957401965386,1.8583048571636813,0.9776460387563781,0.37275298712613936,1.2701221269474383,0.3371840790236036,,,,
S3,"S3 equilibrium-loop inlet (X4, H2/CO2 1.18)",P7 (all three reactions + n),4,625/650/725/750,24,16.768654561763086,17664.586031407005,2.9414116085021,0.32086631702519547,1.831074962051729,0.9513933362420036,0.3631063053578818,1.271161242448713,0.33878114905969603,,,,
S3,"S3 equilibrium-loop inlet (X4, H2/CO2 1.18)",P7 (all three reactions + n),4,775/800/825/850,24,16.416185602214654,1251003.6599891896,8.012507176607341,2.0029704285905465,1.6291345807892141,0.2529577583324552,0.061675629351179824,1.5292989538285604,0.2748258015440421,,,,
S3,"S3 equilibrium-loop inlet (X4, H2/CO2 1.18)",P7 (all three reactions + n),4,600/650/675/750,24,16.18363899536177,18198.96867747247,3.5170522330447485,0.2869409464133808,2.2486102754181534,0.7998474191560926,0.30149487872030284,1.1928409603330405,0.3134491192719027,,,,
S3,"S3 equilibrium-loop inlet (X4, H2/CO2 1.18)",P7 (all three reactions + n),4,600/625/725/750,24,16.1152785657928,29669.78084979939,3.8065139124746885,0.25365626346306847,2.277384451595719,1.2487445535616628,0.47367673181524467,1.546579812512083,0.4079637532784944,,,,
S3,"S3 equilibrium-loop inlet (X4, H2/CO2 1.18)",P7 (all three reactions + n),4,600/625/700/750,24,16.055179942438514,70661.9338506745,6.675836718331767,0.2666550087355839,4.222117983693258,1.0780639598633965,0.40660960674013197,1.5246492212586136,0.4348873056168017,,,,
S3,"S3 equilibrium-loop inlet (X4, H2/CO2 1.18)",P7 (all three reactions + n),4,625/650/675/750,24,15.962586118809057,18821.346830026036,3.5571458373963236,0.401878380787801,2.2982962332140624,0.7893390315421314,0.29753317572692994,1.209320026977302,0.3188173293872007,,,,
S3,"S3 equilibrium-loop inlet (X4, H2/CO2 1.18)",P7 (all three reactions + n),4,600/625/650/825,24,15.942568780816849,116337.36232097849,3.7987116769098717,0.33769611739080035,2.566671627817249,1.3722129714715203,0.3170878702485742,2.524473093727621,0.4142059616925503,,,,
S3,"S3 equilibrium-loop inlet (X4, H2/CO2 1.18)",P7 (all three reactions + n),4,600/625/650/800,24,15.510373567638197,98486.90832891618,3.658225613588354,0.4043939097563099,2.517545207316872,1.3721185320456324,0.3585479492065683,2.5075074636634045,0.45686401075409366,,,,
S3,"S3 equilibrium-loop inlet (X4, H2/CO2 1.18)",P7 (all three reactions + n),4,600/625/675/750,24,15.377392939209951,39331.03866203836,5.1751555286306195,0.2998569976347738,3.236456136097154,0.9631055691914601,0.360488266538163,1.413155734739709,0.3724497778913554,,,,
S3,"S3 equilibrium-loop inlet (X4, H2/CO2 1.18)",P7 (all three reactions + n),4,600/625/650/775,24,15.112270216836064,66375.27501892459,4.037901913824977,0.3617001285626216,2.6584100732711042,1.3634716978658863,0.41330965819273885,2.317857579350879,0.492777616941839,,,,
S3,"S3 equilibrium-loop inlet (X4, H2/CO2 1.18)",P7 (all three reactions + n),4,600/625/650/850,24,14.664745534871207,129162.72511800476,4.156287347580715,0.4362268584002162,2.905417628325476,1.380934896289025,0.2881336467966096,2.574774853620694,0.38520932850883016,,,,
S3,"S3 equilibrium-loop inlet (X4, H2/CO2 1.18)",P7 (all three reactions + n),4,600/625/650/750,24,14.296909634613963,27376.776271243205,4.188737236536385,0.30953943937009254,2.764755237957911,1.2687969707177418,0.4748665118844571,1.7947072938839077,0.45267733839066415,,,,
S3,"S3 equilibrium-loop inlet (X4, H2/CO2 1.18)",P7 (all three reactions + n),4,625/675/700/725,24,14.00750707176757,11335.800926515463,4.039755243621244,0.395846488964492,2.491261523087909,0.810232886332706,0.4261345830658781,1.2747932104676634,0.563685275942455,,,,
S3,"S3 equilibrium-loop inlet (X4, H2/CO2 1.18)",P7 (all three reactions + n),4,600/675/700/725,24,13.80674537821817,11452.565272842992,4.057626031646094,0.29156565882276525,2.496728449459004,0.8248454231249135,0.43519237249686504,1.3787962100790354,0.6176770099929458,,,,
S3,"S3 equilibrium-loop inlet (X4, H2/CO2 1.18)",P7 (all three reactions + n),4,625/650/700/725,24,13.727628595391325,7313.092211352191,3.238028377067661,0.43838091262258033,2.081992159371993,0.9383195387716482,0.47223989059587523,1.4231539546713114,0.607671930291318,,,,
S3,"S3 equilibrium-loop inlet (X4, H2/CO2 1.18)",P7 (all three reactions + n),4,600/650/700/725,24,13.617401085428753,7556.509455307426,3.3254251685946543,0.31228839366022304,2.0642690942370616,0.9639672846792475,0.4811373893913825,1.4929348816238146,0.6605836303666393,,,,
S3,"S3 equilibrium-loop inlet (X4, H2/CO2 1.18)",P7 (all three reactions + n),4,650/675/700/725,24,13.602650235799498,8433.037707288375,3.418311554513334,0.4973138783290064,2.234187485408189,0.7305096495296862,0.3962710984322008,1.2501676829746176,0.5726006884959802,,,,
S3,"S3 equilibrium-loop inlet (X4, H2/CO2 1.18)",P7 (all three reactions + n),4,600/625/700/725,24,13.123231486316968,13595.347745863903,4.477242799376652,0.30253089160096036,2.7487894543228406,1.1955703482555822,0.60861643944306,1.597073626047519,0.678940876860067,,,,
S3,"S3 equilibrium-loop inlet (X4, H2/CO2 1.18)",P7 (all three reactions + n),4,625/650/675/725,24,12.434386394475116,7218.927644104223,3.5052305243017283,0.4537766179059084,2.2176565771132193,0.83459641120095,0.41533234047924833,1.3561958956269393,0.5779651947538574,,,,
S3,"S3 equilibrium-loop inlet (X4, H2/CO2 1.18)",P7 (all three reactions + n),4,600/650/675/725,24,12.395245594240686,8008.963986402109,3.6866884156921467,0.3230790553093551,2.307658263893764,0.8530387633398071,0.4274787347405571,1.4504914039357149,0.6234774017950383,,,,
S3,"S3 equilibrium-loop inlet (X4, H2/CO2 1.18)",P7 (all three reactions + n),4,600/625/675/725,24,11.912278752915235,13910.243939417056,4.890711250019005,0.32446687268664154,3.023978572066325,1.0026727863375544,0.496566560272306,1.4979520676608016,0.611874833242764,,,,
S3,"S3 equilibrium-loop inlet (X4, H2/CO2 1.18)",P7 (all three reactions + n),4,600/625/650/725,24,11.317584121147217,7759.597008500803,3.6960465604048833,0.33429141121454503,2.306733433259688,1.2720832560330353,0.5993294584374501,1.7395683413223118,0.6661046230046335,,,,
S3,"S3 equilibrium-loop inlet (X4, H2/CO2 1.18)",P7 (all three reactions + n),4,625/650/675/700,24,10.317798910732249,3057.9842035487673,4.199980130771054,0.5979207610784543,2.6406726628774493,0.9366023986039763,0.7139375568396156,1.536315335355921,0.731892231421003,,,,
S3,"S3 equilibrium-loop inlet (X4, H2/CO2 1.18)",P7 (all three reactions + n),4,600/650/675/700,24,10.109735402975453,3868.1601379082267,4.764343402477753,0.42461425833404315,2.919305042581951,0.9581967316786787,0.7174761046293441,1.7103849133271152,0.8522801098384655,,,,
S3,"S3 equilibrium-loop inlet (X4, H2/CO2 1.18)",P7 (all three reactions + n),4,600/625/650/700,24,9.597570762688683,3576.9163239629283,4.806828630797665,0.3939375796923533,3.0661768900206727,1.2452191120268197,0.8413852368205861,1.9955075400051072,0.9062004615507177,,,,
S3,"S3 equilibrium-loop inlet (X4, H2/CO2 1.18)",P7 (all three reactions + n),4,600/625/675/700,24,9.220621227502956,11442.854212126727,8.417497148726598,0.38425191622991123,5.1829359700403606,1.1815767214453043,0.8901360291979027,1.7382121526818675,0.8841576528891127,,,,
S3,"S3 equilibrium-loop inlet (X4, H2/CO2 1.18)",P7 (all three reactions + n),4,600/625/650/675,24,3.722055574707498,3647.127594171637,5.232645638942836,0.5482080617393957,3.3963792128474424,1.281054324920177,1.852781873729226,2.048046603694793,2.164677328707387,,,,
S3,"S3 kinetic-loop inlet (X4, H2/CO2 0.42)","P3 (k_meth, Ea_meth, n)",2,750/850,12,-14.05468821313625,91210.27527476277,188.03721108899174,3.204277286157853,117.39869149952587,,,,,,,,
S3,"S3 kinetic-loop inlet (X4, H2/CO2 0.42)","P3 (k_meth, Ea_meth, n)",2,725/850,12,-14.17810955303747,77769.30383461171,188.5982501184097,3.02888501901292,117.79586593578529,,,,,,,,
S3,"S3 kinetic-loop inlet (X4, H2/CO2 0.42)","P3 (k_meth, Ea_meth, n)",2,775/850,12,-14.684190633422746,96710.21959121311,186.74883141763786,4.423876302990973,116.30023471073986,,,,,,,,
S3,"S3 kinetic-loop inlet (X4, H2/CO2 0.42)","P3 (k_meth, Ea_meth, n)",2,700/850,12,-14.777362172009456,72012.21700887765,189.5256987621002,3.6686531853368414,118.24767722432787,,,,,,,,
S3,"S3 kinetic-loop inlet (X4, H2/CO2 0.42)","P3 (k_meth, Ea_meth, n)",2,675/850,12,-14.979004483782806,71195.47519568141,190.2160532085232,3.9284704254567013,118.63082454208538,,,,,,,,
S3,"S3 kinetic-loop inlet (X4, H2/CO2 0.42)","P3 (k_meth, Ea_meth, n)",2,650/850,12,-14.988889133526607,71013.60774762619,190.49917163620447,3.8967078573710308,118.81835137930635,,,,,,,,
S3,"S3 kinetic-loop inlet (X4, H2/CO2 0.42)","P3 (k_meth, Ea_meth, n)",2,625/850,12,-15.47367467807932,71153.14793504358,191.03673811342873,4.886491898633855,118.881186641958,,,,,,,,
S3,"S3 kinetic-loop inlet (X4, H2/CO2 0.42)","P3 (k_meth, Ea_meth, n)",2,800/850,12,-15.70388959936855,99885.99924395846,188.05680093414958,7.158646031608438,116.01570543214225,,,,,,,,
S3,"S3 kinetic-loop inlet (X4, H2/CO2 0.42)","P3 (k_meth, Ea_meth, n)",2,600/850,12,-16.437063720341186,71909.910250789,192.91679140713842,7.83578213558341,118.89727443482307,,,,,,,,
S3,"S3 kinetic-loop inlet (X4, H2/CO2 0.42)","P3 (k_meth, Ea_meth, n)",2,750/825,12,-17.089154913877877,330293.9104732592,472.4177252053773,4.938274324851553,295.55552870708493,,,,,,,,
S3,"S3 kinetic-loop inlet (X4, H2/CO2 0.42)","P3 (k_meth, Ea_meth, n)",2,725/825,12,-17.120632455013027,251948.97082109924,482.7182363709803,4.157330511290571,302.0708415294807,,,,,,,,
S3,"S3 kinetic-loop inlet (X4, H2/CO2 0.42)","P3 (k_meth, Ea_meth, n)",2,825/850,12,-17.342160221725063,96489.24498644708,191.42982352213266,16.076853908881866,111.55365443147575,,,,,,,,
S3,"S3 kinetic-loop inlet (X4, H2/CO2 0.42)","P3 (k_meth, Ea_meth, n)",2,700/825,12,-17.682235305761566,219677.78002750457,495.3563709223013,4.528595123594889,309.9440297407477,,,,,,,,
S3,"S3 kinetic-loop inlet (X4, H2/CO2 0.42)","P3 (k_meth, Ea_meth, n)",2,650/825,12,-17.854906268971547,222124.6443390954,512.4729390815369,4.435243915978714,320.68091547884563,,,,,,,,
S3,"S3 kinetic-loop inlet (X4, H2/CO2 0.42)","P3 (k_meth, Ea_meth, n)",2,775/825,12,-17.858928756947634,334021.36925573385,446.8040110397415,7.663570898820634,279.2370165214297,,,,,,,,
S3,"S3 kinetic-loop inlet (X4, H2/CO2 0.42)","P3 (k_meth, Ea_meth, n)",2,675/825,12,-17.866527350943066,220131.402165034,506.6850054549157,4.608581791344244,317.0479492265629,,,,,,,,
S3,"S3 kinetic-loop inlet (X4, H2/CO2 0.42)","P3 (k_meth, Ea_meth, n)",2,725/800,12,-18.1729980396869,599008.3743927814,721.9149278018753,5.083846521703283,451.9097485409208,,,,,,,,
S3,"S3 kinetic-loop inlet (X4, H2/CO2 0.42)","P3 (k_meth, Ea_meth, n)",2,625/825,12,-18.31494432211801,223023.2442233244,514.6248324749248,5.40041132262623,321.9224818742019,,,,,,,,
S3,"S3 kinetic-loop inlet (X4, H2/CO2 0.42)","P3 (k_meth, Ea_meth, n)",2,750/800,12,-18.32540999303741,734162.7674201514,688.4642845389708,6.652920985724274,430.925509731505,,,,,,,,
S3,"S3 kinetic-loop inlet (X4, H2/CO2 0.42)","P3 (k_meth, Ea_meth, n)",2,700/800,12,-18.673245559946174,563918.0027780076,766.2758715038433,5.341466515144971,479.63306876562325,,,,,,,,
S3,"S3 kinetic-loop inlet (X4, H2/CO2 0.42)","P3 (k_meth, Ea_meth, n)",2,650/800,12,-18.8115174211342,633587.9114277158,834.8839730375734,4.956210952523176,522.5987417698996,,,,,,,,
S3,"S3 kinetic-loop inlet (X4, H2/CO2 0.42)","P3 (k_meth, Ea_meth, n)",2,675/800,12,-18.842811091152154,605169.1086543701,810.4427073079861,5.273131747637359,507.30285193430797,,,,,,,,
S3,"S3 kinetic-loop inlet (X4, H2/CO2 0.42)","P3 (k_meth, Ea_meth, n)",2,725/775,12,-18.849414002994216,613768.8095466046,750.5125221557978,7.191830942300584,469.66696345645414,,,,,,,,
S3,"S3 kinetic-loop inlet (X4, H2/CO2 0.42)","P3 (k_meth, Ea_meth, n)",2,650/775,12,-19.068821440399223,653053.8408806173,879.643940275855,5.730436519615542,550.62631322945,,,,,,,,
S3,"S3 kinetic-loop inlet (X4, H2/CO2 0.42)","P3 (k_meth, Ea_meth, n)",2,700/775,12,-19.124160914676636,575213.9985973955,800.5574733941,6.813954939497646,501.02471457684277,,,,,,,,
S3,"S3 kinetic-loop inlet (X4, H2/CO2 0.42)","P3 (k_meth, Ea_meth, n)",2,675/775,12,-19.175468476839807,621108.8668597777,851.2360936655413,6.337605317830513,532.8202055527432,,,,,,,,
S3,"S3 kinetic-loop inlet (X4, H2/CO2 0.42)","P3 (k_meth, Ea_meth, n)",2,625/800,12,-19.243275492669124,644044.0892171814,843.6847079270912,5.950036569485964,528.024471978999,,,,,,,,
S3,"S3 kinetic-loop inlet (X4, H2/CO2 0.42)","P3 (k_meth, Ea_meth, n)",2,600/825,12,-19.25525901496789,223799.73984051694,515.7797517465424,8.479280501640442,322.2424758462989,,,,,,,,
S3,"S3 kinetic-loop inlet (X4, H2/CO2 0.42)","P3 (k_meth, Ea_meth, n)",2,800/825,12,-19.430603859050752,341812.85745990113,444.5070107925638,16.32861828947662,275.36355844920104,,,,,,,,
S3,"S3 kinetic-loop inlet (X4, H2/CO2 0.42)","P3 (k_meth, Ea_meth, n)",2,625/775,12,-19.44650580891415,664405.7919279283,889.8961336769548,6.708131300502935,556.9837518189695,,,,,,,,
S3,"S3 kinetic-loop inlet (X4, H2/CO2 0.42)","P3 (k_meth, Ea_meth, n)",2,775/800,12,-19.555737698531786,658115.7159358438,615.277790344275,13.766181643324883,384.5524938323896,,,,,,,,
S3,"S3 kinetic-loop inlet (X4, H2/CO2 0.42)","P3 (k_meth, Ea_meth, n)",2,750/775,12,-19.570252649346543,757903.79517363,713.7841784892065,12.407132627616027,446.23915003989526,,,,,,,,
S3,"S3 kinetic-loop inlet (X4, H2/CO2 0.42)","P3 (k_meth, Ea_meth, n)",2,650/750,12,-19.983027976244212,876986.8390488646,1152.488082187028,6.930098660326853,721.4700235381919,,,,,,,,
S3,"S3 kinetic-loop inlet (X4, H2/CO2 0.42)","P3 (k_meth, Ea_meth, n)",2,600/800,12,-20.15547846767515,647796.3063480884,846.3191061518254,9.234115769566394,529.4400474082937,,,,,,,,
S3,"S3 kinetic-loop inlet (X4, H2/CO2 0.42)","P3 (k_meth, Ea_meth, n)",2,675/750,12,-20.17413276805064,802205.2222441736,1090.6556731993808,8.174291808016179,682.742574017102,,,,,,,,
S3,"S3 kinetic-loop inlet (X4, H2/CO2 0.42)","P3 (k_meth, Ea_meth, n)",2,700/750,12,-20.28666350409211,701309.3804919886,989.6382807478026,9.884601217462038,619.394544616333,,,,,,,,
S3,"S3 kinetic-loop inlet (X4, H2/CO2 0.42)","P3 (k_meth, Ea_meth, n)",2,625/750,12,-20.295861448866805,904211.2964556542,1175.7112012035482,7.7893546614261036,735.9517574191318,,,,,,,,
S3,"S3 kinetic-loop inlet (X4, H2/CO2 0.42)","P3 (k_meth, Ea_meth, n)",2,600/775,12,-20.31804308759376,668387.9551700735,892.8515061104654,10.216719683462273,558.6460447956359,,,,,,,,
S3,"S3 kinetic-loop inlet (X4, H2/CO2 0.42)","P3 (k_meth, Ea_meth, n)",2,725/750,12,-20.52512062541839,736754.6992740324,899.6326050150597,13.90028000744266,562.8782301918992,,,,,,,,
S3,"S3 kinetic-loop inlet (X4, H2/CO2 0.42)","P3 (k_meth, Ea_meth, n)",2,600/750,12,-21.115517043968698,912849.7497220461,1182.0554783203822,11.534870557172788,739.799293522422,,,,,,,,
S3,"S3 kinetic-loop inlet (X4, H2/CO2 0.42)","P3 (k_meth, Ea_meth, n)",2,650/725,12,-21.415103636132173,480032.21284089837,1334.5529330876207,9.2039256168523,835.4663376499691,,,,,,,,
S3,"S3 kinetic-loop inlet (X4, H2/CO2 0.42)","P3 (k_meth, Ea_meth, n)",2,625/725,12,-21.6127703313577,491943.9198039014,1370.925410995674,9.547643338205148,858.1895457758286,,,,,,,,
S3,"S3 kinetic-loop inlet (X4, H2/CO2 0.42)","P3 (k_meth, Ea_meth, n)",2,675/725,12,-21.80677343571883,438199.72907786845,1241.0663321306395,12.3468155205004,776.90271488565,,,,,,,,
S3,"S3 kinetic-loop inlet (X4, H2/CO2 0.42)","P3 (k_meth, Ea_meth, n)",2,600/725,12,-22.354536138594142,496232.7005406447,1380.82918378836,13.437264729830565,864.3076071641724,,,,,,,,
S3,"S3 kinetic-loop inlet (X4, H2/CO2 0.42)","P3 (k_meth, Ea_meth, n)",2,700/725,12,-22.443803918729284,394086.57627395,1098.1682278744256,20.411238444576256,687.1201672412724,,,,,,,,
S3,"S3 kinetic-loop inlet (X4, H2/CO2 0.42)","P3 (k_meth, Ea_meth, n)",2,625/700,12,-23.663536032040447,226192.16763756835,1776.980319590685,12.936202847297851,1112.4232355934018,,,,,,,,
S3,"S3 kinetic-loop inlet (X4, H2/CO2 0.42)","P3 (k_meth, Ea_meth, n)",2,650/700,12,-23.666526513719838,235849.55947248696,1699.9068604400638,14.739516304699464,1064.2189679743983,,,,,,,,
S3,"S3 kinetic-loop inlet (X4, H2/CO2 0.42)","P3 (k_meth, Ea_meth, n)",2,600/700,12,-24.285971156685868,222398.37887814606,1798.4926274017625,16.475790527488968,1125.8464092756392,,,,,,,,
S3,"S3 kinetic-loop inlet (X4, H2/CO2 0.42)","P3 (k_meth, Ea_meth, n)",2,675/700,12,-24.55270712688028,221858.57765506487,1518.2654236950036,27.187016453438645,950.4069832762285,,,,,,,,
S3,"S3 kinetic-loop inlet (X4, H2/CO2 0.42)","P3 (k_meth, Ea_meth, n)",2,625/675,12,-25.823883154927824,259115.4282391107,2712.233318509372,19.787323178730844,1698.0027082878864,,,,,,,,
S3,"S3 kinetic-loop inlet (X4, H2/CO2 0.42)","P3 (k_meth, Ea_meth, n)",2,600/675,12,-26.243524907808688,236107.1650934453,2790.381152675611,21.581222069279963,1746.9258920013847,,,,,,,,
S3,"S3 kinetic-loop inlet (X4, H2/CO2 0.42)","P3 (k_meth, Ea_meth, n)",2,650/675,12,-26.295427080233377,278551.1580404471,2459.700744461648,31.414732741363554,1539.92230563421,,,,,,,,
S3,"S3 kinetic-loop inlet (X4, H2/CO2 0.42)","P3 (k_meth, Ea_meth, n)",2,600/650,12,-28.480180019992066,510342.1398684315,4963.643777073369,31.712343789744963,3107.5956370602403,,,,,,,,
S3,"S3 kinetic-loop inlet (X4, H2/CO2 0.42)","P3 (k_meth, Ea_meth, n)",2,625/650,12,-28.523053877701862,556948.9823028174,4559.802689058566,39.982498606399126,2854.7593505194523,,,,,,,,
S3,"S3 kinetic-loop inlet (X4, H2/CO2 0.42)","P3 (k_meth, Ea_meth, n)",2,600/625,12,-31.869212424822496,1164167.3906669894,9431.033552478537,65.06571663467372,5904.185856235572,,,,,,,,
S3,"S3 kinetic-loop inlet (X4, H2/CO2 0.42)","P3 (k_meth, Ea_meth, n)",3,725/750/850,18,-13.381279606464163,97704.51597145491,186.14159530620606,2.564156369351788,116.33326610010187,,,,,,,,
S3,"S3 kinetic-loop inlet (X4, H2/CO2 0.42)","P3 (k_meth, Ea_meth, n)",3,750/775/850,18,-13.553424464219425,115488.59636562061,183.98755653821956,3.052292241088441,114.89209618177843,,,,,,,,
S3,"S3 kinetic-loop inlet (X4, H2/CO2 0.42)","P3 (k_meth, Ea_meth, n)",3,725/775/850,18,-13.582790792775173,102691.6074376481,184.51096605543833,2.8585241233344747,115.26251957276935,,,,,,,,
S3,"S3 kinetic-loop inlet (X4, H2/CO2 0.42)","P3 (k_meth, Ea_meth, n)",3,700/750/850,18,-13.607454710825303,92012.77480443372,186.86678708266635,2.6814220725752986,116.76769158135586,,,,,,,,
S3,"S3 kinetic-loop inlet (X4, H2/CO2 0.42)","P3 (k_meth, Ea_meth, n)",3,750/825/850,18,-13.638398664610673,106772.37092247982,176.70740384632163,3.1414672506041894,110.30351393107642,,,,,,,,
S3,"S3 kinetic-loop inlet (X4, H2/CO2 0.42)","P3 (k_meth, Ea_meth, n)",3,650/750/850,18,-13.645784731108087,91114.07008055567,187.7295878097265,2.6564923306412487,117.31527785570874,,,,,,,,
S3,"S3 kinetic-loop inlet (X4, H2/CO2 0.42)","P3 (k_meth, Ea_meth, n)",3,675/750/850,18,-13.658447222812832,91258.85244474772,187.45334276165812,2.695334542303351,117.13547806724839,,,,,,,,
S3,"S3 kinetic-loop inlet (X4, H2/CO2 0.42)","P3 (k_meth, Ea_meth, n)",3,750/800/850,18,-13.687439873984433,117358.14170029575,183.60062052673337,3.2025844115212316,114.60860652597177,,,,,,,,
S3,"S3 kinetic-loop inlet (X4, H2/CO2 0.42)","P3 (k_meth, Ea_meth, n)",3,700/725/850,18,-13.721192019531605,78714.99782961787,187.4454413580496,2.5474230227838044,117.15993409768804,,,,,,,,
S3,"S3 kinetic-loop inlet (X4, H2/CO2 0.42)","P3 (k_meth, Ea_meth, n)",3,725/825/850,18,-13.727166379413536,95009.24299043114,177.17514603489855,3.002350713781328,110.63192323992848,,,,,,,,
S3,"S3 kinetic-loop inlet (X4, H2/CO2 0.42)","P3 (k_meth, Ea_meth, n)",3,725/800/850,18,-13.736333099389718,104671.40043934742,184.11924991449015,3.0177343375773344,114.97552036801049,,,,,,,,
S3,"S3 kinetic-loop inlet (X4, H2/CO2 0.42)","P3 (k_meth, Ea_meth, n)",3,625/750/850,18,-13.773168092710288,91106.6694325599,187.873544963413,2.804711177944698,117.37660293206497,,,,,,,,
S3,"S3 kinetic-loop inlet (X4, H2/CO2 0.42)","P3 (k_meth, Ea_meth, n)",3,650/725/850,18,-13.778979486534476,77715.34494226283,188.3203527275575,2.5337941383159954,117.71387224668234,,,,,,,,
S3,"S3 kinetic-loop inlet (X4, H2/CO2 0.42)","P3 (k_meth, Ea_meth, n)",3,675/725/850,18,-13.783971717348999,77890.15476702827,188.03858943048627,2.5652088900283,117.5319599534844,,,,,,,,
S3,"S3 kinetic-loop inlet (X4, H2/CO2 0.42)","P3 (k_meth, Ea_meth, n)",3,700/775/850,18,-13.903136744639532,97212.86297403116,185.2674117520592,3.133012541991565,115.68505314076405,,,,,,,,
S3,"S3 kinetic-loop inlet (X4, H2/CO2 0.42)","P3 (k_meth, Ea_meth, n)",3,625/725/850,18,-13.90761872671469,77694.16512872333,188.45811450562204,2.6708970417229914,117.77523064825496,,,,,,,,
S3,"S3 kinetic-loop inlet (X4, H2/CO2 0.42)","P3 (k_meth, Ea_meth, n)",3,600/750/850,18,-13.933464120650594,91174.35920308641,187.96838514467075,3.022340140659303,117.39343479929416,,,,,,,,
S3,"S3 kinetic-loop inlet (X4, H2/CO2 0.42)","P3 (k_meth, Ea_meth, n)",3,650/775/850,18,-13.965371327129406,96399.22420582132,186.11158701986264,3.1412449008577856,116.21743425399572,,,,,,,,
S3,"S3 kinetic-loop inlet (X4, H2/CO2 0.42)","P3 (k_meth, Ea_meth, n)",3,675/775/850,18,-13.981607036016854,96523.29413637526,185.84968020248994,3.192849851690339,116.04262480506594,,,,,,,,
S3,"S3 kinetic-loop inlet (X4, H2/CO2 0.42)","P3 (k_meth, Ea_meth, n)",3,600/725/850,18,-14.063311906608241,77747.67842169211,188.54118234127506,2.8676647957663883,117.79137270613145,,,,,,,,
S3,"S3 kinetic-loop inlet (X4, H2/CO2 0.42)","P3 (k_meth, Ea_meth, n)",3,675/700/850,18,-14.170526908028988,72083.36091836632,188.8143475726562,2.8116006041148003,117.98142633956274,,,,,,,,
S3,"S3 kinetic-loop inlet (X4, H2/CO2 0.42)","P3 (k_meth, Ea_meth, n)",3,625/775/850,18,-14.170693096148199,96441.58682953654,186.31530851118447,3.448237759472657,116.27724314348872,,,,,,,,
S3,"S3 kinetic-loop inlet (X4, H2/CO2 0.42)","P3 (k_meth, Ea_meth, n)",3,650/700/850,18,-14.172563524747053,71902.37566474719,189.0987963293482,2.7818838479870425,118.16567795942862,,,,,,,,
S3,"S3 kinetic-loop inlet (X4, H2/CO2 0.42)","P3 (k_meth, Ea_meth, n)",3,700/800/850,18,-14.188808897780705,99350.27362161393,184.96941789781454,3.5209231357752535,115.39535412615687,,,,,,,,
S3,"S3 kinetic-loop inlet (X4, H2/CO2 0.42)","P3 (k_meth, Ea_meth, n)",3,775/800/850,18,-14.270499138914214,122205.50166838849,182.41260781233,4.320081195090439,113.58928637791708,,,,,,,,
S3,"S3 kinetic-loop inlet (X4, H2/CO2 0.42)","P3 (k_meth, Ea_meth, n)",3,700/825/850,18,-14.283085465039905,90092.99018136958,178.0044647500538,3.6678825395464645,111.00562009798234,,,,,,,,
S3,"S3 kinetic-loop inlet (X4, H2/CO2 0.42)","P3 (k_meth, Ea_meth, n)",3,650/675/850,18,-14.286796578291312,71060.98936576044,189.71954852786254,2.85570063538298,118.54840456858796,,,,,,,,
S3,"S3 kinetic-loop inlet (X4, H2/CO2 0.42)","P3 (k_meth, Ea_meth, n)",3,775/825/850,18,-14.295139921503683,111499.96158500933,175.74304285431907,4.3934231712968,109.39181376672093,,,,,,,,
S3,"S3 kinetic-loop inlet (X4, H2/CO2 0.42)","P3 (k_meth, Ea_meth, n)",3,650/800/850,18,-14.303268653807772,98605.13777493393,185.84241299631384,3.618446663873646,115.92374964073457,,,,,,,,
S3,"S3 kinetic-loop inlet (X4, H2/CO2 0.42)","P3 (k_meth, Ea_meth, n)",3,675/800/850,18,-14.316244853916693,98715.83778686574,185.58607160894235,3.673376370044713,115.75025166072533,,,,,,,,
S3,"S3 kinetic-loop inlet (X4, H2/CO2 0.42)","P3 (k_meth, Ea_meth, n)",3,625/700/850,18,-14.36093744780488,71896.58835284988,189.26907118122585,3.0138178552488126,118.2275138165628,,,,,,,,
S3,"S3 kinetic-loop inlet (X4, H2/CO2 0.42)","P3 (k_meth, Ea_meth, n)",3,600/775/850,18,-14.45013568224324,96585.32079817646,186.53177979282725,3.9438298977112494,116.29416594959577,,,,,,,,
S3,"S3 kinetic-loop inlet (X4, H2/CO2 0.42)","P3 (k_meth, Ea_meth, n)",3,650/825/850,18,-14.456902413098629,89366.51642093403,178.82348466922755,3.8748281354659513,111.47658135663453,,,,,,,,
S3,"S3 kinetic-loop inlet (X4, H2/CO2 0.42)","P3 (k_meth, Ea_meth, n)",3,675/825/850,18,-14.458993366209159,89485.070327914,178.59404534463286,3.914597159794708,111.32190826740307,,,,,,,,
S3,"S3 kinetic-loop inlet (X4, H2/CO2 0.42)","P3 (k_meth, Ea_meth, n)",3,625/675/850,18,-14.498500426084862,71061.14956731166,189.9026971235328,3.127621547556386,118.6107985461484,,,,,,,,
S3,"S3 kinetic-loop inlet (X4, H2/CO2 0.42)","P3 (k_meth, Ea_meth, n)",3,625/650/850,18,-14.507827530106344,70883.06064917956,190.19172206009995,3.1023326331685945,118.79828710990351,,,,,,,,
S3,"S3 kinetic-loop inlet (X4, H2/CO2 0.42)","P3 (k_meth, Ea_meth, n)",3,600/700/850,18,-14.595788578362807,71970.78887742804,189.4081169813581,3.361395573192614,118.24347762020403,,,,,,,,
S3,"S3 kinetic-loop inlet (X4, H2/CO2 0.42)","P3 (k_meth, Ea_meth, n)",3,625/800/850,18,-14.63066729952632,98751.43835955123,186.2007629122653,4.2197456699911795,115.98393234575563,,,,,,,,
S3,"S3 kinetic-loop inlet (X4, H2/CO2 0.42)","P3 (k_meth, Ea_meth, n)",3,600/675/850,18,-14.766641175158668,71143.96542821193,190.06674474193568,3.5451615793003977,118.62678343455535,,,,,,,,
S3,"S3 kinetic-loop inlet (X4, H2/CO2 0.42)","P3 (k_meth, Ea_meth, n)",3,600/650/850,18,-14.776733959557621,70964.48699665196,190.35312135971628,3.5171478993918392,118.81433711224881,,,,,,,,
S3,"S3 kinetic-loop inlet (X4, H2/CO2 0.42)","P3 (k_meth, Ea_meth, n)",3,625/825/850,18,-14.898871503952625,89577.983773606,179.3280767114657,4.780764911416373,111.52869842449095,,,,,,,,
S3,"S3 kinetic-loop inlet (X4, H2/CO2 0.42)","P3 (k_meth, Ea_meth, n)",3,600/800/850,18,-15.145565305417833,99167.11396502047,186.86325749263213,5.427385078974471,116.0032665823111,,,,,,,,
S3,"S3 kinetic-loop inlet (X4, H2/CO2 0.42)","P3 (k_meth, Ea_meth, n)",3,600/625/850,18,-15.150157934115006,71033.19704123176,190.70796944588898,4.172119319986495,118.87717587309079,,,,,,,,
S3,"S3 kinetic-loop inlet (X4, H2/CO2 0.42)","P3 (k_meth, Ea_meth, n)",3,800/825/850,18,-15.30800556146261,114643.71594273497,177.18604551147254,7.133562389564837,109.15846619007047,,,,,,,,
S3,"S3 kinetic-loop inlet (X4, H2/CO2 0.42)","P3 (k_meth, Ea_meth, n)",3,600/825/850,18,-15.7245261211974,90422.59149001124,180.86185463182724,7.178524416154243,111.54288204377067,,,,,,,,
S3,"S3 kinetic-loop inlet (X4, H2/CO2 0.42)","P3 (k_meth, Ea_meth, n)",3,725/800/825,18,-16.216419302937087,349148.07583247416,419.36640490320804,3.9942471725284263,262.40128634812373,,,,,,,,
S3,"S3 kinetic-loop inlet (X4, H2/CO2 0.42)","P3 (k_meth, Ea_meth, n)",3,725/750/825,18,-16.223296063711846,345185.92406165064,446.968480513898,3.8906257103132895,279.70835619734817,,,,,,,,
S3,"S3 kinetic-loop inlet (X4, H2/CO2 0.42)","P3 (k_meth, Ea_meth, n)",3,725/775/825,18,-16.25607562331252,346142.6600640313,424.7236563158195,4.155667453561575,265.7584793983011,,,,,,,,
S3,"S3 kinetic-loop inlet (X4, H2/CO2 0.42)","P3 (k_meth, Ea_meth, n)",3,750/800/825,18,-16.28690771208639,405667.2480337558,412.57276433207176,4.66327411540482,258.096889288408,,,,,,,,
S3,"S3 kinetic-loop inlet (X4, H2/CO2 0.42)","P3 (k_meth, Ea_meth, n)",3,750/775/825,18,-16.370144388509615,404355.85526421026,417.6923896298224,4.9315578485543,261.2888089120911,,,,,,,,
S3,"S3 kinetic-loop inlet (X4, H2/CO2 0.42)","P3 (k_meth, Ea_meth, n)",3,700/750/825,18,-16.442239333359844,321005.39887749375,456.90543083606644,3.9009282129800678,285.92415399894816,,,,,,,,
S3,"S3 kinetic-loop inlet (X4, H2/CO2 0.42)","P3 (k_meth, Ea_meth, n)",3,650/750/825,18,-16.45071952572623,328398.98285354074,470.2316048070237,3.68567739501314,294.2863016895052,,,,,,,,
S3,"S3 kinetic-loop inlet (X4, H2/CO2 0.42)","P3 (k_meth, Ea_meth, n)",3,675/750/825,18,-16.48869606669898,324940.22156503965,465.74573512253437,3.826992523020242,291.4710653978727,,,,,,,,
S3,"S3 kinetic-loop inlet (X4, H2/CO2 0.42)","P3 (k_meth, Ea_meth, n)",3,700/725/825,18,-16.56561855123272,247451.2960147584,466.2619525843157,3.5127230986484435,291.81117297223574,,,,,,,,
S3,"S3 kinetic-loop inlet (X4, H2/CO2 0.42)","P3 (k_meth, Ea_meth, n)",3,700/775/825,18,-16.582131962177396,324854.219360426,433.24303643845144,4.404093966249164,271.07268782421585,,,,,,,,
S3,"S3 kinetic-loop inlet (X4, H2/CO2 0.42)","P3 (k_meth, Ea_meth, n)",3,650/775/825,18,-16.60312957764599,331876.3977355886,444.5322433908332,4.199153684781363,278.16758769296484,,,,,,,,
S3,"S3 kinetic-loop inlet (X4, H2/CO2 0.42)","P3 (k_meth, Ea_meth, n)",3,650/725/825,18,-16.613809325681466,250704.3665915756,480.4651728321834,3.3428969954296077,300.71764619916166,,,,,,,,
S3,"S3 kinetic-loop inlet (X4, H2/CO2 0.42)","P3 (k_meth, Ea_meth, n)",3,625/750/825,18,-16.617503114894305,329564.4584711591,471.803479842705,3.9450060311603616,295.24612765069134,,,,,,,,
S3,"S3 kinetic-loop inlet (X4, H2/CO2 0.42)","P3 (k_meth, Ea_meth, n)",3,675/725/825,18,-16.631942689713732,248603.05047799,475.67698612156687,3.449633596546212,297.71570411023697,,,,,,,,
S3,"S3 kinetic-loop inlet (X4, H2/CO2 0.42)","P3 (k_meth, Ea_meth, n)",3,675/775/825,18,-16.65374878446706,328646.9120964247,440.7473584275315,4.383531675516375,275.7864428008243,,,,,,,,
S3,"S3 kinetic-loop inlet (X4, H2/CO2 0.42)","P3 (k_meth, Ea_meth, n)",3,700/800/825,18,-16.681579250787564,329030.57357095915,427.63332767268645,4.511916079624248,267.5132939097504,,,,,,,,
S3,"S3 kinetic-loop inlet (X4, H2/CO2 0.42)","P3 (k_meth, Ea_meth, n)",3,625/725/825,18,-16.75769919839443,251411.22866722394,482.12685487724576,3.5207322952796933,301.74140701899563,,,,,,,,
S3,"S3 kinetic-loop inlet (X4, H2/CO2 0.42)","P3 (k_meth, Ea_meth, n)",3,650/800/825,18,-16.766597981207603,336333.9492828736,438.4972440390637,4.433036138463843,274.3247826643538,,,,,,,,
S3,"S3 kinetic-loop inlet (X4, H2/CO2 0.42)","P3 (k_meth, Ea_meth, n)",3,675/800/825,18,-16.807800812186823,333031.4838833169,434.86311220614687,4.608442914733197,272.03988069971837,,,,,,,,
S3,"S3 kinetic-loop inlet (X4, H2/CO2 0.42)","P3 (k_meth, Ea_meth, n)",3,600/750/825,18,-16.8671721648647,330125.1420117846,472.2554951666455,4.4334227099184345,295.4934704176009,,,,,,,,
S3,"S3 kinetic-loop inlet (X4, H2/CO2 0.42)","P3 (k_meth, Ea_meth, n)",3,625/775/825,18,-16.880354152149692,333055.4939733334,445.90589512526196,4.751164622218727,278.97692112072866,,,,,,,,
S3,"S3 kinetic-loop inlet (X4, H2/CO2 0.42)","P3 (k_meth, Ea_meth, n)",3,600/725/825,18,-16.956148478029395,251844.6697582895,482.5808573273152,3.845620782140286,302.0050291387845,,,,,,,,
S3,"S3 kinetic-loop inlet (X4, H2/CO2 0.42)","P3 (k_meth, Ea_meth, n)",3,650/700/825,18,-17.01505794172805,218503.65831414924,492.8803818713704,3.4020514270967768,308.48325800356696,,,,,,,,
S3,"S3 kinetic-loop inlet (X4, H2/CO2 0.42)","P3 (k_meth, Ea_meth, n)",3,675/700/825,18,-17.02040436793491,216838.83465734473,487.7147528946534,3.5058497813761127,305.24521883005417,,,,,,,,
S3,"S3 kinetic-loop inlet (X4, H2/CO2 0.42)","P3 (k_meth, Ea_meth, n)",3,725/775/800,18,-17.121436846352225,626658.0676239204,561.4674052587544,5.061133115588976,351.42920634063023,,,,,,,,
S3,"S3 kinetic-loop inlet (X4, H2/CO2 0.42)","P3 (k_meth, Ea_meth, n)",3,650/675/825,18,-17.14361915927403,218848.44026713286,504.0476791555724,3.3828556398211354,315.4854773772997,,,,,,,,
S3,"S3 kinetic-loop inlet (X4, H2/CO2 0.42)","P3 (k_meth, Ea_meth, n)",3,625/800/825,18,-17.166390470856477,337678.79601442657,439.91819848649925,5.327559228587506,275.1022119553987,,,,,,,,
S3,"S3 kinetic-loop inlet (X4, H2/CO2 0.42)","P3 (k_meth, Ea_meth, n)",3,775/800/825,18,-17.175723865962215,402668.63815865974,395.4076209835116,7.588022370442115,247.0126792679244,,,,,,,,
S3,"S3 kinetic-loop inlet (X4, H2/CO2 0.42)","P3 (k_meth, Ea_meth, n)",3,725/750/800,18,-17.199914523423487,683308.3514780311,616.2746032941366,4.80189292603759,385.7859419279185,,,,,,,,
S3,"S3 kinetic-loop inlet (X4, H2/CO2 0.42)","P3 (k_meth, Ea_meth, n)",3,625/700/825,18,-17.20648498516322,219150.87881626026,494.68347469705327,3.6453705207955074,309.5883946917106,,,,,,,,
S3,"S3 kinetic-loop inlet (X4, H2/CO2 0.42)","P3 (k_meth, Ea_meth, n)",3,600/775/825,18,-17.344619806117834,333679.7705869684,446.41047162046846,5.944480885225149,279.18511479228783,,,,,,,,
S3,"S3 kinetic-loop inlet (X4, H2/CO2 0.42)","P3 (k_meth, Ea_meth, n)",3,625/675/825,18,-17.352220637825237,219577.9980716307,505.9730680161153,3.64684552408204,316.66739557051505,,,,,,,,
S3,"S3 kinetic-loop inlet (X4, H2/CO2 0.42)","P3 (k_meth, Ea_meth, n)",3,625/650/825,18,-17.35897330398703,221554.97657379057,511.74865603572607,3.545446892224333,320.28713554122675,,,,,,,,
S3,"S3 kinetic-loop inlet (X4, H2/CO2 0.42)","P3 (k_meth, Ea_meth, n)",3,650/750/800,18,-17.415721808308813,723272.9776418456,682.1327582890005,4.346246071667728,427.0223275207671,,,,,,,,
S3,"S3 kinetic-loop inlet (X4, H2/CO2 0.42)","P3 (k_meth, Ea_meth, n)",3,700/750/800,18,-17.416782349163448,665031.7523896584,643.1550960671018,4.747590855457972,402.6044451986181,,,,,,,,
S3,"S3 kinetic-loop inlet (X4, H2/CO2 0.42)","P3 (k_meth, Ea_meth, n)",3,750/775/800,18,-17.42622477367826,709984.8182397655,545.3804678280428,6.638977181816658,341.28695659181847,,,,,,,,
S3,"S3 kinetic-loop inlet (X4, H2/CO2 0.42)","P3 (k_meth, Ea_meth, n)",3,650/775/800,18,-17.434106055816752,649492.3153367692,609.8792067625061,4.897618469570614,381.74887007064615,,,,,,,,
S3,"S3 kinetic-loop inlet (X4, H2/CO2 0.42)","P3 (k_meth, Ea_meth, n)",3,700/775/800,18,-17.448010983093443,608239.1267479319,581.5800832570153,5.324582489788851,364.0014915103899,,,,,,,,
S3,"S3 kinetic-loop inlet (X4, H2/CO2 0.42)","P3 (k_meth, Ea_meth, n)",3,600/700/825,18,-17.464986191159603,219591.46534165135,495.18910735430507,4.086703392604274,309.87303152568137,,,,,,,,
S3,"S3 kinetic-loop inlet (X4, H2/CO2 0.42)","P3 (k_meth, Ea_meth, n)",3,675/750/800,18,-17.469075996627666,700747.7389289953,668.6090050736764,4.591016619200629,418.55649899136944,,,,,,,,
S3,"S3 kinetic-loop inlet (X4, H2/CO2 0.42)","P3 (k_meth, Ea_meth, n)",3,700/725/800,18,-17.4848261178643,542609.2437399804,670.2132543653478,4.139702179547527,419.5604945188633,,,,,,,,
S3,"S3 kinetic-loop inlet (X4, H2/CO2 0.42)","P3 (k_meth, Ea_meth, n)",3,675/775/800,18,-17.5131648294,633542.0658216923,600.1695490716024,5.219840773293793,375.6646235976569,,,,,,,,
S3,"S3 kinetic-loop inlet (X4, H2/CO2 0.42)","P3 (k_meth, Ea_meth, n)",3,650/725/800,18,-17.54337538961824,589769.7932147604,714.6952464785234,3.848952004416143,447.4177397443485,,,,,,,,
S3,"S3 kinetic-loop inlet (X4, H2/CO2 0.42)","P3 (k_meth, Ea_meth, n)",3,675/725/800,18,-17.565045769167632,570860.6656424678,699.1808950962044,4.019776938792078,437.7071904462997,,,,,,,,
S3,"S3 kinetic-loop inlet (X4, H2/CO2 0.42)","P3 (k_meth, Ea_meth, n)",3,625/750/800,18,-17.624705707974865,731014.5294754293,686.8666638352557,4.740157758627284,429.96483886528756,,,,,,,,
S3,"S3 kinetic-loop inlet (X4, H2/CO2 0.42)","P3 (k_meth, Ea_meth, n)",3,600/650/825,18,-17.630316326666545,222047.85931595505,512.2985078844574,3.991434976412562,320.60231355478396,,,,,,,,
S3,"S3 kinetic-loop inlet (X4, H2/CO2 0.42)","P3 (k_meth, Ea_meth, n)",3,600/675/825,18,-17.63128134093406,220050.574646156,506.50956515811924,4.124243194297199,316.9719926705642,,,,,,,,
S3,"S3 kinetic-loop inlet (X4, H2/CO2 0.42)","P3 (k_meth, Ea_meth, n)",3,625/725/800,18,-17.70827172679701,596247.7590049832,720.1318720195579,4.089068546541539,450.8062270880826,,,,,,,,
S3,"S3 kinetic-loop inlet (X4, H2/CO2 0.42)","P3 (k_meth, Ea_meth, n)",3,625/775/800,18,-17.774256299578475,655063.665475226,613.3057453272477,5.711194171965844,383.8469737718867,,,,,,,,
S3,"S3 kinetic-loop inlet (X4, H2/CO2 0.42)","P3 (k_meth, Ea_meth, n)",3,650/750/775,18,-17.893683321201152,745223.3424171869,706.033803458493,5.520216623470571,441.9066217742439,,,,,,,,
S3,"S3 kinetic-loop inlet (X4, H2/CO2 0.42)","P3 (k_meth, Ea_meth, n)",3,650/700/800,18,-17.92454642551426,553992.801353832,757.6245317187916,3.847031576922846,474.27435034975184,,,,,,,,
S3,"S3 kinetic-loop inlet (X4, H2/CO2 0.42)","P3 (k_meth, Ea_meth, n)",3,675/700/800,18,-17.93109512662396,534370.7403037365,739.215635538234,4.010886438912874,462.7527811293975,,,,,,,,
S3,"S3 kinetic-loop inlet (X4, H2/CO2 0.42)","P3 (k_meth, Ea_meth, n)",3,600/800/825,18,-17.943447666713816,338669.7075811378,440.8146898612977,7.789195363970163,275.3036305105418,,,,,,,,
S3,"S3 kinetic-loop inlet (X4, H2/CO2 0.42)","P3 (k_meth, Ea_meth, n)",3,600/725/800,18,-17.952949012035944,598452.3040893233,721.5514602930019,4.5724201712631425,451.6874332627809,,,,,,,,
S3,"S3 kinetic-loop inlet (X4, H2/CO2 0.42)","P3 (k_meth, Ea_meth, n)",3,600/750/800,18,-17.971644273150883,733509.8322411217,688.1183113266695,5.591525670647707,430.73032931275486,,,,,,,,
S3,"S3 kinetic-loop inlet (X4, H2/CO2 0.42)","P3 (k_meth, Ea_meth, n)",3,650/725/775,18,-17.97474254587388,603853.3640466497,742.2737142396422,4.809796479632842,464.628970154632,,,,,,,,
S3,"S3 kinetic-loop inlet (X4, H2/CO2 0.42)","P3 (k_meth, Ea_meth, n)",3,725/750/775,18,-17.97625627535693,700081.5950082156,633.9217870888773,7.08090163775475,396.6565382179991,,,,,,,,
S3,"S3 kinetic-loop inlet (X4, H2/CO2 0.42)","P3 (k_meth, Ea_meth, n)",3,600/625/825,18,-17.983913856904284,222918.61143254244,514.3819361276726,4.609968144038286,321.8430072572098,,,,,,,,
S3,"S3 kinetic-loop inlet (X4, H2/CO2 0.42)","P3 (k_meth, Ea_meth, n)",3,675/750/775,18,-18.02730963838775,720504.5545963831,691.1114493834372,6.075066661711732,432.54192023519363,,,,,,,,
S3,"S3 kinetic-loop inlet (X4, H2/CO2 0.42)","P3 (k_meth, Ea_meth, n)",3,700/725/775,18,-18.035765178035053,552460.8132291826,692.8715249722223,5.500452023236901,433.6555808244574,,,,,,,,
S3,"S3 kinetic-loop inlet (X4, H2/CO2 0.42)","P3 (k_meth, Ea_meth, n)",3,675/725/775,18,-18.05252202367178,583217.9347924105,724.964719103935,5.170141818873161,453.78044616328367,,,,,,,,
S3,"S3 kinetic-loop inlet (X4, H2/CO2 0.42)","P3 (k_meth, Ea_meth, n)",3,700/750/775,18,-18.06147664839261,681395.622892881,663.1887012556299,6.5676866712368245,415.00843901347287,,,,,,,,
S3,"S3 kinetic-loop inlet (X4, H2/CO2 0.42)","P3 (k_meth, Ea_meth, n)",3,650/675/800,18,-18.075629633137876,592963.3662815375,800.2562273634933,3.7788689338267414,500.9742936110097,,,,,,,,
S3,"S3 kinetic-loop inlet (X4, H2/CO2 0.42)","P3 (k_meth, Ea_meth, n)",3,625/700/800,18,-18.124281865795037,560922.9845919422,764.1200779151524,4.136438953385695,478.3176686026926,,,,,,,,
S3,"S3 kinetic-loop inlet (X4, H2/CO2 0.42)","P3 (k_meth, Ea_meth, n)",3,625/725/775,18,-18.158679311296893,610706.5783789791,748.3880555705774,5.162062073319107,468.431532979025,,,,,,,,
S3,"S3 kinetic-loop inlet (X4, H2/CO2 0.42)","P3 (k_meth, Ea_meth, n)",3,625/750/775,18,-18.159452567773037,753657.2743280507,711.3326724737403,6.195346516237251,445.1750015361316,,,,,,,,
S3,"S3 kinetic-loop inlet (X4, H2/CO2 0.42)","P3 (k_meth, Ea_meth, n)",3,650/700/775,18,-18.256125037691625,564734.4879476776,790.64630184706,4.610128319390407,494.9240255832615,,,,,,,,
S3,"S3 kinetic-loop inlet (X4, H2/CO2 0.42)","P3 (k_meth, Ea_meth, n)",3,625/675/800,18,-18.284923568283777,601559.2165670536,807.9141098295137,4.072260181982864,505.7459637721945,,,,,,,,
S3,"S3 kinetic-loop inlet (X4, H2/CO2 0.42)","P3 (k_meth, Ea_meth, n)",3,625/650/800,18,-18.29534035025804,629560.7140062773,832.126203441346,3.9111852496931347,520.8988602377888,,,,,,,,
S3,"S3 kinetic-loop inlet (X4, H2/CO2 0.42)","P3 (k_meth, Ea_meth, n)",3,675/700/775,18,-18.308961107608166,543368.4063682907,769.815846786053,4.922105038523336,481.87312473334674,,,,,,,,
S3,"S3 kinetic-loop inlet (X4, H2/CO2 0.42)","P3 (k_meth, Ea_meth, n)",3,650/675/775,18,-18.361674004777942,607996.9392583458,839.4469279783845,4.422851059389732,525.5024137214243,,,,,,,,
S3,"S3 kinetic-loop inlet (X4, H2/CO2 0.42)","P3 (k_meth, Ea_meth, n)",3,600/700/800,18,-18.412194018898163,563340.9807239001,765.8283595403076,4.712270209817032,479.3693309727527,,,,,,,,
S3,"S3 kinetic-loop inlet (X4, H2/CO2 0.42)","P3 (k_meth, Ea_meth, n)",3,600/775/800,18,-18.447932725860532,657032.9103704243,614.3495777845376,7.935220833737357,384.394525500345,,,,,,,,
S3,"S3 kinetic-loop inlet (X4, H2/CO2 0.42)","P3 (k_meth, Ea_meth, n)",3,625/700/775,18,-18.45138900792366,571960.4674887764,798.0371637391636,4.952370220471736,499.52671700381876,,,,,,,,
S3,"S3 kinetic-loop inlet (X4, H2/CO2 0.42)","P3 (k_meth, Ea_meth, n)",3,600/725/775,18,-18.49244561686654,613051.9109088803,750.0269901043052,6.038758492580277,469.4195867663422,,,,,,,,
S3,"S3 kinetic-loop inlet (X4, H2/CO2 0.42)","P3 (k_meth, Ea_meth, n)",3,625/650/775,18,-18.52892468643972,648603.5333780061,876.4217770034257,4.460574415829017,548.6399424162307,,,,,,,,
S3,"S3 kinetic-loop inlet (X4, H2/CO2 0.42)","P3 (k_meth, Ea_meth, n)",3,625/675/775,18,-18.555414206055417,617157.0064732949,848.2896866739194,4.736156955684257,531.0197067285653,,,,,,,,
S3,"S3 kinetic-loop inlet (X4, H2/CO2 0.42)","P3 (k_meth, Ea_meth, n)",3,600/650/800,18,-18.571259751435427,632838.7914752814,834.3206432566053,4.421086263627692,522.2578737698457,,,,,,,,
S3,"S3 kinetic-loop inlet (X4, H2/CO2 0.42)","P3 (k_meth, Ea_meth, n)",3,600/675/800,18,-18.57895071676558,604491.0171623582,809.9241271169426,4.647633576583466,506.99000227903565,,,,,,,,
S3,"S3 kinetic-loop inlet (X4, H2/CO2 0.42)","P3 (k_meth, Ea_meth, n)",3,600/750/775,18,-18.724242440239124,756520.3146682621,712.8742971259747,8.151537448273396,446.0237686402084,,,,,,,,
S3,"S3 kinetic-loop inlet (X4, H2/CO2 0.42)","P3 (k_meth, Ea_meth, n)",3,600/700/775,18,-18.782432777710774,574490.0602300935,800.0037221919916,5.770955346536636,500.72499399163803,,,,,,,,
S3,"S3 kinetic-loop inlet (X4, H2/CO2 0.42)","P3 (k_meth, Ea_meth, n)",3,600/650/775,18,-18.80674751336419,652130.9175748609,878.9816586875596,5.053390012868547,550.2286234258064,,,,,,,,
S3,"S3 kinetic-loop inlet (X4, H2/CO2 0.42)","P3 (k_meth, Ea_meth, n)",3,600/675/775,18,-18.866757780898485,620273.211750504,850.6201317143688,5.459028051493286,532.4598004319829,,,,,,,,
S3,"S3 kinetic-loop inlet (X4, H2/CO2 0.42)","P3 (k_meth, Ea_meth, n)",3,600/625/800,18,-18.90247678612668,643236.9264441564,843.0608654790309,5.04867968444536,527.6739189388128,,,,,,,,
S3,"S3 kinetic-loop inlet (X4, H2/CO2 0.42)","P3 (k_meth, Ea_meth, n)",3,650/725/750,18,-18.940412864754467,719839.0874083817,885.4345542744426,6.547659109797087,554.2712565596091,,,,,,,,
S3,"S3 kinetic-loop inlet (X4, H2/CO2 0.42)","P3 (k_meth, Ea_meth, n)",3,600/625/775,18,-19.09348393572943,663420.7960533921,889.1753993836302,5.653734177685658,556.5724304752498,,,,,,,,
S3,"S3 kinetic-loop inlet (X4, H2/CO2 0.42)","P3 (k_meth, Ea_meth, n)",3,675/725/750,18,-19.14160910286027,684040.8187610946,856.4716605965978,7.55859754442386,536.1205903401283,,,,,,,,
S3,"S3 kinetic-loop inlet (X4, H2/CO2 0.42)","P3 (k_meth, Ea_meth, n)",3,625/725/750,18,-19.148071661740747,731618.374895356,895.8500191018711,7.086815874532619,560.7570807473471,,,,,,,,
S3,"S3 kinetic-loop inlet (X4, H2/CO2 0.42)","P3 (k_meth, Ea_meth, n)",3,650/700/750,18,-19.17152190575543,682437.7275540591,971.2046905118536,5.9468068074434735,607.9802476670899,,,,,,,,
S3,"S3 kinetic-loop inlet (X4, H2/CO2 0.42)","P3 (k_meth, Ea_meth, n)",3,650/675/750,18,-19.26918648325639,774988.9573390437,1066.3021832754134,5.496691181501407,667.5459442978827,,,,,,,,
S3,"S3 kinetic-loop inlet (X4, H2/CO2 0.42)","P3 (k_meth, Ea_meth, n)",3,700/725/750,18,-19.28953454940835,631316.7919478929,804.9057793478471,8.879360131311024,503.7659095611415,,,,,,,,
S3,"S3 kinetic-loop inlet (X4, H2/CO2 0.42)","P3 (k_meth, Ea_meth, n)",3,675/700/750,18,-19.297413530872287,642738.3488066136,933.3308597116829,6.67161138459431,584.2587848232067,,,,,,,,
S3,"S3 kinetic-loop inlet (X4, H2/CO2 0.42)","P3 (k_meth, Ea_meth, n)",3,625/700/750,18,-19.35763984052708,695661.5510401882,984.9738807101378,6.3295779359421855,616.5718195943215,,,,,,,,
S3,"S3 kinetic-loop inlet (X4, H2/CO2 0.42)","P3 (k_meth, Ea_meth, n)",3,625/650/750,18,-19.403014901869405,867222.9523185248,1145.3511681351174,5.300388411812664,717.0181936152932,,,,,,,,
S3,"S3 kinetic-loop inlet (X4, H2/CO2 0.42)","P3 (k_meth, Ea_meth, n)",3,625/675/750,18,-19.444935642355972,794300.8653064878,1084.5760187925075,5.796266471483324,678.964778593354,,,,,,,,
S3,"S3 kinetic-loop inlet (X4, H2/CO2 0.42)","P3 (k_meth, Ea_meth, n)",3,600/725/750,18,-19.675331861293998,735399.0238044218,898.6559478464544,9.12455922021592,562.4534607094171,,,,,,,,
S3,"S3 kinetic-loop inlet (X4, H2/CO2 0.42)","P3 (k_meth, Ea_meth, n)",3,600/650/750,18,-19.685940545098877,874810.2007174256,1151.0460521427929,6.008245859506794,720.5752814824637,,,,,,,,
S3,"S3 kinetic-loop inlet (X4, H2/CO2 0.42)","P3 (k_meth, Ea_meth, n)",3,600/700/750,18,-19.76406676816722,699957.0236556245,988.6334114549859,7.649985776580141,618.8289829872983,,,,,,,,
S3,"S3 kinetic-loop inlet (X4, H2/CO2 0.42)","P3 (k_meth, Ea_meth, n)",3,600/675/750,18,-19.784503045836832,800411.4531564899,1089.4169654065968,6.764697960934833,681.9831080760297,,,,,,,,
S3,"S3 kinetic-loop inlet (X4, H2/CO2 0.42)","P3 (k_meth, Ea_meth, n)",3,600/625/750,18,-19.92461491678382,901854.5628004461,1174.1534150023892,6.508906201074153,735.0036503312828,,,,,,,,
S3,"S3 kinetic-loop inlet (X4, H2/CO2 0.42)","P3 (k_meth, Ea_meth, n)",3,650/700/725,18,-20.633143976687617,387699.76671232836,1072.8874899413106,8.875708745303312,671.6354783441898,,,,,,,,
S3,"S3 kinetic-loop inlet (X4, H2/CO2 0.42)","P3 (k_meth, Ea_meth, n)",3,650/675/725,18,-20.735424482982836,428017.6704927885,1205.5505161089718,7.86647599785607,754.7279142271856,,,,,,,,
S3,"S3 kinetic-loop inlet (X4, H2/CO2 0.42)","P3 (k_meth, Ea_meth, n)",3,625/700/725,18,-20.754523665279798,391602.03258473624,1091.5263059135427,9.026443618099014,683.2726263942411,,,,,,,,
S3,"S3 kinetic-loop inlet (X4, H2/CO2 0.42)","P3 (k_meth, Ea_meth, n)",3,625/650/725,18,-20.769690887325496,475216.5143320346,1323.527787091237,6.90730677550019,828.575054282601,,,,,,,,
S3,"S3 kinetic-loop inlet (X4, H2/CO2 0.42)","P3 (k_meth, Ea_meth, n)",3,625/675/725,18,-20.849511106152566,434666.93661102565,1232.1375469277114,7.90889108722085,771.3501311744842,,,,,,,,
S3,"S3 kinetic-loop inlet (X4, H2/CO2 0.42)","P3 (k_meth, Ea_meth, n)",3,675/700/725,18,-21.007315951336526,367868.96769714955,1022.5067339019982,11.449147613748323,640.0573929972181,,,,,,,,
S3,"S3 kinetic-loop inlet (X4, H2/CO2 0.42)","P3 (k_meth, Ea_meth, n)",3,600/650/725,18,-21.054017350225187,478549.78698154463,1332.3261712616868,7.758106356862844,834.0778553831113,,,,,,,,
S3,"S3 kinetic-loop inlet (X4, H2/CO2 0.42)","P3 (k_meth, Ea_meth, n)",3,600/625/725,18,-21.214019880072872,490292.78483294044,1368.4918830375545,7.903004368325227,856.6872612260779,,,,,,,,
S3,"S3 kinetic-loop inlet (X4, H2/CO2 0.42)","P3 (k_meth, Ea_meth, n)",3,600/675/725,18,-21.229806464934267,437036.3084308781,1239.2401492582926,9.336631317115879,775.7841777592785,,,,,,,,
S3,"S3 kinetic-loop inlet (X4, H2/CO2 0.42)","P3 (k_meth, Ea_meth, n)",3,600/700/725,18,-21.292432639971302,393127.84446207224,1096.5242368391728,11.567959997285504,686.3483690932252,,,,,,,,
S3,"S3 kinetic-loop inlet (X4, H2/CO2 0.42)","P3 (k_meth, Ea_meth, n)",3,625/650/700,18,-22.873441625474772,241414.4989531031,1677.3295930159497,10.671811012200854,1050.0833910026727,,,,,,,,
S3,"S3 kinetic-loop inlet (X4, H2/CO2 0.42)","P3 (k_meth, Ea_meth, n)",3,625/675/700,18,-22.87714515976712,225731.8750709649,1501.9850202521743,12.551628398209445,940.2935810596036,,,,,,,,
S3,"S3 kinetic-loop inlet (X4, H2/CO2 0.42)","P3 (k_meth, Ea_meth, n)",3,650/675/700,18,-22.96289385666069,233461.37569428637,1454.5830651487772,14.348767251794436,910.6442262492933,,,,,,,,
S3,"S3 kinetic-loop inlet (X4, H2/CO2 0.42)","P3 (k_meth, Ea_meth, n)",3,600/650/700,18,-23.147345981240512,236242.81212835276,1695.3324671105463,11.606863380392879,1061.3523784331082,,,,,,,,
S3,"S3 kinetic-loop inlet (X4, H2/CO2 0.42)","P3 (k_meth, Ea_meth, n)",3,600/625/700,18,-23.21466438640672,226301.35764815277,1771.7436288901706,10.58817497852226,1109.1570546423782,,,,,,,,
S3,"S3 kinetic-loop inlet (X4, H2/CO2 0.42)","P3 (k_meth, Ea_meth, n)",3,600/675/700,18,-23.308532014144753,221990.6576851661,1514.8879083257232,14.863217659175827,948.358988243456,,,,,,,,
S3,"S3 kinetic-loop inlet (X4, H2/CO2 0.42)","P3 (k_meth, Ea_meth, n)",3,625/650/675,18,-25.04065166579508,303192.5669484665,2392.7656955963594,18.784312893988332,1498.0169915128338,,,,,,,,
S3,"S3 kinetic-loop inlet (X4, H2/CO2 0.42)","P3 (k_meth, Ea_meth, n)",3,600/650/675,18,-25.24970439435667,284885.2572778531,2445.9072861163254,19.221252692064304,1531.2909238315294,,,,,,,,
S3,"S3 kinetic-loop inlet (X4, H2/CO2 0.42)","P3 (k_meth, Ea_meth, n)",3,600/625/675,18,-25.26538750729371,267801.66883931437,2693.77492585375,15.579583971091148,1686.4544199630805,,,,,,,,
S3,"S3 kinetic-loop inlet (X4, H2/CO2 0.42)","P3 (k_meth, Ea_meth, n)",3,600/625/650,18,-27.61467980332642,594317.1467554641,4473.7412327072725,27.00127511846642,2800.8728810632288,,,,,,,,
S3,"S3 kinetic-loop inlet (X4, H2/CO2 0.42)","P3 (k_meth, Ea_meth, n)",4,725/750/825/850,24,-12.968958807776884,112185.43526204553,175.08556037023666,2.462645354511804,109.41821852790106,,,,,,,,
S3,"S3 kinetic-loop inlet (X4, H2/CO2 0.42)","P3 (k_meth, Ea_meth, n)",4,725/750/775/850,24,-13.023653414105778,121375.76720065036,182.24155534503382,2.547182695514359,113.89198453352955,,,,,,,,
S3,"S3 kinetic-loop inlet (X4, H2/CO2 0.42)","P3 (k_meth, Ea_meth, n)",4,725/750/800/850,24,-13.056006192281028,123067.57124730709,181.80657049366206,2.5477571159928347,113.61508093972617,,,,,,,,
S3,"S3 kinetic-loop inlet (X4, H2/CO2 0.42)","P3 (k_meth, Ea_meth, n)",4,700/725/750/850,24,-13.117430017814701,98525.67748316572,185.10200957044182,2.334380250678984,115.71990025325208,,,,,,,,
S3,"S3 kinetic-loop inlet (X4, H2/CO2 0.42)","P3 (k_meth, Ea_meth, n)",4,650/725/750/850,24,-13.13462214101503,97668.11601114915,185.94210275388895,2.2984186164898874,116.25297439972603,,,,,,,,
S3,"S3 kinetic-loop inlet (X4, H2/CO2 0.42)","P3 (k_meth, Ea_meth, n)",4,675/725/750/850,24,-13.146693301745822,97801.37802515962,185.66966794590954,2.328435483342196,116.07795414349742,,,,,,,,
S3,"S3 kinetic-loop inlet (X4, H2/CO2 0.42)","P3 (k_meth, Ea_meth, n)",4,750/775/825/850,24,-13.176090997272636,127677.43080253409,173.30799206762728,2.939173772753262,108.21717598227555,,,,,,,,
S3,"S3 kinetic-loop inlet (X4, H2/CO2 0.42)","P3 (k_meth, Ea_meth, n)",4,700/750/825/850,24,-13.192423187686671,107288.21516893114,175.70241374391387,2.606185938600508,109.77965634146277,,,,,,,,
S3,"S3 kinetic-loop inlet (X4, H2/CO2 0.42)","P3 (k_meth, Ea_meth, n)",4,700/750/775/850,24,-13.1934740770715,116042.08964911167,182.91651818790257,2.6362424936557667,114.29958129178256,,,,,,,,
S3,"S3 kinetic-loop inlet (X4, H2/CO2 0.42)","P3 (k_meth, Ea_meth, n)",4,725/775/825/850,24,-13.19762724212284,116416.03874253923,173.7471367622732,2.7806440258572733,108.52664578427026,,,,,,,,
S3,"S3 kinetic-loop inlet (X4, H2/CO2 0.42)","P3 (k_meth, Ea_meth, n)",4,650/750/775/850,24,-13.208035376273395,115364.06970635489,183.72261029941697,2.599352907008092,114.81282105432165,,,,,,,,
S3,"S3 kinetic-loop inlet (X4, H2/CO2 0.42)","P3 (k_meth, Ea_meth, n)",4,625/725/750/850,24,-13.21279507522133,97642.61303492097,186.05746062384907,2.371604250078603,116.31250525019271,,,,,,,,
S3,"S3 kinetic-loop inlet (X4, H2/CO2 0.42)","P3 (k_meth, Ea_meth, n)",4,675/750/775/850,24,-13.226214274300968,115444.39923891677,183.46428668270846,2.639295571952144,114.6443463878762,,,,,,,,
S3,"S3 kinetic-loop inlet (X4, H2/CO2 0.42)","P3 (k_meth, Ea_meth, n)",4,650/750/825/850,24,-13.231376765310298,106631.82841882484,176.42265234035733,2.5973341261464555,110.23465942698462,,,,,,,,
S3,"S3 kinetic-loop inlet (X4, H2/CO2 0.42)","P3 (k_meth, Ea_meth, n)",4,700/725/775/850,24,-13.237471152059534,103391.7050845758,183.45789418592153,2.4984653707722715,114.66567585211035,,,,,,,,
S3,"S3 kinetic-loop inlet (X4, H2/CO2 0.42)","P3 (k_meth, Ea_meth, n)",4,675/750/825/850,24,-13.243260521595893,106715.6109587642,176.19317721937531,2.6300297487866104,110.0852915947379,,,,,,,,
S3,"S3 kinetic-loop inlet (X4, H2/CO2 0.42)","P3 (k_meth, Ea_meth, n)",4,700/750/800/850,24,-13.260147888782077,117826.57095044768,182.49178669602352,2.677597369918542,114.02000234760634,,,,,,,,
S3,"S3 kinetic-loop inlet (X4, H2/CO2 0.42)","P3 (k_meth, Ea_meth, n)",4,650/725/775/850,24,-13.262345607874868,102612.95180600112,184.2749015960593,2.469527023501993,115.18433819647134,,,,,,,,
S3,"S3 kinetic-loop inlet (X4, H2/CO2 0.42)","P3 (k_meth, Ea_meth, n)",4,725/775/800/850,24,-13.269518707308272,127404.95264578136,180.3011860597921,2.8570119170663433,112.61842941168655,,,,,,,,
S3,"S3 kinetic-loop inlet (X4, H2/CO2 0.42)","P3 (k_meth, Ea_meth, n)",4,750/775/800/850,24,-13.271860576343823,139492.93808054918,179.8140582902783,3.046855754750734,112.27369514135319,,,,,,,,
S3,"S3 kinetic-loop inlet (X4, H2/CO2 0.42)","P3 (k_meth, Ea_meth, n)",4,700/725/825/850,24,-13.275245892687792,95644.1635303967,176.1839252424541,2.497738044553785,110.10443299922277,,,,,,,,
S3,"S3 kinetic-loop inlet (X4, H2/CO2 0.42)","P3 (k_meth, Ea_meth, n)",4,675/725/775/850,24,-13.27541619844753,102723.52928101683,184.01154978341344,2.5029949283158226,115.01404128580262,,,,,,,,
S3,"S3 kinetic-loop inlet (X4, H2/CO2 0.42)","P3 (k_meth, Ea_meth, n)",4,650/750/800/850,24,-13.287733434739547,117192.74435485459,183.29699589265937,2.6555616151093577,114.52978903084072,,,,,,,,
S3,"S3 kinetic-loop inlet (X4, H2/CO2 0.42)","P3 (k_meth, Ea_meth, n)",4,675/750/800/850,24,-13.303636515820214,117259.45648685812,183.03995488653885,2.6938171871881806,114.36240554993744,,,,,,,,
S3,"S3 kinetic-loop inlet (X4, H2/CO2 0.42)","P3 (k_meth, Ea_meth, n)",4,600/725/750/850,24,-13.309923196531898,97686.99619681526,186.1110764309676,2.4786326357328026,116.328560396446,,,,,,,,
S3,"S3 kinetic-loop inlet (X4, H2/CO2 0.42)","P3 (k_meth, Ea_meth, n)",4,625/750/775/850,24,-13.313907221987638,115374.86267711586,183.85218777840117,2.7222795643704933,114.8706755849795,,,,,,,,
S3,"S3 kinetic-loop inlet (X4, H2/CO2 0.42)","P3 (k_meth, Ea_meth, n)",4,700/725/800/850,24,-13.317687684352817,105286.23036946626,183.03029429617376,2.5467378894985373,114.38281779254986,,,,,,,,
S3,"S3 kinetic-loop inlet (X4, H2/CO2 0.42)","P3 (k_meth, Ea_meth, n)",4,650/700/750/850,24,-13.32188744375143,91969.67473726526,186.64884800184993,2.361485168981435,116.68680752887846,,,,,,,,
S3,"S3 kinetic-loop inlet (X4, H2/CO2 0.42)","P3 (k_meth, Ea_meth, n)",4,650/725/825/850,24,-13.328372553665842,94908.25740077592,176.9132556425796,2.4984682282420443,110.56391886532538,,,,,,,,
S3,"S3 kinetic-loop inlet (X4, H2/CO2 0.42)","P3 (k_meth, Ea_meth, n)",4,675/700/750/850,24,-13.332145317209136,92113.37152188063,186.3736040205412,2.391913154696021,116.5097633596797,,,,,,,,
S3,"S3 kinetic-loop inlet (X4, H2/CO2 0.42)","P3 (k_meth, Ea_meth, n)",4,750/800/825/850,24,-13.33359639239163,129338.04690117502,173.01330769667476,3.1308017446730165,107.98226785879001,,,,,,,,
S3,"S3 kinetic-loop inlet (X4, H2/CO2 0.42)","P3 (k_meth, Ea_meth, n)",4,675/725/825/850,24,-13.334576460081763,95015.60727445665,176.67958712520038,2.525166675749139,110.41306302112325,,,,,,,,
S3,"S3 kinetic-loop inlet (X4, H2/CO2 0.42)","P3 (k_meth, Ea_meth, n)",4,650/725/800/850,24,-13.3574085942068,104555.93301806231,183.84629546183487,2.533633018744937,114.89787034271149,,,,,,,,
S3,"S3 kinetic-loop inlet (X4, H2/CO2 0.42)","P3 (k_meth, Ea_meth, n)",4,625/750/825/850,24,-13.359049203110617,106651.59390668465,176.55098919636637,2.7481511616564473,110.2855201192654,,,,,,,,
S3,"S3 kinetic-loop inlet (X4, H2/CO2 0.42)","P3 (k_meth, Ea_meth, n)",4,625/725/775/850,24,-13.36334800749579,102606.96529277231,184.39819411311697,2.577389034073137,115.2422526935026,,,,,,,,
S3,"S3 kinetic-loop inlet (X4, H2/CO2 0.42)","P3 (k_meth, Ea_meth, n)",4,650/675/750/850,24,-13.363983071197172,91214.4409531119,187.23259807639326,2.3644361532515354,117.05418841049385,,,,,,,,
S3,"S3 kinetic-loop inlet (X4, H2/CO2 0.42)","P3 (k_meth, Ea_meth, n)",4,675/725/800/850,24,-13.367770592367616,104651.3594165651,183.5842218082992,2.5651673155392642,114.7287181206524,,,,,,,,
S3,"S3 kinetic-loop inlet (X4, H2/CO2 0.42)","P3 (k_meth, Ea_meth, n)",4,725/800/825/850,24,-13.3705209088202,118157.05082684552,173.44740596478414,2.9775725922057874,108.28912304982556,,,,,,,,
S3,"S3 kinetic-loop inlet (X4, H2/CO2 0.42)","P3 (k_meth, Ea_meth, n)",4,625/750/800/850,24,-13.410969011460988,117220.40550259774,183.4363144491229,2.804655607640302,114.5872889442699,,,,,,,,
S3,"S3 kinetic-loop inlet (X4, H2/CO2 0.42)","P3 (k_meth, Ea_meth, n)",4,625/700/750/850,24,-13.41340783596819,91946.93578614324,186.76995864498713,2.4505900490018653,116.74690349163743,,,,,,,,
S3,"S3 kinetic-loop inlet (X4, H2/CO2 0.42)","P3 (k_meth, Ea_meth, n)",4,650/700/725/850,24,-13.444744644028324,78698.69501724375,187.24219286104676,2.2615153632589156,117.07949218788038,,,,,,,,
S3,"S3 kinetic-loop inlet (X4, H2/CO2 0.42)","P3 (k_meth, Ea_meth, n)",4,675/700/725/850,24,-13.449559748939242,78874.01558116339,186.96267580182234,2.2875908376508916,116.90047761467788,,,,,,,,
S3,"S3 kinetic-loop inlet (X4, H2/CO2 0.42)","P3 (k_meth, Ea_meth, n)",4,625/650/750/850,24,-13.449702887358148,91050.13663699437,187.63442831445334,2.426145130516225,117.29462261851674,,,,,,,,
S3,"S3 kinetic-loop inlet (X4, H2/CO2 0.42)","P3 (k_meth, Ea_meth, n)",4,600/750/775/850,24,-13.45011814014531,115447.96209742925,183.93216929087376,2.90302509788304,114.88686827471761,,,,,,,,
S3,"S3 kinetic-loop inlet (X4, H2/CO2 0.42)","P3 (k_meth, Ea_meth, n)",4,625/725/825/850,24,-13.456718456356358,94915.00466721656,177.0368723519346,2.6410308185690026,110.61483605255786,,,,,,,,
S3,"S3 kinetic-loop inlet (X4, H2/CO2 0.42)","P3 (k_meth, Ea_meth, n)",4,625/675/750/850,24,-13.45882289702394,91192.98815764792,187.35508970887383,2.4570306724783033,117.11475455767044,,,,,,,,
S3,"S3 kinetic-loop inlet (X4, H2/CO2 0.42)","P3 (k_meth, Ea_meth, n)",4,625/725/800/850,24,-13.477555758426655,104566.7235788664,183.97927200646836,2.6687645597697958,114.95540615473345,,,,,,,,
S3,"S3 kinetic-loop inlet (X4, H2/CO2 0.42)","P3 (k_meth, Ea_meth, n)",4,600/725/775/850,24,-13.48929367568525,102664.81108199219,184.46668554768908,2.732772885530164,115.25789323210641,,,,,,,,
S3,"S3 kinetic-loop inlet (X4, H2/CO2 0.42)","P3 (k_meth, Ea_meth, n)",4,650/675/725/850,24,-13.496319622928938,77871.9920563054,187.83222538790085,2.2663783505822392,117.45104246911973,,,,,,,,
S3,"S3 kinetic-loop inlet (X4, H2/CO2 0.42)","P3 (k_meth, Ea_meth, n)",4,650/700/775/850,24,-13.502735128997092,97109.86307889958,184.9809003118624,2.6053174677332946,115.60628466911143,,,,,,,,
S3,"S3 kinetic-loop inlet (X4, H2/CO2 0.42)","P3 (k_meth, Ea_meth, n)",4,675/700/775/850,24,-13.514178304937484,97230.2849078198,184.71554126117613,2.6404250485017906,115.43405178188245,,,,,,,,
S3,"S3 kinetic-loop inlet (X4, H2/CO2 0.42)","P3 (k_meth, Ea_meth, n)",4,700/775/825/850,24,-13.515402488056647,111692.30179110343,174.404241136376,3.0846137278103196,108.8793457901694,,,,,,,,
S3,"S3 kinetic-loop inlet (X4, H2/CO2 0.42)","P3 (k_meth, Ea_meth, n)",4,600/750/825/850,24,-13.518554302586368,106728.83251304924,176.64109683890217,2.963729361605396,110.29934167577501,,,,,,,,
S3,"S3 kinetic-loop inlet (X4, H2/CO2 0.42)","P3 (k_meth, Ea_meth, n)",4,600/700/750/850,24,-13.525451102583162,91994.3807089122,186.83046210999578,2.5788372438503258,116.76301850361806,,,,,,,,
S3,"S3 kinetic-loop inlet (X4, H2/CO2 0.42)","P3 (k_meth, Ea_meth, n)",4,625/700/725/850,24,-13.53613866118313,78664.96079480922,187.36011469222518,2.3423212273819902,117.13983282930269,,,,,,,,
S3,"S3 kinetic-loop inlet (X4, H2/CO2 0.42)","P3 (k_meth, Ea_meth, n)",4,700/775/800/850,24,-13.555817936934691,122354.61492053387,181.01900906513941,3.1283952117408496,113.01300232770348,,,,,,,,
S3,"S3 kinetic-loop inlet (X4, H2/CO2 0.42)","P3 (k_meth, Ea_meth, n)",4,650/675/775/850,24,-13.559747576455074,96415.05598848547,185.55196733925533,2.6281226346855733,115.96358362386557,,,,,,,,
S3,"S3 kinetic-loop inlet (X4, H2/CO2 0.42)","P3 (k_meth, Ea_meth, n)",4,600/650/750/850,24,-13.563269245429876,91097.31899967713,187.69420392122967,2.5544520308531955,117.31074171566529,,,,,,,,
S3,"S3 kinetic-loop inlet (X4, H2/CO2 0.42)","P3 (k_meth, Ea_meth, n)",4,600/750/800/850,24,-13.568040869525403,117307.38094560409,183.5312288325347,3.0217502425685603,114.6033934822259,,,,,,,,
S3,"S3 kinetic-loop inlet (X4, H2/CO2 0.42)","P3 (k_meth, Ea_meth, n)",4,600/675/750/850,24,-13.574213423318614,91240.90103348569,187.41642879636072,2.589506031800939,117.13088303536819,,,,,,,,
S3,"S3 kinetic-loop inlet (X4, H2/CO2 0.42)","P3 (k_meth, Ea_meth, n)",4,650/775/825/850,24,-13.576994877573076,111098.01719109622,175.11396254229334,3.1092000144736853,109.32311664760508,,,,,,,,
S3,"S3 kinetic-loop inlet (X4, H2/CO2 0.42)","P3 (k_meth, Ea_meth, n)",4,625/650/725/850,24,-13.58917418721424,77666.33504459525,188.2354863926622,2.3254454629448724,117.69380562669025,,,,,,,,
S3,"S3 kinetic-loop inlet (X4, H2/CO2 0.42)","P3 (k_meth, Ea_meth, n)",4,625/675/725/850,24,-13.59194130753401,77840.02477165977,187.95162189036517,2.35131624384932,117.51188396517065,,,,,,,,
S3,"S3 kinetic-loop inlet (X4, H2/CO2 0.42)","P3 (k_meth, Ea_meth, n)",4,675/775/825/850,24,-13.593150248018642,111169.47835327372,174.89664613719626,3.1550406540308518,109.17744372200322,,,,,,,,
S3,"S3 kinetic-loop inlet (X4, H2/CO2 0.42)","P3 (k_meth, Ea_meth, n)",4,650/775/800/850,24,-13.599791276677736,121786.2111458819,181.80633704180056,3.1282968665006745,113.5091488663345,,,,,,,,
S3,"S3 kinetic-loop inlet (X4, H2/CO2 0.42)","P3 (k_meth, Ea_meth, n)",4,600/725/825/850,24,-13.612429954983815,94978.73088720595,177.1179139568011,2.8406128018360115,110.6282284177376,,,,,,,,
S3,"S3 kinetic-loop inlet (X4, H2/CO2 0.42)","P3 (k_meth, Ea_meth, n)",4,675/775/800/850,24,-13.6210950409157,121840.05556498743,181.56348047943274,3.181896638169839,113.34628895353062,,,,,,,,
S3,"S3 kinetic-loop inlet (X4, H2/CO2 0.42)","P3 (k_meth, Ea_meth, n)",4,600/725/800/850,24,-13.625968977120142,104636.73212106439,184.06207339284407,2.8610020756582832,114.9709365265189,,,,,,,,
S3,"S3 kinetic-loop inlet (X4, H2/CO2 0.42)","P3 (k_meth, Ea_meth, n)",4,625/700/775/850,24,-13.62846964088628,97110.69167733437,185.11723322488587,2.7502301511176452,115.66472802929404,,,,,,,,
S3,"S3 kinetic-loop inlet (X4, H2/CO2 0.42)","P3 (k_meth, Ea_meth, n)",4,600/700/725/850,24,-13.64397470227218,78704.33293740002,187.41460979074787,2.4569542019167643,117.1556326007063,,,,,,,,
S3,"S3 kinetic-loop inlet (X4, H2/CO2 0.42)","P3 (k_meth, Ea_meth, n)",4,650/700/800/850,24,-13.666045150119288,99170.14499529084,184.57851090489768,2.7565205496853182,115.31668777370496,,,,,,,,
S3,"S3 kinetic-loop inlet (X4, H2/CO2 0.42)","P3 (k_meth, Ea_meth, n)",4,675/700/800/850,24,-13.67419901647823,99274.80647089859,184.3148368398628,2.7900270360842123,115.14565815792783,,,,,,,,
S3,"S3 kinetic-loop inlet (X4, H2/CO2 0.42)","P3 (k_meth, Ea_meth, n)",4,600/625/750/850,24,-13.680279939143347,91085.64144470976,187.83044949247724,2.6831250738126293,117.37190379700101,,,,,,,,
S3,"S3 kinetic-loop inlet (X4, H2/CO2 0.42)","P3 (k_meth, Ea_meth, n)",4,625/650/775/850,24,-13.681736967023205,96298.28882863911,185.95997783693838,2.7460407693835007,116.19737702016448,,,,,,,,
S3,"S3 kinetic-loop inlet (X4, H2/CO2 0.42)","P3 (k_meth, Ea_meth, n)",4,650/700/825/850,24,-13.689671438914418,89911.1150556642,177.58294369774165,2.775876170917132,110.93735266068904,,,,,,,,
S3,"S3 kinetic-loop inlet (X4, H2/CO2 0.42)","P3 (k_meth, Ea_meth, n)",4,675/700/825/850,24,-13.692080682124582,90025.19336179488,177.3478669358543,2.80290176526466,110.78488126411803,,,,,,,,
S3,"S3 kinetic-loop inlet (X4, H2/CO2 0.42)","P3 (k_meth, Ea_meth, n)",4,625/675/775/850,24,-13.692252727531487,96417.99089113717,185.6914671805526,2.782917215628994,116.02244691746579,,,,,,,,
S3,"S3 kinetic-loop inlet (X4, H2/CO2 0.42)","P3 (k_meth, Ea_meth, n)",4,600/650/725/850,24,-13.700136861323157,77706.05130633876,188.2898820329017,2.4421830156311772,117.70966633270669,,,,,,,,
S3,"S3 kinetic-loop inlet (X4, H2/CO2 0.42)","P3 (k_meth, Ea_meth, n)",4,600/675/725/850,24,-13.703989629417642,77880.0046262543,188.0070740306711,2.470949768609083,117.52772213577128,,,,,,,,
S3,"S3 kinetic-loop inlet (X4, H2/CO2 0.42)","P3 (k_meth, Ea_meth, n)",4,650/675/800/850,24,-13.745936184303785,98514.397452161,185.15517563450587,2.809967802702149,115.67131542797745,,,,,,,,
S3,"S3 kinetic-loop inlet (X4, H2/CO2 0.42)","P3 (k_meth, Ea_meth, n)",4,625/775/825/850,24,-13.782519257312941,111173.69417835171,175.30600098632385,3.4202860471667065,109.37292204819589,,,,,,,,
S3,"S3 kinetic-loop inlet (X4, H2/CO2 0.42)","P3 (k_meth, Ea_meth, n)",4,600/700/775/850,24,-13.78534520652605,97178.27878631865,185.2049241338386,2.9597296613783057,115.68043043148441,,,,,,,,
S3,"S3 kinetic-loop inlet (X4, H2/CO2 0.42)","P3 (k_meth, Ea_meth, n)",4,650/675/825/850,24,-13.789895779541345,89269.30386951988,178.10298440950126,2.854583340472847,111.253448253194,,,,,,,,
S3,"S3 kinetic-loop inlet (X4, H2/CO2 0.42)","P3 (k_meth, Ea_meth, n)",4,625/775/800/850,24,-13.791153740419967,121870.13674042239,182.00234811316201,3.41839129128881,113.56567977444678,,,,,,,,
S3,"S3 kinetic-loop inlet (X4, H2/CO2 0.42)","P3 (k_meth, Ea_meth, n)",4,650/675/700/850,24,-13.79450519198737,72050.39690363208,188.5696986139791,2.386400623614647,117.90014756007672,,,,,,,,
S3,"S3 kinetic-loop inlet (X4, H2/CO2 0.42)","P3 (k_meth, Ea_meth, n)",4,700/800/825/850,24,-13.81404042142754,113578.66229080746,174.20353842813458,3.509541575828055,108.63996709570577,,,,,,,,
S3,"S3 kinetic-loop inlet (X4, H2/CO2 0.42)","P3 (k_meth, Ea_meth, n)",4,600/625/725/850,24,-13.818781205232403,77682.0962556898,188.42128402746863,2.561642989113756,117.77096071312937,,,,,,,,
S3,"S3 kinetic-loop inlet (X4, H2/CO2 0.42)","P3 (k_meth, Ea_meth, n)",4,625/700/800/850,24,-13.827713925293086,99196.48252992035,184.738779309979,2.9612066186464454,115.37482585799508,,,,,,,,
S3,"S3 kinetic-loop inlet (X4, H2/CO2 0.42)","P3 (k_meth, Ea_meth, n)",4,600/650/775/850,24,-13.843972613493833,96365.8941646319,186.04848703140863,2.9624447736057675,116.21301504376086,,,,,,,,
S3,"S3 kinetic-loop inlet (X4, H2/CO2 0.42)","P3 (k_meth, Ea_meth, n)",4,600/675/775/850,24,-13.857362201974723,96487.50497269222,185.78320034165532,3.0067481491506767,116.03811859794928,,,,,,,,
S3,"S3 kinetic-loop inlet (X4, H2/CO2 0.42)","P3 (k_meth, Ea_meth, n)",4,625/700/825/850,24,-13.873059989009404,89936.68057289896,177.74157865707002,3.0122584446108145,110.988646022879,,,,,,,,
S3,"S3 kinetic-loop inlet (X4, H2/CO2 0.42)","P3 (k_meth, Ea_meth, n)",4,625/650/800/850,24,-13.91418385132471,98441.97803565177,185.59030098202115,3.0020623664455512,115.90351999152448,,,,,,,,
S3,"S3 kinetic-loop inlet (X4, H2/CO2 0.42)","P3 (k_meth, Ea_meth, n)",4,625/675/700/850,24,-13.919948445737715,72025.85698922227,188.69987765161235,2.507516561192522,117.96154921154113,,,,,,,,
S3,"S3 kinetic-loop inlet (X4, H2/CO2 0.42)","P3 (k_meth, Ea_meth, n)",4,625/675/800/850,24,-13.92080358220763,98545.88634631861,185.3240070982391,3.037639334313443,115.72985808612377,,,,,,,,
S3,"S3 kinetic-loop inlet (X4, H2/CO2 0.42)","P3 (k_meth, Ea_meth, n)",4,650/800/825/850,24,-13.921316868346542,113042.08366469332,174.9428211927844,3.6161397037521392,109.08073263137672,,,,,,,,
S3,"S3 kinetic-loop inlet (X4, H2/CO2 0.42)","P3 (k_meth, Ea_meth, n)",4,625/650/700/850,24,-13.923359982583328,71846.24216950545,188.98685379271203,2.4832547204861934,118.14578487434217,,,,,,,,
S3,"S3 kinetic-loop inlet (X4, H2/CO2 0.42)","P3 (k_meth, Ea_meth, n)",4,775/800/825/850,24,-13.93385696196578,133567.41230365928,172.09979732768443,4.256344725960246,107.12850206120409,,,,,,,,
S3,"S3 kinetic-loop inlet (X4, H2/CO2 0.42)","P3 (k_meth, Ea_meth, n)",4,675/800/825/850,24,-13.936761284485016,113106.58817113179,174.73217239948139,3.669037029175665,108.93607306200599,,,,,,,,
S3,"S3 kinetic-loop inlet (X4, H2/CO2 0.42)","P3 (k_meth, Ea_meth, n)",4,625/675/825/850,24,-13.993061229665763,89301.830213559,178.27468483907953,3.1272596472865057,111.30509030418598,,,,,,,,
S3,"S3 kinetic-loop inlet (X4, H2/CO2 0.42)","P3 (k_meth, Ea_meth, n)",4,625/650/825/850,24,-13.994149073224957,89188.87467864073,178.51225532593008,3.1008126831623164,111.45980508369546,,,,,,,,
S3,"S3 kinetic-loop inlet (X4, H2/CO2 0.42)","P3 (k_meth, Ea_meth, n)",4,625/650/675/850,24,-14.016989393578625,71002.93237999034,189.59942462218305,2.5245700782936287,118.52845208354186,,,,,,,,
S3,"S3 kinetic-loop inlet (X4, H2/CO2 0.42)","P3 (k_meth, Ea_meth, n)",4,600/625/775/850,24,-14.0240538474384,96393.01042007803,186.22622639823143,3.2112997429124928,116.27255040069282,,,,,,,,
S3,"S3 kinetic-loop inlet (X4, H2/CO2 0.42)","P3 (k_meth, Ea_meth, n)",4,600/700/800/850,24,-14.031759692533424,99291.3059862524,184.866264728491,3.261906616601225,115.39057633808362,,,,,,,,
S3,"S3 kinetic-loop inlet (X4, H2/CO2 0.42)","P3 (k_meth, Ea_meth, n)",4,600/775/800/850,24,-14.05276070344869,122048.86386323036,182.20985995608194,3.8805848651002535,113.5825622994359,,,,,,,,
S3,"S3 kinetic-loop inlet (X4, H2/CO2 0.42)","P3 (k_meth, Ea_meth, n)",4,600/775/825/850,24,-14.061757837024633,111345.10184507899,175.52328602036647,3.9161230729945515,109.38692305949388,,,,,,,,
S3,"S3 kinetic-loop inlet (X4, H2/CO2 0.42)","P3 (k_meth, Ea_meth, n)",4,600/675/700/850,24,-14.065898234160096,72071.31493108005,188.76988584385032,2.6765693423231354,117.97735138640849,,,,,,,,
S3,"S3 kinetic-loop inlet (X4, H2/CO2 0.42)","P3 (k_meth, Ea_meth, n)",4,600/650/700/850,24,-14.068789179902467,71891.35749463149,189.05561846763663,2.649576323765859,118.16162708856811,,,,,,,,
S3,"S3 kinetic-loop inlet (X4, H2/CO2 0.42)","P3 (k_meth, Ea_meth, n)",4,600/700/825/850,24,-14.10391786950325,90030.92478694713,177.8827949188307,3.361331884229181,111.00200646245305,,,,,,,,
S3,"S3 kinetic-loop inlet (X4, H2/CO2 0.42)","P3 (k_meth, Ea_meth, n)",4,600/650/800/850,24,-14.133466644214966,98541.699688051,185.72790605370184,3.3313089402722538,115.91918731641381,,,,,,,,
S3,"S3 kinetic-loop inlet (X4, H2/CO2 0.42)","P3 (k_meth, Ea_meth, n)",4,600/675/800/850,24,-14.143092359907932,98648.5111867378,185.46616462939704,3.3761150873080816,115.74557687739448,,,,,,,,
S3,"S3 kinetic-loop inlet (X4, H2/CO2 0.42)","P3 (k_meth, Ea_meth, n)",4,600/650/675/850,24,-14.17429075420036,71049.67080481516,189.672440960981,2.708515056086763,118.5443966326066,,,,,,,,
S3,"S3 kinetic-loop inlet (X4, H2/CO2 0.42)","P3 (k_meth, Ea_meth, n)",4,600/625/700/850,24,-14.237466514075834,71879.72672663792,189.21100913687062,2.8425928337058766,118.22343818313915,,,,,,,,
S3,"S3 kinetic-loop inlet (X4, H2/CO2 0.42)","P3 (k_meth, Ea_meth, n)",4,625/800/825/850,24,-14.245475746431753,113242.75567049226,175.2951382494169,4.219646783149463,109.13109923348392,,,,,,,,
S3,"S3 kinetic-loop inlet (X4, H2/CO2 0.42)","P3 (k_meth, Ea_meth, n)",4,600/650/825/850,24,-14.252636679664072,89292.9712038929,178.6750682394682,3.5071545824914248,111.47314233553168,,,,,,,,
S3,"S3 kinetic-loop inlet (X4, H2/CO2 0.42)","P3 (k_meth, Ea_meth, n)",4,600/675/825/850,24,-14.252814225578817,89408.23296097835,178.4410916106965,3.5396304560350034,111.31842043167426,,,,,,,,
S3,"S3 kinetic-loop inlet (X4, H2/CO2 0.42)","P3 (k_meth, Ea_meth, n)",4,600/625/675/850,24,-14.361809085406811,71042.69224419828,189.83675920878656,2.931046071538088,118.60678622096944,,,,,,,,
S3,"S3 kinetic-loop inlet (X4, H2/CO2 0.42)","P3 (k_meth, Ea_meth, n)",4,600/625/650/850,24,-14.371345567023617,70865.80720761717,190.1271808461978,2.907874439914153,118.79427916743585,,,,,,,,
S3,"S3 kinetic-loop inlet (X4, H2/CO2 0.42)","P3 (k_meth, Ea_meth, n)",4,600/625/800/850,24,-14.402842305973484,98635.98213459304,185.99933069879492,3.7739628796447042,115.97873267902008,,,,,,,,
S3,"S3 kinetic-loop inlet (X4, H2/CO2 0.42)","P3 (k_meth, Ea_meth, n)",4,600/625/825/850,24,-14.597766142751473,89414.79993799445,179.01212293490073,4.122810397380833,111.52514340864263,,,,,,,,
S3,"S3 kinetic-loop inlet (X4, H2/CO2 0.42)","P3 (k_meth, Ea_meth, n)",4,600/800/825/850,24,-14.755942678319055,113753.26063129042,175.97196379037905,5.422430944281677,109.14757329680596,,,,,,,,
S3,"S3 kinetic-loop inlet (X4, H2/CO2 0.42)","P3 (k_meth, Ea_meth, n)",4,725/750/800/825,24,-15.44627427970751,410704.1772951133,395.24097013383715,3.5186081408956515,247.34158059173222,,,,,,,,
S3,"S3 kinetic-loop inlet (X4, H2/CO2 0.42)","P3 (k_meth, Ea_meth, n)",4,725/775/800/825,24,-15.594979324421212,406712.48985419044,379.6315530306752,3.9420160301016347,237.5356262000122,,,,,,,,
S3,"S3 kinetic-loop inlet (X4, H2/CO2 0.42)","P3 (k_meth, Ea_meth, n)",4,725/750/775/825,24,-15.602627961756259,410089.79026241414,399.76099176306184,3.846039468283613,250.14679270904335,,,,,,,,
S3,"S3 kinetic-loop inlet (X4, H2/CO2 0.42)","P3 (k_meth, Ea_meth, n)",4,700/750/800/825,24,-15.659151692466196,394525.5663624008,402.0789174310563,3.6251835489414943,251.60869770602227,,,,,,,,
S3,"S3 kinetic-loop inlet (X4, H2/CO2 0.42)","P3 (k_meth, Ea_meth, n)",4,650/750/800/825,24,-15.66834631446603,403621.9690561991,411.07296802586086,3.485351299993948,257.2512636910316,,,,,,,,
S3,"S3 kinetic-loop inlet (X4, H2/CO2 0.42)","P3 (k_meth, Ea_meth, n)",4,700/725/800/825,24,-15.68015581635029,340528.81477719505,408.4070948789273,3.2793161974020153,255.59173182908793,,,,,,,,
S3,"S3 kinetic-loop inlet (X4, H2/CO2 0.42)","P3 (k_meth, Ea_meth, n)",4,675/750/800/825,24,-15.703560506834382,399829.7782810742,408.0658684279667,3.595179418543891,255.3642184677456,,,,,,,,
S3,"S3 kinetic-loop inlet (X4, H2/CO2 0.42)","P3 (k_meth, Ea_meth, n)",4,650/725/800/825,24,-15.71359948234539,347467.40517943987,417.8521198941763,3.17408803032436,261.51302368443316,,,,,,,,
S3,"S3 kinetic-loop inlet (X4, H2/CO2 0.42)","P3 (k_meth, Ea_meth, n)",4,750/775/800/825,24,-15.729312313945558,451863.7350974194,374.5905843669376,4.591016095896895,234.32816390629102,,,,,,,,
S3,"S3 kinetic-loop inlet (X4, H2/CO2 0.42)","P3 (k_meth, Ea_meth, n)",4,675/725/800/825,24,-15.734819155991097,344372.48790942185,414.6907598429914,3.2563969073246497,259.5313764129441,,,,,,,,
S3,"S3 kinetic-loop inlet (X4, H2/CO2 0.42)","P3 (k_meth, Ea_meth, n)",4,650/750/775/825,24,-15.750521452907234,402326.97640264546,416.13088068925344,3.681451941668812,260.41078507649985,,,,,,,,
S3,"S3 kinetic-loop inlet (X4, H2/CO2 0.42)","P3 (k_meth, Ea_meth, n)",4,700/725/775/825,24,-15.76883609273175,337747.1192715298,413.3683784181152,3.4894569253298164,258.69131063081556,,,,,,,,
S3,"S3 kinetic-loop inlet (X4, H2/CO2 0.42)","P3 (k_meth, Ea_meth, n)",4,700/750/775/825,24,-15.772839489637008,393232.38770023466,406.8223560007778,3.887882585458323,254.56305384274648,,,,,,,,
S3,"S3 kinetic-loop inlet (X4, H2/CO2 0.42)","P3 (k_meth, Ea_meth, n)",4,650/725/775/825,24,-15.773598548671671,344530.5383237488,423.159053491396,3.332702363137331,264.83560293984425,,,,,,,,
S3,"S3 kinetic-loop inlet (X4, H2/CO2 0.42)","P3 (k_meth, Ea_meth, n)",4,675/750/775/825,24,-15.798259380655832,398522.2663504725,413.0180221375079,3.820841346063105,258.45407215263657,,,,,,,,
S3,"S3 kinetic-loop inlet (X4, H2/CO2 0.42)","P3 (k_meth, Ea_meth, n)",4,675/725/775/825,24,-15.805328098250147,341474.84259181365,419.8809137185767,3.4362664353169667,262.778235254709,,,,,,,,
S3,"S3 kinetic-loop inlet (X4, H2/CO2 0.42)","P3 (k_meth, Ea_meth, n)",4,625/750/800/825,24,-15.834243414555772,404939.85560153297,412.1336211408935,3.746948473098607,257.8913446196896,,,,,,,,
S3,"S3 kinetic-loop inlet (X4, H2/CO2 0.42)","P3 (k_meth, Ea_meth, n)",4,650/725/750/825,24,-15.835992194783753,343543.1931726267,445.1857327893797,3.273231073886854,278.6323263567911,,,,,,,,
S3,"S3 kinetic-loop inlet (X4, H2/CO2 0.42)","P3 (k_meth, Ea_meth, n)",4,700/725/750/825,24,-15.840394936075414,336308.4233212618,433.81988934792076,3.451068642049089,271.5035674736909,,,,,,,,
S3,"S3 kinetic-loop inlet (X4, H2/CO2 0.42)","P3 (k_meth, Ea_meth, n)",4,625/725/800/825,24,-15.857568269597325,348545.7890658998,418.9544981024349,3.3687496426688948,262.18540330708134,,,,,,,,
S3,"S3 kinetic-loop inlet (X4, H2/CO2 0.42)","P3 (k_meth, Ea_meth, n)",4,675/725/750/825,24,-15.867558407858528,340255.2793584593,441.37024923914794,3.3773821133465205,276.2393225115736,,,,,,,,
S3,"S3 kinetic-loop inlet (X4, H2/CO2 0.42)","P3 (k_meth, Ea_meth, n)",4,625/725/775/825,24,-15.905717217637852,345547.3659937607,424.2995312673582,3.5180891799014145,265.5340711885974,,,,,,,,
S3,"S3 kinetic-loop inlet (X4, H2/CO2 0.42)","P3 (k_meth, Ea_meth, n)",4,625/750/775/825,24,-15.909057213771117,403613.46110333217,417.2292216838908,3.944594086693762,261.07505901065315,,,,,,,,
S3,"S3 kinetic-loop inlet (X4, H2/CO2 0.42)","P3 (k_meth, Ea_meth, n)",4,700/775/800/825,24,-15.911595318854749,391940.9672764699,385.70827788293946,4.2827482026616375,241.3072891064127,,,,,,,,
S3,"S3 kinetic-loop inlet (X4, H2/CO2 0.42)","P3 (k_meth, Ea_meth, n)",4,650/775/800/825,24,-15.924162189502637,400263.8931636243,393.60813029141605,4.131724468124705,246.27158608488085,,,,,,,,
S3,"S3 kinetic-loop inlet (X4, H2/CO2 0.42)","P3 (k_meth, Ea_meth, n)",4,625/725/750/825,24,-15.940419629014585,344573.9262270801,446.50509401201555,3.4069507407154207,279.4464557744838,,,,,,,,
S3,"S3 kinetic-loop inlet (X4, H2/CO2 0.42)","P3 (k_meth, Ea_meth, n)",4,675/775/800/825,24,-15.976992125782576,396800.02120345976,390.9770462022408,4.297078119687536,244.61459641048964,,,,,,,,
S3,"S3 kinetic-loop inlet (X4, H2/CO2 0.42)","P3 (k_meth, Ea_meth, n)",4,650/700/775/825,24,-16.01637609622828,323264.25954353675,431.5638253227699,3.3989007754680265,270.09381490714793,,,,,,,,
S3,"S3 kinetic-loop inlet (X4, H2/CO2 0.42)","P3 (k_meth, Ea_meth, n)",4,650/700/800/825,24,-16.026005566840325,327314.7648048354,425.96458464793346,3.3341301264140712,266.57188785997835,,,,,,,,
S3,"S3 kinetic-loop inlet (X4, H2/CO2 0.42)","P3 (k_meth, Ea_meth, n)",4,650/700/750/825,24,-16.02807796889437,319423.95164874697,454.99963036732703,3.248677193523215,284.7751752193852,,,,,,,,
S3,"S3 kinetic-loop inlet (X4, H2/CO2 0.42)","P3 (k_meth, Ea_meth, n)",4,675/700/800/825,24,-16.044342362619446,324364.97533461853,422.6177151892787,3.4214831436516557,264.4738891072008,,,,,,,,
S3,"S3 kinetic-loop inlet (X4, H2/CO2 0.42)","P3 (k_meth, Ea_meth, n)",4,675/700/775/825,24,-16.044773742400547,320384.96754570625,428.08794809353367,3.5040794701123645,267.91246119954604,,,,,,,,
S3,"S3 kinetic-loop inlet (X4, H2/CO2 0.42)","P3 (k_meth, Ea_meth, n)",4,675/700/750/825,24,-16.054457147425776,316379.5162230291,450.9276858296031,3.3487231981542753,282.22184148221686,,,,,,,,
S3,"S3 kinetic-loop inlet (X4, H2/CO2 0.42)","P3 (k_meth, Ea_meth, n)",4,600/725/800/825,24,-16.054912241775156,349025.69338363764,419.2651373315255,3.6937666255762553,262.35822608359825,,,,,,,,
S3,"S3 kinetic-loop inlet (X4, H2/CO2 0.42)","P3 (k_meth, Ea_meth, n)",4,600/750/800/825,24,-16.07656469382669,405496.45594132924,412.4503355869724,4.206561108471467,258.05586807952966,,,,,,,,
S3,"S3 kinetic-loop inlet (X4, H2/CO2 0.42)","P3 (k_meth, Ea_meth, n)",4,650/675/750/825,24,-16.077294743843474,323249.9407795966,463.73949098863153,3.1949884450315253,290.254851598473,,,,,,,,
S3,"S3 kinetic-loop inlet (X4, H2/CO2 0.42)","P3 (k_meth, Ea_meth, n)",4,650/675/775/825,24,-16.07810819208043,326966.9133197756,438.9953521039246,3.369952378187296,274.75617368113205,,,,,,,,
S3,"S3 kinetic-loop inlet (X4, H2/CO2 0.42)","P3 (k_meth, Ea_meth, n)",4,600/725/750/825,24,-16.094302378379634,345047.6801610507,446.86296021550396,3.6564254868338812,279.65597970471487,,,,,,,,
S3,"S3 kinetic-loop inlet (X4, H2/CO2 0.42)","P3 (k_meth, Ea_meth, n)",4,600/725/775/825,24,-16.09609947369568,346011.7482221409,424.6193594414819,3.8454401707549297,265.7136653227268,,,,,,,,
S3,"S3 kinetic-loop inlet (X4, H2/CO2 0.42)","P3 (k_meth, Ea_meth, n)",4,650/675/800/825,24,-16.113542893221698,331211.27012538514,433.11121731583376,3.3442967538528787,271.05055742184,,,,,,,,
S3,"S3 kinetic-loop inlet (X4, H2/CO2 0.42)","P3 (k_meth, Ea_meth, n)",4,625/700/750/825,24,-16.142860901915217,320401.7925128838,456.40918391759897,3.3928529593125387,285.6444641155177,,,,,,,,
S3,"S3 kinetic-loop inlet (X4, H2/CO2 0.42)","P3 (k_meth, Ea_meth, n)",4,600/750/775/825,24,-16.152430029092542,404168.07834863616,417.5597716215732,4.431788154715547,261.2459760259439,,,,,,,,
S3,"S3 kinetic-loop inlet (X4, H2/CO2 0.42)","P3 (k_meth, Ea_meth, n)",4,625/650/750/825,24,-16.171193192838068,327748.2671924839,469.7059616514474,3.2397618645669835,293.98173808673664,,,,,,,,
S3,"S3 kinetic-loop inlet (X4, H2/CO2 0.42)","P3 (k_meth, Ea_meth, n)",4,625/700/775/825,24,-16.17210087927036,324254.1109022829,432.77761717604955,3.6241027913615893,270.83467681414146,,,,,,,,
S3,"S3 kinetic-loop inlet (X4, H2/CO2 0.42)","P3 (k_meth, Ea_meth, n)",4,625/675/750/825,24,-16.193235668820744,324307.62379002594,465.22913385591113,3.33664043699335,291.1751299373702,,,,,,,,
S3,"S3 kinetic-loop inlet (X4, H2/CO2 0.42)","P3 (k_meth, Ea_meth, n)",4,625/775/800/825,24,-16.20101600245578,401552.75224188226,394.5934244283859,4.696081553529013,246.83261476642818,,,,,,,,
S3,"S3 kinetic-loop inlet (X4, H2/CO2 0.42)","P3 (k_meth, Ea_meth, n)",4,625/700/800/825,24,-16.21017417658462,328389.98887915356,427.14606729981415,3.603147493615657,267.2843686544972,,,,,,,,
S3,"S3 kinetic-loop inlet (X4, H2/CO2 0.42)","P3 (k_meth, Ea_meth, n)",4,625/650/775/825,24,-16.211972112656888,331245.81331515865,444.053610204519,3.4905140900456963,277.91050465231694,,,,,,,,
S3,"S3 kinetic-loop inlet (X4, H2/CO2 0.42)","P3 (k_meth, Ea_meth, n)",4,650/700/725/825,24,-16.215183792499833,246429.18200231122,464.2647767325961,3.040694316195034,290.59070288323437,,,,,,,,
S3,"S3 kinetic-loop inlet (X4, H2/CO2 0.42)","P3 (k_meth, Ea_meth, n)",4,675/700/725/825,24,-16.229132006248303,244603.80082947007,459.93849402055304,3.124155115431636,287.8792654833377,,,,,,,,
S3,"S3 kinetic-loop inlet (X4, H2/CO2 0.42)","P3 (k_meth, Ea_meth, n)",4,625/675/775/825,24,-16.238133233474123,328026.5767711388,440.26942318378644,3.598800958047993,275.53590121573006,,,,,,,,
S3,"S3 kinetic-loop inlet (X4, H2/CO2 0.42)","P3 (k_meth, Ea_meth, n)",4,650/675/725/825,24,-16.280249539579597,247498.50986643918,473.5649175169098,2.9897240946550596,296.4204345852028,,,,,,,,
S3,"S3 kinetic-loop inlet (X4, H2/CO2 0.42)","P3 (k_meth, Ea_meth, n)",4,625/650/800/825,24,-16.291727203175817,335654.61328039004,437.9871206777788,3.536705063046027,274.07811898472585,,,,,,,,
S3,"S3 kinetic-loop inlet (X4, H2/CO2 0.42)","P3 (k_meth, Ea_meth, n)",4,600/700/750/825,24,-16.30656658018458,320875.08355090657,456.79210905458336,3.6554117493502036,285.8682275486001,,,,,,,,
S3,"S3 kinetic-loop inlet (X4, H2/CO2 0.42)","P3 (k_meth, Ea_meth, n)",4,625/675/800/825,24,-16.308396887966925,332361.38303949067,434.35199924025903,3.6310204391640597,271.7993594699402,,,,,,,,
S3,"S3 kinetic-loop inlet (X4, H2/CO2 0.42)","P3 (k_meth, Ea_meth, n)",4,625/700/725/825,24,-16.317318649168808,246989.98002385173,465.75555528504583,3.1439886165628868,291.5141886578068,,,,,,,,
S3,"S3 kinetic-loop inlet (X4, H2/CO2 0.42)","P3 (k_meth, Ea_meth, n)",4,600/650/750/825,24,-16.32562762260661,328266.7085906028,470.11584828439976,3.4726767911011254,294.22549546471004,,,,,,,,
S3,"S3 kinetic-loop inlet (X4, H2/CO2 0.42)","P3 (k_meth, Ea_meth, n)",4,600/675/750/825,24,-16.35552630921443,324808.6819629886,465.6302157075856,3.591096127604592,291.4119765983999,,,,,,,,
S3,"S3 kinetic-loop inlet (X4, H2/CO2 0.42)","P3 (k_meth, Ea_meth, n)",4,625/650/725/825,24,-16.37684818953867,250201.85084613413,479.92052272578144,3.012504351701317,300.3928663849506,,,,,,,,
S3,"S3 kinetic-loop inlet (X4, H2/CO2 0.42)","P3 (k_meth, Ea_meth, n)",4,625/675/725/825,24,-16.384806367841747,248117.25301677475,475.1451908206109,3.0918571190335955,297.40053514067034,,,,,,,,
S3,"S3 kinetic-loop inlet (X4, H2/CO2 0.42)","P3 (k_meth, Ea_meth, n)",4,600/700/775/825,24,-16.393940592886754,324725.5233978186,433.12381598163455,4.019918040521313,271.0251872987055,,,,,,,,
S3,"S3 kinetic-loop inlet (X4, H2/CO2 0.42)","P3 (k_meth, Ea_meth, n)",4,725/750/775/800,24,-16.402221372236735,678592.395668588,507.27574320815626,4.6590439585401935,317.50991923204924,,,,,,,,
S3,"S3 kinetic-loop inlet (X4, H2/CO2 0.42)","P3 (k_meth, Ea_meth, n)",4,600/650/775/825,24,-16.42568654465245,331751.7634770839,444.4162714731274,3.85422599810717,278.1163043887375,,,,,,,,
S3,"S3 kinetic-loop inlet (X4, H2/CO2 0.42)","P3 (k_meth, Ea_meth, n)",4,600/700/725/825,24,-16.455222512134185,247358.18984415304,466.1521646557232,3.3364887934480003,291.75186737038086,,,,,,,,
S3,"S3 kinetic-loop inlet (X4, H2/CO2 0.42)","P3 (k_meth, Ea_meth, n)",4,600/675/775/825,24,-16.463485537748895,328519.91304327245,440.6280165983647,3.997534969620364,275.73646589723785,,,,,,,,
S3,"S3 kinetic-loop inlet (X4, H2/CO2 0.42)","P3 (k_meth, Ea_meth, n)",4,600/700/800/825,24,-16.46541772485146,328894.3361007141,427.4984050110878,4.061968308131349,267.4675866434368,,,,,,,,
S3,"S3 kinetic-loop inlet (X4, H2/CO2 0.42)","P3 (k_meth, Ea_meth, n)",4,600/625/750/825,24,-16.472829741875852,329425.32630194706,471.6786470492008,3.681062274025926,295.1845896597389,,,,,,,,
S3,"S3 kinetic-loop inlet (X4, H2/CO2 0.42)","P3 (k_meth, Ea_meth, n)",4,650/725/775/800,24,-16.502059771464612,620648.8957983484,558.0069765693885,3.7948125843423046,349.30380094514356,,,,,,,,
S3,"S3 kinetic-loop inlet (X4, H2/CO2 0.42)","P3 (k_meth, Ea_meth, n)",4,700/725/775/800,24,-16.505664582303194,588084.449352751,536.0675680144392,4.049001165306393,335.5543626870486,,,,,,,,
S3,"S3 kinetic-loop inlet (X4, H2/CO2 0.42)","P3 (k_meth, Ea_meth, n)",4,600/650/725/825,24,-16.50982013340271,250611.19297559024,480.34967516260843,3.18643019864151,300.6528379247213,,,,,,,,
S3,"S3 kinetic-loop inlet (X4, H2/CO2 0.42)","P3 (k_meth, Ea_meth, n)",4,600/675/725/825,24,-16.522769148735684,248510.14033645854,475.5632637390524,3.2793382474335178,297.6528126928255,,,,,,,,
S3,"S3 kinetic-loop inlet (X4, H2/CO2 0.42)","P3 (k_meth, Ea_meth, n)",4,650/750/775/800,24,-16.524015496075094,703256.3199899315,542.115638835948,4.3090194262794785,339.3378091783174,,,,,,,,
S3,"S3 kinetic-loop inlet (X4, H2/CO2 0.42)","P3 (k_meth, Ea_meth, n)",4,675/725/775/800,24,-16.54439142544751,608102.4852080423,550.5346357924489,3.9537291246505912,344.6238850603156,,,,,,,,
S3,"S3 kinetic-loop inlet (X4, H2/CO2 0.42)","P3 (k_meth, Ea_meth, n)",4,600/650/800/825,24,-16.550076122898645,336197.8124119492,438.3598375908586,3.9910959417564196,274.2755731752537,,,,,,,,
S3,"S3 kinetic-loop inlet (X4, H2/CO2 0.42)","P3 (k_meth, Ea_meth, n)",4,700/750/775/800,24,-16.573045733612325,666375.452921622,521.9482049359871,4.676239490657635,326.6904084883538,,,,,,,,
S3,"S3 kinetic-loop inlet (X4, H2/CO2 0.42)","P3 (k_meth, Ea_meth, n)",4,600/675/800/825,24,-16.578023797501945,332892.02450054424,434.72122784012134,4.12135108966204,271.9919034715074,,,,,,,,
S3,"S3 kinetic-loop inlet (X4, H2/CO2 0.42)","P3 (k_meth, Ea_meth, n)",4,675/750/775/800,24,-16.593525680689883,689328.8208157385,535.2617707657917,4.542874548983062,335.04256472221306,,,,,,,,
S3,"S3 kinetic-loop inlet (X4, H2/CO2 0.42)","P3 (k_meth, Ea_meth, n)",4,650/675/700/825,24,-16.607592371560152,215825.88441577944,485.432982684074,2.9766534016041413,303.8498926732942,,,,,,,,
S3,"S3 kinetic-loop inlet (X4, H2/CO2 0.42)","P3 (k_meth, Ea_meth, n)",4,600/625/725/825,24,-16.640026922131227,251316.1869663053,482.00581684969205,3.3334988417572062,301.6758842526903,,,,,,,,
S3,"S3 kinetic-loop inlet (X4, H2/CO2 0.42)","P3 (k_meth, Ea_meth, n)",4,600/625/775/825,24,-16.654341964259206,332911.127365668,445.76455199043136,4.256567352930658,278.92518866298667,,,,,,,,
S3,"S3 kinetic-loop inlet (X4, H2/CO2 0.42)","P3 (k_meth, Ea_meth, n)",4,625/725/775/800,24,-16.659211088396354,624872.3078517312,560.5940040320346,4.051546686418157,350.909194520597,,,,,,,,
S3,"S3 kinetic-loop inlet (X4, H2/CO2 0.42)","P3 (k_meth, Ea_meth, n)",4,600/775/800/825,24,-16.664415842831534,402217.4749021518,395.01312640166543,5.888546361726625,246.97676702885997,,,,,,,,
S3,"S3 kinetic-loop inlet (X4, H2/CO2 0.42)","P3 (k_meth, Ea_meth, n)",4,650/725/750/800,24,-16.683456982100854,675519.083647337,611.7618435197467,3.7950438183361954,382.97901950620906,,,,,,,,
S3,"S3 kinetic-loop inlet (X4, H2/CO2 0.42)","P3 (k_meth, Ea_meth, n)",4,700/725/750/800,24,-16.691659328147516,632277.6691391118,583.1694564092835,4.0898056915736545,365.06872771945655,,,,,,,,
S3,"S3 kinetic-loop inlet (X4, H2/CO2 0.42)","P3 (k_meth, Ea_meth, n)",4,675/725/750/800,24,-16.724473115413417,658900.7214229172,601.9490908860499,3.9619048919683606,376.83612496761594,,,,,,,,
S3,"S3 kinetic-loop inlet (X4, H2/CO2 0.42)","P3 (k_meth, Ea_meth, n)",4,625/750/775/800,24,-16.727300242135648,707975.0924822234,544.5016428494458,4.715584085961099,340.80896721498004,,,,,,,,
S3,"S3 kinetic-loop inlet (X4, H2/CO2 0.42)","P3 (k_meth, Ea_meth, n)",4,625/675/700/825,24,-16.73545575799021,216374.52250139156,487.1373490210703,3.0976976268259735,304.90561705655443,,,,,,,,
S3,"S3 kinetic-loop inlet (X4, H2/CO2 0.42)","P3 (k_meth, Ea_meth, n)",4,625/650/700/825,24,-16.73929634081242,218022.9939479071,492.2881250411829,3.021682170515915,308.1327484081089,,,,,,,,
S3,"S3 kinetic-loop inlet (X4, H2/CO2 0.42)","P3 (k_meth, Ea_meth, n)",4,650/700/775/800,24,-16.74350725200185,601931.6428139724,577.7228361609481,3.8375318108652556,361.6414813460367,,,,,,,,
S3,"S3 kinetic-loop inlet (X4, H2/CO2 0.42)","P3 (k_meth, Ea_meth, n)",4,675/700/775/800,24,-16.781296791047538,588977.8140321979,569.441752015038,3.9970647799184555,356.45532125247604,,,,,,,,
S3,"S3 kinetic-loop inlet (X4, H2/CO2 0.42)","P3 (k_meth, Ea_meth, n)",4,625/725/750/800,24,-16.812879442752273,681040.4455786044,615.1619296038451,3.992401224144177,385.0974605154244,,,,,,,,
S3,"S3 kinetic-loop inlet (X4, H2/CO2 0.42)","P3 (k_meth, Ea_meth, n)",4,650/675/775/800,24,-16.814049725399965,626473.3783237053,595.9589725988635,3.776679346368844,373.0707028733388,,,,,,,,
S3,"S3 kinetic-loop inlet (X4, H2/CO2 0.42)","P3 (k_meth, Ea_meth, n)",4,625/650/675/825,24,-16.857122552980936,218340.041229981,503.41947417354316,2.9940210819646116,315.1104965858624,,,,,,,,
S3,"S3 kinetic-loop inlet (X4, H2/CO2 0.42)","P3 (k_meth, Ea_meth, n)",4,600/625/800/825,24,-16.861111715821032,337484.6908967606,439.7119528972947,4.588618408639742,275.05230060929034,,,,,,,,
S3,"S3 kinetic-loop inlet (X4, H2/CO2 0.42)","P3 (k_meth, Ea_meth, n)",4,650/700/750/800,24,-16.883358812283095,656742.1173551298,638.0290644398767,3.7323610361013015,399.41835544379035,,,,,,,,
S3,"S3 kinetic-loop inlet (X4, H2/CO2 0.42)","P3 (k_meth, Ea_meth, n)",4,600/650/700/825,24,-16.895515090676277,218433.8864401596,492.75364750274076,3.2222797795379545,308.4133234346961,,,,,,,,
S3,"S3 kinetic-loop inlet (X4, H2/CO2 0.42)","P3 (k_meth, Ea_meth, n)",4,600/675/700/825,24,-16.895973371854787,216767.6862563689,487.59014200910826,3.3118982347610477,305.17746192084365,,,,,,,,
S3,"S3 kinetic-loop inlet (X4, H2/CO2 0.42)","P3 (k_meth, Ea_meth, n)",4,600/725/775/800,24,-16.901824093854874,626287.3008446232,561.2786173745468,4.545481268329272,351.32455621090526,,,,,,,,
S3,"S3 kinetic-loop inlet (X4, H2/CO2 0.42)","P3 (k_meth, Ea_meth, n)",4,675/700/750/800,24,-16.915705861009005,639302.0973408872,626.9199762056348,3.888967448094845,392.46410847803133,,,,,,,,
S3,"S3 kinetic-loop inlet (X4, H2/CO2 0.42)","P3 (k_meth, Ea_meth, n)",4,625/700/775/800,24,-16.92277334099809,606352.4869153133,580.5981722985545,4.13558237768892,363.42403381691236,,,,,,,,
S3,"S3 kinetic-loop inlet (X4, H2/CO2 0.42)","P3 (k_meth, Ea_meth, n)",4,650/675/750/800,24,-16.95131445173118,691160.3290531777,662.8693015042375,3.642734977076059,414.9792384807361,,,,,,,,
S3,"S3 kinetic-loop inlet (X4, H2/CO2 0.42)","P3 (k_meth, Ea_meth, n)",4,625/650/775/800,24,-16.961383173476744,647291.1514059495,608.7783189910162,3.9077283455486977,381.0823660945321,,,,,,,,
S3,"S3 kinetic-loop inlet (X4, H2/CO2 0.42)","P3 (k_meth, Ea_meth, n)",4,625/675/775/800,24,-16.995008641517593,631461.3622480832,599.1106505687231,4.070476566725046,375.02836681838255,,,,,,,,
S3,"S3 kinetic-loop inlet (X4, H2/CO2 0.42)","P3 (k_meth, Ea_meth, n)",4,600/725/750/800,24,-17.016632498461643,682831.0669432699,616.0472727218248,4.391949808905728,385.6469569931857,,,,,,,,
S3,"S3 kinetic-loop inlet (X4, H2/CO2 0.42)","P3 (k_meth, Ea_meth, n)",4,600/650/675/825,24,-17.02016623325865,218783.01662680283,503.91456374839527,3.199540219365079,315.4106332573887,,,,,,,,
S3,"S3 kinetic-loop inlet (X4, H2/CO2 0.42)","P3 (k_meth, Ea_meth, n)",4,625/700/750/800,24,-17.02124406942237,662606.9352844355,641.8897931895237,3.9357511471165973,401.82355556373665,,,,,,,,
S3,"S3 kinetic-loop inlet (X4, H2/CO2 0.42)","P3 (k_meth, Ea_meth, n)",4,650/700/725/800,24,-17.06021376242701,535751.6859548092,664.438387370559,3.4568371707712893,415.95896442204696,,,,,,,,
S3,"S3 kinetic-loop inlet (X4, H2/CO2 0.42)","P3 (k_meth, Ea_meth, n)",4,600/625/700/825,24,-17.065451314784212,219079.41424257288,494.5480259116424,3.4166868599468665,309.5176798071857,,,,,,,,
S3,"S3 kinetic-loop inlet (X4, H2/CO2 0.42)","P3 (k_meth, Ea_meth, n)",4,625/650/750/800,24,-17.065459653149148,720286.2677461524,680.6368089188364,3.6882463935390417,426.09110919213964,,,,,,,,
S3,"S3 kinetic-loop inlet (X4, H2/CO2 0.42)","P3 (k_meth, Ea_meth, n)",4,600/750/775/800,24,-17.07279709076802,709530.1721006698,545.1589307346409,5.574723867504224,341.18996305981153,,,,,,,,
S3,"S3 kinetic-loop inlet (X4, H2/CO2 0.42)","P3 (k_meth, Ea_meth, n)",4,675/700/725/800,24,-17.07475139202853,521428.0356435915,651.9169762747212,3.5825576317208014,408.12135983128724,,,,,,,,
S3,"S3 kinetic-loop inlet (X4, H2/CO2 0.42)","P3 (k_meth, Ea_meth, n)",4,625/675/750/800,24,-17.088598448249172,697976.9043422271,667.1974529352253,3.8366734765307804,417.6783531441374,,,,,,,,
S3,"S3 kinetic-loop inlet (X4, H2/CO2 0.42)","P3 (k_meth, Ea_meth, n)",4,650/675/725/800,24,-17.147931624812504,562823.580195867,692.6398362891376,3.376161946138362,433.6221028353743,,,,,,,,
S3,"S3 kinetic-loop inlet (X4, H2/CO2 0.42)","P3 (k_meth, Ea_meth, n)",4,650/725/750/775,24,-17.157311430950628,691609.9720412224,628.8514655344518,4.8087574189125535,393.60655247100016,,,,,,,,
S3,"S3 kinetic-loop inlet (X4, H2/CO2 0.42)","P3 (k_meth, Ea_meth, n)",4,625/700/725/800,24,-17.176871845682033,540505.6688246395,668.7961662145333,3.594707269495358,418.677773485212,,,,,,,,
S3,"S3 kinetic-loop inlet (X4, H2/CO2 0.42)","P3 (k_meth, Ea_meth, n)",4,600/700/775/800,24,-17.19667423301325,607852.804089637,581.3636106068062,4.708545027359282,363.8853477061386,,,,,,,,
S3,"S3 kinetic-loop inlet (X4, H2/CO2 0.42)","P3 (k_meth, Ea_meth, n)",4,600/625/675/825,24,-17.204384105666886,219511.55000203487,505.83103545348087,3.408453801475074,316.59173475561505,,,,,,,,
S3,"S3 kinetic-loop inlet (X4, H2/CO2 0.42)","P3 (k_meth, Ea_meth, n)",4,600/650/775/800,24,-17.212398361983322,649058.3295199011,609.6469628503071,4.396393545230959,381.6146210904775,,,,,,,,
S3,"S3 kinetic-loop inlet (X4, H2/CO2 0.42)","P3 (k_meth, Ea_meth, n)",4,600/625/650/825,24,-17.215662056853407,221490.86924196978,511.603883248069,3.322035419700061,320.2088485455118,,,,,,,,
S3,"S3 kinetic-loop inlet (X4, H2/CO2 0.42)","P3 (k_meth, Ea_meth, n)",4,600/700/750/800,24,-17.23075006556241,664530.1139643136,642.8963696998353,4.337925947863507,402.447300020891,,,,,,,,
S3,"S3 kinetic-loop inlet (X4, H2/CO2 0.42)","P3 (k_meth, Ea_meth, n)",4,600/650/750/800,24,-17.254144843802685,722666.9789412341,681.8307704756456,4.020842957745886,426.8349934496236,,,,,,,,
S3,"S3 kinetic-loop inlet (X4, H2/CO2 0.42)","P3 (k_meth, Ea_meth, n)",4,675/725/750/775,24,-17.25572327110774,673714.3443565809,618.2332693264287,5.169216208209309,386.94565324586665,,,,,,,,
S3,"S3 kinetic-loop inlet (X4, H2/CO2 0.42)","P3 (k_meth, Ea_meth, n)",4,625/650/725/800,24,-17.262454266950947,587132.3017138127,712.983806733822,3.3915284409522823,446.3479454624683,,,,,,,,
S3,"S3 kinetic-loop inlet (X4, H2/CO2 0.42)","P3 (k_meth, Ea_meth, n)",4,625/675/725/800,24,-17.265757054485462,568431.1549395274,697.5773652387836,3.5084627178598957,436.7045690977131,,,,,,,,
S3,"S3 kinetic-loop inlet (X4, H2/CO2 0.42)","P3 (k_meth, Ea_meth, n)",4,600/675/775/800,24,-17.266612706668777,633127.148003881,599.9425828668068,4.62755092807329,375.53604383904076,,,,,,,,
S3,"S3 kinetic-loop inlet (X4, H2/CO2 0.42)","P3 (k_meth, Ea_meth, n)",4,700/725/750/775,24,-17.281828177709844,645037.2799366853,597.9872125919939,5.500155744048725,374.2405977888549,,,,,,,,
S3,"S3 kinetic-loop inlet (X4, H2/CO2 0.42)","P3 (k_meth, Ea_meth, n)",4,600/675/750/800,24,-17.291605277300768,700182.235908768,668.323220851787,4.213422943198559,418.37942463329483,,,,,,,,
S3,"S3 kinetic-loop inlet (X4, H2/CO2 0.42)","P3 (k_meth, Ea_meth, n)",4,650/700/750/775,24,-17.29816967627889,672446.8737967537,657.4510926178218,4.59981657300842,411.5197024170552,,,,,,,,
S3,"S3 kinetic-loop inlet (X4, H2/CO2 0.42)","P3 (k_meth, Ea_meth, n)",4,625/725/750/775,24,-17.32277569660927,697496.4025468599,632.5717702388299,5.151526228640764,395.9108756148556,,,,,,,,
S3,"S3 kinetic-loop inlet (X4, H2/CO2 0.42)","P3 (k_meth, Ea_meth, n)",4,650/675/750/775,24,-17.331598805223106,710131.148340704,684.6994234507049,4.4072022456098585,428.5987198590708,,,,,,,,
S3,"S3 kinetic-loop inlet (X4, H2/CO2 0.42)","P3 (k_meth, Ea_meth, n)",4,600/700/725/800,24,-17.343534786106428,542172.3373975672,669.9279195529444,3.8708913170712074,419.3831476055433,,,,,,,,
S3,"S3 kinetic-loop inlet (X4, H2/CO2 0.42)","P3 (k_meth, Ea_meth, n)",4,675/700/750/775,24,-17.378052443347485,653595.5480206998,645.3376178454907,4.911091221760262,403.9252059992347,,,,,,,,
S3,"S3 kinetic-loop inlet (X4, H2/CO2 0.42)","P3 (k_meth, Ea_meth, n)",4,600/650/725/800,24,-17.416681873323185,589235.5109170354,714.3521506696729,3.6264788031395208,447.20283862354734,,,,,,,,
S3,"S3 kinetic-loop inlet (X4, H2/CO2 0.42)","P3 (k_meth, Ea_meth, n)",4,625/650/750/775,24,-17.42635339114383,741942.8582830585,704.3293678525528,4.416380231309094,440.87805227078707,,,,,,,,
S3,"S3 kinetic-loop inlet (X4, H2/CO2 0.42)","P3 (k_meth, Ea_meth, n)",4,600/675/725/800,24,-17.428849357214418,570364.2139508144,698.8592151708767,3.7691334292736296,437.5054913025581,,,,,,,,
S3,"S3 kinetic-loop inlet (X4, H2/CO2 0.42)","P3 (k_meth, Ea_meth, n)",4,600/625/750/800,24,-17.432342543675873,730390.010800997,686.5528067518896,4.318542875609291,429.77402289648956,,,,,,,,
S3,"S3 kinetic-loop inlet (X4, H2/CO2 0.42)","P3 (k_meth, Ea_meth, n)",4,625/700/750/775,24,-17.461790576340718,678689.944482485,661.6973495885924,4.914424021915162,414.1550967571591,,,,,,,,
S3,"S3 kinetic-loop inlet (X4, H2/CO2 0.42)","P3 (k_meth, Ea_meth, n)",4,650/675/700/800,24,-17.472912293311925,525902.1319537498,731.4911825173381,3.3272797365381113,457.9344544999528,,,,,,,,
S3,"S3 kinetic-loop inlet (X4, H2/CO2 0.42)","P3 (k_meth, Ea_meth, n)",4,650/700/725/775,24,-17.473937510605666,545323.6007386904,686.4329969321158,4.283336658132655,429.68047131637474,,,,,,,,
S3,"S3 kinetic-loop inlet (X4, H2/CO2 0.42)","P3 (k_meth, Ea_meth, n)",4,600/625/775/800,24,-17.479044226971922,654599.0823442024,613.0459561979761,4.942006128001222,383.7106499493745,,,,,,,,
S3,"S3 kinetic-loop inlet (X4, H2/CO2 0.42)","P3 (k_meth, Ea_meth, n)",4,625/675/750/775,24,-17.488119103112428,717451.9664312593,689.4867799267279,4.687706888801744,431.577214209911,,,,,,,,
S3,"S3 kinetic-loop inlet (X4, H2/CO2 0.42)","P3 (k_meth, Ea_meth, n)",4,650/675/725/775,24,-17.52956320707254,574781.1671494632,717.6386208096554,4.113151002640698,449.23365597191565,,,,,,,,
S3,"S3 kinetic-loop inlet (X4, H2/CO2 0.42)","P3 (k_meth, Ea_meth, n)",4,675/700/725/775,24,-17.529576569393583,529960.3783709339,672.671289090976,4.533658474851309,421.057063051031,,,,,,,,
S3,"S3 kinetic-loop inlet (X4, H2/CO2 0.42)","P3 (k_meth, Ea_meth, n)",4,600/625/725/800,24,-17.56340933322323,595700.2659092852,719.77844405755,3.8182730392547803,450.5868277271676,,,,,,,,
S3,"S3 kinetic-loop inlet (X4, H2/CO2 0.42)","P3 (k_meth, Ea_meth, n)",4,625/700/725/775,24,-17.602339236319363,550224.1278032884,691.2530452193666,4.4828207980436225,432.6827227114992,,,,,,,,
S3,"S3 kinetic-loop inlet (X4, H2/CO2 0.42)","P3 (k_meth, Ea_meth, n)",4,625/675/700/800,24,-17.608044006758725,531785.2046509017,737.3175672743938,3.4716827176585303,461.5703368591322,,,,,,,,
S3,"S3 kinetic-loop inlet (X4, H2/CO2 0.42)","P3 (k_meth, Ea_meth, n)",4,625/650/725/775,24,-17.618539386154065,601034.5806417678,740.331352916557,4.07850804784734,463.4338966019837,,,,,,,,
S3,"S3 kinetic-loop inlet (X4, H2/CO2 0.42)","P3 (k_meth, Ea_meth, n)",4,625/650/700/800,24,-17.618963610264302,551160.7784381699,755.5826462340175,3.3608604742219033,473.00234035614983,,,,,,,,
S3,"S3 kinetic-loop inlet (X4, H2/CO2 0.42)","P3 (k_meth, Ea_meth, n)",4,600/725/750/775,24,-17.638334437377985,699443.9585692002,633.5890016097301,5.994004258687963,396.5071641515976,,,,,,,,
S3,"S3 kinetic-loop inlet (X4, H2/CO2 0.42)","P3 (k_meth, Ea_meth, n)",4,625/675/725/775,24,-17.654651168861886,580631.3183521229,723.1429783417684,4.292284277728218,452.6669268864285,,,,,,,,
S3,"S3 kinetic-loop inlet (X4, H2/CO2 0.42)","P3 (k_meth, Ea_meth, n)",4,600/650/750/775,24,-17.666005181689663,744505.6392018889,705.672577130173,4.940261237852078,441.7011038887695,,,,,,,,
S3,"S3 kinetic-loop inlet (X4, H2/CO2 0.42)","P3 (k_meth, Ea_meth, n)",4,600/700/750/775,24,-17.757446903196694,680758.7665119504,662.8420613476577,5.656493048525827,414.83764046371294,,,,,,,,
S3,"S3 kinetic-loop inlet (X4, H2/CO2 0.42)","P3 (k_meth, Ea_meth, n)",4,600/675/750/775,24,-17.75902768255022,719821.8919261065,690.7569663654681,5.3272547488465385,432.34918216956703,,,,,,,,
S3,"S3 kinetic-loop inlet (X4, H2/CO2 0.42)","P3 (k_meth, Ea_meth, n)",4,625/650/675/800,24,-17.768421044618485,589552.9694281518,797.8562949536613,3.3035867787066198,499.47522763899576,,,,,,,,
S3,"S3 kinetic-loop inlet (X4, H2/CO2 0.42)","P3 (k_meth, Ea_meth, n)",4,600/675/700/800,24,-17.785681187329864,533868.2442325497,738.8339485867638,3.7472855721110387,462.51549033212166,,,,,,,,
S3,"S3 kinetic-loop inlet (X4, H2/CO2 0.42)","P3 (k_meth, Ea_meth, n)",4,600/650/700/800,24,-17.78830916533796,553448.3401067351,757.2142252745001,3.611249962515574,474.01935175008236,,,,,,,,
S3,"S3 kinetic-loop inlet (X4, H2/CO2 0.42)","P3 (k_meth, Ea_meth, n)",4,650/675/700/775,24,-17.79330418856294,534606.115530042,761.0818800222295,3.958168992452356,476.4393817271809,,,,,,,,
S3,"S3 kinetic-loop inlet (X4, H2/CO2 0.42)","P3 (k_meth, Ea_meth, n)",4,600/650/725/775,24,-17.80534526720055,603226.9403583187,741.8750555383446,4.4350083321517895,464.39011266181126,,,,,,,,
S3,"S3 kinetic-loop inlet (X4, H2/CO2 0.42)","P3 (k_meth, Ea_meth, n)",4,600/700/725/775,24,-17.82358417597312,551939.3651659305,692.5260005820246,4.963141785360435,433.46099258403615,,,,,,,,
S3,"S3 kinetic-loop inlet (X4, H2/CO2 0.42)","P3 (k_meth, Ea_meth, n)",4,600/675/725/775,24,-17.86049576599346,582634.1586574257,724.5866119881217,4.713244795165447,453.5579153751153,,,,,,,,
S3,"S3 kinetic-loop inlet (X4, H2/CO2 0.42)","P3 (k_meth, Ea_meth, n)",4,600/625/750/775,24,-17.87654422851297,752889.2256644682,710.9374351119866,5.393746418656281,444.96455197037994,,,,,,,,
S3,"S3 kinetic-loop inlet (X4, H2/CO2 0.42)","P3 (k_meth, Ea_meth, n)",4,625/650/700/775,24,-17.9074324836312,561722.2922063378,788.3126334515315,3.936393608584679,493.48040375462693,,,,,,,,
S3,"S3 kinetic-loop inlet (X4, H2/CO2 0.42)","P3 (k_meth, Ea_meth, n)",4,625/675/700/775,24,-17.92478261491469,540638.5676849381,767.6518911002249,4.126888942678882,480.54041798284175,,,,,,,,
S3,"S3 kinetic-loop inlet (X4, H2/CO2 0.42)","P3 (k_meth, Ea_meth, n)",4,600/650/675/800,24,-17.939752459893928,592320.4985507914,799.7750228627536,3.54936268607808,500.6734157681099,,,,,,,,
S3,"S3 kinetic-loop inlet (X4, H2/CO2 0.42)","P3 (k_meth, Ea_meth, n)",4,600/625/725/775,24,-17.962422383057866,610054.7872095192,747.9700622459161,4.6967510496527405,468.1865895045881,,,,,,,,
S3,"S3 kinetic-loop inlet (X4, H2/CO2 0.42)","P3 (k_meth, Ea_meth, n)",4,600/625/700/800,24,-17.963998106160457,560362.7903552182,763.6942223694906,3.8371853112242946,478.0565986967337,,,,,,,,
S3,"S3 kinetic-loop inlet (X4, H2/CO2 0.42)","P3 (k_meth, Ea_meth, n)",4,625/650/675/775,24,-18.028088392332663,604303.3613146889,836.6724559377658,3.81015692320043,523.7747553923496,,,,,,,,
S3,"S3 kinetic-loop inlet (X4, H2/CO2 0.42)","P3 (k_meth, Ea_meth, n)",4,600/650/700/775,24,-18.092877390910832,564083.6720848107,790.1712194532344,4.267797090913706,494.6353750631319,,,,,,,,
S3,"S3 kinetic-loop inlet (X4, H2/CO2 0.42)","P3 (k_meth, Ea_meth, n)",4,600/625/675/800,24,-18.12400728311942,600896.7730569118,807.4147679468163,3.7781236981508775,505.4370543365524,,,,,,,,
S3,"S3 kinetic-loop inlet (X4, H2/CO2 0.42)","P3 (k_meth, Ea_meth, n)",4,600/675/700/775,24,-18.126532023765314,542769.2415820421,769.3720688704109,4.5125453297876055,481.6067011826713,,,,,,,,
S3,"S3 kinetic-loop inlet (X4, H2/CO2 0.42)","P3 (k_meth, Ea_meth, n)",4,600/625/650/800,24,-18.143642052886186,628828.610685441,831.5813397878927,3.646163162785602,520.5618037668659,,,,,,,,
S3,"S3 kinetic-loop inlet (X4, H2/CO2 0.42)","P3 (k_meth, Ea_meth, n)",4,600/650/675/775,24,-18.207337775330707,607218.335164917,838.887208828358,4.114165674502672,525.1566299569785,,,,,,,,
S3,"S3 kinetic-loop inlet (X4, H2/CO2 0.42)","P3 (k_meth, Ea_meth, n)",4,600/625/700/775,24,-18.260841681066616,571284.6165858177,797.5401677259205,4.523118800703043,499.22986827798405,,,,,,,,
S3,"S3 kinetic-loop inlet (X4, H2/CO2 0.42)","P3 (k_meth, Ea_meth, n)",4,600/625/650/775,24,-18.36624470425888,647703.8393624099,875.7834414472646,4.1333746961840525,548.2467060882095,,,,,,,,
S3,"S3 kinetic-loop inlet (X4, H2/CO2 0.42)","P3 (k_meth, Ea_meth, n)",4,600/625/675/775,24,-18.375861539965673,616349.6067911489,847.7067693168958,4.351130223489796,530.6631295291976,,,,,,,,
S3,"S3 kinetic-loop inlet (X4, H2/CO2 0.42)","P3 (k_meth, Ea_meth, n)",4,650/700/725/750,24,-18.385334129193435,620641.0483441956,794.8517451063085,5.844632494062169,497.5673913856247,,,,,,,,
S3,"S3 kinetic-loop inlet (X4, H2/CO2 0.42)","P3 (k_meth, Ea_meth, n)",4,650/675/725/750,24,-18.40204826123307,670562.7455650574,844.4917871414924,5.41674923597758,528.6677953193574,,,,,,,,
S3,"S3 kinetic-loop inlet (X4, H2/CO2 0.42)","P3 (k_meth, Ea_meth, n)",4,625/650/725/750,24,-18.44941930320814,715315.7585902379,882.1676514693419,5.195687149788855,552.2449884235099,,,,,,,,
S3,"S3 kinetic-loop inlet (X4, H2/CO2 0.42)","P3 (k_meth, Ea_meth, n)",4,625/700/725/750,24,-18.529283449133604,628065.7602831734,802.3556597657034,6.1501665490510105,502.2437097419793,,,,,,,,
S3,"S3 kinetic-loop inlet (X4, H2/CO2 0.42)","P3 (k_meth, Ea_meth, n)",4,675/700/725/750,24,-18.533398359738673,596712.0425497569,773.6972747497526,6.522311789181681,484.31145046229886,,,,,,,,
S3,"S3 kinetic-loop inlet (X4, H2/CO2 0.42)","P3 (k_meth, Ea_meth, n)",4,625/675/725/750,24,-18.53416287194505,680053.3409580648,853.4916613813523,5.656138080582703,534.2857719067144,,,,,,,,
S3,"S3 kinetic-loop inlet (X4, H2/CO2 0.42)","P3 (k_meth, Ea_meth, n)",4,650/675/700/750,24,-18.66731141185596,628154.4863907376,917.9299852117405,5.092421926798673,574.6502836624269,,,,,,,,
S3,"S3 kinetic-loop inlet (X4, H2/CO2 0.42)","P3 (k_meth, Ea_meth, n)",4,600/650/725/750,24,-18.688465640052875,718775.4822208546,884.7700935449375,5.794532328875907,553.8652628235434,,,,,,,,
S3,"S3 kinetic-loop inlet (X4, H2/CO2 0.42)","P3 (k_meth, Ea_meth, n)",4,625/650/700/750,24,-18.747021700455598,677320.6760680444,966.9189796946637,4.895729625497145,605.3094304848839,,,,,,,,
S3,"S3 kinetic-loop inlet (X4, H2/CO2 0.42)","P3 (k_meth, Ea_meth, n)",4,625/675/700/750,24,-18.792742026088447,638350.0331976046,929.5129913961676,5.273133120987185,581.887001836979,,,,,,,,
S3,"S3 kinetic-loop inlet (X4, H2/CO2 0.42)","P3 (k_meth, Ea_meth, n)",4,600/675/725/750,24,-18.81972131469552,683085.5936192067,855.8560951274887,6.4586171490239686,535.7527880771875,,,,,,,,
S3,"S3 kinetic-loop inlet (X4, H2/CO2 0.42)","P3 (k_meth, Ea_meth, n)",4,600/625/725/750,24,-18.853984192256533,730497.6662701615,895.1472249626471,6.141514565914577,560.337282918056,,,,,,,,
S3,"S3 kinetic-loop inlet (X4, H2/CO2 0.42)","P3 (k_meth, Ea_meth, n)",4,600/700/725/750,24,-18.87063882715149,630497.0198757106,804.3452192915732,7.226300706900299,503.461440208333,,,,,,,,
S3,"S3 kinetic-loop inlet (X4, H2/CO2 0.42)","P3 (k_meth, Ea_meth, n)",4,625/650/675/750,24,-18.88954700543647,767823.5688604395,1060.6574058201916,4.636367983572507,664.01376201238,,,,,,,,
S3,"S3 kinetic-loop inlet (X4, H2/CO2 0.42)","P3 (k_meth, Ea_meth, n)",4,600/650/700/750,24,-18.95877030547401,681231.9347286108,970.3400840759385,5.372122427411728,607.4448514740747,,,,,,,,
S3,"S3 kinetic-loop inlet (X4, H2/CO2 0.42)","P3 (k_meth, Ea_meth, n)",4,600/675/700/750,24,-19.0379070120716,641685.4808990705,932.5560794948035,5.88666408794478,583.7833423003193,,,,,,,,
S3,"S3 kinetic-loop inlet (X4, H2/CO2 0.42)","P3 (k_meth, Ea_meth, n)",4,600/650/675/750,24,-19.082739908195023,773345.6537699642,1065.168608896255,5.033562121844006,666.8363723234498,,,,,,,,
S3,"S3 kinetic-loop inlet (X4, H2/CO2 0.42)","P3 (k_meth, Ea_meth, n)",4,600/625/700/750,24,-19.11470035071956,694389.2714549735,984.0625506158472,5.633124645268462,616.0139613785716,,,,,,,,
S3,"S3 kinetic-loop inlet (X4, H2/CO2 0.42)","P3 (k_meth, Ea_meth, n)",4,600/625/650/750,24,-19.22286529236132,865101.876346924,1143.9455188145005,4.871250594729468,716.1406924559966,,,,,,,,
S3,"S3 kinetic-loop inlet (X4, H2/CO2 0.42)","P3 (k_meth, Ea_meth, n)",4,600/625/675/750,24,-19.234871611615656,792555.8390858313,1083.3788060363993,5.246569885789446,678.2193217935094,,,,,,,,
S3,"S3 kinetic-loop inlet (X4, H2/CO2 0.42)","P3 (k_meth, Ea_meth, n)",4,625/650/700/725,24,-20.061509256179136,385799.3014970628,1067.1169346168397,6.8470557031796435,668.0399518501132,,,,,,,,
S3,"S3 kinetic-loop inlet (X4, H2/CO2 0.42)","P3 (k_meth, Ea_meth, n)",4,650/675/700/725,24,-20.11067783275579,363995.8458464243,1002.329533433136,7.791566950264481,627.4863497074851,,,,,,,,
S3,"S3 kinetic-loop inlet (X4, H2/CO2 0.42)","P3 (k_meth, Ea_meth, n)",4,625/675/700/725,24,-20.18648909763893,366339.91487941216,1017.4625168904266,7.7877091468049695,636.9427105849809,,,,,,,,
S3,"S3 kinetic-loop inlet (X4, H2/CO2 0.42)","P3 (k_meth, Ea_meth, n)",4,625/650/675/725,24,-20.267704430650397,425188.71641715564,1197.41397649635,6.416490276493269,749.6345700082554,,,,,,,,
S3,"S3 kinetic-loop inlet (X4, H2/CO2 0.42)","P3 (k_meth, Ea_meth, n)",4,600/650/700/725,24,-20.310852606271734,386973.7929032473,1071.7191921291533,7.608976286987478,670.9137938490176,,,,,,,,
S3,"S3 kinetic-loop inlet (X4, H2/CO2 0.42)","P3 (k_meth, Ea_meth, n)",4,600/625/700/725,24,-20.41325244728918,390813.67932180717,1090.2835977318962,7.667937254711874,682.5137045186115,,,,,,,,
S3,"S3 kinetic-loop inlet (X4, H2/CO2 0.42)","P3 (k_meth, Ea_meth, n)",4,600/650/675/725,24,-20.478973871979417,427012.2359105878,1203.9140065025706,6.976416162515892,753.7029060284568,,,,,,,,
S3,"S3 kinetic-loop inlet (X4, H2/CO2 0.42)","P3 (k_meth, Ea_meth, n)",4,600/675/700/725,24,-20.5166317271104,367241.4072932668,1021.4625794291952,9.019594394391666,639.4322464475013,,,,,,,,
S3,"S3 kinetic-loop inlet (X4, H2/CO2 0.42)","P3 (k_meth, Ea_meth, n)",4,600/625/650/725,24,-20.559317383693173,473802.20654468687,1321.3640813169143,6.2751236882854196,827.221904207896,,,,,,,,
S3,"S3 kinetic-loop inlet (X4, H2/CO2 0.42)","P3 (k_meth, Ea_meth, n)",4,600/625/675/725,24,-20.58199915069995,433561.83029714855,1230.385701362154,6.978668391836282,770.2579160575712,,,,,,,,
S3,"S3 kinetic-loop inlet (X4, H2/CO2 0.42)","P3 (k_meth, Ea_meth, n)",4,625/650/675/700,24,-22.261510422610332,238257.39952634153,1440.361763504076,10.659882445527904,901.73771714853,,,,,,,,
S3,"S3 kinetic-loop inlet (X4, H2/CO2 0.42)","P3 (k_meth, Ea_meth, n)",4,600/625/675/700,24,-22.484651513117743,226162.1623091486,1498.8213622246851,10.487304126104014,938.3177269649524,,,,,,,,
S3,"S3 kinetic-loop inlet (X4, H2/CO2 0.42)","P3 (k_meth, Ea_meth, n)",4,600/650/675/700,24,-22.49380840037809,233997.1322334444,1451.7133518509631,11.518672552374593,908.8444827695166,,,,,,,,
S3,"S3 kinetic-loop inlet (X4, H2/CO2 0.42)","P3 (k_meth, Ea_meth, n)",4,600/625/650/700,24,-22.593583596080975,242285.89039072825,1672.938473542964,9.452244292252402,1047.3329950272475,,,,,,,,
S3,"S3 kinetic-loop inlet (X4, H2/CO2 0.42)","P3 (k_meth, Ea_meth, n)",4,600/625/650/675,24,-24.58321746060953,310859.7381145485,2380.068809221825,15.35749526287009,1490.0697144458745,,,,,,,,
S3,"S3 kinetic-loop inlet (X4, H2/CO2 0.42)",P7 (all three reactions + n),2,700/850,12,-8.838777661582293,24145961.556050226,192.79552989118915,6.617502273686645,118.61145631506812,1.0381648339266423,0.24565908427102245,5.739242703284348,0.9496695468032187,,,,
S3,"S3 kinetic-loop inlet (X4, H2/CO2 0.42)",P7 (all three reactions + n),2,725/850,12,-8.851063927413417,26596507.026711456,191.8395990214567,5.659050358118416,118.3420566146811,0.9892841539015932,0.24689259429708596,7.054746220117436,1.1541563221410187,,,,
S3,"S3 kinetic-loop inlet (X4, H2/CO2 0.42)",P7 (all three reactions + n),2,775/850,12,-9.002922080756566,38357189.62178142,189.85006979875203,5.281094523338697,117.20886222250402,1.179445989816492,0.31401736257997126,6.8607909832403005,1.270197872442532,,,,
S3,"S3 kinetic-loop inlet (X4, H2/CO2 0.42)",P7 (all three reactions + n),2,750/850,12,-9.220781511960862,30819032.721062135,189.27874870461608,4.278024682742516,117.66562600109924,1.01218196799698,0.26515269505987704,8.644327114643593,1.4051938260378343,,,,
S3,"S3 kinetic-loop inlet (X4, H2/CO2 0.42)",P7 (all three reactions + n),2,675/850,12,-9.827283486470076,23587099.16050384,194.9257029216488,8.849327431236777,118.87149887876221,1.8798269485724992,0.40517986698075964,6.875429674618717,1.0670913649453537,,,,
S3,"S3 kinetic-loop inlet (X4, H2/CO2 0.42)",P7 (all three reactions + n),2,800/850,12,-11.419942308775642,45951953.45682415,192.61872933949255,8.974640182423748,116.99937005373674,2.0627318834098816,0.49850701509256623,11.245599620243448,1.9150885828831081,,,,
S3,"S3 kinetic-loop inlet (X4, H2/CO2 0.42)",P7 (all three reactions + n),2,700/825,12,-11.631563151001123,190146752.00819388,517.1351602835182,8.078176122145214,320.78175333793644,1.0996646423096195,0.2750813926478366,6.046603166398707,1.0290940145364633,,,,
S3,"S3 kinetic-loop inlet (X4, H2/CO2 0.42)",P7 (all three reactions + n),2,650/850,12,-11.675977429181913,23887264.181214467,198.3628314370986,12.8525658456623,118.9788204576567,4.132116114347293,0.8679318154953248,10.021632022763324,1.4805243854095442,,,,
S3,"S3 kinetic-loop inlet (X4, H2/CO2 0.42)",P7 (all three reactions + n),2,725/825,12,-11.863498565558896,203853395.26321143,509.41962698638133,7.506672020161893,315.97555004157107,1.0867907908069374,0.2809015016018898,7.729915271938,1.3051235910372545,,,,
S3,"S3 kinetic-loop inlet (X4, H2/CO2 0.42)",P7 (all three reactions + n),2,675/825,12,-12.479792315888721,190134396.29319516,527.0691468163114,10.24876195967005,326.1459323315418,1.934020178520974,0.456498593150877,7.0637780544905615,1.1649749453779652,,,,
S3,"S3 kinetic-loop inlet (X4, H2/CO2 0.42)",P7 (all three reactions + n),2,750/825,12,-12.548999145975639,217917818.69326037,485.7866987489603,6.805033609111482,302.9141728968889,1.1400659566379658,0.30501483019730424,9.835838357718464,1.6609368396835555,,,,
S3,"S3 kinetic-loop inlet (X4, H2/CO2 0.42)",P7 (all three reactions + n),2,775/825,12,-12.987017759868085,253867496.95142236,474.584079728636,9.836990965244741,293.9288445905629,1.4567266990977137,0.3910748626136435,7.9453692529560564,1.461284604106263,,,,
S3,"S3 kinetic-loop inlet (X4, H2/CO2 0.42)",P7 (all three reactions + n),2,700/800,12,-13.086031043589948,562048881.7928264,915.9164984618055,9.768327138600883,568.9073270765236,1.237285049390864,0.3518633204663207,6.723532474535417,1.2642573577091667,,,,
S3,"S3 kinetic-loop inlet (X4, H2/CO2 0.42)",P7 (all three reactions + n),2,725/800,12,-13.646763276322934,573615386.1448501,875.8926308548919,9.601349364067422,544.1378746890499,1.3396555634762473,0.38693322305627315,9.346256030469247,1.744038015621062,,,,
S3,"S3 kinetic-loop inlet (X4, H2/CO2 0.42)",P7 (all three reactions + n),2,675/800,12,-13.76454924862825,603017562.2485693,969.083270017952,11.991858267570278,600.5926848875142,2.0441002882395463,0.5517777663938829,7.450443369348887,1.376702666377694,,,,
S3,"S3 kinetic-loop inlet (X4, H2/CO2 0.42)",P7 (all three reactions + n),2,650/825,12,-14.21554445963826,191745394.7904886,531.3534976719579,14.384679099995791,328.12794370417174,4.146718620684861,0.963557640806703,10.05668744183615,1.6217204982723084,,,,
S3,"S3 kinetic-loop inlet (X4, H2/CO2 0.42)",P7 (all three reactions + n),2,625/850,12,-14.31612573427478,24981035.954192616,207.01405048361258,20.366960440800153,119.11534071248307,8.85557617541583,1.8526517418003552,15.387065994789006,2.2295297765743243,,,,
S3,"S3 kinetic-loop inlet (X4, H2/CO2 0.42)",P7 (all three reactions + n),2,750/800,12,-14.890691583780985,530423888.99259174,772.8151228909404,9.671971590810347,483.70893226988494,1.4957406712691925,0.4338523021459759,12.775847835535824,2.373409294961272,,,,
S3,"S3 kinetic-loop inlet (X4, H2/CO2 0.42)",P7 (all three reactions + n),2,700/775,12,-14.909507734972268,452359941.65477115,962.1189146836344,12.463387727310398,597.2987189725793,1.3928801264920645,0.4572177695482727,7.5815239936171475,1.6743995508422145,,,,
S3,"S3 kinetic-loop inlet (X4, H2/CO2 0.42)",P7 (all three reactions + n),2,675/775,12,-15.214165673222318,480901169.7692754,1023.8068239722633,14.463824126831513,634.3699694314787,2.1402132895573702,0.6720292728053898,7.806359480245859,1.6923342658100557,,,,
S3,"S3 kinetic-loop inlet (X4, H2/CO2 0.42)",P7 (all three reactions + n),2,650/800,12,-15.361042933664375,625183917.9122533,990.2913955281593,16.33758803387186,613.2419030787189,4.194029921542792,1.1077697253799832,10.171816093970346,1.8520587962714912,,,,
S3,"S3 kinetic-loop inlet (X4, H2/CO2 0.42)",P7 (all three reactions + n),2,725/775,12,-16.165773619528643,479050717.3495366,916.5417388201373,13.610887797086855,568.6901298007015,1.716543179487033,0.5649028314234223,11.972221004064401,2.605401001510041,,,,
S3,"S3 kinetic-loop inlet (X4, H2/CO2 0.42)",P7 (all three reactions + n),2,825/850,12,-16.517219291642387,46956995.73306989,196.77520224619047,18.882748094291482,111.95195835948321,4.841662983786629,1.0771662016646006,27.377331115185005,4.217100567680411,,,,
S3,"S3 kinetic-loop inlet (X4, H2/CO2 0.42)",P7 (all three reactions + n),2,650/775,12,-16.571964386201945,499086403.0824025,1048.5840673576347,18.976084611353034,649.4370716137124,4.201828904977125,1.2910116325982406,10.190456800555996,2.1647635653793222,,,,
S3,"S3 kinetic-loop inlet (X4, H2/CO2 0.42)",P7 (all three reactions + n),2,625/825,12,-16.763129381434286,192716700.06669977,534.1302707971093,22.30016411360626,328.4795551712439,8.727454842431946,2.0231417559540414,15.16209838552496,2.424654882288328,,,,
S3,"S3 kinetic-loop inlet (X4, H2/CO2 0.42)",P7 (all three reactions + n),2,775/800,12,-16.965131519819074,564795218.3893485,719.8354276593923,18.53876966225038,447.60601317506274,2.4232943620164473,0.6840245048631466,12.706110913691635,2.4374007970742753,,,,
S3,"S3 kinetic-loop inlet (X4, H2/CO2 0.42)",P7 (all three reactions + n),2,800/825,12,-17.108080229701265,296402942.5695821,477.86289625225885,21.612896957969788,290.5657324914123,3.374370964534715,0.8360425589682764,16.747792669011755,2.8809130751105303,,,,
S3,"S3 kinetic-loop inlet (X4, H2/CO2 0.42)",P7 (all three reactions + n),2,600/850,12,-17.735090672782214,29510886.12110119,236.0570911434171,36.49281220052393,119.66324841481446,19.480283832631503,4.0728827471821845,24.98712643779589,3.596573237293245,,,,
S3,"S3 kinetic-loop inlet (X4, H2/CO2 0.42)",P7 (all three reactions + n),2,625/800,12,-17.78872813660714,628345972.3507589,993.3005922721553,24.72718596918962,614.9243967553684,8.57687251231046,2.2523942540523354,14.899612776131102,2.6955063330861364,,,,
S3,"S3 kinetic-loop inlet (X4, H2/CO2 0.42)",P7 (all three reactions + n),2,625/775,12,-18.832381241393257,501830207.92389697,1051.8479721001597,27.946478227995282,651.5120249287131,8.344695185786902,2.5475743594385496,14.499308275155938,3.048705506373986,,,,
S3,"S3 kinetic-loop inlet (X4, H2/CO2 0.42)",P7 (all three reactions + n),2,750/775,12,-19.117041887287908,454283319.6601377,799.1529820376527,17.698566494882172,500.79893352239935,2.5622126003408594,0.8274218410348716,21.847972537925834,4.682894932410895,,,,
S3,"S3 kinetic-loop inlet (X4, H2/CO2 0.42)",P7 (all three reactions + n),2,675/750,12,-19.216347675384533,386818466.6224651,1215.2283648222788,19.030512020375628,752.4212443651832,2.301299832625809,0.8625300920036597,8.39815821855557,2.3797790709443563,,,,
S3,"S3 kinetic-loop inlet (X4, H2/CO2 0.42)",P7 (all three reactions + n),2,700/750,12,-19.571618810737156,367127966.13341856,1118.1493048230125,18.584761559393264,692.6211349157024,1.6776257419114275,0.6623851489300105,9.592722431267301,2.8714872893870353,,,,
S3,"S3 kinetic-loop inlet (X4, H2/CO2 0.42)",P7 (all three reactions + n),2,600/825,12,-20.109513675533833,196190687.1286157,544.477633452536,39.41082505505643,328.7574402869433,18.964872439839418,4.394961856261551,24.31810444630144,3.877056712859704,,,,
S3,"S3 kinetic-loop inlet (X4, H2/CO2 0.42)",P7 (all three reactions + n),2,650/750,12,-20.207851536102964,404847388.2729895,1255.9368949998886,23.190085320312473,778.0563669988334,4.2348313733230825,1.5627016652718047,10.27021106786805,2.7016787396893682,,,,
S3,"S3 kinetic-loop inlet (X4, H2/CO2 0.42)",P7 (all three reactions + n),2,600/800,12,-21.040867292137364,630585703.1646957,997.6669790643558,42.97258604900594,615.1150558476899,18.30357444135101,4.800088173658229,23.464291204297584,4.234877991694521,,,,
S3,"S3 kinetic-loop inlet (X4, H2/CO2 0.42)",P7 (all three reactions + n),2,600/775,12,-21.962174119109445,503401628.3539189,1055.6912632314054,47.6019058798407,651.7164700310128,17.44646083114341,5.317684363182131,22.379606646837917,4.68674428468563,,,,
S3,"S3 kinetic-loop inlet (X4, H2/CO2 0.42)",P7 (all three reactions + n),2,625/750,12,-22.226745646514452,407714846.76756,1260.5760513025996,32.57407637638542,781.6176137106241,8.038055282423105,2.9615383484496323,14.015610519659843,3.580952242646033,,,,
S3,"S3 kinetic-loop inlet (X4, H2/CO2 0.42)",P7 (all three reactions + n),2,725/750,12,-22.518971658994577,418902290.6150829,1054.542293907235,27.458525304823613,649.3615630662844,2.8130018384984243,1.1020728459834797,21.34957142571255,5.897204436113471,,,,
S3,"S3 kinetic-loop inlet (X4, H2/CO2 0.42)",P7 (all three reactions + n),2,675/725,12,-23.323965902790732,387927395.6456761,1731.7451161990632,28.75656894870584,1073.104943488787,2.64764527537964,1.2590979728998835,9.563414620808382,3.5219541276905337,,,,
S3,"S3 kinetic-loop inlet (X4, H2/CO2 0.42)",P7 (all three reactions + n),2,650/725,12,-23.682657172680205,425999823.9682406,1858.0017794798794,30.4057847251274,1151.7121360497301,4.349644698188797,2.0291168807249598,10.547988513077637,3.5010191555807317,,,,
S3,"S3 kinetic-loop inlet (X4, H2/CO2 0.42)",P7 (all three reactions + n),2,600/750,12,-25.18839333310152,408560187.64191926,1263.3649433029575,53.833033316338486,781.8289006919406,16.309832276603835,6.009460325612752,20.977627366246875,5.316535786910976,,,,
S3,"S3 kinetic-loop inlet (X4, H2/CO2 0.42)",P7 (all three reactions + n),2,700/725,12,-25.259814883965866,354985371.5508784,1478.9701209857487,39.925421927516325,918.0249912027492,2.612006561002528,1.3556229518768237,15.259101873560835,5.793581217582493,,,,
S3,"S3 kinetic-loop inlet (X4, H2/CO2 0.42)",P7 (all three reactions + n),2,625/725,12,-25.32520154669706,433224338.99920577,1874.823049918385,39.572455985000495,1163.4749520683513,7.6154502124495105,3.589619050989836,13.420538185563288,4.337893040623334,,,,
S3,"S3 kinetic-loop inlet (X4, H2/CO2 0.42)",P7 (all three reactions + n),2,650/700,12,-27.67719306945482,225202673.2733922,2364.324344523974,45.42282071311664,1465.7904186512783,4.479350990521529,2.992292991163654,10.861752607648151,5.110349321923365,,,,
S3,"S3 kinetic-loop inlet (X4, H2/CO2 0.42)",P7 (all three reactions + n),2,600/725,12,-28.042531270101218,433745132.72520745,1876.0538399401382,62.52876821122925,1164.2857669338096,14.716233305558001,6.975521505844668,19.08614658451583,6.176049395893504,,,,
S3,"S3 kinetic-loop inlet (X4, H2/CO2 0.42)",P7 (all three reactions + n),2,625/700,12,-28.625880312309118,229808131.6069573,2400.4728854928458,51.44405959789111,1490.3141769602728,6.868186804997274,4.64903049919807,12.23114785151796,5.595318622389823,,,,
S3,"S3 kinetic-loop inlet (X4, H2/CO2 0.42)",P7 (all three reactions + n),2,675/700,12,-28.965835924329102,211210840.45533684,2120.878261718932,59.85059103780292,1313.0332331245754,3.6170190179185493,2.536660267171726,13.238231468171202,6.867301313632053,,,,
S3,"S3 kinetic-loop inlet (X4, H2/CO2 0.42)",P7 (all three reactions + n),2,600/700,12,-30.95672246696924,230368674.56390125,2401.9302884863296,75.62959234089958,1491.987594586251,12.317907669990868,8.430696078155316,16.15199231398775,7.4533487096396005,,,,
S3,"S3 kinetic-loop inlet (X4, H2/CO2 0.42)",P7 (all three reactions + n),2,625/675,12,-34.19738316784521,154382260.3619969,4436.812658447689,76.36879639824264,2753.579540795458,5.897625832614266,6.868122563196712,11.623576002833332,8.30187654203167,,,,
S3,"S3 kinetic-loop inlet (X4, H2/CO2 0.42)",P7 (all three reactions + n),2,650/675,12,-34.899058830034086,154642649.1625359,4205.179400309981,94.56202311715678,2607.5320300839985,5.149079886150533,6.116533758179811,12.482664566376483,10.587605666611678,,,,
S3,"S3 kinetic-loop inlet (X4, H2/CO2 0.42)",P7 (all three reactions + n),2,600/675,12,-35.826702894405955,155169156.34630263,4452.074720605013,97.8506776389346,2764.0927311092746,8.69329121377429,10.894943764455302,13.051965568772156,9.656818900575178,,,,
S3,"S3 kinetic-loop inlet (X4, H2/CO2 0.42)",P7 (all three reactions + n),2,600/650,12,-42.993534293520774,235255709.59013075,12638.963289821628,144.34479309357897,7837.735539458851,10.110290329303066,16.056016200027354,24.496108136874334,14.436834125833103,,,,
S3,"S3 kinetic-loop inlet (X4, H2/CO2 0.42)",P7 (all three reactions + n),2,625/650,12,-43.03854181814585,266457526.89882463,12267.2187578388,159.07496878910297,7607.202980646113,9.863256586131262,14.172179353145205,23.89781179592001,17.440514996220845,,,,
S3,"S3 kinetic-loop inlet (X4, H2/CO2 0.42)",P7 (all three reactions + n),2,600/625,12,-53.2025601731341,1957785136.5605092,48845.8047732077,298.9658578834609,30277.302209857397,51.11039156301239,33.33120914708086,103.84863203603628,31.306639389547332,,,,
S3,"S3 kinetic-loop inlet (X4, H2/CO2 0.42)",P7 (all three reactions + n),3,675/775/850,18,-4.773584737013905,37407221.593488544,186.4379619180355,3.3984050467439344,116.3413502595929,0.6214962524304055,0.16706616398379695,2.339807854869371,0.4437457727901639,,,,
S3,"S3 kinetic-loop inlet (X4, H2/CO2 0.42)",P7 (all three reactions + n),3,700/775/850,18,-4.782551704265646,38106027.93030087,185.97855645759302,3.6474852819135446,115.94138911268497,0.5996693150418606,0.16318544461431123,2.5768365136825584,0.504241805566842,,,,
S3,"S3 kinetic-loop inlet (X4, H2/CO2 0.42)",P7 (all three reactions + n),3,725/775/850,18,-5.213938960444416,40451103.11099206,185.3632346643082,3.6763125465500455,115.52456859907726,0.664158921458161,0.18375759264887184,3.328633782196155,0.6562015232426003,,,,
S3,"S3 kinetic-loop inlet (X4, H2/CO2 0.42)",P7 (all three reactions + n),3,700/800/850,18,-5.232242288111006,44509541.33161676,185.67517238552878,4.661120022149597,115.57141392027336,0.6677613272338079,0.170292531201827,3.266202633423423,0.5722959650667597,,,,
S3,"S3 kinetic-loop inlet (X4, H2/CO2 0.42)",P7 (all three reactions + n),3,650/775/850,18,-5.262487106186599,37423094.64201213,186.81335758527834,3.2742007811836715,116.58891098153289,0.7154830898201362,0.18929906817854164,2.4451644739719844,0.45167399332086183,,,,
S3,"S3 kinetic-loop inlet (X4, H2/CO2 0.42)",P7 (all three reactions + n),3,675/800/850,18,-5.359949334393318,43849940.73037859,186.00395183519424,4.426904288822143,116.01123457817194,0.7763732713203767,0.19479545473560428,2.9052139279043185,0.5003626524569748,,,,
S3,"S3 kinetic-loop inlet (X4, H2/CO2 0.42)",P7 (all three reactions + n),3,675/750/850,18,-5.484935327684551,30789764.221702453,188.54730029716148,3.165283484364862,117.47059502053456,0.722601845672375,0.2044653010535875,2.84439259971537,0.46799344211862004,,,,
S3,"S3 kinetic-loop inlet (X4, H2/CO2 0.42)",P7 (all three reactions + n),3,725/800/850,18,-5.513419413948182,46703825.571188286,184.98122259096286,4.493274717312109,115.13624155416981,0.688133116526009,0.17716693608921166,4.168474239436437,0.732573749326401,,,,
S3,"S3 kinetic-loop inlet (X4, H2/CO2 0.42)",P7 (all three reactions + n),3,700/750/850,18,-5.5736291073691735,31611202.02293121,188.21088365005957,3.3448639228816406,117.19484062059828,0.6933916007889919,0.1970192288252263,3.0967764825429294,0.5437817432888911,,,,
S3,"S3 kinetic-loop inlet (X4, H2/CO2 0.42)",P7 (all three reactions + n),3,650/750/850,18,-5.911565419400698,30692706.911916867,188.66413392923812,3.069092119395158,117.6005819041137,0.8019341120278771,0.2238560004261665,3.040825330253387,0.4779702039426465,,,,
S3,"S3 kinetic-loop inlet (X4, H2/CO2 0.42)",P7 (all three reactions + n),3,650/800/850,18,-5.955576579455882,43890954.027821705,186.30267091820227,4.167461967342122,116.3076261648259,0.9405775740789514,0.2314514114849041,2.854711785006617,0.4853194496834649,,,,
S3,"S3 kinetic-loop inlet (X4, H2/CO2 0.42)",P7 (all three reactions + n),3,675/725/850,18,-6.017691604478112,26421560.789085526,190.15447715382436,3.641443166994434,118.10181321228106,0.7537500503185142,0.2085448097007417,3.3126282513746954,0.5487451973467473,,,,
S3,"S3 kinetic-loop inlet (X4, H2/CO2 0.42)",P7 (all three reactions + n),3,750/775/850,18,-6.178335262212818,45088101.14793522,185.35505570745988,3.608848937185267,115.40559848515258,0.7877296114257228,0.22445254866196304,4.962879387155092,0.9568667902167394,,,,
S3,"S3 kinetic-loop inlet (X4, H2/CO2 0.42)",P7 (all three reactions + n),3,625/775/850,18,-6.24229297324086,37613107.23260709,187.40461557028507,3.6287418512846337,116.74486060239715,0.842007758664317,0.22023558020374942,2.9371125652783996,0.539772846992552,,,,
S3,"S3 kinetic-loop inlet (X4, H2/CO2 0.42)",P7 (all three reactions + n),3,725/750/850,18,-6.248134283637039,34174636.15978544,187.83778010904038,3.480146703810386,116.87906422232552,0.7467207746126462,0.2126977153802295,4.312032782944577,0.7717248075874673,,,,
S3,"S3 kinetic-loop inlet (X4, H2/CO2 0.42)",P7 (all three reactions + n),3,650/725/850,18,-6.256446314506157,26288097.87075298,190.12468694342618,3.4959569147061633,118.20164764140027,0.8155091478753657,0.22388592985444475,3.3564568564515085,0.5319365574178726,,,,
S3,"S3 kinetic-loop inlet (X4, H2/CO2 0.42)",P7 (all three reactions + n),3,750/800/850,18,-6.268351298070992,51222169.15376029,184.81202072234666,4.062776931224032,115.04142005700851,0.7569474163937899,0.2000959571749595,5.672724888249623,1.0003298611939597,,,,
S3,"S3 kinetic-loop inlet (X4, H2/CO2 0.42)",P7 (all three reactions + n),3,700/725/850,18,-6.274174799537557,27322528.543688014,190.13270633241723,3.9785588681844715,117.8994006084455,0.7076942831155637,0.1961103454057119,3.8649957248714832,0.6865242742280627,,,,
S3,"S3 kinetic-loop inlet (X4, H2/CO2 0.42)",P7 (all three reactions + n),3,700/825/850,18,-6.274242629850607,43445425.771252945,180.85768463511258,5.916521526798143,111.55228270755968,0.8959074178596792,0.2118541426428441,4.747738385320727,0.7618803278466346,,,,
S3,"S3 kinetic-loop inlet (X4, H2/CO2 0.42)",P7 (all three reactions + n),3,725/825/850,18,-6.415321268035659,45483835.26366729,180.1058232913528,5.289610241825339,111.29879240198606,0.8701615608984817,0.2094073228649816,5.9393531077153545,0.9533812961140816,,,,
S3,"S3 kinetic-loop inlet (X4, H2/CO2 0.42)",P7 (all three reactions + n),3,625/750/850,18,-6.756980340924059,30723097.83301189,188.78514903563746,3.2858455046969155,117.64276700666296,0.8810565628244913,0.24198404571663223,3.649954303931652,0.5729486633181706,,,,
S3,"S3 kinetic-loop inlet (X4, H2/CO2 0.42)",P7 (all three reactions + n),3,675/700/850,18,-6.767629640788213,24057040.367919452,191.35717244233945,4.623971914295891,118.45578950494783,0.8503786776517964,0.2144660866620453,3.792390516350817,0.6582766564778499,,,,
S3,"S3 kinetic-loop inlet (X4, H2/CO2 0.42)",P7 (all three reactions + n),3,675/825/850,18,-6.780146525884879,42869565.290924005,181.45570904283386,6.474292633994461,111.77394891377043,1.2863211287300071,0.29486510871809896,4.697299173421753,0.7347908623226197,,,,
S3,"S3 kinetic-loop inlet (X4, H2/CO2 0.42)",P7 (all three reactions + n),3,650/700/850,18,-6.841885702342725,23876828.428742364,191.0093848069747,4.206485381846413,118.53668196764758,0.8860306331466696,0.22623410568148014,3.5592885539619,0.5914347978358108,,,,
S3,"S3 kinetic-loop inlet (X4, H2/CO2 0.42)",P7 (all three reactions + n),3,625/725/850,18,-6.941817069487118,26315740.383623697,190.2729962910956,3.8209833788738017,118.23720385009105,0.8620159685923968,0.23306516499015803,3.8463494388212913,0.6085897636284913,,,,
S3,"S3 kinetic-loop inlet (X4, H2/CO2 0.42)",P7 (all three reactions + n),3,750/825/850,18,-6.966259574941649,48952620.58773485,178.24646873775296,4.234325453150061,110.7706951716658,0.8764220587136398,0.21655317796728374,7.517346032657939,1.2101203670348761,,,,
S3,"S3 kinetic-loop inlet (X4, H2/CO2 0.42)",P7 (all three reactions + n),3,625/800/850,18,-7.121384310624416,44152114.78614483,187.0154188771278,4.590503288187994,116.47452435263375,1.1047504240928712,0.2680224260994911,3.2779048360998546,0.5542493992264579,,,,
S3,"S3 kinetic-loop inlet (X4, H2/CO2 0.42)",P7 (all three reactions + n),3,775/800/850,18,-7.1919713516746455,59102786.542066686,186.47365382401694,4.9168073527528176,115.11350864795475,1.0664446338763798,0.28171127088349174,6.456912064950994,1.1849432453503606,,,,
S3,"S3 kinetic-loop inlet (X4, H2/CO2 0.42)",P7 (all three reactions + n),3,775/825/850,18,-7.241918846059438,55512038.8396516,178.48948110122998,5.201812902569874,110.24286688651863,1.0225075633924787,0.25734102665606273,6.068347665899974,1.0606628172569688,,,,
S3,"S3 kinetic-loop inlet (X4, H2/CO2 0.42)",P7 (all three reactions + n),3,625/700/850,18,-7.353744761404322,23895025.754333768,191.12691233238417,4.5099272041510385,118.56464370150177,0.9053401169119025,0.23042097759443436,3.8208632546803982,0.626544872649353,,,,
S3,"S3 kinetic-loop inlet (X4, H2/CO2 0.42)",P7 (all three reactions + n),3,600/775/850,18,-7.396167154251619,37889796.14745039,188.33572421312064,4.3854527715569365,116.89469788698788,0.9871470800599672,0.25708930700552396,3.8942698564299776,0.719136435051415,,,,
S3,"S3 kinetic-loop inlet (X4, H2/CO2 0.42)",P7 (all three reactions + n),3,650/825/850,18,-7.71075368335203,42685254.71186113,181.19677709194062,6.407188646818318,111.8695884048876,1.8105785670392294,0.40865213759305397,4.669781111967741,0.7178853811134368,,,,
S3,"S3 kinetic-loop inlet (X4, H2/CO2 0.42)",P7 (all three reactions + n),3,600/750/850,18,-7.727006359619751,30762948.015291356,188.97998865058057,3.711992945585715,117.65641766542655,0.9451950011347543,0.25559967331296435,4.782056206688354,0.7627041136836887,,,,
S3,"S3 kinetic-loop inlet (X4, H2/CO2 0.42)",P7 (all three reactions + n),3,600/725/850,18,-7.763614231876881,26391210.609388087,190.70516847692068,4.505982621865215,118.26391597233984,0.9031660650216737,0.23875483590823166,4.7600984504057475,0.7634006809143942,,,,
S3,"S3 kinetic-loop inlet (X4, H2/CO2 0.42)",P7 (all three reactions + n),3,675/775/825,18,-7.8958877508417284,229622927.343368,448.8755454850808,4.999597144181292,281.29071481034094,0.7125841373540012,0.1920684598416495,2.7630676038287842,0.5237644279500806,,,,
S3,"S3 kinetic-loop inlet (X4, H2/CO2 0.42)",P7 (all three reactions + n),3,700/775/825,18,-7.970465232002111,225458800.7284163,439.73522157485576,5.635808616495826,275.2960620658187,0.6691483328822467,0.1853705621071916,3.1319775263601013,0.6053684066066483,,,,
S3,"S3 kinetic-loop inlet (X4, H2/CO2 0.42)",P7 (all three reactions + n),3,600/700/850,18,-8.031836321356092,23977667.92509264,191.6796156098185,5.3457965207225575,118.58148667400806,0.9408701867253116,0.23460487656317425,4.448908972289126,0.7295171255684706,,,,
S3,"S3 kinetic-loop inlet (X4, H2/CO2 0.42)",P7 (all three reactions + n),3,650/675/850,18,-8.101423379459389,23279296.618832987,192.67611489197986,6.12693564593015,118.8252417203875,1.5275305123142517,0.33849273677032626,4.809544372610131,0.7642748627436919,,,,
S3,"S3 kinetic-loop inlet (X4, H2/CO2 0.42)",P7 (all three reactions + n),3,650/775/825,18,-8.35065017706765,235198197.30468974,455.1160353227455,4.590102537077202,285.19704738463497,0.8336926488103684,0.22144987573003064,2.7665451942931267,0.5131413631390037,,,,
S3,"S3 kinetic-loop inlet (X4, H2/CO2 0.42)",P7 (all three reactions + n),3,675/750/825,18,-8.363831834459756,213005583.15949643,478.88140266228095,4.417309959084716,299.08625803140336,0.7228690959170617,0.20628150211074295,3.020640891071635,0.5194100693864641,,,,
S3,"S3 kinetic-loop inlet (X4, H2/CO2 0.42)",P7 (all three reactions + n),3,625/675/850,18,-8.46997974648129,23237645.954187468,192.4130835970575,6.0381755510304655,118.84282646489453,1.496165177302708,0.33544895336048386,4.733798546317723,0.7390407398934161,,,,
S3,"S3 kinetic-loop inlet (X4, H2/CO2 0.42)",P7 (all three reactions + n),3,725/775/825,18,-8.502171316892902,231039383.47156245,431.1667428505554,6.030892186631454,269.7552998863081,0.7492831352661972,0.21163860977635784,4.088459459243271,0.7888081054537324,,,,
S3,"S3 kinetic-loop inlet (X4, H2/CO2 0.42)",P7 (all three reactions + n),3,700/750/825,18,-8.56553600779552,212913860.6929864,471.92772561125344,4.983829076294158,294.57837840097756,0.7150014000810028,0.20639043045213376,3.4200611738938016,0.6106150947533028,,,,
S3,"S3 kinetic-loop inlet (X4, H2/CO2 0.42)",P7 (all three reactions + n),3,700/800/825,18,-8.576990360341743,251615391.60202968,430.88425118192384,6.870651823548167,269.6590360607938,0.8525202510507015,0.2213744872549066,4.49708839577125,0.7976628110802174,,,,
S3,"S3 kinetic-loop inlet (X4, H2/CO2 0.42)",P7 (all three reactions + n),3,600/800/850,18,-8.646677685141588,44665472.01994869,188.6145978379832,6.003573909464829,116.6178815747664,1.3194313505781703,0.3163477621507638,4.487770114389026,0.7587676479923464,,,,
S3,"S3 kinetic-loop inlet (X4, H2/CO2 0.42)",P7 (all three reactions + n),3,650/750/825,18,-8.712022223103082,215238853.63638097,482.43114225988944,4.119995853302373,301.4274741228551,0.7917631492178456,0.22321071247776106,3.130967129782158,0.522316273536824,,,,
S3,"S3 kinetic-loop inlet (X4, H2/CO2 0.42)",P7 (all three reactions + n),3,675/800/825,18,-8.802978344291333,256832947.3795996,439.2114956765209,6.77769076038873,275.67466862908907,1.1138746621070947,0.28061908788278483,4.1484555088424315,0.7269955846869209,,,,
S3,"S3 kinetic-loop inlet (X4, H2/CO2 0.42)",P7 (all three reactions + n),3,675/725/825,18,-8.836616492334473,196395855.7937323,497.98322061556365,4.589377265750395,310.22806191802437,0.7666859133729843,0.21513713935908482,3.5009076173456686,0.594729981190466,,,,
S3,"S3 kinetic-loop inlet (X4, H2/CO2 0.42)",P7 (all three reactions + n),3,725/800/825,18,-8.959190166836986,255215687.48230323,422.4384259586454,6.727947419718794,264.23356560376845,0.8743468634341357,0.2312891733380583,5.799212091910657,1.0262248516165027,,,,
S3,"S3 kinetic-loop inlet (X4, H2/CO2 0.42)",P7 (all three reactions + n),3,650/725/825,18,-9.018978642939611,197349609.20556983,500.369249490594,4.245217413897383,312.0113256001085,0.812347573188326,0.22713513128852703,3.4618201249615197,0.5725388738759761,,,,
S3,"S3 kinetic-loop inlet (X4, H2/CO2 0.42)",P7 (all three reactions + n),3,600/675/850,18,-9.045542548578332,23329232.923488766,193.07923198661203,6.932922902296385,118.85395180986423,1.5742870975398608,0.34999228547032396,5.309081134940903,0.8226025697383706,,,,
S3,"S3 kinetic-loop inlet (X4, H2/CO2 0.42)",P7 (all three reactions + n),3,625/825/850,18,-9.124788712519372,42662854.23354864,181.13505042870975,6.531459260831873,111.9031656445272,2.1871812660629986,0.4904867176447582,4.6668695618277924,0.7125091670311602,,,,
S3,"S3 kinetic-loop inlet (X4, H2/CO2 0.42)",P7 (all three reactions + n),3,700/725/825,18,-9.15849531580212,199486633.17543623,493.77593838242717,5.323457435426486,307.0999732413647,0.7503193750040359,0.21020188376347113,4.188176390727715,0.7397042318129736,,,,
S3,"S3 kinetic-loop inlet (X4, H2/CO2 0.42)",P7 (all three reactions + n),3,725/750/825,18,-9.338053109578624,223512193.78447837,465.01807069796007,5.525250710375342,289.95691493773523,0.7988978777903657,0.2303589151785679,4.869947737136243,0.8710847319955864,,,,
S3,"S3 kinetic-loop inlet (X4, H2/CO2 0.42)",P7 (all three reactions + n),3,625/775/825,18,-9.390835722785713,238874880.3151658,458.84216179186654,5.034862998384342,287.15543966556095,0.9695040543717157,0.2569669135384509,3.2104579882125956,0.5901231964844535,,,,
S3,"S3 kinetic-loop inlet (X4, H2/CO2 0.42)",P7 (all three reactions + n),3,675/700/825,18,-9.488492744887417,186835438.1204752,510.7879187300463,5.6405701642616295,317.494145094725,0.8886761418102527,0.23190341123039238,3.9794943517044787,0.6926228898585033,,,,
S3,"S3 kinetic-loop inlet (X4, H2/CO2 0.42)",P7 (all three reactions + n),3,650/800/825,18,-9.504420546330087,264500711.6993259,446.11218138918747,6.308181755093634,280.56202950752515,1.4629554134489544,0.36380023449415283,3.965062861295324,0.687778837032049,,,,
S3,"S3 kinetic-loop inlet (X4, H2/CO2 0.42)",P7 (all three reactions + n),3,650/700/825,18,-9.532521494527744,186823698.23686785,511.8772258685094,4.958302327995718,318.8300282589346,0.9076127295541027,0.239723409404476,3.6728260984127132,0.6234662843216607,,,,
S3,"S3 kinetic-loop inlet (X4, H2/CO2 0.42)",P7 (all three reactions + n),3,625/750/825,18,-9.584466362642505,216433696.2811797,483.78816459129064,4.474463310983412,302.25557729263187,0.8747829979794517,0.24454570235103737,3.729474006836693,0.6199988781848353,,,,
S3,"S3 kinetic-loop inlet (X4, H2/CO2 0.42)",P7 (all three reactions + n),3,750/775/825,18,-9.637460845096221,254443669.0638694,429.69048243360044,6.515810138493725,268.3409624202568,0.9030974678455932,0.2590036838641797,5.821292680027318,1.1041756694842475,,,,
S3,"S3 kinetic-loop inlet (X4, H2/CO2 0.42)",P7 (all three reactions + n),3,625/725/825,18,-9.707669834698699,198340643.47748002,501.63769337724216,4.633734238235999,312.8018952973219,0.8631279097941933,0.2388945255818443,3.946593809615728,0.6521131311104098,,,,
S3,"S3 kinetic-loop inlet (X4, H2/CO2 0.42)",P7 (all three reactions + n),3,675/750/800,18,-9.826121927939841,483120562.46661603,735.7137293836158,5.5181856055951535,460.16110814506715,0.8232159540750048,0.25075961540019914,3.387238368378087,0.6376284994480955,,,,
S3,"S3 kinetic-loop inlet (X4, H2/CO2 0.42)",P7 (all three reactions + n),3,675/775/800,18,-9.875918568924652,521141518.08698356,688.4399672018595,7.09812639466191,430.77586774708584,1.0120710915068047,0.2876273512927444,3.822626852032731,0.750731826933281,,,,
S3,"S3 kinetic-loop inlet (X4, H2/CO2 0.42)",P7 (all three reactions + n),3,750/800/825,18,-9.92210240660557,275362113.3171762,419.3543724424697,6.474938379613008,262.31182295401493,0.9691235096006826,0.2608490393224147,7.718664278341135,1.3638622160851046,,,,
S3,"S3 kinetic-loop inlet (X4, H2/CO2 0.42)",P7 (all three reactions + n),3,700/775/800,18,-9.928130244642935,494841079.87702256,662.5770320765287,7.766100383708612,414.38363579135114,0.8662256473450783,0.25388650569771193,4.384991947723036,0.8707997025893448,,,,
S3,"S3 kinetic-loop inlet (X4, H2/CO2 0.42)",P7 (all three reactions + n),3,800/825/850,18,-9.975409337938562,62482846.96944816,180.97024970517828,8.743428302011393,109.98678807840763,1.9070839428770032,0.45260850884665443,10.319422156483922,1.718789451604905,,,,
S3,"S3 kinetic-loop inlet (X4, H2/CO2 0.42)",P7 (all three reactions + n),3,625/700/825,18,-10.036181131002774,187400022.25767577,512.6422333501034,5.247710862251761,319.3814576500009,0.923240795909439,0.24384613537227526,3.9093719015857986,0.659194773088124,,,,
S3,"S3 kinetic-loop inlet (X4, H2/CO2 0.42)",P7 (all three reactions + n),3,650/750/800,18,-10.12699077011605,496106296.12264603,747.3814105659753,4.987586908995849,467.5612430674402,0.9039248272121294,0.2714388282069076,3.3480621453637154,0.6168206817222268,,,,
S3,"S3 kinetic-loop inlet (X4, H2/CO2 0.42)",P7 (all three reactions + n),3,700/750/800,18,-10.134529200216921,470262353.12139815,714.491448585786,6.418521561239701,446.8795395879673,0.8287548204966031,0.2567531939851778,4.0231291711304,0.7748508161290667,,,,
S3,"S3 kinetic-loop inlet (X4, H2/CO2 0.42)",P7 (all three reactions + n),3,675/725/800,18,-10.167175156436254,486199903.69462496,802.8872739795861,5.448247196517233,500.99194291669704,0.8544137436308625,0.2634886775873596,3.8555269970307657,0.7211515970658301,,,,
S3,"S3 kinetic-loop inlet (X4, H2/CO2 0.42)",P7 (all three reactions + n),3,650/725/800,18,-10.285520822401427,491721739.8683801,809.6607512765107,4.907319684079919,505.62317253106687,0.885363230882607,0.2715259970363389,3.671028537360447,0.6740626392441408,,,,
S3,"S3 kinetic-loop inlet (X4, H2/CO2 0.42)",P7 (all three reactions + n),3,625/650/850,18,-10.29108027496973,23425239.93003135,194.80671728710246,9.357485300263718,118.96600846818802,3.2701193263209487,0.691517776548307,7.242121116757897,1.0773004730702052,,,,
S3,"S3 kinetic-loop inlet (X4, H2/CO2 0.42)",P7 (all three reactions + n),3,650/775/800,18,-10.386530099519206,542196633.0043908,703.4696618204185,6.383687633143706,440.45933312371704,1.2551084921445201,0.3516755117422079,3.6107244359663326,0.6986234488961179,,,,
S3,"S3 kinetic-loop inlet (X4, H2/CO2 0.42)",P7 (all three reactions + n),3,600/725/825,18,-10.59958583974777,199521646.15232217,503.29459267580796,5.621088743180914,313.513991203184,0.9274957976884313,0.2522199384167307,4.936378207525865,0.8234366100880615,,,,
S3,"S3 kinetic-loop inlet (X4, H2/CO2 0.42)",P7 (all three reactions + n),3,700/725/800,18,-10.60898017105615,493152210.9742783,794.1521845068993,6.527378170892309,494.7474932294537,0.8813911171912726,0.2717364604283088,4.84892539081655,0.9289895775877414,,,,
S3,"S3 kinetic-loop inlet (X4, H2/CO2 0.42)",P7 (all three reactions + n),3,725/775/800,18,-10.655765909526139,482928149.0247595,632.6205007091995,8.333877726784962,395.9351143430239,0.976473184650118,0.2899570755047049,5.939510911937348,1.172832054747343,,,,
S3,"S3 kinetic-loop inlet (X4, H2/CO2 0.42)",P7 (all three reactions + n),3,600/750/825,18,-10.698436044474505,216972806.93232763,484.4750595686402,5.3855253039580475,302.53354616741564,0.9699571724339944,0.2689452838247138,4.9490214851014676,0.8295394646791046,,,,
S3,"S3 kinetic-loop inlet (X4, H2/CO2 0.42)",P7 (all three reactions + n),3,650/675/825,18,-10.706099547694041,187935789.1777071,523.3016676344267,7.058598833356216,325.0126668620504,1.562607274118367,0.37546711598627597,4.9074117949175315,0.8160957094133299,,,,
S3,"S3 kinetic-loop inlet (X4, H2/CO2 0.42)",P7 (all three reactions + n),3,600/700/825,18,-10.743144950886613,188193452.42914447,513.9186430903928,6.286880457596438,319.8120070879616,0.9672346219995347,0.25171735597068207,4.567356090825886,0.7719552698923979,,,,
S3,"S3 kinetic-loop inlet (X4, H2/CO2 0.42)",P7 (all three reactions + n),3,650/700/800,18,-10.76745631991627,525658799.3317845,884.7531130821852,5.7002953226089375,551.5302282891082,0.9802139698445846,0.2906181588769593,3.899892195412513,0.7302497778790947,,,,
S3,"S3 kinetic-loop inlet (X4, H2/CO2 0.42)",P7 (all three reactions + n),3,625/800/825,18,-10.771803074565213,269616011.10969025,450.51888770627653,6.473437421485951,283.0939603421302,1.7213086316097157,0.4263391940484815,4.075149929963607,0.7023115193701995,,,,
S3,"S3 kinetic-loop inlet (X4, H2/CO2 0.42)",P7 (all three reactions + n),3,600/775/825,18,-10.772929646859762,242331506.45141083,462.57162684248175,6.589597085912046,288.6477096810289,1.144585185079094,0.3043386481032496,4.229778401524195,0.7785922252140497,,,,
S3,"S3 kinetic-loop inlet (X4, H2/CO2 0.42)",P7 (all three reactions + n),3,675/700/800,18,-10.77971124088612,523154459.99254906,880.3149930750064,6.655217795996791,547.6811865751597,0.9861345909670421,0.2906580765746292,4.367103472482854,0.8321051159270597,,,,
S3,"S3 kinetic-loop inlet (X4, H2/CO2 0.42)",P7 (all three reactions + n),3,600/650/850,18,-10.802807580395044,23456899.256353144,195.09628478316762,9.820551279595783,118.97546678554146,3.304575298996176,0.7001487037662802,7.495177078200289,1.1061510395236762,,,,
S3,"S3 kinetic-loop inlet (X4, H2/CO2 0.42)",P7 (all three reactions + n),3,625/725/800,18,-10.983613460448641,497671976.99636805,814.5007207561473,5.331512298400772,508.79940054879773,0.9389727085313018,0.285726321471619,4.1142348117175995,0.7549480368395816,,,,
S3,"S3 kinetic-loop inlet (X4, H2/CO2 0.42)",P7 (all three reactions + n),3,600/825/850,18,-11.015760641425821,42967888.38734997,182.33602351210092,8.134188562778037,111.91331284942035,2.4981677325502805,0.5575863113778586,5.537241728087365,0.8452865820229423,,,,
S3,"S3 kinetic-loop inlet (X4, H2/CO2 0.42)",P7 (all three reactions + n),3,625/750/800,18,-11.034011854185529,501839326.4877419,751.6331248983987,5.375620252983022,470.3843189919535,0.9998923526111198,0.29856116969789737,3.8631418958560637,0.7094687126080733,,,,
S3,"S3 kinetic-loop inlet (X4, H2/CO2 0.42)",P7 (all three reactions + n),3,625/675/825,18,-11.058630270828111,187672609.40607294,522.7012556753198,6.836567459231715,325.1422910551393,1.516211694313057,0.3675330416617961,4.773637561717258,0.7864789263194023,,,,
S3,"S3 kinetic-loop inlet (X4, H2/CO2 0.42)",P7 (all three reactions + n),3,725/750/800,18,-11.128341039850303,484130107.89885926,695.3758150413486,7.364182028502139,434.6426419764272,0.9892742139508106,0.30500861886498287,6.0404130070428,1.1602143033739707,,,,
S3,"S3 kinetic-loop inlet (X4, H2/CO2 0.42)",P7 (all three reactions + n),3,775/800/825,18,-11.228169531299702,320249622.69897,426.2912810448693,9.619587710443893,263.5399036037876,1.397881366545481,0.3722278411292259,7.666546265549929,1.403332343593716,,,,
S3,"S3 kinetic-loop inlet (X4, H2/CO2 0.42)",P7 (all three reactions + n),3,625/700/800,18,-11.25944700729709,528886367.1322993,887.3843722324652,5.969592001527924,553.398253265131,0.9872487288596395,0.2925838597231296,4.082411491785303,0.7608674182211836,,,,
S3,"S3 kinetic-loop inlet (X4, H2/CO2 0.42)",P7 (all three reactions + n),3,625/775/800,18,-11.51522850347813,552240574.563336,710.0146723390895,6.5657147461374095,444.4498043699446,1.4510102346309244,0.4055431109787137,3.8172427142993937,0.73237589023403,,,,
S3,"S3 kinetic-loop inlet (X4, H2/CO2 0.42)",P7 (all three reactions + n),3,600/675/825,18,-11.643304317913373,188239363.23758364,523.6815437829696,7.842320392763475,325.4103047980106,1.5913006190564989,0.38358581573327566,5.343424021777311,0.8784315555307113,,,,
S3,"S3 kinetic-loop inlet (X4, H2/CO2 0.42)",P7 (all three reactions + n),3,650/675/800,18,-11.904608444347215,584647312.3554103,953.2961919813515,8.126079293485075,592.5148411923066,1.6403778441326742,0.45036734598736766,5.122705069703518,0.951602981352475,,,,
S3,"S3 kinetic-loop inlet (X4, H2/CO2 0.42)",P7 (all three reactions + n),3,650/725/775,18,-11.937844684892472,391494471.12397105,827.0096392734729,6.472388601268871,516.1594032004163,1.0441292068072094,0.3509467683579078,3.94469849168445,0.8366873609390333,,,,
S3,"S3 kinetic-loop inlet (X4, H2/CO2 0.42)",P7 (all three reactions + n),3,675/725/775,18,-11.946172358264583,389851461.0479116,821.9476421051817,7.452793454607315,512.455712557566,0.996624770651748,0.33912758282002414,4.315147964842822,0.9347646729376694,,,,
S3,"S3 kinetic-loop inlet (X4, H2/CO2 0.42)",P7 (all three reactions + n),3,600/725/800,18,-11.982013853750082,509079135.40275973,823.8347770241728,6.62515025386416,514.5340164023563,1.0292894709995954,0.30952917708757627,5.203589839309468,0.9620276127941135,,,,
S3,"S3 kinetic-loop inlet (X4, H2/CO2 0.42)",P7 (all three reactions + n),3,600/700/800,18,-12.017597764931615,535457436.23582894,893.0397842443899,7.233424206234367,556.5921016005856,1.0394993666795806,0.30484314841999866,4.790696456259544,0.8953096383568464,,,,
S3,"S3 kinetic-loop inlet (X4, H2/CO2 0.42)",P7 (all three reactions + n),3,675/750/775,18,-12.031856570784297,407255504.46913713,754.7035281547857,8.681781253406825,470.88288303590605,1.1618411711283885,0.3817793965640757,4.436246941924901,0.9391115643298216,,,,
S3,"S3 kinetic-loop inlet (X4, H2/CO2 0.42)",P7 (all three reactions + n),3,625/675/800,18,-12.227328262409513,582198255.3150728,950.8696964564422,7.73848877301188,591.9742767051662,1.5662125431231915,0.4320809721701976,4.8779561863001755,0.8995013399715587,,,,
S3,"S3 kinetic-loop inlet (X4, H2/CO2 0.42)",P7 (all three reactions + n),3,750/775/800,18,-12.236668044437327,491249536.27237433,604.1838675033446,9.466385302547419,378.93424072232506,1.2197147197099076,0.36337276434453025,8.525981803550486,1.66627954082405,,,,
S3,"S3 kinetic-loop inlet (X4, H2/CO2 0.42)",P7 (all three reactions + n),3,650/700/775,18,-12.236796453132552,412710273.62056684,917.7449927382141,6.979987570026856,572.069545834455,1.0615213827421142,0.3559706688731509,4.099900167591077,0.9095494429479463,,,,
S3,"S3 kinetic-loop inlet (X4, H2/CO2 0.42)",P7 (all three reactions + n),3,650/750/775,18,-12.303143318152198,415867750.1080472,765.0569934878968,7.61294048793815,477.80646536385495,1.375139613325303,0.44610935040319083,4.159563591039707,0.8589744166909532,,,,
S3,"S3 kinetic-loop inlet (X4, H2/CO2 0.42)",P7 (all three reactions + n),3,600/750/800,18,-12.312342616664207,505585784.6238597,754.2932303655866,6.780782801413901,472.3907982052351,1.1294951250326295,0.3364285401785026,5.13547483652729,0.9494313925418864,,,,
S3,"S3 kinetic-loop inlet (X4, H2/CO2 0.42)",P7 (all three reactions + n),3,675/700/775,18,-12.381443457676006,415579920.4768657,916.964100980933,8.301192632575573,570.3129334853717,1.080174195976999,0.36363550652199417,4.7503250507218775,1.0708255963308966,,,,
S3,"S3 kinetic-loop inlet (X4, H2/CO2 0.42)",P7 (all three reactions + n),3,700/750/775,18,-12.481008663483664,401395460.6071689,733.9428847200767,9.821743448794178,457.8437750792331,1.0733949392900983,0.3621832074896014,5.340528949963992,1.1662868924109087,,,,
S3,"S3 kinetic-loop inlet (X4, H2/CO2 0.42)",P7 (all three reactions + n),3,600/800/825,18,-12.54951282947562,273268834.2267557,454.1395847346582,8.439652228383778,284.2781853158484,1.9689546373636482,0.4868992055480346,5.0865426153950954,0.8740367702979458,,,,
S3,"S3 kinetic-loop inlet (X4, H2/CO2 0.42)",P7 (all three reactions + n),3,625/725/775,18,-12.618678404184836,394255786.46957797,829.8338217015227,6.755708437158087,518.2479184050734,1.0968603859457644,0.36710017360917313,4.263661005800756,0.9046398874578453,,,,
S3,"S3 kinetic-loop inlet (X4, H2/CO2 0.42)",P7 (all three reactions + n),3,700/725/775,18,-12.632915250075477,404218722.6223645,816.0728402757735,8.893835416153031,508.03466169617303,1.0403582450782287,0.3595104416586443,5.686058645809885,1.2697055220640183,,,,
S3,"S3 kinetic-loop inlet (X4, H2/CO2 0.42)",P7 (all three reactions + n),3,625/700/775,18,-12.686550644232533,413401455.06091094,918.4204858700581,7.15207221566407,572.8455358194634,1.0587249789787228,0.3544401660691339,4.198887685184182,0.9251978605721596,,,,
S3,"S3 kinetic-loop inlet (X4, H2/CO2 0.42)",P7 (all three reactions + n),3,625/650/825,18,-12.798574382103443,190353351.4398872,528.4517859668942,10.413933821978752,327.8274942702746,3.2662770266067893,0.7623242116588883,7.2166576219392,1.165538005318939,,,,
S3,"S3 kinetic-loop inlet (X4, H2/CO2 0.42)",P7 (all three reactions + n),3,600/675/800,18,-12.825137991531413,584890270.4169604,953.2140865607502,8.871555382253298,593.1325827988734,1.6350588124869612,0.4488959052307957,5.435916521807835,1.0012815432744466,,,,
S3,"S3 kinetic-loop inlet (X4, H2/CO2 0.42)",P7 (all three reactions + n),3,600/775/800,18,-13.149440814051768,556116520.599314,712.7327051887028,8.594237640367433,445.7282441952477,1.661338611705749,0.4652878788958303,4.834442764343774,0.9276274789734935,,,,
S3,"S3 kinetic-loop inlet (X4, H2/CO2 0.42)",P7 (all three reactions + n),3,600/625/850,18,-13.215617718327547,24129649.577378936,200.64425391210364,15.783697432983901,119.06918739755221,7.153767327962397,1.4986366565599272,11.59594214157566,1.6815751810883917,,,,
S3,"S3 kinetic-loop inlet (X4, H2/CO2 0.42)",P7 (all three reactions + n),3,650/675/775,18,-13.238525278710522,463186561.7292128,1003.7000795124353,9.631205483427696,623.8237731771533,1.6964357321098829,0.5397443784494231,5.264780559070149,1.157342810965356,,,,
S3,"S3 kinetic-loop inlet (X4, H2/CO2 0.42)",P7 (all three reactions + n),3,625/750/775,18,-13.248808078465224,419371875.417378,768.1391477660002,7.569589567464205,480.1066117205033,1.5245831370751668,0.49350160606111604,4.357577198265762,0.898268736440682,,,,
S3,"S3 kinetic-loop inlet (X4, H2/CO2 0.42)",P7 (all three reactions + n),3,600/650/825,18,-13.304879326863837,190215984.08394155,528.2208953980243,10.854039733183813,327.83440958946505,3.283166245950322,0.767133677900379,7.418521837272499,1.1939072379518536,,,,
S3,"S3 kinetic-loop inlet (X4, H2/CO2 0.42)",P7 (all three reactions + n),3,625/675/775,18,-13.50469233623704,459000228.4633404,998.6849881426901,9.032215656524176,621.8646706122852,1.6007786682936644,0.509887600872804,4.9111593616458,1.0720417769201012,,,,
S3,"S3 kinetic-loop inlet (X4, H2/CO2 0.42)",P7 (all three reactions + n),3,600/700/775,18,-13.516300691370919,418827330.3892998,924.5265357335275,8.712673856746084,576.4338065340565,1.1106908852904251,0.3701814349159112,4.941037200620447,1.0869846484269916,,,,
S3,"S3 kinetic-loop inlet (X4, H2/CO2 0.42)",P7 (all three reactions + n),3,600/725/775,18,-13.754644447016418,401348041.0999819,837.188086029589,8.479802889627695,523.0235053252885,1.186105354874709,0.396435651926899,5.3681747472119845,1.149624358900929,,,,
S3,"S3 kinetic-loop inlet (X4, H2/CO2 0.42)",P7 (all three reactions + n),3,625/650/800,18,-13.894727355972321,617004677.5519702,982.7081194550211,11.705525095189966,610.5142435014408,3.281310956497216,0.870740545586573,7.228640158316473,1.3178224237685632,,,,
S3,"S3 kinetic-loop inlet (X4, H2/CO2 0.42)",P7 (all three reactions + n),3,725/750/775,18,-14.034728073362484,426081274.49954814,717.3817002208627,11.509204659092653,447.3586605413115,1.3949668919067884,0.470833314674964,8.639455417007968,1.8922294594698135,,,,
S3,"S3 kinetic-loop inlet (X4, H2/CO2 0.42)",P7 (all three reactions + n),3,600/675/775,18,-14.116230717055796,460558600.27195597,1000.4628570580292,10.324322558759773,622.7818473996468,1.6585206687752365,0.5262370933682542,5.4389841400372,1.1806159328750485,,,,
S3,"S3 kinetic-loop inlet (X4, H2/CO2 0.42)",P7 (all three reactions + n),3,600/650/800,18,-14.390473017215463,614899185.1367757,980.7914060714205,12.101870472649443,609.8685219032611,3.2695691365399377,0.8675361117144196,7.351615021952841,1.3364196447185368,,,,
S3,"S3 kinetic-loop inlet (X4, H2/CO2 0.42)",P7 (all three reactions + n),3,600/750/775,18,-14.73854944870654,420981265.097886,769.4044099895717,9.452255953452001,481.4021294278891,1.6673488545476076,0.5408100568905578,5.444191447430211,1.1379275304494456,,,,
S3,"S3 kinetic-loop inlet (X4, H2/CO2 0.42)",P7 (all three reactions + n),3,625/650/775,18,-15.040798239367273,491308671.58496225,1039.2144875627428,13.437623841925676,645.7516300570826,3.258340034945989,1.0048982459324827,7.148945796439309,1.526008507066124,,,,
S3,"S3 kinetic-loop inlet (X4, H2/CO2 0.42)",P7 (all three reactions + n),3,600/650/775,18,-15.520463023462195,488676525.26607776,1036.099006448475,13.787249923474304,644.5224460414141,3.2205567851579286,0.9921713911404102,7.192791293505858,1.5284541989944478,,,,
S3,"S3 kinetic-loop inlet (X4, H2/CO2 0.42)",P7 (all three reactions + n),3,600/625/825,18,-15.641278464308073,191507792.06850907,531.0246017917145,17.208291013162768,328.44400403064975,7.02461474035329,1.6297679138091725,11.36420522153799,1.8169101137900159,,,,
S3,"S3 kinetic-loop inlet (X4, H2/CO2 0.42)",P7 (all three reactions + n),3,650/700/750,18,-16.070272502191404,354429043.38799125,1096.8901677845363,9.206339455917945,682.3088231768652,1.293865252638626,0.4956635596313159,4.464377677655482,1.3029241454744347,,,,
S3,"S3 kinetic-loop inlet (X4, H2/CO2 0.42)",P7 (all three reactions + n),3,650/725/750,18,-16.14230823088205,398506255.70330966,1025.6014321459065,9.895510150763831,636.9006302384091,1.632868119981901,0.6145871528431214,4.894736799586446,1.2286904780152503,,,,
S3,"S3 kinetic-loop inlet (X4, H2/CO2 0.42)",P7 (all three reactions + n),3,675/725/750,18,-16.287178490513423,388406153.6746263,1005.8077425527359,11.893350491571235,623.3088467521376,1.4241867947678553,0.5460923753270219,5.456217910615878,1.4970476399116666,,,,
S3,"S3 kinetic-loop inlet (X4, H2/CO2 0.42)",P7 (all three reactions + n),3,625/700/750,18,-16.429689316111507,356427926.18708366,1099.957655862911,9.043994058707298,684.850986771156,1.2965354061381749,0.494293421225682,4.427085136476107,1.251678555800139,,,,
S3,"S3 kinetic-loop inlet (X4, H2/CO2 0.42)",P7 (all three reactions + n),3,675/700/750,18,-16.497580931330255,347449115.1802285,1076.7007180243613,11.569655712889277,668.1285071465363,1.2671752848955384,0.4982827793073513,5.412963540621908,1.6993729500956227,,,,
S3,"S3 kinetic-loop inlet (X4, H2/CO2 0.42)",P7 (all three reactions + n),3,600/625/800,18,-16.63741864892871,624702118.5172391,989.1891232518991,18.96185317048253,614.3158901324288,6.868562963178121,1.8053320908644392,11.088402395306485,2.0059873918218014,,,,
S3,"S3 kinetic-loop inlet (X4, H2/CO2 0.42)",P7 (all three reactions + n),3,625/725/750,18,-16.80975259819961,399559689.2817281,1026.7482001562357,9.483951232919205,638.4829964693181,1.741500424814917,0.6546702573288,4.912332616580072,1.2061379793775213,,,,
S3,"S3 kinetic-loop inlet (X4, H2/CO2 0.42)",P7 (all three reactions + n),3,650/675/750,18,-16.99913173397688,374259287.9228617,1193.841060290104,12.25846329583136,741.4435714529535,1.8165779538745186,0.6798733927840317,5.498031817993678,1.597097932859668,,,,
S3,"S3 kinetic-loop inlet (X4, H2/CO2 0.42)",P7 (all three reactions + n),3,625/675/750,18,-17.14400826772723,373621708.07047373,1192.4907967246995,11.103682716785594,741.9299230495809,1.7167763561542069,0.6395652734872516,5.032314723857767,1.4141380993251378,,,,
S3,"S3 kinetic-loop inlet (X4, H2/CO2 0.42)",P7 (all three reactions + n),3,600/700/750,18,-17.36918544163847,357972526.2833177,1102.4543384084288,11.097171312127704,686.0420613639823,1.324391546129368,0.5067886611857673,5.1273210212633975,1.4580180279189074,,,,
S3,"S3 kinetic-loop inlet (X4, H2/CO2 0.42)",P7 (all three reactions + n),3,700/725/750,18,-17.457491249522068,376040784.59836966,951.0703502981581,14.71597853155429,588.8126063827264,1.3999360877155156,0.5674442441233095,7.7700712900863085,2.3171439302926213,,,,
S3,"S3 kinetic-loop inlet (X4, H2/CO2 0.42)",P7 (all three reactions + n),3,600/625/775,18,-17.643114068648988,498588601.93931115,1047.1789716321575,21.27309476262718,650.6229351503472,6.641776183933596,2.0289502427851387,10.700654326517807,2.2513153273379265,,,,
S3,"S3 kinetic-loop inlet (X4, H2/CO2 0.42)",P7 (all three reactions + n),3,600/675/750,18,-17.77663050509781,375827353.70232093,1196.1224194606875,12.624000255697434,743.7955770156068,1.7572985709892095,0.6526018494653647,5.495553245781687,1.521184352629864,,,,
S3,"S3 kinetic-loop inlet (X4, H2/CO2 0.42)",P7 (all three reactions + n),3,600/725/750,18,-18.12478269140388,399449828.7952828,1026.5366712543744,11.623410614138812,638.4539675948566,1.8212993487298554,0.6881301654431939,5.7437003700950156,1.4551417020338808,,,,
S3,"S3 kinetic-loop inlet (X4, H2/CO2 0.42)",P7 (all three reactions + n),3,625/650/750,18,-18.564054330910984,399267647.78173685,1245.9786154833907,16.12317750159494,774.1424202757673,3.2618151827162967,1.2016374742337432,7.155101780876018,1.8851211193887214,,,,
S3,"S3 kinetic-loop inlet (X4, H2/CO2 0.42)",P7 (all three reactions + n),3,600/650/750,18,-19.013648449164247,398472090.8875371,1244.4300037915582,16.312455866688307,773.7053206869216,3.2037191238490723,1.177084813770249,7.128855683818097,1.844315660039258,,,,
S3,"S3 kinetic-loop inlet (X4, H2/CO2 0.42)",P7 (all three reactions + n),3,650/700/725,18,-20.04509245727545,339767631.2569679,1444.625414705559,14.722079571105864,898.3318148592559,1.8111967589052587,0.8797797017728602,5.423611691158289,1.9736489624681992,,,,
S3,"S3 kinetic-loop inlet (X4, H2/CO2 0.42)",P7 (all three reactions + n),3,625/700/725,18,-20.29749592881356,342508618.1845917,1451.2573325934118,13.093766366914625,903.2223785668244,1.830183302729149,0.8801566887634147,5.060378655464545,1.7311873598084957,,,,
S3,"S3 kinetic-loop inlet (X4, H2/CO2 0.42)",P7 (all three reactions + n),3,625/675/725,18,-20.67068755853099,368008218.3251007,1684.8773499533895,14.637012214005528,1047.4414869901805,1.9817099632807083,0.904698257896638,5.413852427099826,1.852963108992942,,,,
S3,"S3 kinetic-loop inlet (X4, H2/CO2 0.42)",P7 (all three reactions + n),3,650/675/725,18,-20.68742942451858,369199169.8460736,1686.5916906731088,17.279631992396823,1047.2336994597433,2.085371376228969,0.9658016135520844,6.035050047531992,2.2086504254771273,,,,
S3,"S3 kinetic-loop inlet (X4, H2/CO2 0.42)",P7 (all three reactions + n),3,675/700/725,18,-20.87299730088132,328681264.90223306,1395.4459856555916,20.557999308480632,866.1996686079619,1.7270314685141035,0.8773274668065034,6.989019742416092,2.8011344227709984,,,,
S3,"S3 kinetic-loop inlet (X4, H2/CO2 0.42)",P7 (all three reactions + n),3,600/625/750,18,-20.980299136866957,405825556.404116,1256.3974765327628,24.534242078615826,780.8541281940714,6.35623258302082,2.339501173696229,10.312857088155164,2.6195661913442665,,,,
S3,"S3 kinetic-loop inlet (X4, H2/CO2 0.42)",P7 (all three reactions + n),3,600/675/725,18,-21.32469418818639,371033347.36945,1691.7373291202377,16.324581509293857,1051.1790768861997,1.9940003034914162,0.904541145158647,5.744471873834026,1.9350697932762004,,,,
S3,"S3 kinetic-loop inlet (X4, H2/CO2 0.42)",P7 (all three reactions + n),3,600/700/725,18,-21.350549318923125,343654339.637645,1453.5822559354426,15.426851889256776,904.4657216986196,1.8441324138047632,0.8874568948715598,5.541626873603581,1.8980076540572255,,,,
S3,"S3 kinetic-loop inlet (X4, H2/CO2 0.42)",P7 (all three reactions + n),3,625/650/725,18,-21.86726149530269,419150508.3953315,1841.7284864276257,20.477017451468257,1143.65368305273,3.3504529252056923,1.5375929067854743,7.383201922469262,2.367304234962456,,,,
S3,"S3 kinetic-loop inlet (X4, H2/CO2 0.42)",P7 (all three reactions + n),3,600/650/725,18,-22.277059933079006,418765405.6406953,1840.429407278224,20.198584573640403,1143.1208968251942,3.2637834963089243,1.4875436224984202,7.252604403091093,2.25642070413559,,,,
S3,"S3 kinetic-loop inlet (X4, H2/CO2 0.42)",P7 (all three reactions + n),3,600/625/725,18,-23.99698510785354,432153701.3700116,1871.1868672413714,29.334813718626837,1162.450587091219,5.991572414351635,2.8061536845794457,9.9238576783476,3.118982423885246,,,,
S3,"S3 kinetic-loop inlet (X4, H2/CO2 0.42)",P7 (all three reactions + n),3,625/675/700,18,-24.826843876792687,204674854.56065077,2085.238227453578,22.859408431225013,1296.1377058780497,2.492961931038742,1.631239637184155,6.080531114109818,2.6907597767392506,,,,
S3,"S3 kinetic-loop inlet (X4, H2/CO2 0.42)",P7 (all three reactions + n),3,650/675/700,18,-25.178267874523886,202898759.27176437,2065.8889970182836,30.180537453830016,1282.3725141364878,2.616215062046775,1.7603345465401994,7.170999348058282,3.5579405584979713,,,,
S3,"S3 kinetic-loop inlet (X4, H2/CO2 0.42)",P7 (all three reactions + n),3,600/675/700,18,-25.493110820083302,205885980.6695873,2090.4895384326355,23.63658286499052,1299.4280849273384,2.4420946173351914,1.5756837670603094,6.062517375679635,2.604652628120459,,,,
S3,"S3 kinetic-loop inlet (X4, H2/CO2 0.42)",P7 (all three reactions + n),3,625/650/700,18,-25.518600277618674,221493407.03134006,2343.3977785534817,28.723552202629868,1455.292186540696,3.3818348048791047,2.1823678889344538,7.4173085568118395,3.215709069933113,,,,
S3,"S3 kinetic-loop inlet (X4, H2/CO2 0.42)",P7 (all three reactions + n),3,600/650/700,18,-25.84447919814528,221584163.23403406,2342.299186773546,27.004990534786252,1455.2968350608176,3.233680441843146,2.0525398934657897,7.078337870642675,2.914757674049111,,,,
S3,"S3 kinetic-loop inlet (X4, H2/CO2 0.42)",P7 (all three reactions + n),3,600/625/700,18,-27.15821520714818,229343205.8980815,2395.719759677662,37.13158931650597,1488.7237167269923,5.335082585071504,3.5603794348175968,9.003706187438938,3.89698390739309,,,,
S3,"S3 kinetic-loop inlet (X4, H2/CO2 0.42)",P7 (all three reactions + n),3,625/650/675,18,-31.672696919274493,153288620.38317806,4174.9955008527095,50.142442840572635,2590.750443615491,4.033296397018668,3.9954139987858364,9.173040032434692,5.555001382817619,,,,
S3,"S3 kinetic-loop inlet (X4, H2/CO2 0.42)",P7 (all three reactions + n),3,600/650/675,18,-31.76293280112008,153105521.03248435,4182.453443382774,42.46933668879758,2595.936467761686,3.9402041930378005,3.616801985321428,8.903502334061356,4.448007946034747,,,,
S3,"S3 kinetic-loop inlet (X4, H2/CO2 0.42)",P7 (all three reactions + n),3,600/625/675,18,-32.43184697457944,154055219.18596655,4429.767268664121,52.200235412401575,2750.032619735388,4.832913475142389,5.067930199742627,9.760753069691624,5.448517680968926,,,,
S3,"S3 kinetic-loop inlet (X4, H2/CO2 0.42)",P7 (all three reactions + n),3,600/625/650,18,-40.32545411402025,281135469.5372338,12213.873797442193,92.47247370479559,7574.352549904363,9.739539772247417,9.388307204011921,23.55113877473121,9.670655774731518,,,,
S3,"S3 kinetic-loop inlet (X4, H2/CO2 0.42)",P7 (all three reactions + n),4,700/775/800/850,24,-3.2827418243287836,57870084.60610215,182.34705056038467,3.626503560461406,113.59482621876874,0.5583015849812314,0.14855851933455103,2.502461717473415,0.47153047353556077,,,,
S3,"S3 kinetic-loop inlet (X4, H2/CO2 0.42)",P7 (all three reactions + n),4,675/775/800/850,24,-3.2850116152593287,57317072.54154408,182.79240321844725,3.3840040562181253,114.00657878539023,0.5848353560474088,0.15491376886884767,2.281841728268497,0.42345440107225113,,,,
S3,"S3 kinetic-loop inlet (X4, H2/CO2 0.42)",P7 (all three reactions + n),4,675/750/800/850,24,-3.3287824400170543,50759211.2532469,183.5240023819901,3.0143459699123785,114.5403455445886,0.5712746083631538,0.15548605632256285,2.488472635765377,0.4385963293575721,,,,
S3,"S3 kinetic-loop inlet (X4, H2/CO2 0.42)",P7 (all three reactions + n),4,700/775/825/850,24,-3.348008209959483,54767868.633902594,175.2255549384124,3.6026094981880807,109.24128352159204,0.5770631050756476,0.1490032338872561,2.550425581634425,0.46479428824358654,,,,
S3,"S3 kinetic-loop inlet (X4, H2/CO2 0.42)",P7 (all three reactions + n),4,675/775/825/850,24,-3.3583898951356943,54233148.99615178,175.5771301481071,3.340309833726889,109.57116606249748,0.5990798980321145,0.15347911234887338,2.3327129315231634,0.4168344325680588,,,,
S3,"S3 kinetic-loop inlet (X4, H2/CO2 0.42)",P7 (all three reactions + n),4,675/725/775/850,24,-3.3652101318424537,40290099.1475319,184.5341955016241,2.9123467483647274,115.18738119966389,0.5275048278926548,0.14973179838983547,2.223435631383813,0.43541025747738826,,,,
S3,"S3 kinetic-loop inlet (X4, H2/CO2 0.42)",P7 (all three reactions + n),4,675/750/775/850,24,-3.395928850835177,44703780.87346588,184.09671214506523,2.861008777602741,114.89634550241992,0.552325082970889,0.1567270685998606,2.250251852252256,0.4292994915379167,,,,
S3,"S3 kinetic-loop inlet (X4, H2/CO2 0.42)",P7 (all three reactions + n),4,675/700/775/850,24,-3.4012212823883354,37967155.55237971,185.17533714341394,3.046292702565457,115.61568588850734,0.5121407011149308,0.14375101322344275,2.0725829809238596,0.41154043324065814,,,,
S3,"S3 kinetic-loop inlet (X4, H2/CO2 0.42)",P7 (all three reactions + n),4,700/750/800/850,24,-3.4264718374479095,51373276.9196727,183.0648572600669,3.240790321025697,114.17403507158798,0.5579506600428938,0.15200968133951984,2.7458016633056745,0.49378294610043105,,,,
S3,"S3 kinetic-loop inlet (X4, H2/CO2 0.42)",P7 (all three reactions + n),4,675/725/800/850,24,-3.446142212762541,46479459.23754065,184.05484104332965,3.2522100480968903,114.83008563187252,0.5691377360027579,0.15315474869554635,2.6341860570674327,0.4642473276498587,,,,
S3,"S3 kinetic-loop inlet (X4, H2/CO2 0.42)",P7 (all three reactions + n),4,700/750/775/850,24,-3.49798544347757,45384991.300458625,183.61840590098535,3.0395127675622433,114.54344075225478,0.5455859966134619,0.15557017702715906,2.4446414996680086,0.47986584127564347,,,,
S3,"S3 kinetic-loop inlet (X4, H2/CO2 0.42)",P7 (all three reactions + n),4,700/725/775/850,24,-3.5276642271137737,40999143.09645347,184.0732311499697,3.122794172517051,114.84974730159307,0.5198917645652323,0.14872344641497556,2.4526528953523026,0.4935613309824084,,,,
S3,"S3 kinetic-loop inlet (X4, H2/CO2 0.42)",P7 (all three reactions + n),4,650/700/775/850,24,-3.571366974810478,37934790.422933355,185.425068840706,2.942389616678901,115.79739945378923,0.5429676488467773,0.1510389991014242,2.0710586807899927,0.4031541975805415,,,,
S3,"S3 kinetic-loop inlet (X4, H2/CO2 0.42)",P7 (all three reactions + n),4,675/750/825/850,24,-3.5902439844380165,48754601.99269041,177.42899656860925,3.0091838610050186,110.59015504408909,0.6301006344771067,0.1659438448881591,2.7595902749186436,0.4474564901079631,,,,
S3,"S3 kinetic-loop inlet (X4, H2/CO2 0.42)",P7 (all three reactions + n),4,650/725/775/850,24,-3.593649091592397,40257304.218801126,184.7780223853368,2.8362542932782593,115.36033117064679,0.5658467096704081,0.15931331141483038,2.2626419434519054,0.4367020479802473,,,,
S3,"S3 kinetic-loop inlet (X4, H2/CO2 0.42)",P7 (all three reactions + n),4,700/725/800/850,24,-3.6252016195810084,47151040.502367,183.69740214517415,3.5682335243026237,114.49007121235945,0.5522486806349464,0.14864893170508928,2.9733348360988434,0.534073207107884,,,,
S3,"S3 kinetic-loop inlet (X4, H2/CO2 0.42)",P7 (all three reactions + n),4,650/725/800/850,24,-3.6612121833077973,46461156.64529196,184.26292354151153,3.137207092828378,115.00676131391631,0.6017597230665422,0.1609712228218215,2.6460627963410968,0.46091310598048474,,,,
S3,"S3 kinetic-loop inlet (X4, H2/CO2 0.42)",P7 (all three reactions + n),4,675/700/800/850,24,-3.672734786731465,44309203.8363069,184.793155047369,3.675467301112955,115.25884842913248,0.5970370451080702,0.1565440303628434,2.6000935634547133,0.4607687865350464,,,,
S3,"S3 kinetic-loop inlet (X4, H2/CO2 0.42)",P7 (all three reactions + n),4,725/775/800/850,24,-3.6871901951108272,59983516.51520463,181.75416001492155,3.6570394184167245,113.18891072087204,0.6027572510356928,0.1617977541214837,3.16215090716444,0.5978351442137124,,,,
S3,"S3 kinetic-loop inlet (X4, H2/CO2 0.42)",P7 (all three reactions + n),4,650/750/800/850,24,-3.6883599726690655,50791945.34870724,183.82121564814736,2.928314446359443,114.74501087450481,0.6202359226126685,0.1673741109698911,2.603599555029104,0.4529560903461791,,,,
S3,"S3 kinetic-loop inlet (X4, H2/CO2 0.42)",P7 (all three reactions + n),4,700/750/825/850,24,-3.691302262236648,49405347.13081809,177.18022894357264,3.2492162544146734,110.35458853038898,0.6173657523395453,0.16238653579359208,3.0536111963204067,0.5093921621346948,,,,
S3,"S3 kinetic-loop inlet (X4, H2/CO2 0.42)",P7 (all three reactions + n),4,725/775/825/850,24,-3.7135336319612096,56728438.457824126,174.74392149764148,3.630615152714332,108.90174550338159,0.6233712453262454,0.16260186352318115,3.2116989010007138,0.5869707098477452,,,,
S3,"S3 kinetic-loop inlet (X4, H2/CO2 0.42)",P7 (all three reactions + n),4,650/675/775/850,24,-3.71720309533172,37254862.00207337,185.95402727888748,2.914319743845537,116.19914349557398,0.5826469433252374,0.15851092166198577,1.9697854084584352,0.3746704490984337,,,,
S3,"S3 kinetic-loop inlet (X4, H2/CO2 0.42)",P7 (all three reactions + n),4,650/775/800/850,24,-3.753545571118716,57472817.5675564,183.24788866665816,3.260565476854142,114.29741637212732,0.6709516919278996,0.17591613242847268,2.3845237882483574,0.43677152754507226,,,,
S3,"S3 kinetic-loop inlet (X4, H2/CO2 0.42)",P7 (all three reactions + n),4,650/750/775/850,24,-3.7547666086022815,44705456.10162243,184.39261472272182,2.7882743563322654,115.09206498638802,0.6063939262643621,0.17076791450959425,2.3742754762980605,0.4468509971499129,,,,
S3,"S3 kinetic-loop inlet (X4, H2/CO2 0.42)",P7 (all three reactions + n),4,650/700/800/850,24,-3.8188734348204507,44282472.0772071,184.96925088335104,3.4723007112710134,115.44701526518539,0.6250195735530122,0.16316727773894524,2.533531840874516,0.44378978322488394,,,,
S3,"S3 kinetic-loop inlet (X4, H2/CO2 0.42)",P7 (all three reactions + n),4,650/775/825/850,24,-3.8367673040816843,54305801.564019196,175.8792532007189,3.2202758533479994,109.77095030601191,0.6832701074703813,0.17312121018509188,2.4415713121596507,0.4286093477104803,,,,
S3,"S3 kinetic-loop inlet (X4, H2/CO2 0.42)",P7 (all three reactions + n),4,675/725/825/850,24,-3.9131030917416227,45147181.58525254,178.75265919495612,3.465903831009194,111.1058758480456,0.6666272352105592,0.17076921859579478,3.150617931015697,0.5090610705266755,,,,
S3,"S3 kinetic-loop inlet (X4, H2/CO2 0.42)",P7 (all three reactions + n),4,725/750/800/850,24,-3.963557990101137,53563180.7195097,182.46482526351835,3.3793310652156223,113.7605769105046,0.5892606408483133,0.16124106596082813,3.6097032214623215,0.6531563593163275,,,,
S3,"S3 kinetic-loop inlet (X4, H2/CO2 0.42)",P7 (all three reactions + n),4,650/750/825/850,24,-3.975182153019552,48706782.00096657,177.54516198180087,2.9246612196757416,110.70516761076767,0.6828898228522489,0.17843011999659725,2.9094647214337224,0.4625156938211773,,,,
S3,"S3 kinetic-loop inlet (X4, H2/CO2 0.42)",P7 (all three reactions + n),4,625/700/775/850,24,-3.9928709916743914,38003599.238026656,185.62555990873875,3.1161142901756254,115.87276822000248,0.5688494834506703,0.15704767539686737,2.1969676481872855,0.42590606586468444,,,,
S3,"S3 kinetic-loop inlet (X4, H2/CO2 0.42)",P7 (all three reactions + n),4,700/800/825/850,24,-4.036925720354687,60315362.95866073,174.8825273283899,4.648497090784775,108.80532276604927,0.6627032893705406,0.1641028229303782,3.2539451389230067,0.5532722924587263,,,,
S3,"S3 kinetic-loop inlet (X4, H2/CO2 0.42)",P7 (all three reactions + n),4,725/750/775/850,24,-4.064066304263211,47696591.837633446,183.01335389490615,3.1387132259027175,114.147609505145,0.5959577302612462,0.17280535244672296,3.1725456719197256,0.6337748656115813,,,,
S3,"S3 kinetic-loop inlet (X4, H2/CO2 0.42)",P7 (all three reactions + n),4,625/675/775/850,24,-4.105760828810934,37323288.7900153,186.1488953146988,3.020301084478395,116.2804786043553,0.6054452850600823,0.16384608869412212,2.0632807677257885,0.38923090646720443,,,,
S3,"S3 kinetic-loop inlet (X4, H2/CO2 0.42)",P7 (all three reactions + n),4,700/725/825/850,24,-4.131494724302532,45936345.34635807,178.82651312171848,3.878095092730643,110.93884264606132,0.645788566785059,0.1644392798072683,3.642964596302156,0.6053728167697274,,,,
S3,"S3 kinetic-loop inlet (X4, H2/CO2 0.42)",P7 (all three reactions + n),4,650/725/825/850,24,-4.1354428205831875,45033170.48039927,178.71287174130617,3.31483460216283,111.19106104684637,0.7043648957160884,0.18000449758626036,3.1571577802110413,0.5012957827669192,,,,
S3,"S3 kinetic-loop inlet (X4, H2/CO2 0.42)",P7 (all three reactions + n),4,625/725/775/850,24,-4.137535030205003,40331646.84603224,184.98424317249155,3.0496042575779088,115.43637058782197,0.6086128785691719,0.1699456998357951,2.504141253368113,0.4850450609284467,,,,
S3,"S3 kinetic-loop inlet (X4, H2/CO2 0.42)",P7 (all three reactions + n),4,675/800/825/850,24,-4.170206226863352,59772125.613543205,175.09420398106224,4.402811334870401,109.16170210281055,0.7706234833895358,0.1887374790510403,2.901778783688933,0.48771473926578,,,,
S3,"S3 kinetic-loop inlet (X4, H2/CO2 0.42)",P7 (all three reactions + n),4,650/675/800/850,24,-4.177759917021672,43664970.412744865,185.4605814766489,3.6630434263952805,115.87356111117248,0.7554800299944533,0.19070272666599994,2.483703121095118,0.4280941409018849,,,,
S3,"S3 kinetic-loop inlet (X4, H2/CO2 0.42)",P7 (all three reactions + n),4,675/700/750/850,24,-4.210759721297246,31668990.34324285,187.89912257866158,2.9536143612518813,117.02886998899656,0.6049930837231943,0.1784779019383641,2.3586822311783195,0.4224755649619117,,,,
S3,"S3 kinetic-loop inlet (X4, H2/CO2 0.42)",P7 (all three reactions + n),4,625/725/800/850,24,-4.2440295213368175,46550004.7659366,184.48850076002591,3.4431186744083213,115.07861395019694,0.6331948229449893,0.16755180300174222,2.9499546105514094,0.5135519990111084,,,,
S3,"S3 kinetic-loop inlet (X4, H2/CO2 0.42)",P7 (all three reactions + n),4,675/725/750/850,24,-4.271305837464942,34199753.344946995,187.4055944192317,2.8960150517242207,116.70447664998565,0.6269576057937035,0.18492580176042323,2.573480689330543,0.45655996189363657,,,,
S3,"S3 kinetic-loop inlet (X4, H2/CO2 0.42)",P7 (all three reactions + n),4,625/700/800/850,24,-4.2716560796767995,44365579.56263457,185.1864126878375,3.717905298337479,115.52152550761834,0.6388980077491616,0.16595197819736662,2.6800519120695343,0.46768278254620715,,,,
S3,"S3 kinetic-loop inlet (X4, H2/CO2 0.42)",P7 (all three reactions + n),4,725/750/825/850,24,-4.280781035640392,51573011.89393422,176.92844809531593,3.434214086704291,110.09156116476014,0.6582921389274882,0.1723528844630614,4.160275615982546,0.6980323249559959,,,,
S3,"S3 kinetic-loop inlet (X4, H2/CO2 0.42)",P7 (all three reactions + n),4,725/800/825/850,24,-4.306527863337648,62161216.39632157,174.3234505782285,4.488528411327193,108.45903282676541,0.6785064993940921,0.16900700807726046,4.116761474018032,0.7014250126283492,,,,
S3,"S3 kinetic-loop inlet (X4, H2/CO2 0.42)",P7 (all three reactions + n),4,650/700/750/850,24,-4.39337019583585,31564682.737331606,188.00364061188,2.872523770848491,117.14642880307217,0.6428256585789542,0.18771534584809146,2.4104163741279176,0.4155482370069975,,,,
S3,"S3 kinetic-loop inlet (X4, H2/CO2 0.42)",P7 (all three reactions + n),4,600/700/775/850,24,-4.414942789822801,38059845.297720365,185.8137206792871,3.404335758379151,115.90915715060571,0.5868885846037525,0.1608898919699593,2.363320235322577,0.45967626808931955,,,,
S3,"S3 kinetic-loop inlet (X4, H2/CO2 0.42)",P7 (all three reactions + n),4,675/700/825/850,24,-4.421121821037297,43258637.38117243,179.83976265099452,4.363665971985714,111.42050645373988,0.7655981808426229,0.1859459832710169,3.4276557366505234,0.5605442291474163,,,,
S3,"S3 kinetic-loop inlet (X4, H2/CO2 0.42)",P7 (all three reactions + n),4,625/750/800/850,24,-4.438295977839542,50937985.44241848,184.14103866681776,3.184271065313376,114.8512327159459,0.6760031033634883,0.1804751641270597,3.0811192595522496,0.53644513814244,,,,
S3,"S3 kinetic-loop inlet (X4, H2/CO2 0.42)",P7 (all three reactions + n),4,700/725/750/850,24,-4.446411145942232,35046637.7365283,187.08988417816752,3.0372428069386257,116.46155997842828,0.6073174702070145,0.18036691053063816,2.8152731840598175,0.5278562927338039,,,,
S3,"S3 kinetic-loop inlet (X4, H2/CO2 0.42)",P7 (all three reactions + n),4,600/675/775/850,24,-4.46868349194386,37370965.86667686,186.30642646373548,3.2245417144289688,116.31458065975585,0.6158019823794056,0.1661074438836925,2.186276180613522,0.4126860921151104,,,,
S3,"S3 kinetic-loop inlet (X4, H2/CO2 0.42)",P7 (all three reactions + n),4,650/675/750/850,24,-4.4744104147912225,30752142.36955587,188.38537348023715,2.8436018580560174,117.41943174495765,0.6808485764626562,0.19652056972808882,2.3464923811771676,0.38154558153562906,,,,
S3,"S3 kinetic-loop inlet (X4, H2/CO2 0.42)",P7 (all three reactions + n),4,625/750/775/850,24,-4.479887923552669,44831226.36779203,184.70014919547452,2.9870466934133515,115.1999366630789,0.6752088969777479,0.18902563189898414,2.8039554144402836,0.5307111702091367,,,,
S3,"S3 kinetic-loop inlet (X4, H2/CO2 0.42)",P7 (all three reactions + n),4,625/650/775/850,24,-4.516324870342557,37329511.5163005,186.496398181503,2.9291046795409788,116.52205398213985,0.6879464503641927,0.1827883351615409,2.1030205918132685,0.3866228286657479,,,,
S3,"S3 kinetic-loop inlet (X4, H2/CO2 0.42)",P7 (all three reactions + n),4,650/725/750/850,24,-4.5174305396128345,34095334.88780479,187.51529832052364,2.8313191440706946,116.81860381329007,0.6727279902234394,0.19657990508908973,2.671892031457072,0.459556059037096,,,,
S3,"S3 kinetic-loop inlet (X4, H2/CO2 0.42)",P7 (all three reactions + n),4,650/700/825/850,24,-4.533506700312559,43069638.491373524,179.55892980522626,3.9934604157047993,111.49194970305896,0.7900461313811888,0.192744552566417,3.252623068515647,0.5233653329396551,,,,
S3,"S3 kinetic-loop inlet (X4, H2/CO2 0.42)",P7 (all three reactions + n),4,750/775/825/850,24,-4.552274864175083,60810762.12096979,174.74388837880315,3.54036334133782,108.79744143489057,0.6927802502639244,0.18453197067224836,4.507213201111892,0.8111951315438934,,,,
S3,"S3 kinetic-loop inlet (X4, H2/CO2 0.42)",P7 (all three reactions + n),4,625/675/800/850,24,-4.58273502265116,43745051.116478264,185.65452865847226,3.7792308653694815,115.95914534748518,0.7665597836683307,0.19320973970214708,2.5463501498553978,0.4369718384114136,,,,
S3,"S3 kinetic-loop inlet (X4, H2/CO2 0.42)",P7 (all three reactions + n),4,750/775/800/850,24,-4.6314416859124,64562510.06042441,181.94485979971444,3.594041818806382,113.2018752061271,0.6945180625767884,0.19105457135629786,4.555475066944922,0.8532556603400835,,,,
S3,"S3 kinetic-loop inlet (X4, H2/CO2 0.42)",P7 (all three reactions + n),4,625/775/800/850,24,-4.680171733365981,57859037.17774861,183.98946683487807,3.584813324686174,114.51923045329833,0.7805651885572922,0.20299001968650526,2.874390062485157,0.5248643577689883,,,,
S3,"S3 kinetic-loop inlet (X4, H2/CO2 0.42)",P7 (all three reactions + n),4,600/725/775/850,24,-4.6900411441852485,40396537.27756518,185.18678580613974,3.3833797211514676,115.47904836724832,0.6423398520742333,0.17828275362244994,2.8402503040077587,0.5549108054822105,,,,
S3,"S3 kinetic-loop inlet (X4, H2/CO2 0.42)",P7 (all three reactions + n),4,650/800/825/850,24,-4.765649279299881,59847559.69457059,175.3067867699801,4.139662993092499,109.40159435889002,0.9328038935517511,0.22521635827746644,2.852074171473743,0.47526857310923903,,,,
S3,"S3 kinetic-loop inlet (X4, H2/CO2 0.42)",P7 (all three reactions + n),4,600/700/800/850,24,-4.770737924145739,44443603.788047284,185.43985620678652,4.196488703356969,115.55085561343923,0.6505957613242639,0.16775931182717943,2.924913799785148,0.5105377844048709,,,,
S3,"S3 kinetic-loop inlet (X4, H2/CO2 0.42)",P7 (all three reactions + n),4,625/750/825/850,24,-4.777034236327296,48769157.981272206,177.69954197852272,3.198698445795025,110.74494455291239,0.7443927436758957,0.19204010806872807,3.4925686089485874,0.5547787800610524,,,,
S3,"S3 kinetic-loop inlet (X4, H2/CO2 0.42)",P7 (all three reactions + n),4,625/775/825/850,24,-4.779850114955408,54545836.083746165,176.3781521828427,3.5894352451925684,109.88740516695329,0.7916941842288843,0.19892042058104628,2.924162631229466,0.5105975419345286,,,,
S3,"S3 kinetic-loop inlet (X4, H2/CO2 0.42)",P7 (all three reactions + n),4,625/725/825/850,24,-4.7823699587307225,45089508.789734215,178.88064268227998,3.6738982611139956,111.22430062344752,0.7441313697880991,0.18802442219361762,3.591273967988316,0.5696852437535761,,,,
S3,"S3 kinetic-loop inlet (X4, H2/CO2 0.42)",P7 (all three reactions + n),4,625/700/750/850,24,-4.801886502949583,31581725.294846494,188.06277938105782,2.9857897799444135,117.181058419247,0.6684062306980243,0.1933071429521975,2.589392240465471,0.44383579724979316,,,,
S3,"S3 kinetic-loop inlet (X4, H2/CO2 0.42)",P7 (all three reactions + n),4,675/700/725/850,24,-4.844740830802293,27335793.351512037,189.5237387658395,3.2814948010365157,117.71681512732789,0.630605333863672,0.1831201463217345,2.7954963501292416,0.5045976914603344,,,,
S3,"S3 kinetic-loop inlet (X4, H2/CO2 0.42)",P7 (all three reactions + n),4,625/675/750/850,24,-4.844761566712049,30768086.13080574,188.4360221379756,2.9092370631882924,117.45636546415798,0.7047344392560947,0.20178460697159348,2.488361080122651,0.400738218559857,,,,
S3,"S3 kinetic-loop inlet (X4, H2/CO2 0.42)",P7 (all three reactions + n),4,600/725/800/850,24,-4.876338138862125,46633893.9844601,184.74478294991277,3.960353678660472,115.11013539179932,0.660986573495083,0.17275079584441408,3.420290536374986,0.5975062568579079,,,,
S3,"S3 kinetic-loop inlet (X4, H2/CO2 0.42)",P7 (all three reactions + n),4,600/650/775/850,24,-4.926575669895205,37383838.94135016,186.67289419158774,3.114375695954918,116.56110444863616,0.7074632293091626,0.18744317188143644,2.2558530935524446,0.4148800544745048,,,,
S3,"S3 kinetic-loop inlet (X4, H2/CO2 0.42)",P7 (all three reactions + n),4,650/700/725/850,24,-4.942097667539705,27199577.72993438,189.51321282058638,3.166779557680144,117.80509293291858,0.6618762700526021,0.19107556401739503,2.777400400747073,0.4835703351962247,,,,
S3,"S3 kinetic-loop inlet (X4, H2/CO2 0.42)",P7 (all three reactions + n),4,650/675/725/850,24,-4.980966743358357,26364358.57285695,189.84712868220134,3.1392455485172146,118.04709965332154,0.7157060963962353,0.2032835215167266,2.676834107354308,0.4365197822842109,,,,
S3,"S3 kinetic-loop inlet (X4, H2/CO2 0.42)",P7 (all three reactions + n),4,600/675/800/850,24,-4.99467275297465,43804899.95965864,185.84338399126625,4.106714305648419,115.98969666004213,0.7687221930225453,0.19354684920239132,2.6928657723283687,0.46205614125406685,,,,
S3,"S3 kinetic-loop inlet (X4, H2/CO2 0.42)",P7 (all three reactions + n),4,625/700/825/850,24,-5.025390687325182,43104551.13282702,179.6761701373226,4.283044382279562,111.51736613711498,0.8038521275874737,0.19572365987255524,3.4652337404775113,0.5547029377078575,,,,
S3,"S3 kinetic-loop inlet (X4, H2/CO2 0.42)",P7 (all three reactions + n),4,750/800/825/850,24,-5.032610858130473,66141380.60474632,174.17567287150194,4.041241382543256,108.394293910267,0.727831971205009,0.18482886676213667,5.46783102245703,0.9350061803280434,,,,
S3,"S3 kinetic-loop inlet (X4, H2/CO2 0.42)",P7 (all three reactions + n),4,625/725/750/850,24,-5.066849143382733,34116646.91196911,187.58841606061287,2.982347995075735,116.8535857444657,0.7096614824414548,0.20542982230614926,3.0093537643078343,0.5199475990404924,,,,
S3,"S3 kinetic-loop inlet (X4, H2/CO2 0.42)",P7 (all three reactions + n),4,625/650/800/850,24,-5.129352309438725,43778561.715286404,185.95051628563178,3.6679069956490276,116.24942533219817,0.9284034147398599,0.22890665348932848,2.505253987670688,0.4238677407527696,,,,
S3,"S3 kinetic-loop inlet (X4, H2/CO2 0.42)",P7 (all three reactions + n),4,600/675/750/850,24,-5.186399446518192,30781492.63765123,188.49443326135963,3.04748969376303,117.46638389606126,0.7153822502461188,0.20364670444703278,2.6489971919214907,0.4295560638167835,,,,
S3,"S3 kinetic-loop inlet (X4, H2/CO2 0.42)",P7 (all three reactions + n),4,600/700/750/850,24,-5.204239291419119,31598764.31985646,188.13881936372545,3.1809808379681197,117.19048841425526,0.6827598147431967,0.19581960385484495,2.8090558575173095,0.48572033240491075,,,,
S3,"S3 kinetic-loop inlet (X4, H2/CO2 0.42)",P7 (all three reactions + n),4,625/650/750/850,24,-5.205238912307156,30673991.06208037,188.5662177264553,2.8342202648664157,117.58655938200704,0.7766321372105172,0.21920334333376087,2.6057781954625243,0.4003254229026019,,,,
S3,"S3 kinetic-loop inlet (X4, H2/CO2 0.42)",P7 (all three reactions + n),4,600/750/775/850,24,-5.257341978783431,44955041.914866135,185.02397533877277,3.3132217539386977,115.28111010446024,0.7357377106219288,0.206118963283383,3.5026003386473903,0.6695277330618552,,,,
S3,"S3 kinetic-loop inlet (X4, H2/CO2 0.42)",P7 (all three reactions + n),4,600/750/800/850,24,-5.263053898274639,51081004.2155667,184.48603590001147,3.6172497510063524,114.9253636588254,0.7235184849064706,0.19164396022857672,3.8882798995408594,0.680869878809773,,,,
S3,"S3 kinetic-loop inlet (X4, H2/CO2 0.42)",P7 (all three reactions + n),4,625/675/725/850,24,-5.322880574309466,26374077.244194183,189.88863609026274,3.2408330964559044,118.07395840965152,0.7317131531151199,0.20647955508881244,2.824161444338081,0.45741360061438247,,,,
S3,"S3 kinetic-loop inlet (X4, H2/CO2 0.42)",P7 (all three reactions + n),4,625/700/725/850,24,-5.349452996862617,27219700.468478348,189.60815423005312,3.34319250647966,117.83690591360877,0.6790033457217548,0.1943011214008751,3.00261243113724,0.520576021813243,,,,
S3,"S3 kinetic-loop inlet (X4, H2/CO2 0.42)",P7 (all three reactions + n),4,650/675/825/850,24,-5.362329470066183,42620946.408722386,180.53366167901166,5.059652384401321,111.73523529793543,1.1855779060860188,0.27342354020770715,3.763107847429826,0.5929411725261616,,,,
S3,"S3 kinetic-loop inlet (X4, H2/CO2 0.42)",P7 (all three reactions + n),4,600/725/825/850,24,-5.532838307233458,45216543.33446612,179.2848270950762,4.3501815055258755,111.24771671786607,0.7888672477665141,0.1959407326917953,4.358596530690172,0.6946852193909927,,,,
S3,"S3 kinetic-loop inlet (X4, H2/CO2 0.42)",P7 (all three reactions + n),4,625/650/725/850,24,-5.554663307496591,26255309.68592028,189.9296990117824,3.1411374239306213,118.18250809283286,0.7914310280917118,0.22100274089163402,2.8692668301063526,0.44353408532044764,,,,
S3,"S3 kinetic-loop inlet (X4, H2/CO2 0.42)",P7 (all three reactions + n),4,600/650/800/850,24,-5.579343073204817,43843857.46218124,186.14494453333324,3.9176108890779866,116.28450362829552,0.9380709764753199,0.23104732129721167,2.644522042311809,0.4475803571881871,,,,
S3,"S3 kinetic-loop inlet (X4, H2/CO2 0.42)",P7 (all three reactions + n),4,600/650/750/850,24,-5.585401809690238,30686124.954205714,188.61853242950383,2.9601556297889884,117.59685423069794,0.792963447084657,0.2225012372349975,2.8010937769362343,0.43378992583004394,,,,
S3,"S3 kinetic-loop inlet (X4, H2/CO2 0.42)",P7 (all three reactions + n),4,600/700/825/850,24,-5.6316778308418565,43233044.324630976,180.12495727656577,5.001511245687822,111.53180390857973,0.8313140380999675,0.20050387759350852,3.933423707387776,0.6293287549160903,,,,
S3,"S3 kinetic-loop inlet (X4, H2/CO2 0.42)",P7 (all three reactions + n),4,600/725/750/850,24,-5.636913661678163,34142973.254431196,187.69606823205314,3.232825247914303,116.8662859957729,0.7319877273110921,0.21031743195718866,3.4953616989245915,0.6135863691788737,,,,
S3,"S3 kinetic-loop inlet (X4, H2/CO2 0.42)",P7 (all three reactions + n),4,600/675/725/850,24,-5.679657648930938,26396722.038441587,190.00886829797838,3.4479652453699496,118.08728202297867,0.7410168757001399,0.20751427126122288,3.0325628842813255,0.49462681761370164,,,,
S3,"S3 kinetic-loop inlet (X4, H2/CO2 0.42)",P7 (all three reactions + n),4,600/750/825/850,24,-5.689638377778388,48847026.457627706,177.92673493652126,3.6697558125970366,110.75919429713741,0.8024250381616054,0.20408351732826582,4.545551262129626,0.7264951837774606,,,,
S3,"S3 kinetic-loop inlet (X4, H2/CO2 0.42)",P7 (all three reactions + n),4,650/675/700/850,24,-5.715977282099369,23956016.681434546,190.73209912825538,3.74501064326838,118.39356811995962,0.7905205836132178,0.20708083104114097,3.0255057248484465,0.5279650032529151,,,,
S3,"S3 kinetic-loop inlet (X4, H2/CO2 0.42)",P7 (all three reactions + n),4,600/625/775/850,24,-5.7409985131574235,37536405.442141816,187.1368289141477,3.3687344976137292,116.69879780581061,0.8140308225928647,0.2131287986174995,2.5737672922982746,0.47074862450197563,,,,
S3,"S3 kinetic-loop inlet (X4, H2/CO2 0.42)",P7 (all three reactions + n),4,600/775/800/850,24,-5.74929053470311,58369823.625108704,185.03090845137308,4.228938704725871,114.73978486857453,0.8994997956972884,0.23340245551304145,3.8085040410493494,0.6969031394327683,,,,
S3,"S3 kinetic-loop inlet (X4, H2/CO2 0.42)",P7 (all three reactions + n),4,625/675/825/850,24,-5.760194202160218,42592540.12691325,180.44201200913707,5.07877483413661,111.7548155519299,1.1759675543104426,0.27207860399457995,3.760294194762171,0.5889002635008825,,,,
S3,"S3 kinetic-loop inlet (X4, H2/CO2 0.42)",P7 (all three reactions + n),4,600/700/725/850,24,-5.8054736108985,27263122.484059677,189.82690112355735,3.6569386388859217,117.8619587058698,0.6907316877748144,0.19536631344493643,3.3466969754717346,0.5849352306607735,,,,
S3,"S3 kinetic-loop inlet (X4, H2/CO2 0.42)",P7 (all three reactions + n),4,600/775/825/850,24,-5.862807408036205,54897031.99456271,177.16941960326042,4.336567705161781,109.99590638934899,0.9073054478319724,0.22695493710611175,3.8044412085313106,0.6649028447060329,,,,
S3,"S3 kinetic-loop inlet (X4, H2/CO2 0.42)",P7 (all three reactions + n),4,775/800/825/850,24,-5.9056145247863165,73352218.67426309,175.66802060241363,4.881274593231658,108.43245735904497,0.9648136583418867,0.245853355091963,5.7554261084785105,1.0224012154069062,,,,
S3,"S3 kinetic-loop inlet (X4, H2/CO2 0.42)",P7 (all three reactions + n),4,625/800/825/850,24,-5.920326323373291,60179603.85104177,175.94704820421885,4.560167454119795,109.53545502863605,1.0932468540807176,0.26113292351938194,3.2763300109994455,0.5437567598401594,,,,
S3,"S3 kinetic-loop inlet (X4, H2/CO2 0.42)",P7 (all three reactions + n),4,600/650/725/850,24,-5.920421503349311,26271140.286918636,190.01639254715428,3.3241772031119807,118.19256265487456,0.8028917061913239,0.22264414196446525,3.07803894567621,0.4799635853640299,,,,
S3,"S3 kinetic-loop inlet (X4, H2/CO2 0.42)",P7 (all three reactions + n),4,625/675/700/850,24,-6.005449299351666,23962273.459396947,190.76421811672466,3.8652252902425572,118.41594296597276,0.7970697969039723,0.20887232310087028,3.1281631504623926,0.5388740409933636,,,,
S3,"S3 kinetic-loop inlet (X4, H2/CO2 0.42)",P7 (all three reactions + n),4,625/650/700/850,24,-6.154690844298774,23826136.437039897,190.66997275428173,3.655356598902526,118.51664375799183,0.8476095794938205,0.22170782746347983,3.0504025329711104,0.5015390100545558,,,,
S3,"S3 kinetic-loop inlet (X4, H2/CO2 0.42)",P7 (all three reactions + n),4,675/750/800/825,24,-6.1996118348528295,266150211.58472294,411.61167806850534,4.134891392857194,257.5561667652004,0.6528414416917118,0.18124846949014844,2.858513199847022,0.5086529203997248,,,,
S3,"S3 kinetic-loop inlet (X4, H2/CO2 0.42)",P7 (all three reactions + n),4,600/675/825/850,24,-6.251937613849144,42691146.99488203,180.80465705676556,5.644846283443693,111.76407353781511,1.1980903279347233,0.27679125724129544,4.068503576371765,0.6356385077955572,,,,
S3,"S3 kinetic-loop inlet (X4, H2/CO2 0.42)",P7 (all three reactions + n),4,675/775/800/825,24,-6.265388472618201,287460123.3244536,401.66619540125697,4.874021342539069,251.79419283479797,0.7003947397311197,0.18681174468994174,2.7379665574925673,0.5108367390220867,,,,
S3,"S3 kinetic-loop inlet (X4, H2/CO2 0.42)",P7 (all three reactions + n),4,675/725/775/825,24,-6.277979947877236,224912033.043841,424.6130135276755,4.230766231934494,265.6391164249373,0.5757015097354402,0.16503922056848963,2.5856442073843353,0.49734727976246534,,,,
S3,"S3 kinetic-loop inlet (X4, H2/CO2 0.42)",P7 (all three reactions + n),4,600/625/750/850,24,-6.289826621261389,30711822.068033256,188.71490015177474,3.1195379435893154,117.63869328996809,0.8632004117565513,0.23874430879749328,3.198366665933453,0.49391988043540797,,,,
S3,"S3 kinetic-loop inlet (X4, H2/CO2 0.42)",P7 (all three reactions + n),4,675/750/775/825,24,-6.3278240253995435,243175219.6432189,419.108612952168,4.300071789864148,262.2301936542894,0.6011990482167819,0.1726027857545471,2.5513651101771955,0.4832200700187548,,,,
S3,"S3 kinetic-loop inlet (X4, H2/CO2 0.42)",P7 (all three reactions + n),4,700/775/800/825,24,-6.3437291751545075,280998699.4727468,394.2831092084645,5.483628077392881,246.92687075592525,0.6564370224033337,0.17863334552727658,3.098797162970722,0.5850047681043354,,,,
S3,"S3 kinetic-loop inlet (X4, H2/CO2 0.42)",P7 (all three reactions + n),4,675/725/800/825,24,-6.347674519361395,250893195.4542575,418.2140118738119,4.298917424885586,261.4446272721261,0.6663670161556792,0.1832141240270857,3.1505991806217803,0.5590880108489834,,,,
S3,"S3 kinetic-loop inlet (X4, H2/CO2 0.42)",P7 (all three reactions + n),4,675/700/775/825,24,-6.357084806196517,219485437.54752913,433.03674040005507,4.439895249668762,271.0994628148074,0.5707971821240386,0.16027602355679524,2.4732967446571257,0.4833105308424131,,,,
S3,"S3 kinetic-loop inlet (X4, H2/CO2 0.42)",P7 (all three reactions + n),4,600/675/700/850,24,-6.377609933846634,24002122.47846712,191.0084528487683,4.217041176230451,118.43313587855975,0.8143035315683592,0.21078845250570638,3.387780288689681,0.5828497067753479,,,,
S3,"S3 kinetic-loop inlet (X4, H2/CO2 0.42)",P7 (all three reactions + n),4,700/750/800/825,24,-6.404686138107762,262702479.57316968,405.4943209556042,4.680713085772302,253.63837732175278,0.6492946393729919,0.18194307133065685,3.2576521639588405,0.5898191241970946,,,,
S3,"S3 kinetic-loop inlet (X4, H2/CO2 0.42)",P7 (all three reactions + n),4,650/725/775/825,24,-6.4516808468375295,227727614.22054496,427.9924683451579,3.973848465893267,267.78552961074786,0.6134041691536364,0.17454482822943582,2.5837716897497263,0.4907300711085134,,,,
S3,"S3 kinetic-loop inlet (X4, H2/CO2 0.42)",P7 (all three reactions + n),4,650/700/775/825,24,-6.471684853897754,222528685.15517125,436.8046959705814,4.122793515461259,273.4864560875192,0.6023117980085476,0.1681021249059765,2.4187166406431277,0.46561248770567926,,,,
S3,"S3 kinetic-loop inlet (X4, H2/CO2 0.42)",P7 (all three reactions + n),4,600/625/725/850,24,-6.497099039807374,26288732.089346725,190.10537942881328,3.552576811569659,118.22580137499995,0.8432605448283241,0.2310499669685404,3.401344539960105,0.5289518374925671,,,,
S3,"S3 kinetic-loop inlet (X4, H2/CO2 0.42)",P7 (all three reactions + n),4,600/650/700/850,24,-6.500075602591493,23848644.151917428,190.81344415166785,3.918109309891548,118.52704417047069,0.8600355478543288,0.2233190904978376,3.252990294632857,0.5350765210924057,,,,
S3,"S3 kinetic-loop inlet (X4, H2/CO2 0.42)",P7 (all three reactions + n),4,650/725/800/825,24,-6.519612999972129,253501264.69797215,420.9384770455437,4.007038970289895,263.2523643490259,0.6998700052725901,0.19170334505816602,3.101860580033326,0.5440368891613564,,,,
S3,"S3 kinetic-loop inlet (X4, H2/CO2 0.42)",P7 (all three reactions + n),4,650/750/800/825,24,-6.523309114843242,269851235.5716094,415.0092735448196,3.886098852859722,259.69453636052623,0.7083601023270965,0.194881467188764,2.928294649456138,0.5139507858463962,,,,
S3,"S3 kinetic-loop inlet (X4, H2/CO2 0.42)",P7 (all three reactions + n),4,700/725/775/825,24,-6.537611093890299,223021334.3623562,418.21738405184595,4.809556944938143,261.5776055223454,0.5708659643213333,0.16588979752438687,2.9321235355662982,0.5757442013904538,,,,
S3,"S3 kinetic-loop inlet (X4, H2/CO2 0.42)",P7 (all three reactions + n),4,600/625/800/850,24,-6.542776311831964,44045047.10392529,186.66956320546876,4.182241854878628,116.43895896241081,1.0840550713958517,0.2634369318014702,2.8835923932867247,0.48511531535168856,,,,
S3,"S3 kinetic-loop inlet (X4, H2/CO2 0.42)",P7 (all three reactions + n),4,700/750/775/825,24,-6.542795790167393,240256609.81789857,412.48197251571423,4.870941010570297,257.98506625406543,0.6009133593613536,0.17501186644926275,2.8559808777430034,0.5530101904127789,,,,
S3,"S3 kinetic-loop inlet (X4, H2/CO2 0.42)",P7 (all three reactions + n),4,650/750/775/825,24,-6.6285105892587195,246888142.78588536,422.963674908455,4.031408634512668,264.6418816725978,0.6579577638882105,0.18720660164377298,2.6296545841473704,0.49115268218340563,,,,
S3,"S3 kinetic-loop inlet (X4, H2/CO2 0.42)",P7 (all three reactions + n),4,700/725/800/825,24,-6.63753124868367,249129195.35010388,412.99857430813137,4.977204774932882,257.9723128099326,0.6571145494897963,0.18115318752548482,3.6995086726357242,0.667628022634278,,,,
S3,"S3 kinetic-loop inlet (X4, H2/CO2 0.42)",P7 (all three reactions + n),4,650/675/775/825,24,-6.686305885880819,226527100.07524312,445.7825417818677,4.1317117139336235,279.3998612044059,0.6786485951415635,0.18320779806905182,2.320148727518252,0.4413822167709889,,,,
S3,"S3 kinetic-loop inlet (X4, H2/CO2 0.42)",P7 (all three reactions + n),4,675/700/800/825,24,-6.699430437138926,246813697.69773445,426.17096018796684,5.072264069339427,266.42075850911107,0.7372176001735967,0.19509982872552853,3.3127005230073694,0.5936581427658129,,,,
S3,"S3 kinetic-loop inlet (X4, H2/CO2 0.42)",P7 (all three reactions + n),4,650/775/800/825,24,-6.711344346970223,294461160.65152955,407.0167988954858,4.492511028214508,255.09318822587412,0.8172339176964756,0.21570584829711065,2.736571850422996,0.5038554168674625,,,,
S3,"S3 kinetic-loop inlet (X4, H2/CO2 0.42)",P7 (all three reactions + n),4,625/650/825/850,24,-6.7550319643831,42559394.867708735,180.69764892977219,5.592393204828159,111.8595481260247,1.7510271794078087,0.39559241185974986,4.080219177682995,0.6273787861339162,,,,
S3,"S3 kinetic-loop inlet (X4, H2/CO2 0.42)",P7 (all three reactions + n),4,650/700/800/825,24,-6.780339858152374,249651476.97057498,429.15658948050634,4.57217339617156,268.47143997684935,0.7612669604169406,0.20182652591215505,3.125574966891669,0.5539054923676208,,,,
S3,"S3 kinetic-loop inlet (X4, H2/CO2 0.42)",P7 (all three reactions + n),4,725/775/800/825,24,-6.869331302149426,283002646.3858274,387.5980810723231,5.805447864251921,242.62147316316793,0.7270573687054813,0.2007241278397019,4.00475665348227,0.7549332255403614,,,,
S3,"S3 kinetic-loop inlet (X4, H2/CO2 0.42)",P7 (all three reactions + n),4,625/700/775/825,24,-6.925534315198379,224075907.45613262,438.33850462087236,4.38103803205582,274.4271158100206,0.6257421524831106,0.17445122589391707,2.5610851302214996,0.4913926401328281,,,,
S3,"S3 kinetic-loop inlet (X4, H2/CO2 0.42)",P7 (all three reactions + n),4,600/625/700/850,24,-6.942888093243442,23859829.910643745,190.87873835669618,4.126842903204699,118.55598594854203,0.8766536790072941,0.2272693647564394,3.4290072596488583,0.5564665645900122,,,,
S3,"S3 kinetic-loop inlet (X4, H2/CO2 0.42)",P7 (all three reactions + n),4,675/700/750/825,24,-7.040442778683697,209880597.6830039,467.47083811423875,4.152201809993085,291.74432426275666,0.6072931110502369,0.18007643430666703,2.565045592788326,0.4648759190710431,,,,
S3,"S3 kinetic-loop inlet (X4, H2/CO2 0.42)",P7 (all three reactions + n),4,625/725/775/825,24,-7.050363797098637,229253495.0981267,429.4463283920148,4.338996681705399,268.67196260412277,0.6581277619929361,0.18669383370980455,2.8664752922838184,0.5453770419454005,,,,
S3,"S3 kinetic-loop inlet (X4, H2/CO2 0.42)",P7 (all three reactions + n),4,625/675/775/825,24,-7.082578811012105,228315939.84501162,447.5597583780147,4.238554056347249,280.4783307858739,0.696666588832735,0.18819193821055985,2.399795957258686,0.45355318000529354,,,,
S3,"S3 kinetic-loop inlet (X4, H2/CO2 0.42)",P7 (all three reactions + n),4,675/725/750/825,24,-7.095337670076178,219370600.57533598,459.5525062398643,4.1176549341703295,286.7489487418747,0.6303732225709582,0.1880913640813133,2.786403156755943,0.49725114514241725,,,,
S3,"S3 kinetic-loop inlet (X4, H2/CO2 0.42)",P7 (all three reactions + n),4,725/750/800/825,24,-7.106028746162077,266159548.07435647,398.6596288475026,5.15115192953321,249.2806964303183,0.7133605037268707,0.20039519693794838,4.49487235747125,0.81459478357363,,,,
S3,"S3 kinetic-loop inlet (X4, H2/CO2 0.42)",P7 (all three reactions + n),4,650/700/750/825,24,-7.163217742308093,211572466.60699016,470.3604061122984,3.9028625526645686,293.67843128123735,0.6379165681418468,0.1877772431994759,2.5680239429421143,0.4538331605133805,,,,
S3,"S3 kinetic-loop inlet (X4, H2/CO2 0.42)",P7 (all three reactions + n),4,625/725/800/825,24,-7.168229665735057,254711522.65352637,421.94896706322555,4.430128624313462,263.8969137480456,0.7409156864051953,0.20164057346593275,3.4885349621869235,0.6115769195637838,,,,
S3,"S3 kinetic-loop inlet (X4, H2/CO2 0.42)",P7 (all three reactions + n),4,725/750/775/825,24,-7.216566471135222,245114115.00170773,405.4637728586312,5.363589819480035,253.53038402535262,0.6677045269345772,0.19719154444115256,3.7793772921183755,0.7376596022003081,,,,
S3,"S3 kinetic-loop inlet (X4, H2/CO2 0.42)",P7 (all three reactions + n),4,650/675/750/825,24,-7.230145183451966,211700376.8831318,477.3708862955633,3.7848361301186526,298.159650521317,0.6717459188419321,0.19392182143939832,2.448371559800511,0.4194771543423968,,,,
S3,"S3 kinetic-loop inlet (X4, H2/CO2 0.42)",P7 (all three reactions + n),4,600/650/825/850,24,-7.235993297419036,42593770.44926475,180.83740405301214,5.871464361419451,111.86656120853594,1.7526201187430934,0.3962333810960484,4.211344379850775,0.6462254054160474,,,,
S3,"S3 kinetic-loop inlet (X4, H2/CO2 0.42)",P7 (all three reactions + n),4,625/700/800/825,24,-7.264394986882956,250999922.0451985,430.30834622815695,4.873702675896342,269.22626928314145,0.7742862191874511,0.2051658730365647,3.3068159655448475,0.5841275390141892,,,,
S3,"S3 kinetic-loop inlet (X4, H2/CO2 0.42)",P7 (all three reactions + n),4,650/725/750/825,24,-7.273871618232603,221027022.8526055,462.2288006878224,3.892341209896488,288.5347451871995,0.6671798047321803,0.1976009642248209,2.8392650948261497,0.4956115970408529,,,,
S3,"S3 kinetic-loop inlet (X4, H2/CO2 0.42)",P7 (all three reactions + n),4,625/750/800/825,24,-7.358899844599249,271808403.79879916,416.5625346838504,4.288033578496096,260.57710109014664,0.779933052214262,0.21336998731876106,3.4598932306661085,0.6065238923470673,,,,
S3,"S3 kinetic-loop inlet (X4, H2/CO2 0.42)",P7 (all three reactions + n),4,625/650/675/850,24,-7.374277533721562,23173067.368629307,191.91976851225058,5.122550731229716,118.80422444263577,1.3757923897192248,0.31164221316678165,4.0183717331594915,0.6404172513718096,,,,
S3,"S3 kinetic-loop inlet (X4, H2/CO2 0.42)",P7 (all three reactions + n),4,700/725/750/825,24,-7.3747352970518945,220178141.83580256,454.3012268764845,4.616914227314784,283.324112255633,0.6300107143643745,0.18950105960480823,3.1412555819690327,0.5810433188424322,,,,
S3,"S3 kinetic-loop inlet (X4, H2/CO2 0.42)",P7 (all three reactions + n),4,650/675/800/825,24,-7.398186086431054,253869621.0857454,436.75407325590425,5.349932234490095,273.8065205160433,1.0514351443282435,0.26633252208379016,3.383935286901429,0.5949729595621309,,,,
S3,"S3 kinetic-loop inlet (X4, H2/CO2 0.42)",P7 (all three reactions + n),4,600/800/825/850,24,-7.41317187921971,60852801.10922403,177.42214713090786,5.941098448408268,109.65124281439854,1.2976830211066142,0.307141670311934,4.466507533980759,0.7407472799653244,,,,
S3,"S3 kinetic-loop inlet (X4, H2/CO2 0.42)",P7 (all three reactions + n),4,625/750/775/825,24,-7.424225197101263,249208979.22139665,425.02606855244625,4.4211238767915,265.78252410836467,0.7331429375356142,0.20828791081055154,3.080579186147587,0.5764463078312835,,,,
S3,"S3 kinetic-loop inlet (X4, H2/CO2 0.42)",P7 (all three reactions + n),4,600/700/775/825,24,-7.455654326732403,224781450.02287015,439.0473326526361,4.983318455801494,274.85362958129855,0.6461376989768085,0.17987485554494795,2.7950973815388216,0.5377761197325958,,,,
S3,"S3 kinetic-loop inlet (X4, H2/CO2 0.42)",P7 (all three reactions + n),4,600/675/775/825,24,-7.505371292193132,229009129.08309817,448.2535624885891,4.608952930142807,280.89297875305317,0.7037581399850048,0.19017446519539397,2.5488109727345716,0.4817367506685037,,,,
S3,"S3 kinetic-loop inlet (X4, H2/CO2 0.42)",P7 (all three reactions + n),4,625/650/775/825,24,-7.50906836218956,233806590.14890602,453.69613156270344,4.019432202540909,284.40674723435205,0.8127904849037956,0.2157577051105245,2.3832930537052253,0.4416100620485883,,,,
S3,"S3 kinetic-loop inlet (X4, H2/CO2 0.42)",P7 (all three reactions + n),4,625/700/750/825,24,-7.597446749066634,212450519.507702,471.33144404610147,4.100851697970861,294.31578051830905,0.6652128777099733,0.1948971544758271,2.758462313809566,0.48560873452893777,,,,
S3,"S3 kinetic-loop inlet (X4, H2/CO2 0.42)",P7 (all three reactions + n),4,625/675/750/825,24,-7.60616114141291,212645835.13990125,478.42482590995655,3.8750002752069506,298.8558786727025,0.693651610448447,0.19964565372867382,2.5833936599242993,0.43951081125052893,,,,
S3,"S3 kinetic-loop inlet (X4, H2/CO2 0.42)",P7 (all three reactions + n),4,675/700/725/825,24,-7.640397355222245,195426077.40212244,487.250976924219,4.270258822184168,303.3614549264825,0.6481005158237405,0.18941690713709786,2.9941495703392804,0.5335921009765785,,,,
S3,"S3 kinetic-loop inlet (X4, H2/CO2 0.42)",P7 (all three reactions + n),4,650/700/725/825,24,-7.696973637508198,196031419.795837,489.16778880424187,3.9866372594923347,304.8083515453311,0.6696448858425895,0.19564752771673805,2.924993505992811,0.5093661791918149,,,,
S3,"S3 kinetic-loop inlet (X4, H2/CO2 0.42)",P7 (all three reactions + n),4,600/650/675/850,24,-7.702016336993465,23205306.661886178,192.14815223424822,5.479560675685041,118.81307011924525,1.409686478336025,0.31809983769167127,4.255499287198401,0.673886778991411,,,,
S3,"S3 kinetic-loop inlet (X4, H2/CO2 0.42)",P7 (all three reactions + n),4,650/675/725/825,24,-7.7256573981511165,194685331.06606412,495.6841423220478,3.848369734583909,308.98359775665335,0.710137356752859,0.20415432682032617,2.772734545690057,0.46647540464288356,,,,
S3,"S3 kinetic-loop inlet (X4, H2/CO2 0.42)",P7 (all three reactions + n),4,625/775/800/825,24,-7.739561705216832,299286962.3339574,410.5478283961806,4.96855398687588,256.8723116650345,0.9472891596722057,0.2497186109991157,3.1757805823581817,0.581410883705187,,,,
S3,"S3 kinetic-loop inlet (X4, H2/CO2 0.42)",P7 (all three reactions + n),4,600/725/775/825,24,-7.754769101926732,230068030.86746746,430.23860016290183,5.111941221894583,269.1349228100038,0.7039006539635735,0.199410733208671,3.3236713228818116,0.6367151487051244,,,,
S3,"S3 kinetic-loop inlet (X4, H2/CO2 0.42)",P7 (all three reactions + n),4,625/675/800/825,24,-7.792326624700579,255704576.79192695,438.30922451224717,5.373049462698492,274.8286915882474,1.0485034941235218,0.26631231239576414,3.391383961489163,0.593581110251311,,,,
S3,"S3 kinetic-loop inlet (X4, H2/CO2 0.42)",P7 (all three reactions + n),4,675/725/775/800,24,-7.829843275983224,463297450.7963522,618.5608083176882,5.2144661152814455,386.7182441444895,0.718628693784325,0.21861530817863056,3.2669959037265532,0.6453260885494723,,,,
S3,"S3 kinetic-loop inlet (X4, H2/CO2 0.42)",P7 (all three reactions + n),4,625/725/750/825,24,-7.862756118309577,222027180.72948748,463.2835221620368,4.188771126424237,289.19908503596685,0.7102521951058256,0.2091238276936803,3.205659456158964,0.5609449120159641,,,,
S3,"S3 kinetic-loop inlet (X4, H2/CO2 0.42)",P7 (all three reactions + n),4,600/700/800/825,24,-7.891119530840648,251427997.04421958,430.695876118818,5.7290793480451185,269.479685339775,0.7977298220780805,0.21013340204024628,3.732374672968999,0.6599669830017082,,,,
S3,"S3 kinetic-loop inlet (X4, H2/CO2 0.42)",P7 (all three reactions + n),4,675/750/775/800,24,-7.9129180308673766,473508589.67687285,592.3831793553384,5.384615643446958,370.8039655457896,0.7479433852927555,0.22565153499149201,3.114335603573435,0.6100269344308494,,,,
S3,"S3 kinetic-loop inlet (X4, H2/CO2 0.42)",P7 (all three reactions + n),4,625/650/750/825,24,-7.9186167344676655,214870685.88703817,481.9751870278567,3.67592930360189,301.18068783451315,0.7583482727574096,0.21512183660029777,2.635342207886124,0.43481162347943875,,,,
S3,"S3 kinetic-loop inlet (X4, H2/CO2 0.42)",P7 (all three reactions + n),4,650/725/775/800,24,-7.948220129183837,470574575.04342794,624.5163720635043,4.74775709396114,390.56251863065853,0.7552809991710625,0.22817618515157964,3.1474930874010947,0.6149782839169595,,,,
S3,"S3 kinetic-loop inlet (X4, H2/CO2 0.42)",P7 (all three reactions + n),4,600/650/775/825,24,-7.956726714466244,234591180.68301862,454.4899935076314,4.29545536448748,284.83871335795584,0.8270164454920919,0.21973311875657753,2.539732947005167,0.47004804205429584,,,,
S3,"S3 kinetic-loop inlet (X4, H2/CO2 0.42)",P7 (all three reactions + n),4,600/725/800/825,24,-7.976056912996945,255079001.55235428,422.28271807079176,5.363791885435993,264.09618021733087,0.7914048977823585,0.21342289498926048,4.220171543956188,0.7429043885247103,,,,
S3,"S3 kinetic-loop inlet (X4, H2/CO2 0.42)",P7 (all three reactions + n),4,600/675/750/825,24,-7.998229646191459,212919074.76771045,478.74193376831494,4.146510965398001,299.0347199223607,0.7075600484095028,0.2030739691797352,2.769449771511723,0.4727156575474628,,,,
S3,"S3 kinetic-loop inlet (X4, H2/CO2 0.42)",P7 (all three reactions + n),4,675/700/775/800,24,-8.006585410494992,477834975.99864334,649.961311181104,5.783185353795989,405.99735261641507,0.7445574678941377,0.22166575142726086,3.291721882147907,0.6596542296046434,,,,
S3,"S3 kinetic-loop inlet (X4, H2/CO2 0.42)",P7 (all three reactions + n),4,750/775/800/825,24,-8.006786240065951,303854218.7534599,388.03825505670346,6.152802088575326,242.4456731758163,0.8574844338210871,0.23964259155343584,5.604729179788343,1.045329542579593,,,,
S3,"S3 kinetic-loop inlet (X4, H2/CO2 0.42)",P7 (all three reactions + n),4,650/700/775/800,24,-8.049229077701654,487217034.74637735,657.4873283840889,5.160920645209048,410.9512450435923,0.7692396761840381,0.22829447913882736,3.081474010030077,0.6107121696908632,,,,
S3,"S3 kinetic-loop inlet (X4, H2/CO2 0.42)",P7 (all three reactions + n),4,600/625/675/850,24,-8.051029486671231,23176808.78071402,191.96018242707413,5.415557659959977,118.83589446355886,1.3972908160330673,0.31829306582887334,4.2045834057684965,0.6538996180277215,,,,
S3,"S3 kinetic-loop inlet (X4, H2/CO2 0.42)",P7 (all three reactions + n),4,625/675/725/825,24,-8.066456490079227,195359492.37308013,496.529013707192,3.9552411155599123,309.55547679254727,0.7258645605001455,0.20798468896384584,2.915150729107188,0.48845200977916287,,,,
S3,"S3 kinetic-loop inlet (X4, H2/CO2 0.42)",P7 (all three reactions + n),4,600/700/750/825,24,-8.086148120098027,212748559.22598407,471.68371421844614,4.538057538620069,294.49666098599215,0.6887085735524119,0.200733486257154,3.030392735133178,0.5364719466155925,,,,
S3,"S3 kinetic-loop inlet (X4, H2/CO2 0.42)",P7 (all three reactions + n),4,625/700/725/825,24,-8.111689337330027,196900766.10034776,490.26749367050843,4.213445990297511,305.48573566662355,0.6898625631869858,0.20033430487152784,3.155150605422694,0.5483785061462668,,,,
S3,"S3 kinetic-loop inlet (X4, H2/CO2 0.42)",P7 (all three reactions + n),4,650/750/775/800,24,-8.18628409058891,483952977.73804,599.8948927380821,4.888928466508151,375.49808312391417,0.8250537957279281,0.24634938665519776,3.072019781669435,0.5940974262269818,,,,
S3,"S3 kinetic-loop inlet (X4, H2/CO2 0.42)",P7 (all three reactions + n),4,700/725/775/800,24,-8.222205362273616,455628746.4180385,606.3692288592483,6.151299162241927,378.92236341865976,0.724262019220177,0.22231371398518646,3.9150394780899718,0.7848606101922266,,,,
S3,"S3 kinetic-loop inlet (X4, H2/CO2 0.42)",P7 (all three reactions + n),4,700/750/775/800,24,-8.235236739713525,460025006.5543132,577.727104154589,6.267006024967154,361.7164534934397,0.7456423116922629,0.2285023417294393,3.657226943063343,0.7275295807080188,,,,
S3,"S3 kinetic-loop inlet (X4, H2/CO2 0.42)",P7 (all three reactions + n),4,625/650/725/825,24,-8.262873409538484,196643273.63787472,499.3800983307832,3.735800445074131,311.5302596640979,0.7719729541046573,0.21934299051057257,2.902285051662146,0.4728687365089057,,,,
S3,"S3 kinetic-loop inlet (X4, H2/CO2 0.42)",P7 (all three reactions + n),4,600/675/800/825,24,-8.28114587205577,256337231.42883605,438.83406497224314,5.954808555521636,275.2362742751654,1.0591272209191456,0.2686441898656577,3.643633395602928,0.6372882212490327,,,,
S3,"S3 kinetic-loop inlet (X4, H2/CO2 0.42)",P7 (all three reactions + n),4,600/650/750/825,24,-8.333802212634865,215162184.27140108,482.30827332536893,3.897900882552727,301.37579972054084,0.7763500657452271,0.21971747053981971,2.845663681189799,0.4711805987491557,,,,
S3,"S3 kinetic-loop inlet (X4, H2/CO2 0.42)",P7 (all three reactions + n),4,675/700/750/800,24,-8.37769507890074,447201833.1729748,695.1660617735762,5.091892711129,434.3033767125435,0.6881520576231317,0.21776958810496938,2.9611825063499406,0.5759624880154652,,,,
S3,"S3 kinetic-loop inlet (X4, H2/CO2 0.42)",P7 (all three reactions + n),4,650/675/700/825,24,-8.392963436992542,184806550.24841285,507.73784710509176,4.49649864426197,316.07348768166725,0.8130467514961154,0.218707841452278,3.144164622951619,0.5471945876727037,,,,
S3,"S3 kinetic-loop inlet (X4, H2/CO2 0.42)",P7 (all three reactions + n),4,600/750/775/825,24,-8.396477392455981,251000379.23278815,426.6726128106062,5.327653404001766,266.58215374383474,0.8164822170703994,0.23257761809096386,3.8916352630249436,0.7336732498435041,,,,
S3,"S3 kinetic-loop inlet (X4, H2/CO2 0.42)",P7 (all three reactions + n),4,600/750/800/825,24,-8.403474398685633,272946198.3132826,417.50958574128504,5.20151698793587,261.0487460501959,0.8625613818147356,0.23498883570821397,4.503342336258673,0.7927669051428402,,,,
S3,"S3 kinetic-loop inlet (X4, H2/CO2 0.42)",P7 (all three reactions + n),4,675/725/750/800,24,-8.409730037859266,442869520.4838146,663.4788007821932,4.983647945534835,414.63616663287235,0.7144867960372473,0.22777816309538973,3.1714560328090866,0.6080600455725438,,,,
S3,"S3 kinetic-loop inlet (X4, H2/CO2 0.42)",P7 (all three reactions + n),4,650/700/750/800,24,-8.445100669417474,454715610.60749537,702.6662897126779,4.66228545692393,439.15199166302494,0.713567906343303,0.22444826506230367,2.8743674891648014,0.5492746661077162,,,,
S3,"S3 kinetic-loop inlet (X4, H2/CO2 0.42)",P7 (all three reactions + n),4,600/675/725/825,24,-8.45238524523673,195820808.6951572,497.15442117751525,4.260504002222085,309.86171518891206,0.7411436199099367,0.21084954458199665,3.1520003582520073,0.5306704788928528,,,,
S3,"S3 kinetic-loop inlet (X4, H2/CO2 0.42)",P7 (all three reactions + n),4,600/625/825/850,24,-8.469119173951327,42580542.89602313,180.80126927612258,6.0149910800278885,111.90047623524369,2.1708687190923626,0.4869677559430192,4.202243588980784,0.6400035182603624,,,,
S3,"S3 kinetic-loop inlet (X4, H2/CO2 0.42)",P7 (all three reactions + n),4,650/675/775/800,24,-8.471642507794247,513793967.7061467,683.6573573236883,5.678953788980522,427.4658743307777,0.9660647059784753,0.2760061601473544,3.1480688254256113,0.6201253468655152,,,,
S3,"S3 kinetic-loop inlet (X4, H2/CO2 0.42)",P7 (all three reactions + n),4,625/700/775/800,24,-8.522861779457527,490776315.0065268,659.848730137716,5.446835647727612,412.5385575156899,0.7848829902799815,0.2327103843651941,3.2305145841772007,0.6382812239582685,,,,
S3,"S3 kinetic-loop inlet (X4, H2/CO2 0.42)",P7 (all three reactions + n),4,650/725/750/800,24,-8.528976884352275,448119180.19134223,668.9191794831917,4.590675049223096,418.1499383089775,0.7470752346015095,0.23647772638522604,3.1275772990500923,0.5899533611613149,,,,
S3,"S3 kinetic-loop inlet (X4, H2/CO2 0.42)",P7 (all three reactions + n),4,650/675/750/800,24,-8.55134758557516,473701869.746652,728.5800498559341,4.5895258360912425,455.4175792902158,0.7630291514405277,0.2340085376037704,2.719997795018387,0.5108811979629739,,,,
S3,"S3 kinetic-loop inlet (X4, H2/CO2 0.42)",P7 (all three reactions + n),4,600/725/750/825,24,-8.553458566258936,222615389.62514958,463.9478543381928,4.799821883202661,289.5172670963879,0.7517240425103506,0.21997024127643564,3.789186100038211,0.6702143182155083,,,,
S3,"S3 kinetic-loop inlet (X4, H2/CO2 0.42)",P7 (all three reactions + n),4,625/650/800/825,24,-8.557878025812828,262900396.0541954,444.79038774836056,5.505338104209081,279.5758753796875,1.4332001522264268,0.3567938459232943,3.467171156527495,0.6013838906030664,,,,
S3,"S3 kinetic-loop inlet (X4, H2/CO2 0.42)",P7 (all three reactions + n),4,625/725/775/800,24,-8.601834768210313,473901587.23298395,626.6828069975306,5.1870708389987055,392.03789578900165,0.803422747127146,0.2417438098667433,3.4810034519562065,0.6801874784639651,,,,
S3,"S3 kinetic-loop inlet (X4, H2/CO2 0.42)",P7 (all three reactions + n),4,600/700/725/825,24,-8.616301705193472,197853567.75943807,491.5464644857911,4.720891383651914,306.0859739717326,0.7122820591757297,0.20440064699822388,3.5480317908033063,0.6205711026146669,,,,
S3,"S3 kinetic-loop inlet (X4, H2/CO2 0.42)",P7 (all three reactions + n),4,600/650/725/825,24,-8.64770468661878,196988596.37756222,499.837987262177,3.9829341896621697,311.774499954343,0.7884235359260645,0.22274058505506714,3.1299089086852234,0.5127688144621287,,,,
S3,"S3 kinetic-loop inlet (X4, H2/CO2 0.42)",P7 (all three reactions + n),4,625/675/700/825,24,-8.67722272986094,185223143.20880112,508.27766631078487,4.591105673619366,316.4927094425974,0.8158994814263215,0.22007597570537216,3.230166473406216,0.5583498535486233,,,,
S3,"S3 kinetic-loop inlet (X4, H2/CO2 0.42)",P7 (all three reactions + n),4,600/625/775/825,24,-8.810072638240245,237938868.39923325,457.8449139858374,4.562395081923628,286.68509746443374,0.9441353464014879,0.24994438810660194,2.8060263348926986,0.5146838253904723,,,,
S3,"S3 kinetic-loop inlet (X4, H2/CO2 0.42)",P7 (all three reactions + n),4,625/650/700/825,24,-8.813269362594541,186055953.56159794,510.66553724949796,4.249900650625715,318.33481335155335,0.8558288802148244,0.23061003325487933,3.1096139998770744,0.5235848065251476,,,,
S3,"S3 kinetic-loop inlet (X4, H2/CO2 0.42)",P7 (all three reactions + n),4,700/725/750/800,24,-8.822235441443528,443505440.5618411,654.5215329908909,5.81404176795518,408.91940405053816,0.7396350708840923,0.23727927204040392,3.748447480311033,0.7355787710897385,,,,
S3,"S3 kinetic-loop inlet (X4, H2/CO2 0.42)",P7 (all three reactions + n),4,625/675/775/800,24,-8.85515573786602,519035345.7898844,687.085757549882,5.689918319661019,429.7387747325287,0.9684014532487825,0.27693331771170054,3.158983977661883,0.6192806837850225,,,,
S3,"S3 kinetic-loop inlet (X4, H2/CO2 0.42)",P7 (all three reactions + n),4,675/700/725/800,24,-8.894739229197707,452824522.2629461,758.5190675584719,5.0527384889179325,472.90450359263104,0.7318299102606092,0.23397065281026921,3.3662064796212428,0.6474155691039091,,,,
S3,"S3 kinetic-loop inlet (X4, H2/CO2 0.42)",P7 (all three reactions + n),4,650/700/725/800,24,-8.896638642137358,454702910.270861,762.1659662173953,4.6124618554881325,475.5397668763864,0.7402225191496592,0.23670937068367567,3.197050805172681,0.6048774586271539,,,,
S3,"S3 kinetic-loop inlet (X4, H2/CO2 0.42)",P7 (all three reactions + n),4,625/700/750/800,24,-8.90279669838716,458832480.522166,705.797558617382,4.912002148075601,441.24915456874464,0.741161555751233,0.23247054177288726,3.062586735837601,0.5835713126603159,,,,
S3,"S3 kinetic-loop inlet (X4, H2/CO2 0.42)",P7 (all three reactions + n),4,625/675/750/800,24,-8.930643133915114,478154053.62281036,731.9568738239926,4.670946590267159,457.65132695219876,0.7813232360014408,0.23934454503779345,2.8257216904688827,0.527942116623207,,,,
S3,"S3 kinetic-loop inlet (X4, H2/CO2 0.42)",P7 (all three reactions + n),4,650/675/725/800,24,-8.931210683551448,468571479.94093925,788.0936829821036,4.454662724210576,491.84522387877354,0.7735774139246254,0.24316718874823193,2.9881412050560137,0.554470162839213,,,,
S3,"S3 kinetic-loop inlet (X4, H2/CO2 0.42)",P7 (all three reactions + n),4,600/650/800/825,24,-9.03778185308635,263740822.59360155,445.50498582082923,5.810305686466206,280.03568092424194,1.4356761567485328,0.3575820890336416,3.5989136018023755,0.623333204377468,,,,
S3,"S3 kinetic-loop inlet (X4, H2/CO2 0.42)",P7 (all three reactions + n),4,600/625/750/825,24,-9.047567401065656,216320189.92547894,483.61206627521796,4.134032755262933,302.19194096974877,0.8461652859450359,0.2376187281890879,3.2197679745213543,0.5308990601967453,,,,
S3,"S3 kinetic-loop inlet (X4, H2/CO2 0.42)",P7 (all three reactions + n),4,625/750/775/800,24,-9.057870082696088,488039023.2159913,602.4119340289014,5.318356505651306,377.12958949550386,0.9153947555534765,0.27268558878076243,3.518326656408976,0.6801645818337909,,,,
S3,"S3 kinetic-loop inlet (X4, H2/CO2 0.42)",P7 (all three reactions + n),4,600/675/700/825,24,-9.065679363489018,185840972.88239068,509.2194195208336,5.045237084347965,316.88476671593713,0.8374577307636085,0.22359148808905002,3.5087246441179287,0.6070281259250612,,,,
S3,"S3 kinetic-loop inlet (X4, H2/CO2 0.42)",P7 (all three reactions + n),4,600/775/800/825,24,-9.099193698525621,304277190.2258353,414.4128640896232,6.517949370339428,258.3818934267331,1.112691865596013,0.2941227230498693,4.18044622580608,0.7657881410029221,,,,
S3,"S3 kinetic-loop inlet (X4, H2/CO2 0.42)",P7 (all three reactions + n),4,725/750/775/800,24,-9.149960587577512,457650719.31594855,560.0846996079936,7.139633600219943,350.74632149830813,0.8601247133019777,0.26468216578530285,5.148685043205411,1.0258022428707614,,,,
S3,"S3 kinetic-loop inlet (X4, H2/CO2 0.42)",P7 (all three reactions + n),4,625/725/750/800,24,-9.164014141639104,453157536.65022177,672.6252518050427,4.980059780030091,420.6135791674713,0.7995049204026142,0.25188398300758147,3.50703453260871,0.6624899041413945,,,,
S3,"S3 kinetic-loop inlet (X4, H2/CO2 0.42)",P7 (all three reactions + n),4,600/650/700/825,24,-9.167737549351376,186396212.7191598,511.173603544326,4.565753757712238,318.56889436842863,0.8707327605973976,0.23332076274125677,3.321930537717937,0.5601503712495268,,,,
S3,"S3 kinetic-loop inlet (X4, H2/CO2 0.42)",P7 (all three reactions + n),4,600/700/775/800,24,-9.17386392618294,492279586.36775804,660.8243650957977,6.408110461512848,413.2509821531159,0.8098035828230186,0.2394008340401205,3.6243057457175953,0.7172531815401452,,,,
S3,"S3 kinetic-loop inlet (X4, H2/CO2 0.42)",P7 (all three reactions + n),4,600/625/725/825,24,-9.219441627952785,197844621.0165648,500.91342738233976,4.239369960438901,312.48851790765053,0.8291840829777526,0.23238581873094605,3.4382495730927674,0.56229916055375,,,,
S3,"S3 kinetic-loop inlet (X4, H2/CO2 0.42)",P7 (all three reactions + n),4,625/650/750/800,24,-9.245003354418092,492649485.7584183,744.8014407428276,4.377430317740249,465.80522710536457,0.8652332453410932,0.26050403562104213,2.7955260016126533,0.5111550813792245,,,,
S3,"S3 kinetic-loop inlet (X4, H2/CO2 0.42)",P7 (all three reactions + n),4,625/675/725/800,24,-9.271759973203554,472242297.22290295,791.1397562780123,4.560474349436703,493.87421347037656,0.7866529263393632,0.24673638212398827,3.108014084385586,0.5750823641128737,,,,
S3,"S3 kinetic-loop inlet (X4, H2/CO2 0.42)",P7 (all three reactions + n),4,625/700/725/800,24,-9.324079090668697,459477419.09046227,766.1498191617759,4.8780112401101325,478.10362972237664,0.7621976596809327,0.2426221573513263,3.421540087192863,0.6467385346905682,,,,
S3,"S3 kinetic-loop inlet (X4, H2/CO2 0.42)",P7 (all three reactions + n),4,600/675/775/800,24,-9.34290073128458,520381575.8616568,687.9379070765274,6.273339723863602,430.3686812080313,0.9741275734894096,0.27825649349345927,3.377047728782713,0.6618468316376598,,,,
S3,"S3 kinetic-loop inlet (X4, H2/CO2 0.42)",P7 (all three reactions + n),4,600/675/750/800,24,-9.372505661192857,480227232.1170762,733.492967085292,5.0656245406594875,458.7146347201126,0.7961791925917316,0.24361733504313934,3.0387315058278244,0.5690334668352738,,,,
S3,"S3 kinetic-loop inlet (X4, H2/CO2 0.42)",P7 (all three reactions + n),4,625/650/775/800,24,-9.437097658371764,539719001.5023175,701.8875885320384,5.579088444789456,439.3286221389338,1.2331731231404044,0.3459441377560603,3.1314554571788746,0.6057478878424776,,,,
S3,"S3 kinetic-loop inlet (X4, H2/CO2 0.42)",P7 (all three reactions + n),4,625/650/725/800,24,-9.445385159684879,482279789.4066415,801.7781688130634,4.250255315036953,500.76515682170765,0.8274175171883544,0.2567133060654427,3.0184124895669573,0.5480648978768025,,,,
S3,"S3 kinetic-loop inlet (X4, H2/CO2 0.42)",P7 (all three reactions + n),4,600/725/775/800,24,-9.486912237875202,476481918.2246091,628.3179741020975,6.384685140497966,393.2489399773475,0.8672203710474506,0.2600767727473123,4.1968627269466685,0.824035012506132,,,,
S3,"S3 kinetic-loop inlet (X4, H2/CO2 0.42)",P7 (all three reactions + n),4,600/700/750/800,24,-9.488039588739195,462682365.0455699,708.6887900704525,5.596983131543126,443.20059541033925,0.7744069837391901,0.242070391525079,3.4129487731334778,0.653181923397306,,,,
S3,"S3 kinetic-loop inlet (X4, H2/CO2 0.42)",P7 (all three reactions + n),4,650/675/700/800,24,-9.585893670582795,502971397.0188428,862.7810408990722,5.184971863950352,537.4539581005904,0.8860774694744427,0.26766989782466294,3.3882824712862383,0.6441713347487643,,,,
S3,"S3 kinetic-loop inlet (X4, H2/CO2 0.42)",P7 (all three reactions + n),4,600/625/700/825,24,-9.600804982339874,186977988.80072832,511.933559984551,4.749123648339596,319.1389315280039,0.883225343335637,0.23681539388756315,3.473774501828866,0.5816178562393417,,,,
S3,"S3 kinetic-loop inlet (X4, H2/CO2 0.42)",P7 (all three reactions + n),4,600/650/750/800,24,-9.69005487722005,494411088.8733347,746.0891045874502,4.660480342098776,466.69660343012987,0.8823115578918612,0.2655020572847503,3.005006657615154,0.550682474099801,,,,
S3,"S3 kinetic-loop inlet (X4, H2/CO2 0.42)",P7 (all three reactions + n),4,600/675/725/800,24,-9.699128392630335,476561293.4362105,794.7477960453988,4.963844967268526,496.1192034183845,0.8079475620329738,0.2520794412094379,3.379688422470847,0.627834290488175,,,,
S3,"S3 kinetic-loop inlet (X4, H2/CO2 0.42)",P7 (all three reactions + n),4,600/625/650/850,24,-9.794762027071195,23292749.192868203,193.77400222664534,8.172607031954367,118.96314769988402,2.93638237471715,0.6244835572812898,6.2422274568678855,0.9275805344126005,,,,
S3,"S3 kinetic-loop inlet (X4, H2/CO2 0.42)",P7 (all three reactions + n),4,600/650/725/800,24,-9.855927616712378,485412052.7328248,804.3558972894427,4.553321867696811,502.4105883466549,0.8471905845193283,0.2618467777254484,3.2588596787864947,0.5941890036712533,,,,
S3,"S3 kinetic-loop inlet (X4, H2/CO2 0.42)",P7 (all three reactions + n),4,625/675/700/800,24,-9.860504373560723,504694406.2071601,864.1879000050678,5.25342204966581,538.5329042830247,0.8809429731785049,0.26671169859793065,3.436634268928013,0.6502814236623415,,,,
S3,"S3 kinetic-loop inlet (X4, H2/CO2 0.42)",P7 (all three reactions + n),4,600/700/725/800,24,-9.90587269334464,468744346.41195726,773.8969039874515,5.57855744904573,482.8021434825472,0.7996254913737014,0.2520784354960357,3.899068738670218,0.7412051146681073,,,,
S3,"S3 kinetic-loop inlet (X4, H2/CO2 0.42)",P7 (all three reactions + n),4,600/650/775/800,24,-9.91252260925995,541664106.5643839,703.1272337904353,5.893815459626262,440.15900042498714,1.2377855174480643,0.34729301914987687,3.270267897792429,0.6317913777386902,,,,
S3,"S3 kinetic-loop inlet (X4, H2/CO2 0.42)",P7 (all three reactions + n),4,625/650/675/825,24,-9.952448823655335,186837476.19118515,521.4510032695026,5.848652759345351,324.42047469779067,1.3976383922851996,0.3409251543711168,4.065694738227523,0.6752675473625086,,,,
S3,"S3 kinetic-loop inlet (X4, H2/CO2 0.42)",P7 (all three reactions + n),4,625/650/700/800,24,-9.981666966846973,515745976.40309846,876.1606549006204,4.813954651216227,546.5216373785089,0.9111718507670051,0.2743315374433281,3.2459170020566197,0.6036137327948334,,,,
S3,"S3 kinetic-loop inlet (X4, H2/CO2 0.42)",P7 (all three reactions + n),4,600/725/750/800,24,-10.007599501410349,460916951.82395256,678.2968552437346,5.954166106955468,424.31196418484404,0.8684377920133589,0.2722847102631584,4.245762991898927,0.8087541850998977,,,,
S3,"S3 kinetic-loop inlet (X4, H2/CO2 0.42)",P7 (all three reactions + n),4,600/625/800/825,24,-10.113866889096476,268787703.38899446,449.76460905111907,5.893952098730304,282.6786092502953,1.7084332523380847,0.42320608527715753,3.6213285419472108,0.6234488275585636,,,,
S3,"S3 kinetic-loop inlet (X4, H2/CO2 0.42)",P7 (all three reactions + n),4,600/750/775/800,24,-10.261378704654664,489403402.4371665,603.174463098412,6.746556073915783,377.8314314077145,1.0302665865588299,0.3073118980225284,4.558268778086956,0.8863153007024808,,,,
S3,"S3 kinetic-loop inlet (X4, H2/CO2 0.42)",P7 (all three reactions + n),4,650/700/750/775,24,-10.267149409496179,385423050.46124333,719.0633166531901,6.398581668890053,448.5799725951717,0.9109511649065646,0.3089077997235015,3.4863254809974267,0.7555366432747336,,,,
S3,"S3 kinetic-loop inlet (X4, H2/CO2 0.42)",P7 (all three reactions + n),4,600/675/700/800,24,-10.27855568164788,509405692.4762116,868.3021594399901,5.818111482607152,540.8902626633034,0.9074263520567085,0.27253619348705727,3.746417829987286,0.7100841349225928,,,,
S3,"S3 kinetic-loop inlet (X4, H2/CO2 0.42)",P7 (all three reactions + n),4,600/650/675/825,24,-10.284244907095372,187137979.65594968,521.9314453734974,6.2451504531443165,324.60679165573634,1.4294539844243013,0.34779566031326853,4.298818939405384,0.7124206960695144,,,,
S3,"S3 kinetic-loop inlet (X4, H2/CO2 0.42)",P7 (all three reactions + n),4,675/700/750/775,24,-10.338825723038864,382944335.4038981,714.5719515357308,7.325706140222449,445.2809494444521,0.884870669437054,0.30181061264931897,3.7752965334868778,0.8305118517822208,,,,
S3,"S3 kinetic-loop inlet (X4, H2/CO2 0.42)",P7 (all three reactions + n),4,600/650/700/800,24,-10.352590313103782,518471344.8493197,878.4893756654246,5.185834937808115,547.9259940819175,0.9274563800723188,0.27807415713488465,3.4677098885269952,0.6458656910382813,,,,
S3,"S3 kinetic-loop inlet (X4, H2/CO2 0.42)",P7 (all three reactions + n),4,650/725/750/775,24,-10.403957826899832,383018317.9135554,679.8982172478479,6.243422639134254,424.258378024562,0.9666186446140368,0.3281896704940229,3.6437286118239065,0.7740827579262253,,,,
S3,"S3 kinetic-loop inlet (X4, H2/CO2 0.42)",P7 (all three reactions + n),4,675/725/750/775,24,-10.40557115685839,381020524.5162519,676.2149812331423,7.122156921486049,421.60776740022413,0.911525812889471,0.31224387527108877,3.885100390048734,0.8400839047502506,,,,
S3,"S3 kinetic-loop inlet (X4, H2/CO2 0.42)",P7 (all three reactions + n),4,600/625/750/800,24,-10.423749433673569,500111756.5963808,750.3384423390031,4.885249889685651,469.4799841610182,0.9633725229366331,0.2881445531466094,3.298180093577775,0.6020380760089917,,,,
S3,"S3 kinetic-loop inlet (X4, H2/CO2 0.42)",P7 (all three reactions + n),4,600/625/725/800,24,-10.426738624751131,490294354.25474215,808.3392240280784,4.816768317389374,505.0636191045618,0.8882689918371879,0.2726748147847178,3.5180505850869688,0.640594118182153,,,,
S3,"S3 kinetic-loop inlet (X4, H2/CO2 0.42)",P7 (all three reactions + n),4,650/700/725/775,24,-10.495971511509275,365654409.1665284,775.6982683255351,5.975377512621163,483.65917337952504,0.8432117047543755,0.295398829233847,3.4774219479640265,0.765628167170369,,,,
S3,"S3 kinetic-loop inlet (X4, H2/CO2 0.42)",P7 (all three reactions + n),4,650/675/750/775,24,-10.510883724206415,400786723.46193546,748.6765965260217,6.917539530285115,466.92902085155845,1.0850495382496013,0.35781077126338584,3.5327522475572017,0.7454500069219324,,,,
S3,"S3 kinetic-loop inlet (X4, H2/CO2 0.42)",P7 (all three reactions + n),4,650/675/725/775,24,-10.518423599475545,375506336.9226173,806.5389940103105,5.971555368192654,502.9127773941124,0.9057069717971294,0.30998896032873197,3.298926785509043,0.7065633453939005,,,,
S3,"S3 kinetic-loop inlet (X4, H2/CO2 0.42)",P7 (all three reactions + n),4,600/625/675/825,24,-10.620960056370354,187179929.89562395,521.8126968144254,6.0856442244407045,324.91312088002695,1.4077028750247937,0.3449262670406646,4.20701076588529,0.6905516767392104,,,,
S3,"S3 kinetic-loop inlet (X4, H2/CO2 0.42)",P7 (all three reactions + n),4,675/700/725/775,24,-10.625043747988514,367715136.31342167,774.8499550238358,6.751597548429355,482.6315864573554,0.8390543759034745,0.29555652912581004,3.78855504655789,0.8475419123899681,,,,
S3,"S3 kinetic-loop inlet (X4, H2/CO2 0.42)",P7 (all three reactions + n),4,625/700/750/775,24,-10.717722489789564,387094338.42663854,720.5526191423672,6.601503787966634,449.75332570200806,0.9276924616416639,0.31436173132559714,3.6266550473815022,0.7837647751017175,,,,
S3,"S3 kinetic-loop inlet (X4, H2/CO2 0.42)",P7 (all three reactions + n),4,600/625/700/800,24,-10.773276606189095,522173553.57622975,881.543495686584,5.3436302517037815,550.0447655744034,0.9329747760524801,0.27960754560454804,3.5714752740220224,0.6618775360320849,,,,
S3,"S3 kinetic-loop inlet (X4, H2/CO2 0.42)",P7 (all three reactions + n),4,625/675/725/775,24,-10.831093752284616,376893728.52890724,807.9842978516864,5.996584429238496,504.0411347897393,0.9108682243634793,0.31157019780982015,3.362999523201803,0.7187394453185548,,,,
S3,"S3 kinetic-loop inlet (X4, H2/CO2 0.42)",P7 (all three reactions + n),4,625/675/750/775,24,-10.852586950421472,402483318.8820647,750.156790036843,6.824476920368413,468.16052570931646,1.0846374560322274,0.35783796556162956,3.529457579047772,0.7421996988673079,,,,
S3,"S3 kinetic-loop inlet (X4, H2/CO2 0.42)",P7 (all three reactions + n),4,600/625/775/800,24,-10.8529347863558,551612639.913694,709.5774605675982,5.950048510289571,444.16478728184046,1.433182639719413,0.4004941022689527,3.348078717027399,0.6414519398842429,,,,
S3,"S3 kinetic-loop inlet (X4, H2/CO2 0.42)",P7 (all three reactions + n),4,625/700/725/775,24,-10.911844973667874,367684058.4163626,777.8284172102124,6.207104947750844,485.17360306298355,0.8603377749739086,0.3008286498769136,3.6600085851220614,0.8045667690659543,,,,
S3,"S3 kinetic-loop inlet (X4, H2/CO2 0.42)",P7 (all three reactions + n),4,625/650/725/775,24,-10.977238241135531,384457528.4038455,819.4686449819658,5.559438948365097,511.5005649442502,0.9862164147598715,0.33204941629122686,3.2257950616292494,0.6725571473966764,,,,
S3,"S3 kinetic-loop inlet (X4, H2/CO2 0.42)",P7 (all three reactions + n),4,650/675/700/775,24,-11.034793173843195,395166622.3330659,893.6690352074914,6.372317786175948,556.5982474300785,0.9556269905613537,0.3261516301856803,3.5891055162857928,0.8123715104010777,,,,
S3,"S3 kinetic-loop inlet (X4, H2/CO2 0.42)",P7 (all three reactions + n),4,700/725/750/775,24,-11.063344060225162,387926483.97316,670.1743069731541,8.434304881178843,417.6062227358784,0.9383513955304327,0.32646244102133637,4.853392301205458,1.0801602025041945,,,,
S3,"S3 kinetic-loop inlet (X4, H2/CO2 0.42)",P7 (all three reactions + n),4,625/725/750/775,24,-11.064506842715128,385319444.1073661,681.8462212088638,6.552032968416842,425.7645849481901,1.0221508492591045,0.346593034790838,3.9557494001992035,0.8427964310994887,,,,
S3,"S3 kinetic-loop inlet (X4, H2/CO2 0.42)",P7 (all three reactions + n),4,625/650/675/800,24,-11.09898990045563,573955602.9125034,944.0668168046486,6.641648098437843,587.665383263738,1.4528371370498283,0.4038777235795696,4.1878693683301735,0.7765969552965736,,,,
S3,"S3 kinetic-loop inlet (X4, H2/CO2 0.42)",P7 (all three reactions + n),4,625/675/700/775,24,-11.27253416335851,394628487.9825004,892.995275920366,6.37415989756927,556.4782564723358,0.9412656369585709,0.32149225215025173,3.584635145172039,0.8066134674769382,,,,
S3,"S3 kinetic-loop inlet (X4, H2/CO2 0.42)",P7 (all three reactions + n),4,625/650/750/775,24,-11.283731150392649,413750681.5806098,763.1052446048768,6.6302595606355785,476.4840768354978,1.332117179626719,0.43246188861085844,3.5236557239031105,0.7192176895769251,,,,
S3,"S3 kinetic-loop inlet (X4, H2/CO2 0.42)",P7 (all three reactions + n),4,600/675/725/775,24,-11.320379844275585,379850979.17311776,811.1323567283869,6.592724203035084,506.0135045417762,0.9299723301731146,0.3176742678772584,3.6614196625991484,0.7852041552773116,,,,
S3,"S3 kinetic-loop inlet (X4, H2/CO2 0.42)",P7 (all three reactions + n),4,625/650/700/775,24,-11.344392594804862,402625165.9813342,906.2262872386372,5.844720162995562,565.2628738870852,0.9806544580591084,0.3309375763754257,3.3501081164974633,0.7392961040379283,,,,
S3,"S3 kinetic-loop inlet (X4, H2/CO2 0.42)",P7 (all three reactions + n),4,600/675/750/775,24,-11.372312929482927,403551805.1931645,751.1182356204744,7.523753873698794,468.8285712862857,1.0954144328166613,0.3610738950840296,3.795211958787314,0.7986828125899247,,,,
S3,"S3 kinetic-loop inlet (X4, H2/CO2 0.42)",P7 (all three reactions + n),4,600/650/725/775,24,-11.416420728314701,386175733.7587557,821.251726155362,5.9324764691030705,512.684286575877,1.0000110715248498,0.33652927221725965,3.453232401961172,0.7239302996327773,,,,
S3,"S3 kinetic-loop inlet (X4, H2/CO2 0.42)",P7 (all three reactions + n),4,600/650/675/800,24,-11.436006577642349,575283157.9890702,945.1867752906172,7.082484636935262,588.2949440262787,1.4802074818090796,0.4104426128140376,4.411174587999836,0.8169317062977529,,,,
S3,"S3 kinetic-loop inlet (X4, H2/CO2 0.42)",P7 (all three reactions + n),4,600/700/750/775,24,-11.453765481015058,390097362.45326644,723.3170871350926,7.798665848219737,451.5448078192673,0.9617956599943639,0.3257338836138237,4.119640068638447,0.8924070634610421,,,,
S3,"S3 kinetic-loop inlet (X4, H2/CO2 0.42)",P7 (all three reactions + n),4,600/700/725/775,24,-11.612262392065414,374987895.28208274,785.5448503674336,7.239322773981188,489.9093795934906,0.9020185694275552,0.31461974508219487,4.220724663454785,0.9318157317832945,,,,
S3,"S3 kinetic-loop inlet (X4, H2/CO2 0.42)",P7 (all three reactions + n),4,600/675/700/775,24,-11.7348001324624,398654144.7139756,897.6066432901337,7.096781022764002,559.1690950689785,0.969384460547223,0.3295859778246389,3.921589004486076,0.8803201562316811,,,,
S3,"S3 kinetic-loop inlet (X4, H2/CO2 0.42)",P7 (all three reactions + n),4,600/650/700/775,24,-11.735445097354768,404613420.2762246,908.450188127776,6.2873328694434845,566.636805232845,0.9949448687255976,0.3350927459448715,3.5721745710810406,0.7877018920710264,,,,
S3,"S3 kinetic-loop inlet (X4, H2/CO2 0.42)",P7 (all three reactions + n),4,600/625/675/800,24,-11.753522613451544,576590509.4931573,945.9663828191439,6.824711492493116,589.4514255398494,1.443237973009361,0.401472636901673,4.250022670130929,0.7812401007728068,,,,
S3,"S3 kinetic-loop inlet (X4, H2/CO2 0.42)",P7 (all three reactions + n),4,600/650/750/775,24,-11.7569430704115,414435970.91833365,763.672442626141,6.96697505313879,476.96338333009004,1.3369535761533404,0.43402246910731,3.6891973310988346,0.7551773398835204,,,,
S3,"S3 kinetic-loop inlet (X4, H2/CO2 0.42)",P7 (all three reactions + n),4,600/625/725/775,24,-11.96877506625404,388981714.1378374,824.162981038409,6.052212113781707,514.77592569156,1.0464540165569276,0.35051619062579653,3.611007807997934,0.7562385869816447,,,,
S3,"S3 kinetic-loop inlet (X4, H2/CO2 0.42)",P7 (all three reactions + n),4,600/625/700/775,24,-12.11944869379858,406550736.5713413,910.557006779159,6.3560860652502145,568.2394225571826,0.9965125170260762,0.33484937001498455,3.6130647320696845,0.7910505325879732,,,,
S3,"S3 kinetic-loop inlet (X4, H2/CO2 0.42)",P7 (all three reactions + n),4,600/725/750/775,24,-12.127938167765539,390480896.5299093,686.3035720673588,8.121133008984083,428.7855433994953,1.1013307387554958,0.37396305145021314,4.87065991482239,1.0488251376745177,,,,
S3,"S3 kinetic-loop inlet (X4, H2/CO2 0.42)",P7 (all three reactions + n),4,600/625/650/825,24,-12.285311030959448,189773885.22221398,527.2923830427434,9.049060664077562,327.6654141884543,2.921131578704182,0.6842176322903312,6.180972588639454,0.9965830698156136,,,,
S3,"S3 kinetic-loop inlet (X4, H2/CO2 0.42)",P7 (all three reactions + n),4,625/650/675/775,24,-12.356423467730036,451970066.78211576,990.9285353921375,7.786272922027554,616.8901448604302,1.4875208138817722,0.4770702169132223,4.234608909951858,0.9343355944469709,,,,
S3,"S3 kinetic-loop inlet (X4, H2/CO2 0.42)",P7 (all three reactions + n),4,600/625/750/775,24,-12.542519348527343,418454572.3350634,767.2757593887808,6.85877375860182,479.4883117711996,1.493086338947416,0.4831541092874285,3.7593989635062703,0.7652703811073266,,,,
S3,"S3 kinetic-loop inlet (X4, H2/CO2 0.42)",P7 (all three reactions + n),4,600/650/675/775,24,-12.696758578670561,452434318.0846033,991.4256588776543,8.284653932864583,617.1913490567301,1.5089616392531595,0.4827804652018548,4.4412016722574,0.9755233562041178,,,,
S3,"S3 kinetic-loop inlet (X4, H2/CO2 0.42)",P7 (all three reactions + n),4,600/625/675/775,24,-12.975019781538618,452854567.83682626,991.6049976473757,7.91053601212321,618.044590449027,1.4660352403503598,0.4689887391581016,4.224904555273488,0.9210057492075117,,,,
S3,"S3 kinetic-loop inlet (X4, H2/CO2 0.42)",P7 (all three reactions + n),4,600/625/650/800,24,-13.353566565919301,612273543.8552198,978.4373456802152,10.094158353756232,608.73797778808,2.916480448135277,0.7762238856501036,6.136740385766753,1.1173247911304742,,,,
S3,"S3 kinetic-loop inlet (X4, H2/CO2 0.42)",P7 (all three reactions + n),4,650/700/725/750,24,-14.354874261883136,365546726.43815434,936.478723765334,8.38493701831784,581.8440621458257,1.1500625096638264,0.44976575369752536,4.052138823984404,1.1463776672673656,,,,
S3,"S3 kinetic-loop inlet (X4, H2/CO2 0.42)",P7 (all three reactions + n),4,600/625/650/775,24,-14.461904807773067,486419367.9784799,1033.4578241330619,11.507252290996597,643.1479680906922,2.8777297447346006,0.8890131685878777,6.011540850367413,1.2831918037474788,,,,
S3,"S3 kinetic-loop inlet (X4, H2/CO2 0.42)",P7 (all three reactions + n),4,650/675/725/750,24,-14.498255184069851,380436634.58397585,994.6935133500783,9.019480612729053,617.4492634490475,1.312079709099817,0.49891919525228706,4.138048737063511,1.106008628490457,,,,
S3,"S3 kinetic-loop inlet (X4, H2/CO2 0.42)",P7 (all three reactions + n),4,625/700/725/750,24,-14.723630723523017,365604768.077634,936.5307293110791,8.383518927224348,582.3327006581582,1.1662200985930935,0.4555231570967444,4.09926165730298,1.1403726892030794,,,,
S3,"S3 kinetic-loop inlet (X4, H2/CO2 0.42)",P7 (all three reactions + n),4,625/675/725/750,24,-14.732002879594582,378861742.79296887,992.5615348087427,8.677155737475434,616.7054742323743,1.3027242284320848,0.4951877529854262,4.053649992724768,1.064612109024173,,,,
S3,"S3 kinetic-loop inlet (X4, H2/CO2 0.42)",P7 (all three reactions + n),4,675/700/725/750,24,-14.74674230369537,361273320.04610026,925.2690942882874,10.154614079132404,573.709260342677,1.1088643761698176,0.4426781785809702,4.66723136044972,1.4049675073577286,,,,
S3,"S3 kinetic-loop inlet (X4, H2/CO2 0.42)",P7 (all three reactions + n),4,650/675/700/750,24,-14.805734925623124,338226742.5205027,1061.4416238566505,8.493686776006184,659.7532494814259,1.1438577090610846,0.4440161397388807,3.9328990142867437,1.213036005761739,,,,
S3,"S3 kinetic-loop inlet (X4, H2/CO2 0.42)",P7 (all three reactions + n),4,625/675/700/750,24,-14.952648170548706,338695272.5101564,1062.2372816923757,8.256124275704247,660.7246970187025,1.1269198910862004,0.4362254321701475,3.841330124614919,1.1523468012641576,,,,
S3,"S3 kinetic-loop inlet (X4, H2/CO2 0.42)",P7 (all three reactions + n),4,625/650/700/750,24,-14.98529922878589,351302973.4255284,1091.7020449828813,7.560684806117184,679.6062177146916,1.2289761027661918,0.46649749236510474,3.677131892167302,1.026700389896193,,,,
S3,"S3 kinetic-loop inlet (X4, H2/CO2 0.42)",P7 (all three reactions + n),4,625/650/725/750,24,-14.99434524398404,395873546.5947563,1021.8979029488253,8.379497835610586,635.1067379327703,1.5680651779529358,0.5875244842146674,4.123920393541744,0.9885644950924041,,,,
S3,"S3 kinetic-loop inlet (X4, H2/CO2 0.42)",P7 (all three reactions + n),4,600/675/725/750,24,-15.310395828440775,380804236.1390232,995.221843266,9.680542433364478,618.0046849803759,1.3147168936802598,0.49980166632512885,4.367934996526875,1.1526509184023659,,,,
S3,"S3 kinetic-loop inlet (X4, H2/CO2 0.42)",P7 (all three reactions + n),4,600/650/700/750,24,-15.402736028651018,352262410.8451963,1093.165317455588,8.104401559031164,680.4359835528354,1.2353854662058874,0.46897456868527737,3.8644455684004595,1.0807874647618827,,,,
S3,"S3 kinetic-loop inlet (X4, H2/CO2 0.42)",P7 (all three reactions + n),4,600/650/725/750,24,-15.459497627002094,395826782.11360496,1021.7966178272708,8.805373218218202,635.0344317746124,1.5708479597624132,0.5885839970684814,4.279726217015305,1.0329864947181149,,,,
S3,"S3 kinetic-loop inlet (X4, H2/CO2 0.42)",P7 (all three reactions + n),4,600/675/700/750,24,-15.49343391800969,341002364.670512,1065.958152856802,9.296562128730265,662.6665661800056,1.1451490714789023,0.4433231544108526,4.1866590119814475,1.2560013175772542,,,,
S3,"S3 kinetic-loop inlet (X4, H2/CO2 0.42)",P7 (all three reactions + n),4,600/700/725/750,24,-15.611271766239321,367146722.2090163,938.6602411507541,10.12476932974995,583.2474494398933,1.1928381997810957,0.46897301659182217,4.721927325867018,1.3327290196353747,,,,
S3,"S3 kinetic-loop inlet (X4, H2/CO2 0.42)",P7 (all three reactions + n),4,600/625/700/750,24,-15.729495191103343,355275585.1317293,1097.8632685620569,7.925764241664406,683.8692827740996,1.2538610758443411,0.47421247416320933,3.83993888010707,1.0408856433551967,,,,
S3,"S3 kinetic-loop inlet (X4, H2/CO2 0.42)",P7 (all three reactions + n),4,625/650/675/750,24,-15.957883422206654,367890861.85436887,1182.9910150073533,9.686733428061185,735.8289001190344,1.6060806189890833,0.5985331920503082,4.406845487366138,1.2610458297116565,,,,
S3,"S3 kinetic-loop inlet (X4, H2/CO2 0.42)",P7 (all three reactions + n),4,600/625/725/750,24,-16.038498349841724,398785865.6176612,1025.5107199657175,8.457199003077971,637.9655286987988,1.700770552044853,0.6368841509011057,4.284948136960738,1.0048392593529465,,,,
S3,"S3 kinetic-loop inlet (X4, H2/CO2 0.42)",P7 (all three reactions + n),4,600/650/675/750,24,-16.301344207587576,369247182.89735174,1185.1522391944752,10.260265334037598,737.0546523987332,1.621790992323118,0.602722514143884,4.584640239425759,1.2950220524205867,,,,
S3,"S3 kinetic-loop inlet (X4, H2/CO2 0.42)",P7 (all three reactions + n),4,600/625/675/750,24,-16.509588134502668,371302318.94865686,1188.3159611129427,9.603504994333427,739.8968328674595,1.59529838802602,0.5911628092150448,4.3600448800359946,1.1921290531397015,,,,
S3,"S3 kinetic-loop inlet (X4, H2/CO2 0.42)",P7 (all three reactions + n),4,600/625/650/750,24,-17.919470892327976,396692400.5941327,1241.2980702071986,13.653184308144692,772.1366356356734,2.8805905926028506,1.057990103360327,6.039752289719855,1.5673376232177607,,,,
S3,"S3 kinetic-loop inlet (X4, H2/CO2 0.42)",P7 (all three reactions + n),4,650/675/700/725,24,-18.613152777468358,316859993.85041034,1368.383465578359,13.57074529855066,850.362801082336,1.5147605266932207,0.7429472828761792,4.734326241051858,1.836118571135763,,,,
S3,"S3 kinetic-loop inlet (X4, H2/CO2 0.42)",P7 (all three reactions + n),4,625/675/700/725,24,-18.61790754807888,317064847.6871828,1369.7237321044638,12.199631159294835,851.7711158014763,1.4802014004259694,0.7167212927084601,4.41587683242948,1.6249756166761329,,,,
S3,"S3 kinetic-loop inlet (X4, H2/CO2 0.42)",P7 (all three reactions + n),4,625/650/700/725,24,-18.696623602553156,336045355.2622155,1436.3991525648075,11.645463196838248,893.5463503304532,1.6995754557916727,0.8095047278129613,4.4332301208216345,1.512772144880867,,,,
S3,"S3 kinetic-loop inlet (X4, H2/CO2 0.42)",P7 (all three reactions + n),4,600/650/700/725,24,-19.12653174116015,336953791.44309413,1438.160208640718,12.166222215104336,894.5921905607614,1.6948366800096202,0.8047209395700753,4.54570514708131,1.5400857264535834,,,,
S3,"S3 kinetic-loop inlet (X4, H2/CO2 0.42)",P7 (all three reactions + n),4,600/675/700/725,24,-19.240904670755285,319433869.7389753,1374.823876197098,13.742683743583207,854.5543070703158,1.4868203855079838,0.7188112513950105,4.721524905030241,1.7361304551592782,,,,
S3,"S3 kinetic-loop inlet (X4, H2/CO2 0.42)",P7 (all three reactions + n),4,625/650/675/725,24,-19.42524925241245,359710318.66533285,1664.1311739475059,13.039672737480673,1034.2345550272792,1.8673609661316541,0.8447129831001859,4.8710187409202765,1.673296081981783,,,,
S3,"S3 kinetic-loop inlet (X4, H2/CO2 0.42)",P7 (all three reactions + n),4,600/625/700/725,24,-19.441997226561494,341411512.3362251,1448.5249456207978,11.28409966523199,901.6504453003811,1.7691826738952259,0.8399770596025781,4.418770099071263,1.41907442886994,,,,
S3,"S3 kinetic-loop inlet (X4, H2/CO2 0.42)",P7 (all three reactions + n),4,600/650/675/725,24,-19.768448751737026,361628498.10833347,1668.3623718455863,13.613261673588006,1036.6631489442786,1.871957515966922,0.8417126575169431,4.992398246762446,1.685818207905825,,,,
S3,"S3 kinetic-loop inlet (X4, H2/CO2 0.42)",P7 (all three reactions + n),4,600/625/675/725,24,-19.906333178763088,364032783.691538,1675.0693212872516,12.35371142563745,1041.7138566843173,1.8716760518432263,0.8390274182047398,4.776020906954472,1.5237109861693352,,,,
S3,"S3 kinetic-loop inlet (X4, H2/CO2 0.42)",P7 (all three reactions + n),4,600/625/650/725,24,-21.133626554707305,416119138.4915801,1834.120830589765,16.991031665313898,1139.5998354458907,2.977801349752849,1.3467982489948398,6.327308555658751,1.9289673464073827,,,,
S3,"S3 kinetic-loop inlet (X4, H2/CO2 0.42)",P7 (all three reactions + n),4,625/650/675/700,24,-23.44579318661933,200193161.51775807,2051.4962490621124,21.00152835897308,1274.5344204858,2.284804746438574,1.4725670114164657,5.563991443778446,2.4642570131959625,,,,
S3,"S3 kinetic-loop inlet (X4, H2/CO2 0.42)",P7 (all three reactions + n),4,600/650/675/700,24,-23.758397854565363,201037948.6066928,2054.938118040678,20.912830046234745,1276.77009379301,2.245998818342945,1.4250230968798197,5.515301902184685,2.3650593996840605,,,,
S3,"S3 kinetic-loop inlet (X4, H2/CO2 0.42)",P7 (all three reactions + n),4,600/625/675/700,24,-23.828894235402704,204371802.42690143,2082.5715602019814,18.789358079598728,1294.7650652819589,2.3408240792602406,1.4926479138646835,5.334228180547651,2.1304370218730027,,,,
S3,"S3 kinetic-loop inlet (X4, H2/CO2 0.42)",P7 (all three reactions + n),4,600/625/650/700,24,-24.618584281799308,220414449.6805161,2335.8237015340296,22.99717590768967,1451.4125529813596,2.9926281218255557,1.874749360970032,6.351175290052286,2.511645825771159,,,,
S3,"S3 kinetic-loop inlet (X4, H2/CO2 0.42)",P7 (all three reactions + n),4,600/625/650/675,24,-30.34421789575056,152695862.46596375,4166.254123651759,37.27069788342706,2585.824767131242,3.7510876297163285,3.3021152653024584,8.537914992504138,3.9804725576154514,,,,
