stage,feed,T_K,tau_s,P_bar,Y_CH4,X_COx,Y_Csolid,dy_Y_CH4_dk_meth,dy_Y_CH4_dEa_meth,dy_Y_CH4_dk_carb,dy_Y_CH4_dEa_carb,dy_Y_CH4_dk_crack,dy_Y_CH4_dEa_crack,dy_Y_CH4_dn,dy_X_COx_dk_meth,dy_X_COx_dEa_meth,dy_X_COx_dk_carb,dy_X_COx_dEa_carb,dy_X_COx_dk_crack,dy_X_COx_dEa_crack,dy_X_COx_dn,dy_Y_Csolid_dk_meth,dy_Y_Csolid_dEa_meth,dy_Y_Csolid_dk_carb,dy_Y_Csolid_dEa_carb,dy_Y_Csolid_dk_crack,dy_Y_Csolid_dEa_crack,dy_Y_Csolid_dn,X_CO2,dy_X_CO2_dk1_ref,dy_X_CO2_dEa1,dy_X_CO2_dk2_ref,dy_X_CO2_dEa2,dy_Y_CH4_dk1_ref,dy_Y_CH4_dEa1,dy_Y_CH4_dk2_ref,dy_Y_CH4_dEa2
S3,"H2/CO2=1, CO/CO2=0.01",600.0,1.0,1.01325,8.176447870411592e-05,8.176447870367198e-05,0.0,7.994887407979516e-05,-0.00012328871684627853,1.9315545034414872e-06,-3.2766177104121046e-06,-1.501240382857362e-07,3.705017983497103e-07,0.0,7.994887416262753e-05,-0.00012328871681621667,1.931554421963355e-06,-3.2766178242882305e-06,-1.5012402432290628e-07,3.70501768154341e-07,0.0,0.0,0.0,0.0,0.0,0.0,0.0,0.0,,,,,,,,,
S3,"H2/CO2=1, CO/CO2=0.01",600.0,1.0,5.0,0.036978805249913926,0.036978805249913704,0.0,0.028920880782916727,-0.04459468914104255,6.524920384484711e-05,-0.00011068630164385447,-5.790149896107988e-05,0.00014289919920088684,0.04616614691081038,0.02892088078285393,-0.04459468914099485,6.524920382056099e-05,-0.00011068630158816982,-5.790149896489627e-05,0.00014289919920418281,0.046166146910835426,-2.8304318782012513e-23,-2.8304318782012513e-23,0.0,0.0,0.0,0.0,0.0,,,,,,,,,
S3,"H2/CO2=1, CO/CO2=0.01",600.0,3.0,1.01325,0.0002450560296316608,0.0002450560296289872,0.0,0.00023937808829952584,-0.0003691434303922126,5.7879418062829085e-06,-9.818449323705121e-06,-4.4956723548272804e-07,1.1095189731853412e-06,0.0,0.0002393780883042096,-0.0003691434304758934,5.7879418313699915e-06,-9.818449336895796e-06,-4.495671890314412e-07,1.1095189489385149e-06,0.0,0.0,0.0,0.0,0.0,0.0,0.0,0.0,,,,,,,,,
S3,"H2/CO2=1, CO/CO2=0.01",600.0,3.0,5.0,0.07781546158927165,0.07781546158927144,0.0,0.043637751045732046,-0.06728511864956821,0.00011742228761962847,-0.00019919063621552657,-9.972902634304559e-05,0.0002461283037113321,0.0696325764102608,0.04363775104572476,-0.06728511864960707,0.00011742228757105622,-0.00019919063617424015,-9.972902636767866e-05,0.0002461283036020445,0.0696325764102601,0.0,0.0,0.0,0.0,0.0,0.0,0.0,,,,,,,,,
S3,"H2/CO2=1, CO/CO2=0.01",600.0,10.0,1.01325,0.0008140964154531622,0.0008140964154524921,0.0,0.0007924985038553438,-0.001222104656560706,1.9215115261910854e-05,-3.259579148025683e-05,-1.489227969417241e-06,3.675371652251476e-06,0.0,0.0007924985038654242,-0.0012221046565757954,1.921511529889841e-05,-3.2595791502054716e-05,-1.4892279021072596e-06,3.675371645917025e-06,0.0,0.0,0.0,0.0,0.0,0.0,0.0,0.0,,,,,,,,,
S3,"H2/CO2=1, CO/CO2=0.01",600.0,10.0,5.0,0.13095110443566851,0.1309511044356665,0.0,0.041213493143469476,-0.06354828711193222,0.0001661319111639914,-0.00028181927610587687,-0.00012436059383877374,0.0003069184944810843,0.06577692177810485,0.04121349314339939,-0.06354828711200022,0.0001661319110196624,-0.0002818192761627758,-0.00012436059389775433,0.00030691849453312603,0.06577692177810901,0.0,0.0,0.0,0.0,-2.264345502561001e-22,0.0,9.057382010244003e-23,,,,,,,,,
S3,"H2/CO2=1, CO/CO2=0.01",625.0,1.0,1.01325,0.00019022707886462553,0.00019022707886573453,0.0,0.00018554383921527205,-0.0001373238543214216,4.937897800618216e-06,-4.020104506477804e-06,-4.5611594631171214e-07,5.401563747278553e-07,0.0,0.00018554383965363463,-0.00013732385431564076,4.937897676859926e-06,-4.020104441004868e-06,-4.561159755445132e-07,5.401563724083402e-07,0.0,0.0,0.0,0.0,0.0,1.4152159391006256e-23,0.0,0.0,,,,,,,,,
S3,"H2/CO2=1, CO/CO2=0.01",625.0,1.0,5.0,0.06694567416187688,0.06694567416187858,0.0,0.04133171724902511,-0.030591457259217247,0.00013430204083945962,-0.00010933971011130306,-0.00011855214713044071,0.00014039565336444737,0.06595540204214878,0.04133171724901574,-0.030591457259274146,0.0001343020407662543,-0.00010933971003046496,-0.0001185521471380735,0.00014039565351120498,0.06595540204217043,0.0,5.660863756402503e-23,0.0,0.0,-5.660863756402503e-23,0.0,0.0,,,,,,,,,
S3,"H2/CO2=1, CO/CO2=0.01",625.0,3.0,1.01325,0.0005694000124935459,0.0005694000124936149,0.0,0.0005541101971498621,-0.00041010566038359646,1.4772271524982538e-05,-1.2026591366049496e-05,-1.3626277965754453e-06,1.6136951497242686e-06,0.0,0.0005541101970901741,-0.00041010566041166374,1.4772271469953857e-05,-1.20265913394757e-05,-1.3626276995637454e-06,1.6136951219714035e-06,0.0,0.0,0.0,0.0,0.0,0.0,0.0,0.0,,,,,,,,,
S3,"H2/CO2=1, CO/CO2=0.01",625.0,3.0,5.0,0.11555315309365229,0.11555315309365077,0.0,0.04395656455139993,-0.03253416793592631,0.00019219449393405308,-0.0001564718975867463,-0.00015711552067906864,0.00018606442469051854,0.07014803733933331,0.04395656455154218,-0.03253416793586872,0.00019219449390872612,-0.00015647189772205472,-0.00015711552071862034,0.00018606442466206907,0.07014803733928598,0.0,0.0,0.0,0.0,0.0,0.0,0.0,,,,,,,,,
S3,"H2/CO2=1, CO/CO2=0.01",625.0,10.0,1.01325,0.0018832109297626661,0.0018832109297626243,0.0,0.0018180870381709108,-0.001345596632904288,4.876332615881031e-05,-3.969983390943372e-05,-4.476356836607574e-06,5.301136024154487e-06,0.0,0.0018180870381717673,-0.0013455966329622981,4.876332613534817e-05,-3.969983383145248e-05,-4.476356993410313e-06,5.3011360912069705e-06,0.0,0.0,0.0,0.0,0.0,0.0,0.0,0.0,,,,,,,,,
S3,"H2/CO2=1, CO/CO2=0.01",625.0,10.0,5.0,0.16207625243081802,0.16207625243081603,0.0,0.03216359079105599,-0.023805459576999033,0.00024562343224343586,-0.00019997028936416528,-0.00016593233096093285,0.00019650578446314682,0.05134351918677921,0.03216359079107334,-0.02380545957695046,0.00024562343231004924,-0.0001999702894273092,-0.0001659323310559957,0.0001965057844971474,0.051343519186777264,0.0,0.0,0.0,0.0,0.0,0.0,0.0,,,,,,,,,
S3,"H2/CO2=1, CO/CO2=0.01",650.0,1.0,1.01325,0.0004151909745042374,0.000415190974505375,0.0,0.0004036893290282578,0.0,1.1788784643357872e-05,0.0,-1.278093593837877e-06,0.0,0.0,0.0004036893289482979,0.0,1.1788784587407619e-05,0.0,-1.2780936753387095e-06,0.0,0.0,0.0,0.0,0.0,0.0,0.0,0.0,0.0,,,,,,,,,
S3,"H2/CO2=1, CO/CO2=0.01",650.0,1.0,5.0,0.1013305808282774,0.10133058082827762,4.528691005122002e-24,0.04513143584928027,0.0,0.00022196070236200904,0.0,-0.00019195134016609938,0.0,0.07201801565657001,0.045131435849415924,0.0,0.00022196070239288712,0.0,-0.00019195134020599802,0.0,0.07201801565657862,0.0,0.0,0.0,0.0,0.0,0.0,0.0,,,,,,,,,
S3,"H2/CO2=1, CO/CO2=0.01",650.0,3.0,1.01325,0.001239495365802339,0.0012394953658003693,0.0,0.0011991614259100765,0.0,3.5142330951330736e-05,0.0,-3.799107175405563e-06,0.0,0.0,0.0011991614259326822,0.0,3.514233095081032e-05,0.0,-3.799107164970117e-06,0.0,0.0,0.0,0.0,0.0,0.0,0.0,0.0,0.0,,,,,,,,,
S3,"H2/CO2=1, CO/CO2=0.01",650.0,3.0,5.0,0.14742601758404297,0.14742601758404095,0.0,0.03693001487263675,0.0,0.0002764769443455717,0.0,-0.00021257441128672006,0.0,0.05894699086615912,0.0369300148725521,0.0,0.0002764769444552062,0.0,-0.00021257441132627175,0.0,0.05894699086613331,0.0,0.0,0.0,0.0,0.0,0.0,0.0,,,,,,,,,
S3,"H2/CO2=1, CO/CO2=0.01",650.0,10.0,1.01325,0.004062363761903795,0.004062363761903942,0.0,0.0038630379326336835,0.0,0.00011459415060080611,0.0,-1.2266538900644955e-05,0.0,0.0,0.0038630379325138575,0.0,0.00011459415052150757,0.0,-1.2266538831906537e-05,0.0,0.0,0.0,0.0,0.0,0.0,0.0,0.0,0.0,,,,,,,,,
S3,"H2/CO2=1, CO/CO2=0.01",650.0,10.0,5.0,0.18401698495421173,0.1840169849542127,0.0,0.024029083845145127,0.0,0.0003527351937746004,0.0,-0.00021125286531822884,0.0,0.038361867170548236,0.024029083845109045,0.0,0.00035273519382872376,0.0,-0.00021125286525369713,0.0,0.038361867170559893,0.0,0.0,0.0,0.0,0.0,0.0,0.0,,,,,,,,,
S3,"H2/CO2=1, CO/CO2=0.01",675.0,1.0,1.01325,0.000855596542443268,0.0008555965424412726,0.0,0.0008281986707257008,0.0005675554916881911,2.6461284707743034e-05,1.9947092569998193e-05,-3.327241787149564e-06,-3.648371320943153e-06,0.0,0.0008281986707131539,0.000567555491620686,2.6461284702294918e-05,1.9947092572136782e-05,-3.3272415878027317e-06,-3.648371288411667e-06,0.0,0.0,0.0,0.0,1.1321727512805005e-22,0.0,0.0,0.0,,,,,,,,,
S3,"H2/CO2=1, CO/CO2=0.01",675.0,1.0,5.0,0.13284319655933494,0.13284319655933463,0.0,0.04082370775546906,0.027977156115624457,0.0003166215259857441,0.00023867634310961725,-0.0002642377016116859,-0.00028974067810619286,0.06515561457241026,0.04082370775531641,0.027977156115682744,0.0003166215258088023,0.00023867634299512552,-0.00026423770157768534,-0.00028974067795006775,0.06515561457238861,0.0,0.0,0.0,0.0,0.0,0.0,0.0,,,,,,,,,
S3,"H2/CO2=1, CO/CO2=0.01",675.0,3.0,1.01325,0.0025411495628038286,0.0025411495628072656,0.0,0.002434736513260837,0.0016685017367043685,7.830323397444577e-05,5.902670758618257e-05,-9.791712594236536e-06,-1.0736762039934965e-05,0.0,0.0024347365131793808,0.0016685017367484847,7.830323398294592e-05,5.902670756618989e-05,-9.79171261850098e-06,-1.0736762118268572e-05,0.0,0.0,-2.264345502561001e-22,0.0,2.264345502561001e-22,0.0,-2.264345502561001e-22,0.0,,,,,,,,,
S3,"H2/CO2=1, CO/CO2=0.01",675.0,3.0,5.0,0.1713205038917921,0.17132050389179054,0.0,0.028875009392471257,0.0197883522922139,0.00037650450485163245,0.0002838177598482594,-0.0002683206016908246,-0.00029421768623638656,0.04609601880227798,0.02887500939238452,0.01978835229229925,0.00037650450485093856,0.0002838177597386249,-0.00026832060165682403,-0.00029421768620307986,0.04609601880230629,0.0,0.0,0.0,0.0,0.0,0.0,0.0,,,,,,,,,
S3,"H2/CO2=1, CO/CO2=0.01",675.0,10.0,1.01325,0.008185063177766457,0.008185063177772345,0.0,0.007573704988878905,0.005190221685630802,0.0002490554228335058,0.00018774375457326735,-3.056538693344685e-05,-3.351541215204125e-05,0.0,0.007573704988941832,0.005190221685680285,0.0002490554228018471,0.0001877437545677596,-3.056538687984389e-05,-3.35154121067216e-05,0.0,0.0,0.0,0.0,0.0,0.0,0.0,0.0,,,,,,,,,
S3,"H2/CO2=1, CO/CO2=0.01",675.0,10.0,5.0,0.19931117693795578,0.1993111769379562,0.0,0.018014624588980066,0.01234557962349059,0.0004964763560683094,0.0003742563548812805,-0.0002661985373665632,-0.0002918909085700139,0.02876081298416544,0.018014624589005046,0.012345579623582183,0.0004964763561599028,0.0003742563549069544,-0.0002661985374047271,-0.00029189090859083056,0.028760812984194306,-9.057382010244004e-22,0.0,0.0,0.0,9.057382010244004e-22,-9.057382010244004e-22,-3.6229528040976014e-22,,,,,,,,,
S3,"H2/CO2=1, CO/CO2=0.01",700.0,1.0,1.01325,0.0016730702060771048,0.0016730702060764324,0.0,0.0016086479425065302,0.0021262082087284695,5.610577528523562e-05,8.1575053482015e-05,-8.08832088094861e-06,-1.710827499006094e-05,0.0,0.0016086479425109212,0.002126208208705349,5.6105775375625555e-05,8.157505352601735e-05,-8.08832094079115e-06,-1.710827498002665e-05,0.0,0.0,0.0,0.0,0.0,0.0,0.0,0.0,,,,,,,,,
S3,"H2/CO2=1, CO/CO2=0.01",700.0,1.0,5.0,0.15804868788992896,0.15804868788993154,0.0,0.03358480143494588,0.04438818224539176,0.000414837332772533,0.0006031516343332766,-0.0003306095418466326,-0.0006993012273658061,0.05361094920945442,0.03358480143501874,0.04438818224548058,0.00041483733279334967,0.0006031516341903354,-0.0003306095418320609,-0.0006993012273942556,0.05361094920939724,0.0,0.0,0.0,0.0,0.0,0.0,0.0,,,,,,,,,
S3,"H2/CO2=1, CO/CO2=0.01",700.0,3.0,1.01325,0.004922176995188439,0.004922176995189154,0.0,0.004639618165887109,0.006132317889852822,0.00016359370442775058,0.00023785670108867393,-2.33504724537429e-05,-4.9390505232568306e-05,0.0,0.004639618165819259,0.006132317889873118,0.0001635937044164315,0.00023785670097420383,-2.3350472411198808e-05,-4.939050533558919e-05,0.0,0.0,4.528691005122002e-22,0.0,0.0,0.0,4.528691005122002e-22,0.0,,,,,,,,,
S3,"H2/CO2=1, CO/CO2=0.01",700.0,3.0,5.0,0.18858821973593004,0.1885882197359311,0.0,0.02224517775624643,0.02940108011198136,0.0004915909875655156,0.0007147438435273212,-0.00032586688828509236,-0.000689273093803372,0.035514291816029775,0.02224517775613888,0.02940108011191822,0.0004915909876029856,0.0007147438435328723,-0.0003258668883593385,-0.0006892730939428438,0.03551429181603116,0.0,0.0,0.0,0.0,0.0,0.0,0.0,,,,,,,,,
S3,"H2/CO2=1, CO/CO2=0.01",700.0,10.0,1.01325,0.015372088774424949,0.01537208877442564,0.0,0.013564963447660217,0.01792892379675515,0.0004955891819031447,0.0007205550918725715,-6.845181669159865e-05,-0.00014478801079725184,0.0,0.01356496344766811,0.017928923796745044,0.0004955891819480307,0.0007205550918626402,-6.845181651782273e-05,-0.00014478801082240533,0.0,0.0,0.0,0.0,0.0,0.0,0.0,0.0,,,,,,,,,
S3,"H2/CO2=1, CO/CO2=0.01",700.0,10.0,5.0,0.21008978059812702,0.21008978059812577,0.0,0.013647808832644576,0.01803810123043384,0.0006608528196505592,0.0009608274659136938,-0.0003396422612406136,-0.0007184207561017342,0.021789130873614837,0.013647808832764619,0.018038101230369308,0.0006608528197532548,0.0009608274659650419,-0.0003396422612017558,-0.0007184207561322653,0.021789130873571816,0.0,0.0,0.0,0.0,0.0,0.0,0.0,,,,,,,,,
S3,"H2/CO2=1, CO/CO2=0.01",725.0,1.0,1.01325,0.0031156800399613836,0.003115680039962987,0.0,0.0029643508765857664,0.005675108447652914,0.00011256899471531615,0.00023707572406907445,-1.8397681663968185e-05,-5.637804614511913e-05,0.0,0.0029643508766025173,0.005675108447633637,0.00011256899472011916,0.00023707572393283358,-1.83976816114928e-05,-5.637804614821995e-05,0.0,0.0,0.0,0.0,0.0,0.0,0.0,0.0,,,,,,,,,
S3,"H2/CO2=1, CO/CO2=0.01",725.0,1.0,5.0,0.1770339725239619,0.17703397252396158,1.811476402048801e-23,0.026695603733382922,0.0511002631766358,0.0004985797332476838,0.0010500175154991298,-0.0003797762340003452,-0.0011638034534071362,0.042617739956071765,0.02669560373335378,0.05110026317654559,0.0004985797332435205,0.001050017515560886,-0.0003797762340357336,-0.0011638034535355057,0.04261773995608009,0.0,0.0,0.0,0.0,0.0,0.0,0.0,,,,,,,,,
S3,"H2/CO2=1, CO/CO2=0.01",725.0,3.0,1.01325,0.009015816116393013,0.009015816116393238,0.0,0.008270419316211896,0.015832789212760334,0.00031868574354252527,0.0006711579718506229,-5.121730952011884e-05,-0.00015695072515748212,0.0,0.008270419316272482,0.015832789212663623,0.000318685743547209,0.0006711579718904348,-5.121730948798309e-05,-0.00015695072508037367,0.0,0.0,0.0,0.0,0.0,-9.057382010244004e-22,0.0,0.0,,,,,,,,,
S3,"H2/CO2=1, CO/CO2=0.01",725.0,3.0,5.0,0.20095927589182996,0.20095927589183205,0.0,0.01711718800010628,0.03276572009341602,0.0005721250421385216,0.0012048663422463413,-0.00036790757449445266,-0.0011274567388933066,0.02732782044844645,0.01711718800015971,0.0327657200933168,0.0005721250421031332,0.001204866342266464,-0.0003679075744195126,-0.0011274567388946943,0.02732782044849169,0.0,0.0,0.0,0.0,0.0,0.0,0.0,,,,,,,,,
S3,"H2/CO2=1, CO/CO2=0.01",725.0,10.0,1.01325,0.026760573605470125,0.026760573605471794,0.0,0.02185386934743152,0.04183329389823688,0.0008784324069935345,0.0018499048437512627,-0.0001339967806073504,-0.00041061974222688855,0.0,0.021853869347446264,0.041833293898255186,0.0008784324070004734,0.0018499048438591625,-0.00013399678071845944,-0.0004106197422526492,0.0,0.0,0.0,0.0,0.0,0.0,0.0,0.0,,,,,,,,,
S3,"H2/CO2=1, CO/CO2=0.01",725.0,10.0,5.0,0.217397067002154,0.21739706700215444,0.0,0.010959215534907252,0.021086134925570738,0.0008728400261247271,0.0018382193503051203,-0.0006203279893424174,-0.0019027923210353237,0.018269311421332257,0.01095921553493362,0.021086134925554778,0.0008728400261642788,0.0018382193502808342,-0.0006203279892341707,-0.0019027923210596098,0.01826931142132615,0.0,0.0,0.0,0.0,0.0,9.057382010244004e-22,0.0,,,,,,,,,
S3,"H2/CO2=1, CO/CO2=0.01",750.0,1.0,1.01325,0.005537092655780104,0.005537092655782505,0.0,0.005181381858179951,0.012786640493484665,0.0002128680189937256,0.0005779302529948169,-3.900740167994861e-05,-0.00015413387983854825,0.0,0.005181381858163081,0.0127866404933924,0.0002128680188812071,0.000577930252984582,-3.90074016726194e-05,-0.00015413387978446824,0.0,0.0,0.0,0.0,0.0,0.0,0.0,0.0,,,,,,,,,
S3,"H2/CO2=1, CO/CO2=0.01",750.0,1.0,5.0,0.19089858643386365,0.19089858643386015,0.0,0.020865998261917346,0.05148118160572604,0.00045602928043231294,0.0012380116315761913,-0.00033933976454972314,-0.001340871678415928,0.03331195234662909,0.020865998261940244,0.05148118160561432,0.00045602928051835523,0.0012380116314297807,-0.00033933976452404924,-0.001340871678409683,0.03331195234658968,4.528691005122002e-22,0.0,0.0,0.0,0.0,4.528691005122002e-22,0.0,,,,,,,,,
S3,"H2/CO2=1, CO/CO2=0.01",750.0,3.0,1.01325,0.015588673384026764,0.015588673384027474,0.0,0.013688022746606663,0.03377591810055933,0.000566956565510807,0.001539190687046936,-0.00010120258388916781,-0.00039989034285787574,0.0,0.013688022746627393,0.03377591810062863,0.0005669565655341824,0.0015391906870304561,-0.00010120258382151359,-0.0003998903427643308,0.0,0.0,0.0,0.0,0.0,0.0,0.0,0.0,,,,,,,,,
S3,"H2/CO2=1, CO/CO2=0.01",750.0,3.0,5.0,0.20903745572486934,0.20903745572487276,0.0,0.012509777320132698,0.038006047400982595,0.00027550363086159546,0.0007476002156073247,-0.0001936432858222481,-0.0007650785537285931,0.02558311422614118,0.012509777320110493,0.03800604740093194,0.00027550363083106433,0.0007476002155420991,-0.0001936432858617998,-0.0007650785537299809,0.025583114226159775,0.0,0.0,0.0,0.0,0.0,0.0,0.0,,,,,,,,,
S3,"H2/CO2=1, CO/CO2=0.01",750.0,10.0,1.01325,0.042840689833937594,0.042840689833938295,0.0,0.03111399143301205,0.07676034132344886,0.0012868706299466043,0.0034930243733225295,-0.00021384238893130264,-0.0008449634125303265,0.0,0.03111399143296556,0.07676034132337584,0.0012868706298574395,0.003493024373307785,-0.00021384238894084362,-0.0008449634125939909,0.0,0.0,0.0,0.0,0.0,0.0,3.622952804097602e-21,0.0,,,,,,,,,
S3,"H2/CO2=1, CO/CO2=0.01",750.0,10.0,5.0,0.21014385637437633,0.22549209363222333,0.015348237257846838,-0.005550026771053429,-0.013556882707562584,2.4338001282375732e-05,1.9443562494086963e-05,-0.007514225359086385,-0.03024162604770911,-0.008745008899962714,0.009764646826404544,0.023955307214221237,-0.0002460601718295985,-0.0006202265788290973,0.003855971659869062,0.015825231669033824,0.015478128204425845,0.015314673597277692,0.03751218992180042,-0.000270398173222346,-0.0006396701413875425,0.011370197018940658,0.04606685771674692,0.024223137104375358,,,,,,,,,
S3,"H2/CO2=1, CO/CO2=0.01",775.0,1.0,1.01325,0.009392118863397114,0.00939211886340019,0.0,0.008563762809923143,0.02556721427814557,0.00037260249463821025,0.001223950650761042,-7.572731490408137e-05,-0.0003621544723180284,0.0,0.008563762809946085,0.02556721427813824,0.00037260249474146967,0.001223950650700023,-7.572731494931428e-05,-0.000362154472285936,0.0,0.0,0.0,0.0,0.0,9.057382010244004e-22,0.0,0.0,,,,,,,,,
S3,"H2/CO2=1, CO/CO2=0.01",775.0,1.0,5.0,0.20621419528104284,0.20643240472183555,0.0002182094407902126,0.011711522356393222,0.03485690696876098,7.273695449352968e-05,-7.610075101402436e-05,-0.000187890333962909,-0.0012897576745059258,0.01867591291999593,0.013878271017747634,0.041273350987583446,-3.484612766946338e-05,-0.0004962850790379836,0.00015612898585926072,0.0002704070860226615,0.02208870873906532,0.002166748661405218,0.0064164440189284164,-0.00010758308226748304,-0.00042018432801534523,0.00034401931979209936,0.001560164760651336,0.0034127958190631673,,,,,,,,,
S3,"H2/CO2=1, CO/CO2=0.01",775.0,3.0,1.01325,0.02531840729617026,0.02531840729616619,0.0,0.020784645345621987,0.06203880804885806,0.0008636608723115551,0.002836576211299926,-0.0001691667187011213,-0.0008089995198370946,0.0,0.02078464534570057,0.06203880804878936,0.0008636608721968031,0.002836576211373565,-0.00016916671867484023,-0.000808999519960607,0.0,0.0,0.0,0.0,0.0,0.0,0.0,0.0,,,,,,,,,
S3,"H2/CO2=1, CO/CO2=0.01",775.0,3.0,5.0,0.20570240482299765,0.21736107932112603,0.011658674498128392,-0.002700863019635541,-0.008129345995592369,0.00047961382885625126,0.0013872293493616406,-0.0073729109740357235,-0.03481632707557844,-0.004273296552382566,0.007269442660098879,0.021752820373141524,-0.0013951304508624807,-0.004374202874701805,0.0037402778341910636,0.01745444507590954,0.011567039254745115,0.009970305679675483,0.029882166368801158,-0.0018747442797171273,-0.005761432224087254,0.011113188808198424,0.05227077215139158,0.015840335807167406,,,,,,,,,
S3,"H2/CO2=1, CO/CO2=0.01",775.0,10.0,1.01325,0.062483028820257004,0.0624830288202588,0.0,0.03853601426785577,0.11498961051462885,0.0011584826066786402,0.0038026411174823384,-0.00021405623707223403,-0.0010236208094812488,0.0,0.03853601426775932,0.11498961051456535,0.0011584826066557419,0.003802641117572892,-0.00021405623701065135,-0.0010236208094815957,0.0,0.0,-1.811476402048801e-21,0.0,0.0,0.0,0.0,0.0,,,,,,,,,
S3,"H2/CO2=1, CO/CO2=0.01",775.0,10.0,5.0,0.18516084038646347,0.2356939947285922,0.05053315434212794,-0.006846695247772483,-0.01886367031661562,0.0011017115474271089,0.0036338885648926067,-0.01971977321949467,-0.09409975058424919,-0.010411317764029704,0.009305950942153918,0.02637993707604591,-0.0034335127897022755,-0.011327897553881083,0.01671128601653804,0.0798217241011534,0.014396564085689123,0.0161526461899068,0.045243607392731096,-0.004535224337095904,-0.014961786118840997,0.03643105923603965,0.17392147468527736,0.024807881849703423,,,,,,,,,
S3,"H2/CO2=1, CO/CO2=0.01",800.0,1.0,1.01325,0.015164687378768358,0.015164687378764308,0.0,0.013288794454345077,0.046121616877204404,0.0005689149119842037,0.0021728038455708174,-0.0001268938622833119,-0.0007058518367097835,0.0,0.013288794454455188,0.04612161687709837,0.0005689149120330361,0.002172803845593152,-0.00012689386225117616,-0.0007058518367825117,0.0,0.0,0.0,0.0,0.0,0.0,0.0,0.0,,,,,,,,,
S3,"H2/CO2=1, CO/CO2=0.01",800.0,1.0,5.0,0.2005494953009379,0.20833630195408714,0.007786806653150883,-0.0010172414056430767,-0.0032572573411174255,0.0005076017926930465,0.0020475787183622807,-0.006147512782102987,-0.034170374826792554,-0.001503369918896269,0.006101945271888565,0.020966053754417624,-0.001965566272452146,-0.007599957540663228,0.0028664130196143223,0.015952912169989175,0.009641620043366883,0.007119186677626249,0.024223311095653226,-0.0024731680651345674,-0.009647536258922921,0.009013925801668998,0.050123286996856364,0.01114498996229815,,,,,,,,,
S3,"H2/CO2=1, CO/CO2=0.01",800.0,3.0,1.01325,0.038261620565595594,0.03826162056559912,0.0,0.02845686947903006,0.09872714611506624,0.0008719969588143195,0.0033287612818953464,-0.00018736903840514685,-0.0010421673212714783,0.0,0.028456869478926672,0.09872714611509904,0.000871996958867749,0.0033287612819621337,-0.0001873690383458193,-0.0010421673213717453,0.0,0.0,0.0,0.0,0.0,9.057382010244004e-22,0.0,0.0,,,,,,,,,
S3,"H2/CO2=1, CO/CO2=0.01",800.0,3.0,5.0,0.18656414306932212,0.21917170852906598,0.03260756545974031,-0.0038071280770650417,-0.013025972624696597,0.001645956397364201,0.006172438173261685,-0.017010828160920338,-0.0940033460591766,-0.005983232934914928,0.006178329951772588,0.02129502100438052,-0.005359895925563518,-0.02029681736286648,0.013539871424458894,0.07477548733836048,0.00977722068118747,0.0099854580288751,0.034320993629038954,-0.007005852322928413,-0.026469255536052012,0.03055069958526873,0.1687788333976226,0.015760453616090048,,,,,,,,,
S3,"H2/CO2=1, CO/CO2=0.01",800.0,10.0,1.01325,0.10500872778968003,0.10500872778967785,0.0,0.052463699610994646,0.1825641958855425,0.001815274041180523,0.006501518241043905,-5.44941665146792e-05,-0.00030309697638918054,0.0,0.05246369961099673,0.18256419588540684,0.001815274041186421,0.006501518240956128,-5.4494166609742045e-05,-0.00030309697642560973,0.0,0.0,0.0,0.0,0.0,0.0,0.0,0.0,,,,,,,,,
S3,"H2/CO2=1, CO/CO2=0.01",800.0,10.0,5.0,0.1548042266908279,0.24335956771976852,0.08855534102894091,-0.005526545027832036,-0.018776289286560888,0.001505112364633826,0.005725594804677214,-0.027381864115908622,-0.15170431327966305,-0.008799300348016348,0.006329457286483042,0.021515958017293002,-0.006600370741671746,-0.025264983579634248,0.024739607216323067,0.1372470772007195,0.010041348025552344,0.011856002314269629,0.040292247303793174,-0.008105483106285102,-0.030990578384260458,0.05212147133220879,0.28895139048050883,0.018840648373562724,,,,,,,,,
S3,"H2/CO2=1, CO/CO2=0.01",825.0,1.0,1.01325,0.02312725033824963,0.02312725033825236,0.0,0.019090567864814365,0.07495083748969618,0.0005986023211253591,0.0025861851551553516,-0.00014550283003317288,-0.0009161090358299553,0.0,0.019090567864799013,0.0749508374897484,0.0005986023210835523,0.0025861851553010684,-0.0001455028300650918,-0.0009161090358061896,0.0,4.528691005122002e-22,0.0,0.0,0.0,-4.528691005122002e-22,0.0,0.0,,,,,,,,,
S3,"H2/CO2=1, CO/CO2=0.01",825.0,1.0,5.0,0.18488881994678413,0.20463152444577715,0.019742704498993905,-0.0019551114842218664,-0.008824475862224956,0.002285359392307368,0.008781588154049835,-0.014176039799411455,-0.08766391610356349,-0.0036330076312776627,0.004089471174825721,0.016846574368817313,-0.006965428727501166,-0.02923195528549971,0.01053997372877924,0.06515780315800579,0.006888066886076016,0.006044582659200069,0.025671050230968023,-0.0092507881197911,-0.038013543439564555,0.024716013528117056,0.15282171926163363,0.01052107451732353,,,,,,,,,
S3,"H2/CO2=1, CO/CO2=0.01",825.0,3.0,1.01325,0.0723311797435294,0.07233117974352454,0.0,0.051693528429559016,0.20285574706288034,0.0017001737346276913,0.0056036884370055245,-6.764657734248392e-05,-0.00042590079215309995,0.0,0.05169352842956387,0.20285574706289664,0.0017001737346505896,0.005603688437177956,-6.764657730917722e-05,-0.0004259007921808555,0.0,0.0,0.0,0.0,0.0,0.0,1.4152159391006256e-23,0.0,,,,,,,,,
S3,"H2/CO2=1, CO/CO2=0.01",825.0,3.0,5.0,0.16208901394934908,0.21752350784047692,0.0554344938911269,-0.0038705775802977405,-0.014276218257115725,0.003123513794892757,0.013033580056053679,-0.026744754806278664,-0.16702383772974755,-0.005822692746513813,0.004640785977461093,0.01784758588819213,-0.01169228124806021,-0.05046820160769239,0.022877678794946954,0.14353721811223297,0.0072747398484251935,0.008511363557727782,0.03212380414531566,-0.014815795042921048,-0.06350178166379117,0.04962243360123273,0.31056105584205645,0.013097432594912431,,,,,,,,,
S3,"H2/CO2=1, CO/CO2=0.01",825.0,10.0,1.01325,0.12705393100785772,0.12706685320976985,1.2922201913887495e-05,0.01238442841307863,0.04765965267369693,7.605134473218089e-05,-0.000540994932614336,-0.0005644789242587045,-0.003561618439971992,0.0,0.012110536925763471,0.047659652673637254,0.0003983028106002706,-0.000540994932601846,-0.0005536351147195084,-0.003493592548969859,0.0,-0.0002738914872579877,0.0,0.00032225146577277274,0.0,1.0843809559142245e-05,6.802589097566219e-05,0.0,,,,,,,,,
S3,"H2/CO2=1, CO/CO2=0.01",825.0,10.0,5.0,0.1281238661380926,0.23820413440032961,0.11008026826223288,-0.0029272741412463,-0.011180854687514036,-0.0004105561503701949,-0.0006321791789158648,-0.019834889106889325,-0.1260601291712779,-0.004556402470358156,0.002652126116714504,0.010171320199545142,-0.004608976118805619,-0.02062824511063488,0.017040254503319918,0.1079154378553715,0.004143622704878558,0.005579400257954212,0.021352174886964115,-0.004198419968458322,-0.01999606593165032,0.036875143610169345,0.23397556702666153,0.008700025175268633,,,,,,,,,
S3,"H2/CO2=1, CO/CO2=0.01",850.0,1.0,1.01325,0.04711758432054982,0.04711758432055313,0.0,0.04219316788894988,0.1837481067805749,0.0008321029633277105,0.0035627742293445337,-6.734744951320676e-05,-0.0010068615356207192,0.0,0.0421931678889681,0.18374810678058462,0.0008321029634661414,0.003562774229501353,-6.734744954772776e-05,-0.0010068615355907085,0.0,0.0,0.0,0.0,0.0,0.0,0.0,0.0,,,,,,,,,
S3,"H2/CO2=1, CO/CO2=0.01",850.0,1.0,5.0,0.1652239556240341,0.19583196200494224,0.030608006380908548,-0.002955966901070639,-0.009772930957430148,0.004012411557160339,0.021085655488490423,-0.02288436065854063,-0.16187813497361841,-0.003579097504258222,0.0032322143286134253,0.013650530148923146,-0.015692617279516874,-0.0752245062603657,0.018824950692367115,0.13107231524688012,0.004993309841009319,0.006188181229786847,0.023423461106542726,-0.01970502883665154,-0.0963101617488772,0.04170931135090401,0.29295045022048577,0.00857240734521824,,,,,,,,,
S3,"H2/CO2=1, CO/CO2=0.01",850.0,3.0,1.01325,0.09831612232157275,0.09831612232157338,0.0,0.04588786335829251,0.19783974852180636,0.00017967113019878855,0.0020068046988570842,-2.407700166531801e-05,-0.00016824960978531478,0.0,0.04588786335817108,0.19783974852182473,0.00017967113021821746,0.002006804698864717,-2.407700163131743e-05,-0.0001682496097249464,0.0,0.0,0.0,-5.660863756402503e-23,0.0,0.0,0.0,0.0,,,,,,,,,
S3,"H2/CO2=1, CO/CO2=0.01",850.0,3.0,5.0,0.13637719249420535,0.20528002250186128,0.06890283000765357,-0.002239723210038791,-0.01102467873912924,0.002212067283077074,0.010548862822908761,-0.028133871257437354,-0.19508088491783648,-0.0038596405250296284,0.0022978247225829973,0.010420034963248836,-0.01484384060041477,-0.07088607993459284,0.022938550411918945,0.15908275722724685,0.003774337243439563,0.00453754793252846,0.021444713702465507,-0.017055907883450558,-0.08143494275739023,0.05107242166938475,0.3541636421450398,0.00763397776846933,,,,,,,,,
S3,"H2/CO2=1, CO/CO2=0.01",850.0,10.0,1.01325,0.10651707773292506,0.1065170777329244,1.1593448973112326e-21,-0.008209763860753463,-0.03205607656708749,0.0017834055750409056,-0.0017753074490509807,-0.005960128775311588,-0.0411411303366662,0.0,-0.00931406175884164,-0.03311145880578459,0.00178612079907714,-0.002791220345230161,-0.005939250399314422,-0.0411411303366499,0.0,-0.0011042978981743413,-0.0010553822387624923,2.715224082774929e-06,-0.001015912896276598,2.0878375980675788e-05,0.0,0.0,,,,,,,,,
S3,"H2/CO2=1, CO/CO2=0.01",850.0,10.0,5.0,0.11209676229919145,0.21552596659758316,0.10342920429839027,-0.0008224846830485327,-0.003197232161726224,-0.0008458717638153146,-0.004042275098543532,-0.006352766615379257,-0.04475048418426143,-0.0011749529639176748,0.0005117892414058245,0.0020396814885331738,-0.000999953760230654,-0.004880634564380371,0.00436822458447228,0.03085147501656893,0.0007490088034500797,0.0013342739244959906,0.005236913650122008,-0.00015408199638689002,-0.000838359465995045,0.010720991199951457,0.07560195920079116,0.0019239617674171594,,,,,,,,,
S3,"H2/CO2=2, CO/CO2=0.01",600.0,1.0,1.01325,0.0002565511894466697,0.0002565511894466743,0.0,0.0002540051880966509,-0.00039169994432334496,2.6119582320448384e-06,-4.430826299764922e-06,-2.3526267185872444e-07,5.806204025424612e-07,0.0,0.00025400518814944206,-0.0003916999443187574,2.6119582746675363e-06,-4.43082617263002e-06,-2.3526264547601983e-07,5.806204211866728e-07,0.0,0.0,0.0,0.0,0.0,0.0,0.0,0.0,,,,,,,,,
S3,"H2/CO2=2, CO/CO2=0.01",600.0,1.0,5.0,0.10573772121696101,0.10573772121695957,0.0,0.07451464177704453,-0.11489591918535032,8.752585714498495e-05,-0.00014847546685840818,-7.793604547348676e-05,0.00019234353114822023,0.11892144588299347,0.07451464177697376,-0.11489591918534825,8.752585714255634e-05,-0.00014847546683238733,-7.793604550054845e-05,0.00019234353113295466,0.11892144588298237,0.0,0.0,0.0,0.0,0.0,0.0,0.0,,,,,,,,,
S3,"H2/CO2=2, CO/CO2=0.01",600.0,3.0,1.01325,0.0007685372922308423,0.0007685372922291434,0.0,0.0007597954845063099,-0.0011716753257961534,7.824292020736827e-06,-1.3272828080503844e-05,-7.039346995390237e-07,1.7372872827446043e-06,0.0,0.0007597954843951982,-0.0011716753258367296,7.82429220302916e-06,-1.327282812269015e-05,-7.039346938686464e-07,1.7372872418430776e-06,0.0,0.0,0.0,0.0,0.0,0.0,0.0,0.0,,,,,,,,,
S3,"H2/CO2=2, CO/CO2=0.01",600.0,3.0,5.0,0.20107903340668876,0.20107903340668654,0.0,0.09274710548844711,-0.14300689079666112,0.0001395504971142547,-0.0002367278512327431,-0.00011656300593076985,0.00028767358968076473,0.14799593313933712,0.09274710548844989,-0.1430068907966625,0.0001395504970830297,-0.0002367278512049875,-0.00011656300606677217,0.0002876735897883176,0.1479959331393388,0.0,0.0,0.0,0.0,0.0,0.0,0.0,,,,,,,,,
S3,"H2/CO2=2, CO/CO2=0.01",600.0,10.0,1.01325,0.0025488547316928874,0.002548854731696526,0.0,0.0025070101972053172,-0.003866032318999065,2.5946724605614875e-05,-4.401499781251771e-05,-2.325027707395042e-06,5.738090546225823e-06,0.0,0.00250701019728905,-0.0038660323190137236,2.594672466049719e-05,-4.4014997888086604e-05,-2.3250276870445674e-06,5.738090613771618e-06,0.0,0.0,0.0,0.0,0.0,0.0,0.0,0.0,,,,,,,,,
S3,"H2/CO2=2, CO/CO2=0.01",600.0,10.0,5.0,0.3037294297681777,0.30372942976817663,0.0,0.07322841849931178,-0.11291442798089246,0.00018434920274895683,-0.00031272182617197997,-0.00012949287461344605,0.0003195842585429487,0.11688851248528698,0.07322841849937145,-0.11291442798093687,0.00018434920272258903,-0.00031272182619834776,-0.00012949287473695836,0.00031958425859845985,0.11688851248522036,0.0,0.0,0.0,0.0,0.0,0.0,9.057382010244003e-23,,,,,,,,,
S3,"H2/CO2=2, CO/CO2=0.01",625.0,1.0,1.01325,0.0005958918741716273,0.000595891874171306,0.0,0.0005889502386426592,-0.00043589119062515893,6.6897915419408685e-06,-5.446379582188044e-06,-7.132380329058366e-07,8.446536425122482e-07,0.0,0.0005889502387251833,-0.00043589119057274583,6.6897915651509265e-06,-5.44637947796911e-06,-7.132380019925222e-07,8.446535304518221e-07,0.0,0.0,0.0,0.0,0.0,0.0,0.0,0.0,,,,,,,,,
S3,"H2/CO2=2, CO/CO2=0.01",625.0,1.0,5.0,0.177407751779185,0.17740775177918355,0.0,0.09205279873945385,-0.06813253682800349,0.00016353575094107953,-0.0001331398616244428,-0.0001431067995515123,0.00016947452738669266,0.1468845080170164,0.09205279873947536,-0.06813253682798892,0.00016353575080230165,-0.00013313986165497393,-0.00014310679957163508,0.000169474527403346,0.14688450801700115,0.0,0.0,0.0,0.0,0.0,0.0,0.0,,,,,,,,,
S3,"H2/CO2=2, CO/CO2=0.01",625.0,3.0,1.01325,0.001781670362102629,0.001781670362099308,0.0,0.0017549375523033084,-0.0012988572387850786,1.9997287868493696e-05,-1.6280451882932576e-05,-2.1265864412738783e-06,2.5184144702321883e-06,0.0,0.0017549375523256971,-0.0012988572387906405,1.9997287814543796e-05,-1.6280451908823323e-05,-2.126586562400945e-06,2.518414274343961e-06,0.0,5.660863756402503e-23,0.0,5.660863756402503e-23,5.660863756402503e-23,0.0,-5.660863756402503e-23,0.0,,,,,,,,,
S3,"H2/CO2=2, CO/CO2=0.01",625.0,3.0,5.0,0.2757646968234174,0.27576469682341687,0.0,0.08154962272174382,-0.060358192649005715,0.00021344701460063176,-0.00017377432786347402,-0.0001676382093251938,0.00019852590864705147,0.13015759259735193,0.08154962272171606,-0.06035819264894048,0.00021344701459924398,-0.00017377432783016733,-0.00016763820926135597,0.00019852590860680586,0.13015759259737858,0.0,0.0,0.0,0.0,0.0,0.0,0.0,,,,,,,,,
S3,"H2/CO2=2, CO/CO2=0.01",625.0,10.0,1.01325,0.005869916301774657,0.005869916301774913,0.0,0.005714001076937781,-0.00422903187251853,6.582944394252672e-05,-5.3593937824800673e-05,-6.938739711948548e-06,8.217217100942725e-06,0.0,0.005714001076981279,-0.004229031872321487,6.58294440181173e-05,-5.359393782378153e-05,-6.938739774420277e-06,8.217217090100704e-06,0.0,-2.264345502561001e-22,-2.264345502561001e-22,0.0,0.0,0.0,0.0,0.0,,,,,,,,,
S3,"H2/CO2=2, CO/CO2=0.01",625.0,10.0,5.0,0.35710038782480685,0.35710038782480613,1.811476402048801e-23,0.053574968311569104,-0.039652703650927545,0.0002715087185134468,-0.00022104449282356328,-0.0001664271797485739,0.00019709176622278998,0.08553056528636416,0.05357496831147335,-0.039652703650927545,0.000271508718474589,-0.00022104449273196994,-0.0001664271798013095,0.0001970917663213223,0.08553056528637248,0.0,0.0,0.0,0.0,0.0,0.0,0.0,,,,,,,,,
S3,"H2/CO2=2, CO/CO2=0.01",650.0,1.0,1.01325,0.0012979484520635562,0.0012979484520643236,0.0,0.0012792661700975286,0.0,1.5998097758189054e-05,0.0,-1.9927531803344296e-06,0.0,0.0,0.0012792661700955499,0.0,1.59980977298968e-05,0.0,-1.99275324297421e-06,0.0,0.0,0.0,0.0,0.0,0.0,0.0,0.0,0.0,,,,,,,,,
S3,"H2/CO2=2, CO/CO2=0.01",650.0,1.0,5.0,0.24874071140896156,0.24874071140895926,0.0,0.08769662934558428,0.0,0.0002493529305175324,0.0,-0.00021040421922524644,0.0,0.13995483912288859,0.08769662934564604,0.0,0.00024935293060357466,0.0,-0.00021040421927243091,0.0,0.13995483912285112,0.0,0.0,0.0,0.0,0.0,0.0,0.0,,,,,,,,,
S3,"H2/CO2=2, CO/CO2=0.01",650.0,3.0,1.01325,0.003865491598404394,0.0038654915984037697,0.0,0.0037818160188071693,0.0,4.759980713899643e-05,0.0,-5.897823067706372e-06,0.0,0.0,0.003781816018952333,0.0,4.75998071541861e-05,0.0,-5.897823093792276e-06,0.0,0.0,0.0,0.0,0.0,0.0,0.0,0.0,0.0,,,,,,,,,
S3,"H2/CO2=2, CO/CO2=0.01",650.0,3.0,5.0,0.33235862383064174,0.3323586238306442,0.0,0.06317692829901356,0.0,0.00029899634257507524,0.0,-0.00021533067777745885,0.0,0.10085349593970117,0.06317692829896637,0.0,0.0002989963424349096,0.0,-0.0002153306778385211,0.0,0.10085349593971116,0.0,0.0,0.0,0.0,0.0,0.0,0.0,,,,,,,,,
S3,"H2/CO2=2, CO/CO2=0.01",650.0,10.0,1.01325,0.012565044408964346,0.012565044408964998,0.0,0.011984876875210503,0.0,0.00015421639498955364,0.0,-1.87638997136471e-05,0.0,0.0,0.011984876875187345,0.0,0.0001542163949208586,0.0,-1.8763899764517866e-05,0.0,0.0,0.0,0.0,0.0,0.0,0.0,0.0,0.0,,,,,,,,,
S3,"H2/CO2=2, CO/CO2=0.01",650.0,10.0,5.0,0.39304195725871904,0.3930419572587196,0.0,0.03894264150246657,0.0,0.00039203945692706244,0.0,-0.0002070283296351505,0.0,0.0621737005762768,0.0389426415024402,0.0,0.0003920394569284502,0.0,-0.00020702832971841723,0.0,0.062173700576287905,0.0,0.0,0.0,0.0,0.0,0.0,0.0,,,,,,,,,
S3,"H2/CO2=2, CO/CO2=0.01",675.0,1.0,1.01325,0.002667448787528307,0.0026674487875261166,0.0,0.002616737391581802,0.0017932224576696883,3.5947633345695916e-05,2.709811966527045e-05,-5.165397304687531e-06,-5.663935956454636e-06,0.0,0.00261673739156143,0.001793222457649457,3.5947633408861535e-05,2.709811970091902e-05,-5.165397171102981e-06,-5.663935984112633e-06,0.0,0.0,0.0,0.0,1.1321727512805005e-22,0.0,0.0,0.0,,,,,,,,,
S3,"H2/CO2=2, CO/CO2=0.01",675.0,1.0,5.0,0.30697072402671477,0.30697072402671466,0.0,0.07219792168218359,0.04947818625284095,0.0003384403429895766,0.0002551240123119247,-0.00027062994996940315,-0.00029674983016286793,0.1152448747102236,0.07219792168220163,0.049478186252926985,0.00033844034305896553,0.0002551240121967391,-0.0002706299498361764,-0.0002967498300671112,0.11524487471019862,0.0,0.0,0.0,0.0,0.0,0.0,0.0,,,,,,,,,
S3,"H2/CO2=2, CO/CO2=0.01",675.0,3.0,1.01325,0.00788359928968947,0.007883599289690402,0.0,0.007617797546543691,0.005220411890415966,0.00010590983245042235,7.983721378663003e-05,-1.5063163788823705e-05,-1.6516985975375403e-05,0.0,0.007617797546713434,0.005220411890410892,0.00010590983237912521,7.983721372617492e-05,-1.5063163658068923e-05,-1.6516985937298223e-05,0.0,0.0,0.0,0.0,0.0,0.0,0.0,0.0,,,,,,,,,
S3,"H2/CO2=2, CO/CO2=0.01",675.0,3.0,5.0,0.3722958150465571,0.3722958150465574,0.0,0.047448807820081595,0.03251709571302219,0.00040123366184946496,0.00030245951690988093,-0.0002615800089589282,-0.00028682646071448437,0.07575238088667724,0.047448807820063554,0.03251709571302497,0.00040123366180366826,0.0003024595168321653,-0.0002615800090116638,-0.00028682646062427875,0.0757523808866678,0.0,0.0,0.0,0.0,0.0,0.0,0.0,,,,,,,,,
S3,"H2/CO2=2, CO/CO2=0.01",675.0,10.0,1.01325,0.024983628982027422,0.02498362898202411,3.622952804097602e-23,0.022942036924889116,0.015722127489811288,0.00033199545972735153,0.0002502661222552119,-4.5617355906926726e-05,-5.002011753078156e-05,0.0,0.022942036924811227,0.015722127489783966,0.00033199545970696853,0.0002502661222897329,-4.561735588437532e-05,-5.0020117464688596e-05,0.0,0.0,0.0,0.0,0.0,0.0,0.0,0.0,,,,,,,,,
S3,"H2/CO2=2, CO/CO2=0.01",675.0,10.0,5.0,0.4175451934458856,0.41754519344588525,0.0,0.028818224710565332,0.019749370231499086,0.0005406708760299916,0.0004075722907712076,-0.0002503085477237321,-0.00027446718124241043,0.04600975748149494,0.028818224710500107,0.019749370231494923,0.000540670876009175,0.0004075722907836976,-0.0002503085476862621,-0.00027446718125490044,0.046009757481493274,0.0,0.0,0.0,0.0,0.0,0.0,0.0,,,,,,,,,
S3,"H2/CO2=2, CO/CO2=0.01",700.0,1.0,1.01325,0.005195892875577035,0.005195892875579977,9.057382010244004e-24,0.005056246099468414,0.0066830140380369375,7.617504719425669e-05,0.00011075463402533941,-1.2468701093577145e-05,-2.6373488815631743e-05,0.0,0.005056246099369166,0.006683014038028069,7.617504726720181e-05,0.00011075463408338758,-1.2468701138246274e-05,-2.6373488773434595e-05,0.0,0.0,0.0,0.0,-2.264345502561001e-22,0.0,0.0,0.0,,,,,,,,,
S3,"H2/CO2=2, CO/CO2=0.01",700.0,1.0,5.0,0.3502229736044873,0.3502229736044835,0.0,0.056293645506722,0.07440224245945926,0.0004237377362478756,0.0006160906317137504,-0.00031776746834411007,-0.0006721350480770605,0.0898693443444748,0.056293645506674816,0.07440224245944538,0.0004237377362464878,0.0006160906317109749,-0.00031776746829970115,-0.0006721350480437539,0.08986934434451199,0.0,0.0,0.0,0.0,0.0,0.0,0.0,,,,,,,,,
S3,"H2/CO2=2, CO/CO2=0.01",700.0,3.0,1.01325,0.01514355862208441,0.015143558622085829,0.0,0.01431306806270816,0.0189179245919391,0.00021987928221713256,0.00031969231310230266,-3.532740609551652e-05,-7.472365061607367e-05,0.0,0.014313068062668521,0.018917924591857482,0.00021987928216504748,0.0003196923129500373,-3.5327406128216055e-05,-7.472365058658337e-05,0.0,0.0,0.0,0.0,0.0,0.0,0.0,0.0,,,,,,,,,
S3,"H2/CO2=2, CO/CO2=0.01",700.0,3.0,5.0,0.4002271364856882,0.4002271364856871,0.0,0.03577851613802557,0.04728793901767753,0.0004961692009017304,0.0007213962546590014,-0.00029504499449856114,-0.000624074420678411,0.057121910979126,0.03577851613802974,0.04728793901771777,0.0004961692008947916,0.0007213962546603891,-0.00029504499448607113,-0.0006240744207408611,0.05712191097913766,0.0,0.0,0.0,0.0,0.0,0.0,0.0,,,,,,,,,
S3,"H2/CO2=2, CO/CO2=0.01",700.0,10.0,1.01325,0.04591683581549448,0.04591683581549311,0.0,0.0394604088887876,0.052154672524313585,0.0006447930778431463,0.0009374838310241898,-9.754935474150239e-05,-0.00020633390821599845,0.0,0.03946040888887781,0.05215467252443484,0.0006447930778752387,0.0009374838310122202,-9.75493548160955e-05,-0.0002063339081648241,0.0,0.0,0.0,0.0,0.0,1.811476402048801e-21,0.0,0.0,,,,,,,,,
S3,"H2/CO2=2, CO/CO2=0.01",700.0,10.0,5.0,0.43421706187350323,0.43421706187350395,7.245905608195203e-23,0.021202360228732287,0.02802280049358508,0.0006297522426784719,0.0009155975015079366,-0.00027339619999289244,-0.0005782859127514972,0.033849318116729865,0.021202360228750328,0.028022800493529565,0.0006297522426729207,0.0009155975015467943,-0.0002733962000234236,-0.0005782859127723139,0.03384931811673764,1.811476402048801e-21,0.0,0.0,0.0,0.0,0.0,0.0,,,,,,,,,
S3,"H2/CO2=2, CO/CO2=0.01",725.0,1.0,1.01325,0.009620896052140612,0.009620896052142447,0.0,0.009235580529745558,0.017680918965083017,0.00015207581770034645,0.00032027698861256636,-2.799669994273113e-05,-8.57925069943765e-05,0.0,0.009235580529748377,0.017680918965068404,0.0001520758177220305,0.0003202769885801704,-2.79966998889547e-05,-8.579250717066779e-05,0.0,0.0,0.0,0.0,0.0,0.0,0.0,0.0,,,,,,,,,
S3,"H2/CO2=2, CO/CO2=0.01",725.0,1.0,5.0,0.3813718841191968,0.38137188411919376,0.0,0.04334984148131049,0.08298025187144092,0.0004485276688198647,0.0009445910491359677,-0.0003159232443275539,-0.0009681119336607535,0.06920854701401691,0.04334984148131327,0.08298025187147562,0.0004485276687699047,0.0009445910491984176,-0.0003159232443566973,-0.0009681119336274469,0.06920854701402912,0.0,4.528691005122002e-22,-4.528691005122002e-22,4.528691005122002e-22,-4.528691005122002e-22,0.0,0.0,,,,,,,,,
S3,"H2/CO2=2, CO/CO2=0.01",725.0,3.0,1.01325,0.027375159453601444,0.027375159453599918,0.0,0.02491759498133234,0.047700862775071004,0.00042024242462405936,0.0008850289170028551,-7.496532027197536e-05,-0.0002297220212271224,0.0,0.02491759498128021,0.04770086277497976,0.00042024242466187633,0.0008850289170359016,-7.49653202375411e-05,-0.0002297220211722184,0.0,0.0,0.0,0.0,0.0,0.0,0.0,0.0,,,,,,,,,
S3,"H2/CO2=2, CO/CO2=0.01",725.0,3.0,5.0,0.41936090141132476,0.4193609014113222,0.0,0.02651531254021927,0.050755412000454136,0.0004331000413651531,0.0009120471028481458,-0.00024252984579808956,-0.0007432054491857132,0.04233112982298004,0.026515312540162372,0.050755412000449966,0.00043310004133045865,0.0009120471028301048,-0.0002425298457620073,-0.0007432054491690598,0.0423311298229756,0.0,0.0,0.0,0.0,0.0,0.0,0.0,,,,,,,,,
S3,"H2/CO2=2, CO/CO2=0.01",725.0,10.0,1.01325,0.07738376191124506,0.07738376191124596,0.0,0.059773216297964726,0.11441498089449638,0.0010728842017030532,0.0022593463082885845,-0.00017416688199850539,-0.0005337119576113991,0.0,0.059773216298009135,0.11441498089450053,0.001072884201711033,0.002259346308203236,-0.0001741668821025888,-0.0005337119576065419,0.0,0.0,0.0,0.0,0.0,0.0,0.0,0.0,,,,,,,,,
S3,"H2/CO2=2, CO/CO2=0.01",725.0,10.0,5.0,0.443111584935155,0.4431115849351547,0.0,0.021931438367855938,0.037599837102658684,0.0029972790194912613,0.006014255294121973,-9.484445943064301e-05,-0.0005980672887984095,0.028577898550427028,0.021931438367858713,0.037599837102683664,0.002997279019462118,0.006014255294081727,-9.484445941121411e-05,-0.0005980672888539207,0.028577898550448122,0.0,-1.4152159391006256e-23,0.0,-8.84509961937891e-25,0.0,0.0,0.0,,,,,,,,,
S3,"H2/CO2=2, CO/CO2=0.01",750.0,1.0,1.01325,0.016952552733932667,0.016952552733931814,0.0,0.015912241463388217,0.039267178885165656,0.0002826075213279225,0.0007672579208253642,-5.77581046614338e-05,-0.0002282205052118666,0.0,0.01591224146349768,0.039267178885160625,0.0002826075212958301,0.0007672579207196328,-5.775810442976148e-05,-0.00022822050516624337,0.0,0.0,0.0,0.0,0.0,0.0,0.0,0.0,,,,,,,,,
S3,"H2/CO2=2, CO/CO2=0.01",750.0,1.0,5.0,0.40820644839163184,0.4082064483916329,0.0,0.04909413115029987,0.12091767511757806,0.0013923511416338852,0.0028867195885948216,-7.978222259508172e-05,-0.0003152348005880378,0.07862915593393305,0.049094131150290155,0.12091767511756556,0.0013923511415991907,0.0028867195885712293,-7.978222263116397e-05,-0.000315234800568609,0.07862915593395803,0.0,0.0,0.0,0.0,0.0,0.0,0.0,,,,,,,,,
S3,"H2/CO2=2, CO/CO2=0.01",750.0,3.0,1.01325,0.04639901203779029,0.046399012037789955,0.0,0.039742380966596366,0.09806031139405498,0.0007065820713246171,0.0019181873338703496,-0.00013748066665635744,-0.000543227543041945,0.0,0.03974238096659255,0.09806031139400484,0.0007065820712831572,0.0019181873339907394,-0.00013748066676755322,-0.0005432275430872213,0.0,0.0,0.0,0.0,0.0,0.0,0.0,0.0,,,,,,,,,
S3,"H2/CO2=2, CO/CO2=0.01",750.0,3.0,5.0,0.43591035082348584,0.4359387092375884,2.8358414102193977e-05,0.008323245761188147,0.020702619542724288,2.269693077233681e-05,-0.00013740480815371825,2.123743052251381e-06,0.00012097055146487179,0.01327096953453566,0.009327650714016644,0.023155265810123615,-5.046864819391317e-05,-0.00036526845600681757,0.0001089699818046519,0.0005542932700886016,0.014861209752236038,0.0010044049528026343,0.0024526462673639888,-7.316557895249933e-05,-0.0002278636478111217,0.00010684623871342777,0.0004333227185826196,0.001590240217698006,,,,,,,,,
S3,"H2/CO2=2, CO/CO2=0.01",750.0,10.0,1.01325,0.1186206001155747,0.11862060011557196,0.0,0.07835786923857148,0.19330089866271546,0.001283193848342079,0.0034826872673945214,-0.0002208743644996347,-0.0008727321815362593,0.0,0.0783578692386655,0.19330089866271827,0.0012831938483531813,0.003482687267422624,-0.0002208743644344091,-0.0008727321815421574,0.0,0.0,0.0,0.0,0.0,0.0,0.0,0.0,,,,,,,,,
S3,"H2/CO2=2, CO/CO2=0.01",750.0,10.0,5.0,0.4317492700004918,0.4434297790392009,0.011680509038709529,-0.004037567775599937,-0.010319050472766544,0.0004799402653257734,0.0020064231632629936,-0.005824255823148883,-0.023853567606596515,-0.006767336009523284,0.0052294143578685,0.013154207738369506,-0.0017318283513340083,-0.00521823606561278,0.003953086328559174,0.016250572138382102,0.008586550134694892,0.009266982133465705,0.02347325821106133,-0.0022117686166169773,-0.00722465922882152,0.009777342151814352,0.0401041397450196,0.01535388614422829,,,,,,,,,
S3,"H2/CO2=2, CO/CO2=0.01",775.0,1.0,1.01325,0.02839526846846772,0.02839526846846996,0.0,0.02571715821259755,0.07677359200605004,0.0004678832912957502,0.001536874165734576,-0.00010478010694413634,-0.0005010754162571539,0.0,0.025717158212568147,0.07677359200614353,0.0004678832913163067,0.001536874165686264,-0.00010478010692982487,-0.0005010754162398934,0.0,0.0,0.0,0.0,0.0,0.0,0.0,0.0,,,,,,,,,
S3,"H2/CO2=2, CO/CO2=0.01",775.0,1.0,5.0,0.4227629319934329,0.42278483621510987,2.1904221678557606e-05,0.008016535089161447,0.024319039403737645,-6.135737609103131e-05,-0.001075484314901065,-3.83229425193754e-05,0.00034962399830112956,0.012786052914831036,0.008683292880998228,0.02632958291405585,-0.00019291646844998844,-0.0016018621337543504,0.00011584345132598095,0.0012000667211159444,0.013837587220004721,0.0006667577918540509,0.0020105435102882522,-0.00013155909236665066,-0.0005263778188286156,0.00015416639385520988,0.000850442722815888,0.0010515343051651698,,,,,,,,,
S3,"H2/CO2=2, CO/CO2=0.01",775.0,3.0,1.01325,0.07326080367201049,0.07326080367200782,0.0,0.05721240856626508,0.1707495904121458,0.0008841712584528594,0.0029036407043055157,-0.00018528353601214576,-0.0008860403003907447,0.0,0.05721240856633447,0.17074959041216697,0.0008841712585333505,0.0029036407043186996,-0.0001852835361304539,-0.000886040300407398,0.0,0.0,0.0,0.0,1.811476402048801e-21,0.0,-1.811476402048801e-21,0.0,,,,,,,,,
S3,"H2/CO2=2, CO/CO2=0.01",775.0,3.0,5.0,0.4208559635888494,0.42726916321287367,0.006413199624024668,-0.0025550749890135283,-0.007899402531144628,0.0009766318941589747,0.003293739074375357,-0.005269215020706208,-0.02535660694507058,-0.00421025852473389,0.0033431597589145268,0.010151108980166468,-0.003078510582030236,-0.010129875240399988,0.0032928070308468893,0.015846938122698884,0.005405269226724796,0.005898234747994408,0.018050511511162104,-0.004055142476243421,-0.01342361431479022,0.008562022051630704,0.04120354506780039,0.00961552775144787,,,,,,,,,
S3,"H2/CO2=2, CO/CO2=0.01",775.0,10.0,1.01325,0.2000463841698391,0.20004638416984,0.0,0.12120007859810905,0.360519790940874,0.0052894075313461575,0.014465300358881827,-7.441710920541578e-05,-0.0003558629813105174,0.0,0.12120007859820758,0.3605197909407748,0.0052894075312642785,0.01446530035878746,-7.441710911659793e-05,-0.0003558629813049663,0.0,0.0,0.0,0.0,0.0,0.0,0.0,0.0,,,,,,,,,
S3,"H2/CO2=2, CO/CO2=0.01",775.0,10.0,5.0,0.4073592086352499,0.4351758110184415,0.027816602383189983,-0.004169030233404369,-0.0121873190431665,0.0016668645404144256,0.005314082148258348,-0.013167149461930372,-0.06254137615272493,-0.006587618080392543,0.004485306353277374,0.01321701291231159,-0.005350543069645997,-0.017518055843515623,0.011105788852402987,0.05289572284162547,0.007096380674642688,0.008654336586729795,0.025404331955460307,-0.007017407610038651,-0.022832137991846135,0.024272938314304562,0.11543709899438213,0.013683998755015699,,,,,,,,,
S3,"H2/CO2=2, CO/CO2=0.01",800.0,1.0,1.01325,0.04502907718836472,0.0450290771883648,0.0,0.03860713967280393,0.13397650008389847,0.0005835764063079341,0.0022285659887419373,-0.00014166619657848822,-0.0007879713333120569,0.0,0.03860713967276386,0.13397650008385442,0.0005835764062156468,0.002228565988857123,-0.00014166619665689772,-0.0007879713333269756,0.0,0.0,0.0,0.0,9.057382010244004e-22,0.0,0.0,0.0,,,,,,,,,
S3,"H2/CO2=2, CO/CO2=0.01",800.0,1.0,5.0,0.407615242546378,0.4102545464747571,0.0026393039283775558,-0.0016220181739717843,-0.005286983917825172,0.0012261435699864598,0.004477153079956997,-0.004620844525012047,-0.024777435508659133,-0.0024247536984817186,0.0017985279616883343,0.006309036405854895,-0.0037917653070651536,-0.014435103776949674,0.0023475692245561453,0.013085023723050093,0.0029395950146438032,0.0034205461356819978,0.01159602032375093,-0.00501790887701423,-0.01891225685693552,0.00696841374964813,0.03786245923173893,0.0053643487130794,,,,,,,,,
S3,"H2/CO2=2, CO/CO2=0.01",800.0,3.0,1.01325,0.13813979656282854,0.13813979656282627,0.0,0.11345098400874498,0.3914084714323744,0.003331185017952515,0.010359564395134163,-8.078183856216614e-05,-0.0004493121616128138,0.0,0.11345098400875053,0.3914084714323585,0.003331185017901861,0.010359564395248655,-8.078183848514442e-05,-0.00044931216167387594,0.0,7.076079695503128e-24,0.0,0.0,0.0,0.0,0.0,0.0,,,,,,,,,
S3,"H2/CO2=2, CO/CO2=0.01",800.0,3.0,5.0,0.3986986504244308,0.4117878779631715,0.01308922753874118,-0.002703671933532159,-0.0098331137512217,0.002859588367641608,0.010807190148218182,-0.01210611201833689,-0.06706115195017903,-0.004280095778912418,0.0027194672325758784,0.009640249526310374,-0.009033627612700657,-0.03460136550312576,0.009492157501841958,0.05285459378864543,0.004373777237124399,0.005423139166087134,0.01947336327750614,-0.011893215980405842,-0.04540855565133236,0.021598269520277467,0.11991574573885123,0.008653873016038639,,,,,,,,,
S3,"H2/CO2=2, CO/CO2=0.01",800.0,10.0,1.01325,0.2635825617543245,0.2635825617543225,0.0,0.08379325339058913,0.29084141471202724,0.0002671365962061967,0.003127967992642977,-1.7774659832880957e-05,-9.886360066574397e-05,0.0,0.08379325339066546,0.29084141471203695,0.0002671365961604,0.0031279679927581627,-1.777465980512538e-05,-9.886360060051835e-05,0.0,0.0,-2.8304318782012513e-23,-1.1321727512805005e-22,-5.660863756402503e-23,0.0,0.0,0.0,,,,,,,,,
S3,"H2/CO2=2, CO/CO2=0.01",800.0,10.0,5.0,0.3798998279975922,0.4200232416597338,0.040123413662140804,-0.002527498006762996,-0.009270378625589326,0.0006107246785139187,0.0022438052486528637,-0.01425380477298871,-0.07880180397124986,-0.004196129457439968,0.0023936209776476147,0.008479137899974898,-0.004780901593817721,-0.018115626168749288,0.012031568375989177,0.06647474662342945,0.0038530864268604414,0.004921118984399335,0.01774951652557758,-0.005391626272380386,-0.02035943141740909,0.02628537314902403,0.14527655059472405,0.008049215884263425,,,,,,,,,
S3,"H2/CO2=2, CO/CO2=0.01",825.0,1.0,1.01325,0.09155177643172059,0.09155177643172119,0.0,0.09021519532957933,0.3521890771930169,0.0014563676166198108,0.005926880229229631,-7.320614130341963e-05,-0.00046090787454156073,0.0,0.09021519532952105,0.3521890771930186,0.0014563676166395867,0.005926880229339959,-7.320614125172487e-05,-0.0004609078745859696,0.0,0.0,0.0,0.0,0.0,0.0,7.076079695503128e-24,0.0,,,,,,,,,
S3,"H2/CO2=2, CO/CO2=0.01",825.0,1.0,5.0,0.38666538735925704,0.389430672230628,0.0027652848713717398,-0.0016112857864764019,-0.0068330426404389355,0.0036375566882573818,0.015919365046418443,-0.010420245867429068,-0.06546066283288215,-0.00263482492055489,0.0011211923609172336,0.003880846434553553,-0.011228879204649989,-0.046868987169654264,0.006860509427206174,0.040041546876673495,0.0016846924476565661,0.0027324781474023633,0.01071388907504646,-0.014866435892925259,-0.06278835221603041,0.01728075529457586,0.10550220970947635,0.004319517368205467,,,,,,,,,
S3,"H2/CO2=2, CO/CO2=0.01",825.0,3.0,1.01325,0.20037737078876156,0.20037737078875817,0.0,0.09683873365584073,0.3816508427412803,0.00020379077092375075,0.0033308456254821377,-2.6368497361289878e-05,-0.0001660169550367352,0.0,0.09683873365588513,0.38165084274130734,0.00020379077090570963,0.0033308456255265466,-2.6368497366147103e-05,-0.00016601695510265468,0.0,0.0,0.0,0.0,0.0,0.0,0.0,0.0,,,,,,,,,
S3,"H2/CO2=2, CO/CO2=0.01",825.0,3.0,5.0,0.3724837250209361,0.38805553154947525,0.01557180652853897,-0.0022068212298803624,-0.00944501955955912,0.003491037710114109,0.014145991032227245,-0.01808581628480327,-0.1132650386359374,-0.0037881160742170294,0.0019367094112682226,0.0075509534331080755,-0.013500630483301301,-0.05791912723198123,0.014012202421248565,0.08694251344783521,0.003018922302651106,0.0041435306412119025,0.016995972992648246,-0.016991668193461987,-0.07206511826416463,0.032098018706109815,0.2002075520837758,0.006807038376861526,,,,,,,,,
S3,"H2/CO2=2, CO/CO2=0.01",825.0,10.0,1.01325,0.2822137380083656,0.28221373800836247,0.0,0.0012577823487472384,0.006008371457416617,0.00012483771087978823,0.0006436940128848323,-0.003067628423344959,-0.019230790824158184,0.0,0.002070696949121875,0.006293036702434418,0.0009034247261535677,0.0014183492189318025,-0.0030676284234115725,-0.019230790824137367,0.0,0.0008129146003271027,0.0002846652451264272,0.0007785870152169077,0.000774655206037925,0.0,0.0,0.0,,,,,,,,,
S3,"H2/CO2=2, CO/CO2=0.01",825.0,10.0,5.0,0.3544554634225708,0.39487713578365236,0.04042167236107751,-0.001262376142212307,-0.00421608920047889,-0.0006034836330937043,-0.0025912759825552634,-0.005264519906886256,-0.033301035970183246,-0.0017138751458128931,0.000951406478119643,0.00322409007008917,-0.0007625206718375743,-0.0033638837998867244,0.0040904111553191624,0.025882052435891034,0.0013107585957050638,0.0022137826203229294,0.0074401792706093465,-0.00015903703879105446,-0.000772607817293644,0.009354931062175408,0.05918308840604566,0.0030246337415285734,,,,,,,,,
S3,"H2/CO2=2, CO/CO2=0.01",850.0,1.0,1.01325,0.14249968409266844,0.14249968409266955,0.0,0.09222770016605666,0.40695932762857134,0.000156498609883704,0.0019211774996842623,-3.093957634883737e-05,-0.0002162075777446815,0.0,0.0922277001661087,0.40695932762864484,0.00015649860980460062,0.0019211774996585884,-3.093957627042787e-05,-0.00021620757774398758,0.0,0.0,0.0,0.0,0.0,0.0,0.0,0.0,,,,,,,,,
S3,"H2/CO2=2, CO/CO2=0.01",850.0,1.0,5.0,0.3626221861743054,0.36263821097744475,1.6024803138411798e-05,-0.001581081090992753,-0.006459305950994032,0.004923027753836462,0.02306315844143869,-0.01662490321291399,-0.11443906055689373,-0.0023735611305497617,-0.0016290771662486048,-0.006676116237400165,0.005002502722700752,0.01951506098790412,-0.016526107538908374,-0.0913429907322516,-0.0024346296239907694,-4.799607526637151e-05,-0.00021681028635390893,7.947496886426564e-05,-0.0035480974535434954,9.879567399673358e-05,0.023096069824630364,-6.10684934061264e-05,,,,,,,,,
S3,"H2/CO2=2, CO/CO2=0.01",850.0,3.0,1.01325,0.2399158339893346,0.2399158339893338,0.0,0.0708984827498503,0.30950731762855455,9.653584210969623e-05,0.00046286831740793843,-7.924533827752267e-06,-5.537701297103626e-05,0.0,0.07089848274971222,0.3095073176285268,9.653584200908227e-05,0.00046286831735242723,-7.924533890202312e-06,-5.5377012969648476e-05,0.0,0.0,0.0,0.0,-2.264345502561001e-22,0.0,0.0,0.0,,,,,,,,,
S3,"H2/CO2=2, CO/CO2=0.01",850.0,3.0,5.0,0.3440859450883975,0.3550587862570199,0.010972841168621033,-0.0008875517875622796,-0.008286460930916062,0.0037186316379972384,0.020085238185628407,-0.020014438097437637,-0.1412910384565813,-0.0027821919937748296,0.0006176371960153748,0.00358498730302359,-0.008669231329230809,-0.04203707534675971,0.009836515136679713,0.0660516198233485,0.0012774901974155206,0.0015051889836302165,0.011871448233905435,-0.012387862967333605,-0.06212231353242398,0.029850953234024497,0.20734265827987866,0.004059682191164399,,,,,,,,,
S3,"H2/CO2=2, CO/CO2=0.01",850.0,10.0,1.01325,0.23957652334224863,0.2396399227899738,6.339944772490712e-05,-0.017071322285494572,-0.07445297193131376,0.006226951442335482,0.030003200640302957,-0.00928069670905543,-0.06467688999336266,0.0,-0.01865340970640117,-0.07445297193141298,0.00624030122025887,0.030067499439598296,-0.009279710760309867,-0.06466974882652354,0.0,-0.0015820874208809373,0.0,1.3349777915751696e-05,6.429879934361495e-05,9.859487244175672e-07,7.141166846005265e-06,0.0,,,,,,,,,
S3,"H2/CO2=2, CO/CO2=0.01",850.0,10.0,5.0,0.33389137848604256,0.3581960597902243,0.024304681304182906,-2.6251067344884582e-05,-0.00011448278602887996,-0.0001162451331512826,-0.0004951290799248831,-0.0005202573350723827,-0.004178779748881256,-4.1962489831237626e-05,1.7782446029568355e-05,7.756390844326777e-05,-3.542143744983406e-07,-5.533444369654194e-05,0.000339037333946246,0.0027188820941076437,2.8429426008891312e-05,4.403351337306516e-05,0.00019204669447180078,0.00011589091877140661,0.0004397946362569641,0.0008592946690638183,0.006897661843016396,7.039191584210652e-05,,,,,,,,,
S3,"H2/CO2=3, CO/CO2=0.01",600.0,1.0,1.01325,0.0004110184049365928,0.00041101840493895647,0.0,0.000408046092967785,-0.0006292455187798925,2.9264186894931155e-06,-4.964263826259059e-06,-2.5118261559115484e-07,6.199099044732078e-07,0.0,0.0004080460930228069,-0.0006292455186879264,2.926418701809652e-06,-4.964263763951315e-06,-2.511825719642147e-07,6.199098900872001e-07,0.0,0.0,0.0,0.0,0.0,0.0,0.0,0.0,,,,,,,,,
S3,"H2/CO2=3, CO/CO2=0.01",600.0,1.0,5.0,0.16557834511032163,0.16557834511032232,0.0,0.11380048938956777,-0.17547112461958614,9.095379151988214e-05,-0.0001542904387058508,-7.990118564560333e-05,0.0001971933134808923,0.18161299854227542,0.11380048938962328,-0.17547112461963887,9.095379155665828e-05,-0.00015429043862813518,-7.990118566225668e-05,0.00019719331350587233,0.18161299854229318,0.0,0.0,0.0,0.0,0.0,0.0,0.0,,,,,,,,,
S3,"H2/CO2=3, CO/CO2=0.01",600.0,3.0,1.01325,0.0012311123883534886,0.0012311123883521624,0.0,0.0012202685266852488,-0.0018817674031169113,8.766435185896763e-06,-1.4871039600341519e-05,-7.51383046992786e-07,1.854387060790455e-06,0.0,0.0012202685267470592,-0.0018817674031196274,8.766435158347186e-06,-1.4871039566433099e-05,-7.513830918570719e-07,1.8543870689002873e-06,0.0,0.0,-2.8304318782012513e-23,0.0,2.8304318782012513e-23,0.0,0.0,0.0,,,,,,,,,
S3,"H2/CO2=3, CO/CO2=0.01",600.0,3.0,5.0,0.3083277657843673,0.3083277657843658,0.0,0.1364027384258712,-0.21031993120225467,0.0001428843890857734,-0.00024238323174802232,-0.00011562825911470842,0.00028536648910143514,0.21766095857262746,0.13640273842594475,-0.2103199312023074,0.0001428843891038145,-0.00024238323182157462,-0.00011562825909250396,0.0002853664889612695,0.2176609585726197,-1.1321727512805005e-22,0.0,0.0,0.0,0.0,0.0,4.528691005122002e-23,,,,,,,,,
S3,"H2/CO2=3, CO/CO2=0.01",600.0,10.0,1.01325,0.0040812052790180796,0.00408120527902045,0.0,0.004022903291061599,-0.0062036719715727025,2.9072839683006065e-05,-4.931799906674004e-05,-2.479607605528067e-06,6.119584755191927e-06,0.0,0.004022903291125979,-0.006203671971627411,2.907283964126428e-05,-4.931799902074818e-05,-2.4796076136812673e-06,6.119584766706153e-06,0.0,0.0,0.0,0.0,0.0,0.0,0.0,0.0,,,,,,,,,
S3,"H2/CO2=3, CO/CO2=0.01",600.0,10.0,5.0,0.45737749242508785,0.45737749242508674,0.0,0.1054850995840309,-0.16265291205662114,0.00019311855393722155,-0.00032759747254917926,-0.00012546403504731796,0.00030964095887875404,0.1683811609164465,0.10548509958397956,-0.1626529120566489,0.00019311855398440603,-0.0003275974725269748,-0.00012546403502788905,0.00030964095882879406,0.16838116091642652,0.0,0.0,0.0,0.0,0.0,0.0,0.0,,,,,,,,,
S3,"H2/CO2=3, CO/CO2=0.01",625.0,1.0,1.01325,0.0009542852968642328,0.0009542852968631443,0.0,0.0009458741905772551,-0.0007000561522943575,7.487800123578861e-06,-6.096065005721974e-06,-7.610547752520984e-07,9.01280662325395e-07,0.0,0.0009458741906359647,-0.0007000561522030324,7.487800107730536e-06,-6.096064975036342e-06,-7.610547386738276e-07,9.012805946007063e-07,0.0,0.0,0.0,0.0,0.0,0.0,0.0,0.0,,,,,,,,,
S3,"H2/CO2=3, CO/CO2=0.01",625.0,1.0,5.0,0.27335934347307683,0.27335934347307655,0.0,0.13649065677333455,-0.10102303291491255,0.00016695753839307548,-0.00013592566282527585,-0.0001429305936315184,0.00016926584459897587,0.21779337417515365,0.1364906567734192,-0.10102303291497915,0.00016695753836115657,-0.00013592566286413366,-0.0001429305936051506,0.00016926584460452698,0.21779337417514144,1.1321727512805005e-22,0.0,0.0,0.0,0.0,0.0,0.0,,,,,,,,,
S3,"H2/CO2=3, CO/CO2=0.01",625.0,3.0,1.01325,0.0028524120053323716,0.0028524120053341484,0.0,0.00281687247768353,-0.002084812356008801,2.2383018160774485e-05,-1.8222754888169365e-05,-2.2678271862633034e-06,2.6856789473871275e-06,0.0,0.0028168724776789222,-0.0020848123559985554,2.238301824719624e-05,-1.8222754899488436e-05,-2.267827101110065e-06,2.685678868186159e-06,0.0,0.0,0.0,-5.660863756402503e-23,0.0,0.0,0.0,0.0,,,,,,,,,
S3,"H2/CO2=3, CO/CO2=0.01",625.0,3.0,5.0,0.4170334033804469,0.4170334033804478,0.0,0.11778918212414224,-0.08718048566516978,0.00021887320298397128,-0.00017819199460977764,-0.00016306495286277922,0.0001931100052629531,0.18800349397423588,0.11778918212412559,-0.08718048566519476,0.00021887320301450242,-0.00017819199464585989,-0.00016306495284890143,0.00019311000527266753,0.18800349397422256,0.0,0.0,0.0,0.0,0.0,0.0,0.0,,,,,,,,,
S3,"H2/CO2=3, CO/CO2=0.01",625.0,10.0,1.01325,0.009388216620382289,0.009388216620377476,0.0,0.009153498090198886,-0.006774665284038812,7.368649627323941e-05,-5.999063142224544e-05,-7.384624165504908e-06,8.745256143468522e-06,0.0,0.009153498090094803,-0.006774665284092762,7.368649629357904e-05,-5.9990631384732034e-05,-7.384624192696698e-06,8.745256097064669e-06,0.0,0.0,0.0,0.0,0.0,0.0,0.0,0.0,,,,,,,,,
S3,"H2/CO2=3, CO/CO2=0.01",625.0,10.0,5.0,0.5342799013574128,0.5342799013574153,0.0,0.07745340928709821,-0.05732596474302409,0.00029246522734727165,-0.0002381059833800325,-0.000159832444809882,0.00018928191433120745,0.12365211599777215,0.0774534092871565,-0.05732596474300188,0.00029246522734172054,-0.00023810598330786803,-0.00015983244480710646,0.0001892819143256563,0.12365211599780102,0.0,0.0,0.0,0.0,0.0,0.0,0.0,,,,,,,,,
S3,"H2/CO2=3, CO/CO2=0.01",650.0,1.0,1.01325,0.002077520040595315,0.0020775200405942496,0.0,0.0020536171994717115,0.0,1.7886191688290184e-05,0.0,-2.124587771337727e-06,0.0,0.0,0.002053617199473945,0.0,1.788619163334282e-05,0.0,-2.124587836216385e-06,0.0,0.0,-5.660863756402503e-23,0.0,0.0,0.0,0.0,0.0,0.0,,,,,,,,,
S3,"H2/CO2=3, CO/CO2=0.01",650.0,1.0,5.0,0.37789100514009655,0.37789100514009377,0.0,0.12729185631482481,0.0,0.00025242402587888346,0.0,-0.0002055303854442414,0.0,0.2031510393076691,0.12729185631477624,0.0,0.00025242402589276125,0.0,-0.00020553038548865032,0.0,0.2031510393076097,0.0,0.0,0.0,0.0,0.0,0.0,0.0,,,,,,,,,
S3,"H2/CO2=3, CO/CO2=0.01",650.0,3.0,1.01325,0.006183306321745994,0.00618330632174402,0.0,0.006063467560075519,0.0,5.32144456009357e-05,0.0,-6.27969623638331e-06,0.0,0.0,0.0060634675600329535,0.0,5.321444559447386e-05,0.0,-6.2796961991518074e-06,0.0,0.0,0.0,0.0,0.0,0.0,0.0,0.0,0.0,,,,,,,,,
S3,"H2/CO2=3, CO/CO2=0.01",650.0,3.0,5.0,0.49856149093045,0.49856149093045077,0.0,0.09103192754964101,0.0,0.00031089773881998184,0.0,-0.00020671692629037342,0.0,0.14532220707651033,0.09103192754963962,0.0,0.00031089773873393955,0.0,-0.00020671692630147565,0.0,0.1453222070765503,0.0,0.0,0.0,0.0,0.0,0.0,0.0,,,,,,,,,
S3,"H2/CO2=3, CO/CO2=0.01",650.0,10.0,1.01325,0.020056749073133297,0.0200567490731296,1.811476402048801e-23,0.019135279015980618,0.0,0.00017237201004449004,0.0,-1.988907163590417e-05,0.0,0.0,0.01913527901605816,0.0,0.00017237201002939795,0.0,-1.9889071503631506e-05,0.0,0.0,4.528691005122002e-22,0.0,4.528691005122002e-22,0.0,0.0,0.0,0.0,,,,,,,,,
S3,"H2/CO2=3, CO/CO2=0.01",650.0,10.0,5.0,0.5864462565152081,0.586446256515207,0.0,0.05693093304301455,0.0,0.0004327050431351953,0.0,-0.00019638195757620824,0.0,0.09089202636555105,0.05693093304301178,0.0,0.00043270504315184866,0.0,-0.00019638195760673938,0.0,0.09089202636552662,9.057382010244004e-22,0.0,0.0,0.0,0.0,0.0,-3.6229528040976014e-22,,,,,,,,,
S3,"H2/CO2=3, CO/CO2=0.01",675.0,1.0,1.01325,0.004266598468182103,0.004266598468181337,0.0,0.0041973413766901654,0.0028763940393050766,4.0134241257737575e-05,3.025408153126564e-05,-5.499865565381477e-06,-6.0306851245445214e-06,0.0,0.0041973413767493195,0.0028763940393194964,4.013424116655617e-05,3.0254081676006628e-05,-5.499865712854657e-06,-6.030685054114748e-06,0.0,0.0,0.0,0.0,0.0,0.0,0.0,0.0,,,,,,,,,
S3,"H2/CO2=3, CO/CO2=0.01",675.0,1.0,5.0,0.4619721409686149,0.46197214096861294,0.0,0.10398348739039803,0.07126119623904192,0.0003424852391506472,0.00025817323274918147,-0.0002593453652069422,-0.00028437609223969096,0.16598583294781977,0.10398348739033003,0.0712611962390336,0.0003424852391187283,0.0002581732327200381,-0.00025934536516392104,-0.0002843760922160987,0.165985832947817,0.0,0.0,0.0,0.0,0.0,0.0,0.0,,,,,,,,,
S3,"H2/CO2=3, CO/CO2=0.01",675.0,3.0,1.01325,0.012593895799479454,0.012593895799483446,0.0,0.012188635129911597,0.008352771201611047,0.00011819474918140123,8.909787901781666e-05,-1.599176636850677e-05,-1.753521177354049e-05,0.0,0.01218863512981172,0.008352771201666775,0.00011819474919627648,8.909787905519995e-05,-1.5991766305623045e-05,-1.7535211660479888e-05,0.0,0.0,0.0,0.0,0.0,0.0,0.0,0.0,,,,,,,,,
S3,"H2/CO2=3, CO/CO2=0.01",675.0,3.0,5.0,0.5562142982975938,0.5562142982975938,0.0,0.06883590164864228,0.047173867945196624,0.00042182426849279864,0.0003179814416082172,-0.0002463477696584837,-0.0002701240484098699,0.10989677395112363,0.06883590164868669,0.04717386794521883,0.000421824268559412,0.0003179814416526261,-0.00024634776976117934,-0.00027012404840154325,0.10989677395111697,0.0,0.0,0.0,0.0,0.0,0.0,0.0,,,,,,,,,
S3,"H2/CO2=3, CO/CO2=0.01",675.0,10.0,1.01325,0.03974596183887872,0.03974596183888046,0.0,0.03640861345010349,0.024950768194581703,0.0003699667899982953,0.0002788899410133272,-4.79618711645563e-05,-5.259091113065522e-05,0.0,0.03640861345010071,0.024950768194631493,0.0003699667900314285,0.0002788899409800205,-4.796187106081984e-05,-5.2590911056582534e-05,0.0,0.0,0.0,0.0,-9.057382010244004e-22,0.0,0.0,0.0,,,,,,,,,
S3,"H2/CO2=3, CO/CO2=0.01",675.0,10.0,5.0,0.6223788364837839,0.6223788364837839,0.0,0.04263114648277999,0.02921549829181247,0.0005966434523746456,0.000449766747082081,-0.00022867238549661995,-0.000250742744700716,0.06806165148828924,0.0426311464828133,0.029215498291820796,0.0005966434523496655,0.0004497667470987343,-0.0002286723854411088,-0.0002507427446868382,0.0680616514882848,0.0,0.0,0.0,0.0,0.0,0.0,0.0,,,,,,,,,
S3,"H2/CO2=3, CO/CO2=0.01",700.0,1.0,1.01325,0.008302578246555023,0.008302578246558445,0.0,0.008099311812999159,0.010705134585853489,8.487024382580755e-05,0.00012339694029912633,-1.3243741704693779e-05,-2.8012804091648302e-05,0.0,0.008099311812853616,0.0107051345859005,8.487024386882869e-05,0.0001233969401298607,-1.3243741656121522e-05,-2.801280410413831e-05,0.0,2.264345502561001e-22,0.0,0.0,0.0,0.0,0.0,0.0,,,,,,,,,
S3,"H2/CO2=3, CO/CO2=0.01",700.0,1.0,5.0,0.5242416771255024,0.524241677125503,1.811476402048801e-23,0.08125531756212612,0.10739364064168977,0.00042475568866329194,0.0006175696804666675,-0.00029483805074337344,-0.0006236339985699058,0.1297198482481554,0.08125531756214555,0.10739364064172308,0.00042475568861610746,0.0006175696804305852,-0.00029483805072949565,-0.0006236339984894146,0.12971984824813765,0.0,0.0,-4.528691005122002e-22,-4.528691005122002e-22,-4.528691005122002e-22,0.0,0.0,,,,,,,,,
S3,"H2/CO2=3, CO/CO2=0.01",700.0,3.0,1.01325,0.024139942510784423,0.02413994251078344,0.0,0.02281850493809712,0.030159735161730275,0.0002445080446165579,0.00035550085715598326,-3.727818410018818e-05,-7.88498004875883e-05,0.0,0.02281850493811577,0.030159735161613962,0.00024450804455844466,0.000355500857146529,-3.727818413123973e-05,-7.884980052774715e-05,0.0,0.0,0.0,0.0,0.0,0.0,0.0,0.0,,,,,,,,,
S3,"H2/CO2=3, CO/CO2=0.01",700.0,3.0,5.0,0.5968065082203527,0.5968065082203535,0.0,0.05235952758970153,0.06920276851419549,0.0005097098329825966,0.0007410806719981844,-0.0002623928703815448,-0.0005550073180010662,0.08359299652140328,0.05235952758963491,0.06920276851417051,0.0005097098329381877,0.0007410806719704288,-0.000262392870392647,-0.0005550073179483306,0.08359299652141994,0.0,0.0,0.0,0.0,0.0,0.0,0.0,,,,,,,,,
S3,"H2/CO2=3, CO/CO2=0.01",700.0,10.0,1.01325,0.07265573160869294,0.07265573160869443,0.0,0.06199976548246951,0.08194468414198554,0.0007122830613968262,0.0010356073504521474,-0.00010078637703719862,-0.00021318055167841854,0.0,0.06199976548251773,0.0819446841418714,0.000712283061310437,0.0010356073503720031,-0.00010078637713573091,-0.00021318055168917383,0.0,0.0,1.811476402048801e-21,0.0,0.0,0.0,0.0,0.0,,,,,,,,,
S3,"H2/CO2=3, CO/CO2=0.01",700.0,10.0,5.0,0.6467498746635018,0.6467498746635021,0.0,0.03128025358349329,0.04134250681533391,0.0006389198400263973,0.0009289175345844612,-0.00021503226776409257,-0.00045483157506964744,0.04993675346491533,0.03128025358351827,0.04134250681532281,0.0006389198400402751,0.000928917534587237,-0.0002150322677751948,-0.0004548315750529941,0.04993675346493198,0.0,0.0,0.0,0.0,0.0,0.0,0.0,,,,,,,,,
S3,"H2/CO2=3, CO/CO2=0.01",725.0,1.0,1.01325,0.01535070288436604,0.015350702884366685,0.0,0.014760121358620452,0.028257228957123248,0.0001687103074915139,0.0003553089386284722,-2.9577710994625403e-05,-9.063702328207003e-05,0.0,0.014760121358672884,0.028257228957170866,0.00016871030758536243,0.0003553089386126862,-2.95777110026485e-05,-9.063702340605939e-05,0.0,-4.528691005122002e-22,0.0,0.0,0.0,-4.528691005122002e-22,0.0,0.0,,,,,,,,,
S3,"H2/CO2=3, CO/CO2=0.01",725.0,1.0,5.0,0.5692031883977552,0.5692031883977531,0.0,0.06289246456918363,0.1203885096619256,0.00041572071616535755,0.0008754913714603685,-0.00026306758275917996,-0.0008061357841621097,0.10040753206024267,0.06289246456922248,0.12038850966193947,0.0004157207161681331,0.0008754913714520418,-0.0002630675827897111,-0.0008061357841676609,0.10040753206022823,0.0,0.0,0.0,-4.528691005122002e-22,4.528691005122002e-22,0.0,0.0,,,,,,,,,
S3,"H2/CO2=3, CO/CO2=0.01",725.0,3.0,1.01325,0.04349264769764443,0.043492647697643605,0.0,0.039488503991198104,0.07559419188320829,0.0004626482875691451,0.0009743310126632265,-7.796508477882214e-05,-0.00023891366311527829,0.0,0.03948850399100312,0.07559419188311878,0.00046264828758024734,0.0009743310125792659,-7.796508482427189e-05,-0.00023891366312256412,0.0,0.0,0.0,0.0,0.0,0.0,0.0,0.0,,,,,,,,,
S3,"H2/CO2=3, CO/CO2=0.01",725.0,3.0,5.0,0.6244313169385759,0.624431316938576,0.0,0.03857226987526441,0.0738342765946004,0.00035980234922849963,0.0007576700079281462,-0.00016239163346254415,-0.0004976251352983851,0.06157759716222233,0.03857226987532825,0.07383427659451713,0.0003598023492090707,0.0007576700079059417,-0.00016239163341535967,-0.0004976251352734051,0.06157759716222011,0.0,0.0,0.0,0.0,0.0,0.0,0.0,,,,,,,,,
S3,"H2/CO2=3, CO/CO2=0.01",725.0,10.0,1.01325,0.12149424836978319,0.12149424836978673,0.0,0.09255300217006386,0.17715901591087713,0.0011489184092723648,0.0024194331829926335,-0.00017225876697349318,-0.000527863268501641,0.0,0.0925530021701787,0.17715901591089378,0.0011489184091884042,0.0024194331830124094,-0.0001722587670116571,-0.0005278632684707629,0.0,0.0,0.0,0.0,0.0,0.0,0.0,0.0,,,,,,,,,
S3,"H2/CO2=3, CO/CO2=0.01",725.0,10.0,5.0,0.6628978851896982,0.6628978851896972,0.0,0.014762490323086408,0.028388467255410776,0.0009394389002881365,0.001895648692687435,-1.3605194862376102e-05,-4.169085583427545e-05,0.023720064207015668,0.014762490323089184,0.028388467255408,0.0009394389003047898,0.001895648692618046,-1.3605194848498314e-05,-4.16908557787643e-05,0.02372006420698569,-8.84509961937891e-25,0.0,0.0,-1.769019923875782e-24,0.0,-1.769019923875782e-24,0.0,,,,,,,,,
S3,"H2/CO2=3, CO/CO2=0.01",750.0,1.0,1.01325,0.026989699810236304,0.026989699810235024,0.0,0.02533736562237137,0.0625254315012736,0.00030983981803827526,0.0008411857096003382,-6.0173436983775724e-05,-0.0002377625974769003,0.0,0.025337365622368768,0.06252543150140621,0.00030983981810783767,0.0008411857097628818,-6.0173437171906485e-05,-0.00023776259747698705,0.0,0.0,0.0,0.0,-9.057382010244004e-22,0.0,0.0,0.0,,,,,,,,,
S3,"H2/CO2=3, CO/CO2=0.01",750.0,1.0,5.0,0.6172185911188933,0.6172185911188933,0.0,0.048532801398365466,0.11982424477346987,7.900021130324841e-05,0.0014353197263866635,-2.448726920123434e-05,-9.675474290371522e-05,0.07733647687081291,0.048532801398309955,0.11982424477346433,7.900021130047286e-05,0.0014353197263949902,-2.448726922621436e-05,-9.6754742917593e-05,0.0773364768708118,0.0,0.0,0.0,0.0,0.0,0.0,0.0,,,,,,,,,
S3,"H2/CO2=3, CO/CO2=0.01",750.0,3.0,1.01325,0.07335326844156018,0.07335326844156242,0.0,0.06241232778246911,0.15399393257999985,0.0007515826590236835,0.0020403204309855927,-0.00013720280075818492,-0.000542126117183267,0.0,0.062412327782399024,0.15399393258007932,0.0007515826588616603,0.0020403204310071033,-0.00013720280070406154,-0.0005421261173144121,0.0,0.0,0.0,0.0,0.0,0.0,0.0,0.0,,,,,,,,,
S3,"H2/CO2=3, CO/CO2=0.01",750.0,3.0,5.0,0.6459875982181108,0.6459875982181105,0.0,0.009142990486404878,0.022712274717429093,4.8518403056307946e-05,0.0002469054258824599,-1.5284768145606975e-06,-6.039365857413159e-06,0.01468444614133313,0.009142990486399327,0.022712274717423542,4.851840302855237e-05,0.0002469054258741332,-1.5284768034584673e-06,-6.039365851862044e-06,0.01468444614133757,0.0,0.0,0.0,1.4152159391006256e-23,0.0,-3.538039847751564e-24,0.0,,,,,,,,,
S3,"H2/CO2=3, CO/CO2=0.01",750.0,10.0,1.01325,0.18439701145342438,0.18439701145342202,0.0,0.11912644235148526,0.29386972055293825,0.0011823614552958217,0.0032088043399429445,-0.00018630053638460375,-0.0007361184254178754,0.0,0.11912644235151926,0.29386972055295557,0.0011823614551570438,0.0032088043399047805,-0.00018630053638390986,-0.0007361184254761621,0.0,0.0,0.0,0.0,1.811476402048801e-21,0.0,0.0,0.0,,,,,,,,,
S3,"H2/CO2=3, CO/CO2=0.01",750.0,10.0,5.0,0.6488575608864064,0.648857560886406,4.528691005122002e-24,-2.6604722119794033e-05,-6.416882774584742e-05,4.345029238073117e-05,0.00011795897793265286,-7.194977946767267e-09,-2.8426785925184103e-08,-4.003173951661054e-05,-2.660472205595621e-05,-6.416882775139854e-05,4.3450292330771134e-05,0.00011795897793542842,-7.194972395652144e-09,-2.8426760945166052e-08,-4.003173950550831e-05,0.0,0.0,0.0,0.0,0.0,0.0,0.0,,,,,,,,,
S3,"H2/CO2=3, CO/CO2=0.01",775.0,1.0,1.01325,0.04506400649532482,0.04506400649532083,0.0,0.04072139057651053,0.12156381629588911,0.0004932070229861016,0.001620027125722595,-0.00010459253326593199,-0.0005001724283011308,0.0,0.040721390576450855,0.1215638162958582,0.0004932070228974572,0.0016200271257399423,-0.00010459253328709561,-0.0005001724283665299,0.0,0.0,0.0,0.0,0.0,0.0,0.0,0.0,,,,,,,,,
S3,"H2/CO2=3, CO/CO2=0.01",775.0,1.0,5.0,0.6248867988787961,0.6248867988787954,0.0,0.008621091688015836,0.025684840729425784,0.00012597049049711817,0.00016857114306101373,-5.238404682250675e-07,-2.5050141211346855e-06,0.013762473113170248,0.008621091688015836,0.025684840729439665,0.00012597049051099596,0.00016857114306656484,-5.238404432450494e-07,-2.505014129461358e-06,0.013762473113174689,0.0,0.0,0.0,0.0,8.84509961937891e-25,0.0,0.0,,,,,,,,,
S3,"H2/CO2=3, CO/CO2=0.01",775.0,3.0,1.01325,0.11503711896053574,0.11503711896053403,0.0,0.08872338293316462,0.26478721535398464,0.0007986807925259437,0.002622709297933276,-0.00015617652023500184,-0.0007468409490188344,0.0,0.08872338293320625,0.26478721535397876,0.0007986807925630668,0.002622709297889214,-0.00015617652024679796,-0.000746840948895322,0.0,0.0,0.0,0.0,0.0,0.0,0.0,0.0,,,,,,,,,
S3,"H2/CO2=3, CO/CO2=0.01",775.0,3.0,5.0,0.6273896487902861,0.6273896487902861,0.0,1.1972792537950916e-05,3.889590722006009e-05,1.72675919618559e-05,5.672220096675229e-05,-1.6079415576797373e-09,-7.687595005023695e-09,2.2723298280791226e-05,1.1972792524073128e-05,3.8895907222835646e-05,1.726759197295813e-05,5.672220096397673e-05,-1.6079387821221758e-09,-7.687589453908572e-09,2.2723298280791226e-05,0.0,0.0,0.0,1.1321727512805005e-22,0.0,0.0,0.0,,,,,,,,,
S3,"H2/CO2=3, CO/CO2=0.01",775.0,10.0,1.01325,0.3203751299798836,0.3203751299798818,0.0,0.16028457077581632,0.4807339922121748,0.0046037839461055,0.011901066532499227,-4.4735464922729395e-05,-0.000213925680331295,0.0,0.16028457077569558,0.4807339922122261,0.0046037839460943975,0.01190106653259082,-4.4735464946321635e-05,-0.00021392568042011284,0.0,0.0,0.0,0.0,0.0,0.0,0.0,0.0,,,,,,,,,
S3,"H2/CO2=3, CO/CO2=0.01",775.0,10.0,5.0,0.6273901285690736,0.6273901285690737,0.0,-2.0234701189614235e-05,-6.21696072233835e-05,1.486811961604051e-05,4.8840768074320806e-05,-2.4260704556411383e-09,-1.1600106986087155e-08,-3.339848406613832e-05,-2.0234701186838677e-05,-6.216960721505682e-05,1.4868119618816067e-05,4.8840768074320806e-05,-2.426059353410892e-09,-1.1600109761644717e-08,-3.3398484067248546e-05,0.0,0.0,0.0,0.0,0.0,0.0,0.0,,,,,,,,,
S3,"H2/CO2=3, CO/CO2=0.01",800.0,1.0,1.01325,0.07114781431950051,0.07114781431950279,0.0,0.06064530316526838,0.21044814052561742,0.0005109693483728445,0.0019511612226266045,-0.00011719811227745014,-0.0006518646265534639,0.0,0.06064530316526873,0.21044814052568472,0.0005109693484245392,0.0019511612225714403,-0.00011719811225663346,-0.000651864626591281,0.0,0.0,0.0,0.0,2.264345502561001e-22,0.0,0.0,0.0,,,,,,,,,
S3,"H2/CO2=3, CO/CO2=0.01",800.0,1.0,5.0,0.6035345644476783,0.6035345644476784,0.0,3.222337664199326e-05,0.0001192149549161803,8.242712423722764e-06,3.148474986003347e-05,6.167566457548901e-11,3.442052198820989e-10,5.592980363511302e-05,3.2223376650319935e-05,0.00011921495491340472,8.242712426498322e-06,3.148474986558458e-05,6.167844013305057e-11,3.4421077099722197e-10,5.592980362845168e-05,0.0,0.0,0.0,0.0,0.0,0.0,0.0,,,,,,,,,
S3,"H2/CO2=3, CO/CO2=0.01",800.0,3.0,1.01325,0.22762255662151992,0.2276225566215183,0.0,0.15824967119239114,0.5496380536677753,0.002354597736486941,0.007354918046219293,-5.17114017870024e-05,-0.00028762182984962137,0.0,0.1582496711924286,0.5496380536678058,0.0023545977364008985,0.007354918046117986,-5.171140177451239e-05,-0.0002876218297559463,0.0,0.0,0.0,0.0,0.0,0.0,0.0,0.0,,,,,,,,,
S3,"H2/CO2=3, CO/CO2=0.01",800.0,3.0,5.0,0.6035388429420715,0.6035388429420715,0.0,-7.412581648491567e-06,-2.7359367513191124e-05,8.512675700456107e-06,3.251612424870487e-05,7.919775946163554e-11,4.4206860394524483e-10,-1.277968768587101e-05,-7.412581651267125e-06,-2.7359367524293354e-05,8.512675692129434e-06,3.251612424870487e-05,7.918665723138929e-11,4.42054726157437e-10,-1.2779687686981234e-05,0.0,0.0,0.0,0.0,0.0,0.0,0.0,,,,,,,,,
S3,"H2/CO2=3, CO/CO2=0.01",800.0,10.0,1.01325,0.40023242013700217,0.4002324201370008,0.0,0.114110266869831,0.39241951341048575,0.0016509172013928763,0.002307521251529443,-1.1053610464439867e-05,-0.0014794438281284794,0.0,0.11411026686989345,0.39241951341051357,0.0016509172013817741,0.0023075212515322185,-1.1053610532441027e-05,-0.0014794438280646414,0.0,0.0,2.264345502561001e-22,0.0,0.0,0.0,0.0,0.0,,,,,,,,,
S3,"H2/CO2=3, CO/CO2=0.01",800.0,10.0,5.0,0.6035443446668652,0.6035443446668654,0.0,-1.897786766624776e-06,-7.192855208670857e-06,1.377921349521305e-05,5.2628457172798626e-05,2.573707441611006e-07,1.4312069640531886e-06,-3.4188910036370146e-06,-1.897786766624776e-06,-7.192855211446414e-06,1.377921349521305e-05,5.2628457172798626e-05,2.573707524877733e-07,1.4312069585020737e-06,-3.4188910047472376e-06,0.0,0.0,0.0,0.0,0.0,0.0,0.0,,,,,,,,,
S3,"H2/CO2=3, CO/CO2=0.01",825.0,1.0,1.01325,0.15409745757577042,0.15409745757577242,0.0,0.13006330328464502,0.516817543935092,0.0019041396878756445,0.0043841805949948465,-4.944163114334321e-05,-0.0003112866972208861,0.0,0.13006330328468318,0.5168175439349415,0.0019041396878360928,0.004384180594954601,-4.9441631116975415e-05,-0.00031128669727709113,0.0,0.0,7.076079695503128e-24,7.076079695503128e-24,0.0,0.0,0.0,0.0,,,,,,,,,
S3,"H2/CO2=3, CO/CO2=0.01",825.0,1.0,5.0,0.5775073930584464,0.5775073930584464,0.0,-4.56018050820628e-06,-1.783074148331565e-05,4.933478278679182e-06,2.132484959171954e-05,3.173361573516331e-09,1.9980853083190198e-08,-7.225546414524331e-06,-4.560180494328492e-06,-1.783074148054009e-05,4.9334782814547395e-06,2.1324849577841754e-05,3.1733643490738928e-09,1.9980850307632636e-08,-7.225546414524331e-06,0.0,0.0,0.0,0.0,0.0,0.0,0.0,,,,,,,,,
S3,"H2/CO2=3, CO/CO2=0.01",825.0,3.0,1.01325,0.31000109027354517,0.3100010902735463,0.0,0.13778123882189214,0.5376855892118491,0.00016936047092935835,0.0024506251895914377,-1.71965392703477e-05,-0.00010827018640802155,0.0,0.13778123882181026,0.5376855892118032,0.00016936047087245942,0.002450625189576172,-1.7196539311981063e-05,-0.00010827018643577711,0.0,0.0,0.0,0.0,0.0,0.0,0.0,0.0,,,,,,,,,
S3,"H2/CO2=3, CO/CO2=0.01",825.0,3.0,5.0,0.5775099074876802,0.5775099074876802,0.0,-9.22807635861389e-08,-3.657572633652962e-07,7.443765315251483e-06,3.217555255008442e-05,1.5524831420421492e-08,9.774209774882081e-08,-1.4880509491277394e-07,-9.22807635861389e-08,-3.65757257814181e-07,7.443765315251483e-06,3.2175552544533303e-05,1.5524831420421492e-08,9.774210329993593e-08,-1.4880509380255091e-07,0.0,0.0,0.0,0.0,0.0,0.0,0.0,,,,,,,,,
S3,"H2/CO2=3, CO/CO2=0.01",825.0,10.0,1.01325,0.42964183461908073,0.4296418346190809,0.0,0.04915275089903276,0.19140265038826154,0.0001098371728694425,0.0004746463507052101,-1.8614905047953378e-06,-1.1719994914838326e-05,0.0,0.04915275089898696,0.19140265038826154,0.00010983717283474803,0.00047464635067884226,-1.8614904478964078e-06,-1.1719994919001664e-05,0.0,0.0,0.0,-9.057382010244004e-22,0.0,0.0,0.0,0.0,,,,,,,,,
S3,"H2/CO2=3, CO/CO2=0.01",825.0,10.0,5.0,0.5733139185489773,0.5733139185489776,4.63737958924493e-21,0.003559391657165234,0.006097347179639945,-0.0023224058878418274,-0.010022443031629247,-0.001226708962084877,-0.007693259341728932,0.002301830675213168,0.003559391657170785,0.006097347179626067,-0.0023224058878335008,-0.010022443031637573,-0.0012267089620821015,-0.007693259341734481,0.0023018306752153883,0.0,0.0,0.0,0.0,-9.27475917848986e-19,0.0,1.854951835697972e-19,,,,,,,,,
S3,"H2/CO2=3, CO/CO2=0.01",850.0,1.0,1.01325,0.22458839822136534,0.22458839822136356,0.0,0.13641520990362171,0.5938632722551704,0.0001256029953974891,0.0023088117390518414,-2.1018641248315983e-05,-0.00014687977936342356,0.0,0.13641520990358147,0.5938632722552795,0.00012560299536557018,0.0023088117389824525,-2.1018641357950507e-05,-0.0001468797794251797,0.0,0.0,0.0,0.0,0.0,0.0,0.0,0.0,,,,,,,,,
S3,"H2/CO2=3, CO/CO2=0.01",850.0,1.0,5.0,0.5495992758068106,0.5495992758068105,0.0,-3.160192940665496e-08,-8.376514482044684e-07,4.194915526056775e-06,2.0119267601925728e-05,2.278344179984515e-09,1.592117826465511e-08,-5.064209385174934e-08,-3.16019266310974e-08,-8.376514398777958e-07,4.19491552050566e-06,2.0119267601925728e-05,2.278349731099638e-09,1.5921181040212673e-08,-5.064209385174934e-08,0.0,0.0,0.0,0.0,0.0,0.0,0.0,,,,,,,,,
S3,"H2/CO2=3, CO/CO2=0.01",850.0,3.0,1.01325,0.3606607180079977,0.36066071800800037,0.0,0.09198224703465263,0.39822902248741743,8.068094040081242e-05,0.000386872915367209,-4.769935055271013e-06,-3.333262062060749e-05,0.0,0.09198224703471647,0.39822902248740905,8.068094038971019e-05,0.0003868729153616579,-4.769935063597686e-06,-3.333262069138421e-05,0.0,0.0,0.0,0.0,4.528691005122002e-22,0.0,0.0,0.0,,,,,,,,,
S3,"H2/CO2=3, CO/CO2=0.01",850.0,3.0,5.0,0.5496071360649095,0.5496071360649093,0.0,-2.0166932152010375e-06,-9.182481161551515e-06,1.1539902003421254e-05,5.532687397391545e-05,5.172881067938562e-07,3.6120327340238845e-06,-3.341001336698568e-06,-2.016693217976595e-06,-9.182481161551515e-06,1.1539902006196812e-05,5.5326873976691004e-05,5.172881040182986e-07,3.6120327284727693e-06,-3.341001336698568e-06,1.1593448973112325e-19,0.0,0.0,0.0,0.0,0.0,0.0,,,,,,,,,
S3,"H2/CO2=3, CO/CO2=0.01",850.0,10.0,1.01325,0.38740280980164166,0.38744500906962465,4.21992679832768e-05,-0.006977212239021868,-0.031127552172914574,0.0006997361872831953,0.0033588601767803317,-0.004321638125714955,-0.03011184846574838,0.0,-0.008027365981433388,-0.030055103779499937,0.0007015440697366593,0.0033675382844211565,-0.004317958805039046,-0.030086050576833,0.0,-0.0010501537423690437,0.0010724483934092719,1.8078824279621811e-06,8.678107624729225e-06,3.6793206061511887e-06,2.5797888896598052e-05,0.0,,,,,,,,,
S3,"H2/CO2=3, CO/CO2=0.01",850.0,10.0,5.0,0.5453919482505415,0.5453919482505414,0.0,0.0038848483712161652,0.01692633765280893,-0.0017714700580040432,-0.008469569094129992,-0.002011403164201009,-0.013990305859440388,0.00620499698571475,0.0038848483712161652,0.016926337652806156,-0.0017714700580206966,-0.008469569094138318,-0.0020114031641982333,-0.013990305859443164,0.00620499698571475,0.0,0.0,0.0,0.0,0.0,0.0,-7.419807342791888e-19,,,,,,,,,
S3,"H2/CO2=4, CO/CO2=0.01",600.0,1.0,1.01325,0.0005324393055872003,0.0005324393055859966,0.0,0.0005291935887703666,-0.000816066365797664,3.0986790785001274e-06,-5.256479068831729e-06,-2.439947992157994e-07,6.021704376644618e-07,0.0,0.0005291935886969634,-0.000816066365896817,3.0986789995024466e-06,-5.256479146398263e-06,-2.439947272003806e-07,6.021704718195409e-07,0.0,0.0,0.0,0.0,0.0,0.0,0.0,0.0,,,,,,,,,
S3,"H2/CO2=4, CO/CO2=0.01",600.0,1.0,5.0,0.21376568214348254,0.2137656821434779,0.0,0.1462950432602854,-0.2255749982587818,8.876211265024248e-05,-0.00015057253858821729,-7.664691695566384e-05,0.00018916183559467004,0.23346967332293855,0.1462950432604221,-0.2255749982588151,8.876211263775247e-05,-0.00015057253869299458,-7.664691702158333e-05,0.00018916183546768828,0.23346967332294355,0.0,0.0,0.0,0.0,0.0,0.0,-2.264345502561001e-23,,,,,,,,,
S3,"H2/CO2=4, CO/CO2=0.01",600.0,3.0,1.01325,0.0015947641154499235,0.001594764115448788,0.0,0.0015824908811455185,-0.0024403478692280626,9.283172066042742e-06,-1.5747609816390944e-05,-7.298219470604217e-07,1.8011744600692804e-06,0.0,0.0015824908811246097,-0.002440347869184234,9.283172039409315e-06,-1.574760980505019e-05,-7.298221055274112e-07,1.8011744679080621e-06,0.0,0.0,0.0,0.0,0.0,0.0,0.0,0.0,,,,,,,,,
S3,"H2/CO2=4, CO/CO2=0.01",600.0,3.0,5.0,0.3967680815237096,0.39676808152371135,0.0,0.17451496656681054,-0.26908549259158365,0.0001402010716494706,-0.0002378313056328185,-0.00010934402017437339,0.0002698571171078079,0.2784793415757597,0.1745149665668383,-0.26908549259161973,0.00014020107161893947,-0.00023783130569110522,-0.00010934402013551558,0.0002698571170495212,0.27847934157576804,0.0,0.0,-1.1321727512805005e-22,0.0,0.0,0.0,0.0,,,,,,,,,
S3,"H2/CO2=4, CO/CO2=0.01",600.0,10.0,1.01325,0.005286304275952073,0.005286304275952669,0.0,0.005216239601104505,-0.008043901395622818,3.079473612950523e-05,-5.22389456518663e-05,-2.407769105947609e-06,5.942288009222474e-06,0.0,0.00521623960102191,-0.008043901395654585,3.0794736149974966e-05,-5.2238945708049656e-05,-2.40776898974282e-06,5.942288017202202e-06,0.0,0.0,0.0,0.0,0.0,0.0,0.0,0.0,,,,,,,,,
S3,"H2/CO2=4, CO/CO2=0.01",600.0,10.0,5.0,0.5875554080335318,0.5875554080335321,0.0,0.1353966416987512,-0.2087751352032735,0.00019695378883910486,-0.0003341031971970665,-0.00011618532839985374,0.0002867412877666231,0.21612845923091872,0.1353966416987734,-0.20877513520333735,0.00019695378886408488,-0.00033410319726645543,-0.00011618532845814045,0.00028674128772498975,0.2161284592308932,0.0,0.0,0.0,0.0,0.0,0.0,0.0,,,,,,,,,
S3,"H2/CO2=4, CO/CO2=0.01",625.0,1.0,1.01325,0.0012360001876961912,0.001236000187697206,0.0,0.0012266074130448342,-0.0009078311668465379,7.917045362056205e-06,-6.445527902745493e-06,-7.390933050256329e-07,8.752727183823899e-07,0.0,0.001226607413087888,-0.0009078311668214711,7.917045399818967e-06,-6.445527850340582e-06,-7.390932754702817e-07,8.75272671008176e-07,0.0,0.0,-2.8304318782012513e-23,0.0,0.0,2.8304318782012513e-23,0.0,0.0,,,,,,,,,
S3,"H2/CO2=4, CO/CO2=0.01",625.0,1.0,5.0,0.3520036911529194,0.35200369115291574,0.0,0.17475282053915908,-0.12934260822324295,0.0001625853108491726,-0.0001323660933943982,-0.00013563112363362828,0.0001606214270644113,0.27884822119285335,0.17475282053912855,-0.12934260822317634,0.00016258531081447813,-0.00013236609339717376,-0.00013563112367664942,0.00016062142709494243,0.2788482211928667,0.0,0.0,0.0,0.0,0.0,0.0,0.0,,,,,,,,,
S3,"H2/CO2=4, CO/CO2=0.01",625.0,3.0,1.01325,0.0036942758129929892,0.003694275812995196,0.0,0.0036525354679767903,-0.002703299934219512,2.3670027983469216e-05,-1.9270552815617552e-05,-2.2019488958645132e-06,2.607662364284471e-06,0.0,0.003652535468029461,-0.00270329993425078,2.367002820691244e-05,-1.9270552817363118e-05,-2.2019489565039407e-06,2.6076623416138034e-06,0.0,0.0,0.0,0.0,0.0,0.0,0.0,0.0,,,,,,,,,
S3,"H2/CO2=4, CO/CO2=0.01",625.0,3.0,5.0,0.5358253793703405,0.5358253793703427,0.0,0.1508412431463435,-0.11164361637182318,0.0002173878523997752,-0.00017698273683530719,-0.0001519205218125652,0.00017991218205226644,0.2407594944450453,0.15084124314632685,-0.11164361637184818,0.00021738785235259073,-0.00017698273686306276,-0.0001519205218403208,0.0001799121820078575,0.2407594944450464,0.0,0.0,0.0,0.0,0.0,0.0,0.0,,,,,,,,,
S3,"H2/CO2=4, CO/CO2=0.01",625.0,10.0,1.01325,0.012156826263049354,0.012156826263048925,0.0,0.011864784890359232,-0.00878133683396981,7.796756020445918e-05,-6.347599179781609e-05,-7.165177788939769e-06,8.48537605492583e-06,0.0,0.011864784890233682,-0.008781336834015607,7.79675601969565e-05,-6.347599174061358e-05,-7.165177867696215e-06,8.485376065681116e-06,0.0,0.0,0.0,0.0,0.0,2.264345502561001e-22,0.0,0.0,,,,,,,,,
S3,"H2/CO2=4, CO/CO2=0.01",625.0,10.0,5.0,0.6866598790289796,0.6866598790289813,0.0,0.10041110921004126,-0.07431776521523714,0.0003107622457088066,-0.00025300227617097715,-0.00014526028400130286,0.00017202478924116527,0.1603028837508147,0.10041110920999408,-0.07431776521522881,0.0003107622456588466,-0.00025300227618485494,-0.00014526028400407842,0.0001720247892939009,0.1603028837508158,0.0,0.0,0.0,0.0,0.0,0.0,0.0,,,,,,,,,
S3,"H2/CO2=4, CO/CO2=0.01",650.0,1.0,1.01325,0.002690331455411847,0.002690331455411088,0.0,0.0026628132963154487,0.0,1.8881766343102797e-05,0.0,-2.0625671038189235e-06,0.0,0.0,0.002662813296319677,0.0,1.888176625886029e-05,0.0,-2.0625672669805084e-06,0.0,0.0,0.0,0.0,0.0,0.0,0.0,0.0,0.0,,,,,,,,,
S3,"H2/CO2=4, CO/CO2=0.01",650.0,1.0,5.0,0.4857157858463868,0.4857157858463873,0.0,0.16283741508196503,0.0,0.0002465483780245137,0.0,-0.00019235403624917602,0.0,0.2598818701240324,0.16283741508194283,0.0,0.00024654837815774044,0.0,-0.00019235403620754266,0.0,0.2598818701240113,0.0,0.0,0.0,0.0,0.0,0.0,0.0,,,,,,,,,
S3,"H2/CO2=4, CO/CO2=0.01",650.0,3.0,1.01325,0.008006290098269819,0.008006290098269031,0.0,0.007860420170758848,0.0,5.6193735038746404e-05,0.0,-6.0935257191214315e-06,0.0,0.0,0.007860420170824334,0.0,5.6193735001319745e-05,0.0,-6.09352571734334e-06,0.0,0.0,0.0,0.0,0.0,0.0,0.0,0.0,0.0,,,,,,,,,
S3,"H2/CO2=4, CO/CO2=0.01",650.0,3.0,5.0,0.6404829753915612,0.6404829753915597,0.0,0.11733091794178252,0.0,0.0003161520817751562,0.0,-0.0001891773524831386,0.0,0.1873056240044424,0.11733091794181583,0.0,0.00031615208173907394,0.0,-0.0001891773524831386,0.0,0.18730562400444573,-4.528691005122002e-22,0.0,4.528691005122002e-22,0.0,0.0,0.0,-1.8114764020488007e-22,,,,,,,,,
S3,"H2/CO2=4, CO/CO2=0.01",650.0,10.0,1.01325,0.025959870688976025,0.02595987068897654,0.0,0.02478762382575701,0.0,0.00018221237450084457,0.0,-1.9268366658643787e-05,0.0,0.0,0.02478762382570332,0.0,0.0001822123744193993,0.0,-1.9268366541203008e-05,0.0,0.0,0.0,0.0,0.0,0.0,0.0,0.0,0.0,,,,,,,,,
S3,"H2/CO2=4, CO/CO2=0.01",650.0,10.0,5.0,0.7547075402451944,0.7547075402451946,0.0,0.07489009286514581,0.0,0.0004819396517807828,0.0,-0.0001742621173833614,0.0,0.11956332838294004,0.0748900928652152,0.0,0.0004819396518529473,0.0,-0.00017426211740001474,0.0,0.11956332838293449,0.0,0.0,0.0,0.0,0.0,0.0,0.0,,,,,,,,,
S3,"H2/CO2=4, CO/CO2=0.01",675.0,1.0,1.01325,0.005523892860430715,0.0055238928604289805,0.0,0.005441456447706711,0.0037289731461837092,4.229524600235339e-05,3.188309727218588e-05,-5.33630792908836e-06,-5.8513415690866766e-06,0.0,0.005441456447580206,0.003728973146135961,4.229524601384593e-05,3.188309725954408e-05,-5.3363080260160345e-06,-5.851341536300403e-06,0.0,0.0,0.0,1.1321727512805005e-22,1.1321727512805005e-22,0.0,0.0,0.0,,,,,,,,,
S3,"H2/CO2=4, CO/CO2=0.01",675.0,1.0,5.0,0.5934019591431993,0.5934019591432003,0.0,0.13351446811235845,0.09149913878207794,0.0003374911895143162,0.0002544086567107806,-0.0002383125500826644,-0.0002613132834367038,0.2131260206574892,0.13351446811238066,0.09149913878206961,0.0003374911895087651,0.0002544086566969028,-0.0002383125500549088,-0.000261313283447806,0.21312602065749697,0.0,0.0,0.0,-4.528691005122002e-22,0.0,0.0,0.0,,,,,,,,,
S3,"H2/CO2=4, CO/CO2=0.01",675.0,3.0,1.01325,0.016301322835132588,0.016301322835132304,0.0,0.01579435914908769,0.010823744905383379,0.0001246136732833275,9.393662018545787e-05,-1.549877789138246e-05,-1.6994642070521093e-05,0.0,0.015794359149032267,0.010823744905449906,0.0001246136732746539,9.393662003531755e-05,-1.5498777783395923e-05,-1.699464213245072e-05,0.0,0.0,0.0,0.0,0.0,0.0,0.0,0.0,,,,,,,,,
S3,"H2/CO2=4, CO/CO2=0.01",675.0,3.0,5.0,0.7151197667856565,0.7151197667856583,0.0,0.0896824803964108,0.0614602301197309,0.00044174994212053953,0.0003330020711317383,-0.0002199311949085958,-0.00024115785916545285,0.14317758793264135,0.08968248039639692,0.061460230119708685,0.0004417499421038862,0.0003330020711372894,-0.00021993119486696244,-0.00024115785919598398,0.14317758793264468,0.0,0.0,0.0,0.0,0.0,0.0,0.0,,,,,,,,,
S3,"H2/CO2=4, CO/CO2=0.01",675.0,10.0,1.01325,0.05140781055023274,0.051407810550233024,0.0,0.04711135810989281,0.03228534888897513,0.000390609526334032,0.0002944510102046924,-4.630659571139284e-05,-5.077587549272289e-05,0.0,0.04711135810984146,0.0322853488890662,0.0003906095261935194,0.0002944510102687037,-4.630659582172125e-05,-5.077587545143647e-05,0.0,0.0,0.0,0.0,0.0,0.0,0.0,0.0,,,,,,,,,
S3,"H2/CO2=4, CO/CO2=0.01",675.0,10.0,5.0,0.8023276420537931,0.8023276420537941,7.245905608195203e-23,0.057070371930403874,0.0391108452156258,0.000692774737434676,0.0005222339880261995,-0.00019522647765890522,-0.00021406877367957655,0.09111296491190357,0.05707037193034281,0.039110845215553636,0.0006927747373486337,0.000522233988028975,-0.000195226477647803,-0.00021406877373786326,0.09111296491187915,0.0,-1.811476402048801e-21,0.0,0.0,0.0,0.0,0.0,,,,,,,,,
S3,"H2/CO2=4, CO/CO2=0.01",700.0,1.0,1.01325,0.010746141200041828,0.010746141200039694,0.0,0.01049691049969958,0.013874121015564806,8.925386824234875e-05,0.00012977046613088343,-1.2835204612560505e-05,-2.7148662298933854e-05,0.0,0.01049691049973267,0.013874121015608476,8.925386816571734e-05,0.0001297704662395205,-1.2835204540873058e-05,-2.7148662246068156e-05,0.0,2.264345502561001e-22,0.0,0.0,2.264345502561001e-22,0.0,0.0,0.0,,,,,,,,,
S3,"H2/CO2=4, CO/CO2=0.01",700.0,1.0,5.0,0.6735946399336813,0.6735946399336814,0.0,0.10513302416726988,0.13895234310047078,0.0004223394577784756,0.0006140559911049781,-0.00026306470752024413,-0.0005564272168301354,0.16783892222017482,0.10513302416724768,0.13895234310046245,0.00042233945780623117,0.0006140559911188559,-0.00026306470749248856,-0.0005564272168356865,0.1678389222201937,0.0,0.0,0.0,0.0,0.0,0.0,0.0,,,,,,,,,
S3,"H2/CO2=4, CO/CO2=0.01",700.0,3.0,1.01325,0.031231011420780674,0.031231011420783328,0.0,0.02954856932000441,0.03905500706878748,0.0002571632344023321,0.00037390060155595775,-3.6024886838122855e-05,-7.619881844649762e-05,0.0,0.029548569320148044,0.03905500706885279,0.0002571632343600916,0.0003739006015551771,-3.602488679033122e-05,-7.619881833842435e-05,0.0,-9.057382010244004e-22,0.0,0.0,0.0,0.0,0.0,0.0,,,,,,,,,
S3,"H2/CO2=4, CO/CO2=0.01",700.0,3.0,5.0,0.7682957148367505,0.7682957148367485,0.0,0.06913721807986217,0.09137752728943516,0.0005465407637406106,0.000794628145622811,-0.0002242770337224087,-0.00047438477920602745,0.11037764138648876,0.06913721807990936,0.09137752728944903,0.0005465407638127751,0.0007946281455589732,-0.00022427703385563547,-0.0004743847791865985,0.11037764138646433,0.0,0.0,0.0,0.0,0.0,0.0,0.0,,,,,,,,,
S3,"H2/CO2=4, CO/CO2=0.01",700.0,10.0,1.01325,0.09387398608224104,0.09387398608224196,0.0,0.08008506201357124,0.105847864913294,0.0007490785466777311,0.0010891039496519622,-9.646919331245118e-05,-0.00020404885989894206,0.0,0.08008506201355736,0.10584786491332487,0.0007490785466301997,0.001089103949772352,-9.646919328643033e-05,-0.00020404885987534985,0.0,0.0,0.0,-1.811476402048801e-21,0.0,0.0,0.0,0.0,,,,,,,,,
S3,"H2/CO2=4, CO/CO2=0.01",700.0,10.0,5.0,0.8351456345904065,0.8351456345904094,0.0,0.04258172881693445,0.056279381071691614,0.0007646724580673281,0.0011117405617488973,-0.00016964518556039643,-0.0003588288780387306,0.06797715174833519,0.04258172881692057,0.056279381071652756,0.0007646724581200637,0.001111740561712815,-0.00016964518553264085,-0.0003588288779832194,0.06797715174835295,0.0,0.0,0.0,1.811476402048801e-21,0.0,-1.811476402048801e-21,0.0,,,,,,,,,
S3,"H2/CO2=4, CO/CO2=0.01",725.0,1.0,1.01325,0.01986112106284577,0.019861121062845988,0.0,0.01912069535144308,0.036605230453937154,0.00017682240838878122,0.00037239277057409675,-2.8582324359486405e-05,-8.758664720946024e-05,0.0,0.019120695351401706,0.036605230453873316,0.0001768224083487091,0.00037239277054512687,-2.858232446001363e-05,-8.75866472405118e-05,0.0,4.528691005122002e-22,0.0,0.0,0.0,0.0,0.0,0.0,,,,,,,,,
S3,"H2/CO2=4, CO/CO2=0.01",725.0,1.0,5.0,0.7320029673397805,0.7320029673397809,0.0,0.08220124552796859,0.15734904947317663,0.0004082408882388755,0.0008597341924071467,-0.00021972734210728984,-0.0006733234853339987,0.13123272978501133,0.08220124552795194,0.15734904947317663,0.00040824088822777327,0.0008597341924154733,-0.00021972734206843203,-0.0006733234853673052,0.13123272978503686,0.0,0.0,0.0,0.0,0.0,0.0,0.0,,,,,,,,,
S3,"H2/CO2=4, CO/CO2=0.01",725.0,3.0,1.01325,0.056228796075214145,0.056228796075212695,0.0,0.051079883950626986,0.09778387316916344,0.0004835557172651675,0.0010183590845149262,-7.473672005726267e-05,-0.00022902040856514344,0.0,0.051079883950605476,0.09778387316923544,0.00048355571737324077,0.0010183590844703438,-7.473672001268028e-05,-0.00022902040851813243,0.0,0.0,0.0,0.0,0.0,0.0,0.0,0.0,,,,,,,,,
S3,"H2/CO2=4, CO/CO2=0.01",725.0,3.0,5.0,0.8049069608275662,0.8049069608275682,1.811476402048801e-23,0.051555316429902076,0.09868576781174865,0.00038615879948411536,0.0008131615153589289,-0.0001253459557565284,-0.0003841037319624041,0.08230214212560427,0.051555316429965914,0.09868576781174032,0.0003861587995146465,0.0008131615153589289,-0.0001253459556455061,-0.0003841037319485263,0.08230214212555098,0.0,0.0,0.0,0.0,0.0,0.0,0.0,,,,,,,,,
S3,"H2/CO2=4, CO/CO2=0.01",725.0,10.0,1.01325,0.15674708937009388,0.1567470893700963,0.0,0.11926316327721051,0.22828561188778518,0.0011863995680538864,0.0024983431885367002,-0.00016062222326224118,-0.0004922040318398879,0.0,0.11926316327727227,0.22828561188780183,0.0011863995678568218,0.0024983431884090246,-0.00016062222332191567,-0.000492204031801724,0.0,0.0,0.0,0.0,0.0,3.622952804097602e-21,0.0,0.0,,,,,,,,,
S3,"H2/CO2=4, CO/CO2=0.01",725.0,10.0,5.0,0.8565293010005213,0.85652930100052,0.0,0.020212589949522575,0.039124626322448175,0.0015949998397046805,0.00348811268622018,-1.0715815143558238e-05,-3.283690676869622e-05,0.032678657173522696,0.020212589949639148,0.039124626322328826,0.0015949998395048404,0.0034881126861174834,-1.071581514078268e-05,-3.2836906863065174e-05,0.03267865717354934,0.0,0.0,0.0,0.0,0.0,0.0,0.0,,,,,,,,,
S3,"H2/CO2=4, CO/CO2=0.01",750.0,1.0,1.01325,0.03490221325470127,0.034902213254698444,0.0,0.03279996249159183,0.0809409016922209,0.00032202642602507936,0.0008742678203471632,-5.764922676836093e-05,-0.0002277879480146877,0.0,0.03279996249155315,0.0809409016922058,0.0003220264259751193,0.0008742678203388365,-5.76492267145845e-05,-0.0002277879480899747,0.0,0.0,0.0,0.0,0.0,0.0,0.0,0.0,,,,,,,,,
S3,"H2/CO2=4, CO/CO2=0.01",750.0,1.0,5.0,0.7975508379316512,0.7975508379316518,0.0,0.05909275857658436,0.1454830027755427,7.98451201128314e-05,0.0016998889888181214,-1.5570771871864508e-05,-6.152374283641127e-05,0.09416350274329188,0.05909275857658436,0.14548300277554826,7.98451201322603e-05,0.0016998889888597546,-1.5570771885742296e-05,-6.152374281143125e-05,0.09416350274328744,0.0,0.0,0.0,0.0,0.0,0.0,0.0,,,,,,,,,
S3,"H2/CO2=4, CO/CO2=0.01",750.0,3.0,1.01325,0.094740994918529,0.09474099491853083,0.0,0.08060637874370072,0.1988848097951849,0.0007675249269388507,0.002083579360348184,-0.00012803674033362578,-0.0005059069858100174,0.0,0.08060637874373333,0.19888480979514955,0.0007675249270394646,0.0020835793603568575,-0.00012803674029060463,-0.000505906985837079,0.0,0.0,0.0,1.811476402048801e-21,0.0,0.0,0.0,0.0,,,,,,,,,
S3,"H2/CO2=4, CO/CO2=0.01",750.0,3.0,5.0,0.8331156508341521,0.8331156508341513,0.0,0.011230377125218127,0.02782432360124154,5.866395187403839e-05,0.00015926030624557885,-9.78707989651717e-07,-3.867105255461745e-06,0.01803062994586213,0.011230377125243107,0.027824323601233214,5.866395205167407e-05,0.00015926030624002774,-9.78707945242796e-07,-3.867105280441763e-06,0.01803062994585769,0.0,0.0,0.0,0.0,0.0,0.0,0.0,,,,,,,,,
S3,"H2/CO2=4, CO/CO2=0.01",750.0,10.0,1.01325,0.23749078861628825,0.23749078861628847,0.0,0.15309040972753332,0.3776540966156767,0.0010849073516526475,0.0029441717148304125,-0.00015368603534793301,-0.0006072496772681346,0.0,0.15309040972756038,0.3776540966156261,0.0010849073517033014,0.0029441717148748214,-0.00015368603533405523,-0.0006072496773062985,0.0,0.0,0.0,0.0,0.0,0.0,0.0,0.0,,,,,,,,,
S3,"H2/CO2=4, CO/CO2=0.01",750.0,10.0,5.0,0.8365476392030365,0.836547639203037,0.0,-3.803746974340161e-05,-9.257096586501312e-05,5.349273875243643e-05,0.0001452222333137021,-6.2223615149292755e-09,-2.4584462243737448e-08,-5.7989042852035766e-05,-3.8037469723972706e-05,-9.257096572345969e-05,5.349273870802751e-05,0.0001452222332998243,-6.2222532681843745e-09,-2.458457049048235e-08,-5.798904282094952e-05,-1.1321727512805005e-22,0.0,0.0,0.0,0.0,0.0,0.0,,,,,,,,,
S3,"H2/CO2=4, CO/CO2=0.01",775.0,1.0,1.01325,0.05823624117932737,0.058236241179329906,0.0,0.05266304971922268,0.1572122977424895,0.0004981817719297912,0.001636350447085065,-9.726721891204632e-05,-0.00046513947482059587,0.0,0.05266304971929536,0.15721229774247336,0.0004981817718407999,0.001636350447076218,-9.726721915959136e-05,-0.0004651394748311777,0.0,0.0,0.0,0.0,0.0,0.0,0.0,0.0,,,,,,,,,
S3,"H2/CO2=4, CO/CO2=0.01",775.0,1.0,5.0,0.8039963807712427,0.8039963807712454,0.0,0.010320384538134442,0.030861844276164344,2.0735690434148246e-05,6.811467172795904e-05,-3.400828701982661e-07,-1.6262838548053438e-06,0.016596134712275612,0.010320384538062277,0.030861844276069972,2.0735690342554847e-05,6.811467177514352e-05,-3.4008294791387783e-07,-1.6262838686831316e-06,0.01659613471227228,0.0,0.0,0.0,0.0,0.0,0.0,0.0,,,,,,,,,
S3,"H2/CO2=4, CO/CO2=0.01",775.0,3.0,1.01325,0.14839455709403968,0.14839455709403915,0.0,0.13755863604650795,0.47067494349332456,0.0007101190349738384,0.0023317608090253628,-0.00012672637137514653,-0.000606007363832678,0.0,0.13755863604641982,0.4706749434931102,0.000710119035102208,0.0023317608090822617,-0.0001267263713439215,-0.0006060073638625152,0.0,0.0,0.0,0.0,0.0,0.0,0.0,0.0,,,,,,,,,
S3,"H2/CO2=4, CO/CO2=0.01",775.0,3.0,5.0,0.8069073652996772,0.8069073652996783,0.0,7.816719022057939e-06,2.705138476555291e-05,1.9588790925451072e-05,6.434737579164018e-05,-1.3950507415927405e-09,-6.670303198674787e-09,1.6308192469782767e-05,7.81671896377123e-06,2.705138471004176e-05,1.9588790853286575e-05,6.434737584992689e-05,-1.3950451904776173e-09,-6.6703281786928414e-09,1.6308192480884998e-05,0.0,0.0,0.0,0.0,0.0,0.0,0.0,,,,,,,,,
S3,"H2/CO2=4, CO/CO2=0.01",775.0,10.0,1.01325,0.4188585911725372,0.4188585911725391,0.0,0.19778928880595514,0.5905648549777972,0.0029819976500422563,0.011588326105399505,-3.329131084417458e-05,-0.0001591996746888591,0.0,0.19778928880586633,0.5905648549779097,0.0029819976500228274,0.011588326105474445,-3.3291310830296794e-05,-0.00015919967482347364,0.0,0.0,0.0,0.0,0.0,0.0,0.0,0.0,,,,,,,,,
S3,"H2/CO2=4, CO/CO2=0.01",775.0,10.0,5.0,0.8069074674996115,0.8069074674996124,0.0,-2.2732400437042166e-05,-6.808374711231302e-05,1.7089678722159718e-05,5.613854098807103e-05,5.615924392188276e-10,2.6862512214620438e-09,-3.7626772277921106e-05,-2.2732400389857688e-05,-6.808374723721311e-05,1.7089678672199682e-05,5.613854116293115e-05,5.615841125461429e-10,2.6861707302927584e-09,-3.7626772244614415e-05,0.0,0.0,0.0,0.0,0.0,0.0,0.0,,,,,,,,,
S3,"H2/CO2=4, CO/CO2=0.01",800.0,1.0,1.01325,0.09933696938628976,0.09933696938628733,0.0,0.1508995846694703,0.5206119352787739,0.002359561119351719,0.015114549727423404,-9.098051395109441e-05,-0.002424856799531152,0.0,0.15089958466933118,0.5206119352788308,0.00235956111935276,0.015114549727499038,-9.098051390876716e-05,-0.00242485679949056,0.0,0.0,0.0,0.0,0.0,0.0,0.0,0.0,,,,,,,,,
S3,"H2/CO2=4, CO/CO2=0.01",800.0,1.0,5.0,0.7745415083548036,0.7745415083548041,0.0,2.753299036539758e-05,0.00010423703903084115,9.092985309155921e-06,3.4732651563174066e-05,2.2783996911357463e-10,1.267727589571166e-09,4.9076508038536915e-05,2.753299041258206e-05,0.00010423703900863668,9.092985303604806e-06,3.473265158260297e-05,2.2774837571404305e-10,1.267719262898481e-09,4.9076508030765353e-05,0.0,0.0,0.0,4.528691005122002e-22,0.0,0.0,0.0,,,,,,,,,
S3,"H2/CO2=4, CO/CO2=0.01",800.0,3.0,1.01325,0.2999446389687582,0.299944638968759,0.0,0.19544770316733684,0.6823449990801311,0.0028013297817902627,0.006190534632796729,-3.9263056203497904e-05,-0.0002183836013663898,0.0,0.1954477031673535,0.682344999080195,0.002801329781718098,0.006190534632946609,-3.9263056339500224e-05,-0.0002183836014246765,0.0,0.0,0.0,0.0,0.0,0.0,-3.538039847751564e-24,0.0,,,,,,,,,
S3,"H2/CO2=4, CO/CO2=0.01",800.0,3.0,5.0,0.7745455602550267,0.7745455602550327,0.0,-7.091539133696756e-06,-2.9360571643377575e-05,9.65848370726441e-06,3.689295081377164e-05,-2.2984392167302303e-10,-1.2774087343458973e-09,-1.3648972424507022e-05,-7.0915389532855144e-06,-2.9360571526804158e-05,9.65848376277556e-06,3.6892950752709375e-05,-2.2977730829154552e-10,-1.277353223194666e-09,-1.3648972416735461e-05,0.0,0.0,0.0,0.0,0.0,0.0,0.0,,,,,,,,,
S3,"H2/CO2=4, CO/CO2=0.01",800.0,10.0,1.01325,0.5150017378342759,0.5150017378342748,0.0,0.14027187820304376,0.48936319194767264,0.00022850323200818146,0.0026413367041122626,-8.454623109943604e-06,-4.7025152649649016e-05,0.0,0.1402718782030382,0.48936319194768096,0.00022850323201373257,0.002641336704098385,-8.454623168230313e-06,-4.702515260801565e-05,0.0,0.0,-1.1321727512805005e-22,0.0,0.0,0.0,0.0,0.0,,,,,,,,,
S3,"H2/CO2=4, CO/CO2=0.01",800.0,10.0,5.0,0.7745545839380861,0.7745545839380856,0.0,-1.8337585644401244e-06,-6.810748207075612e-06,1.841031233573709e-05,7.03175762450936e-05,2.8997551027032387e-07,1.6125704910274763e-06,-3.212334591662369e-06,-1.8337585366845488e-06,-6.8107482487089754e-06,1.841031235794155e-05,7.031757627007362e-05,2.899754880658634e-07,1.6125705021297065e-06,-3.212334578339693e-06,0.0,0.0,0.0,0.0,0.0,0.0,0.0,,,,,,,,,
S3,"H2/CO2=4, CO/CO2=0.01",825.0,1.0,1.01325,0.20422600434008653,0.20422600434009008,0.0,0.16481018107213016,0.6503531892499997,0.002301732771164966,0.0030304418641644015,-3.821691869354549e-05,-0.00024061560611535193,0.0,0.16481018107213363,0.6503531892499942,0.0023017327710539437,0.0030304418641907693,-3.821691876848554e-05,-0.00024061560618404698,0.0,7.076079695503128e-24,0.0,0.0,0.0,-1.769019923875782e-24,0.0,0.0,,,,,,,,,
S3,"H2/CO2=4, CO/CO2=0.01",825.0,1.0,5.0,0.7397136635318432,0.7397136635318414,0.0,-4.003129458474142e-06,-1.5724008803341682e-05,5.572597969183413e-06,2.4087566377617442e-05,1.8684470637353456e-09,1.1764697549487835e-08,-6.395083509413979e-06,-4.003129527863081e-06,-1.572400880611724e-05,5.572598132941309e-06,2.4087566280472927e-05,1.8684526148504688e-09,1.1764772489541997e-08,-6.3950834805481804e-06,0.0,3.622952804097602e-21,0.0,0.0,0.0,0.0,0.0,,,,,,,,,
S3,"H2/CO2=4, CO/CO2=0.01",825.0,3.0,1.01325,0.4005284806686085,0.4005284806686078,0.0,0.17077913403952122,0.6768371232967627,0.0023199986407429485,0.0028478444180191076,-1.329531582883181e-05,-8.370799968321352e-05,0.0,0.1707791340395004,0.6768371232967724,0.002319998640734622,0.002847844418046863,-1.329531579552512e-05,-8.370799969015243e-05,0.0,-9.906511573704381e-23,0.0,0.0,0.0,0.0,0.0,0.0,,,,,,,,,
S3,"H2/CO2=4, CO/CO2=0.01",825.0,3.0,5.0,0.7397177594111481,0.7397177594111503,0.0,-1.0750977330609146e-07,-4.25757745725619e-07,9.650476545663977e-06,4.171383516382576e-05,2.6465640790007683e-08,1.6662219382013177e-07,-1.7321045486795583e-07,-1.0750973999940072e-07,-4.2575775405229166e-07,9.650476573419553e-06,4.171383514717242e-05,2.646561858554719e-08,1.6662217994234396e-07,-1.7321046374974003e-07,0.0,0.0,0.0,0.0,0.0,0.0,0.0,,,,,,,,,
S3,"H2/CO2=4, CO/CO2=0.01",825.0,10.0,1.01325,0.5491561857179665,0.5491561857179675,0.0,0.05837515661332726,0.22949545365703872,0.00010872222857005731,0.00046984259264859496,-1.3737103343736123e-06,-8.648923816023668e-06,0.0,0.05837515661334114,0.2294954536570359,0.00010872222863389513,0.00046984259267079937,-1.373710292740249e-06,-8.648923860432589e-06,0.0,0.0,0.0,0.0,0.0,-4.528691005122002e-22,0.0,0.0,,,,,,,,,
S3,"H2/CO2=4, CO/CO2=0.01",825.0,10.0,5.0,0.7357096508966519,0.7357096508966519,0.0,0.003621041906518019,-0.004849021273384269,-0.003069991322574017,-0.013266602976874653,-0.000552767864728243,-0.0034531486440086963,-0.0020873374109053877,0.0036210419065318966,-0.00484902127343978,-0.0030699913225906705,-0.013266602976852448,-0.0005527678647254675,-0.0034531486440281256,-0.0020873374109087184,0.0,0.0,3.709903671395944e-18,0.0,0.0,0.0,0.0,,,,,,,,,
S3,"H2/CO2=4, CO/CO2=0.01",850.0,1.0,1.01325,0.29141135025368514,0.2914113502536896,0.0,0.17263400273624385,0.7522861535017217,0.00011377136817508626,0.0027079184278883117,-1.641041521283082e-05,-0.00011467732638076322,0.0,0.17263400273616614,0.7522861535017938,0.00011377136806545174,0.002707918427954925,-1.6410415262790856e-05,-0.00011467732634884431,0.0,0.0,0.0,0.0,0.0,0.0,0.0,0.0,,,,,,,,,
S3,"H2/CO2=4, CO/CO2=0.01",850.0,1.0,5.0,0.7027808582934898,0.7027808582934915,0.0,-3.675519888446388e-08,-1.6073372077762826e-07,5.323111321176022e-06,2.553002528826731e-05,7.4688477624818e-09,5.219158993874373e-08,-5.8887912324223635e-08,-3.675525162005755e-08,-1.6073369024649509e-07,5.3231113600338276e-06,2.5530025293818426e-05,7.468844986924239e-09,5.219158161207105e-08,-5.888790122199339e-08,0.0,0.0,0.0,0.0,0.0,5.796724486556163e-20,0.0,,,,,,,,,
S3,"H2/CO2=4, CO/CO2=0.01",850.0,3.0,1.01325,0.46240386831272773,0.4624038683127276,0.0,0.11259533531411403,0.49221305742840754,7.719365393149547e-05,0.0003701603743827553,-3.6398902628076435e-06,-2.5435799516637658e-05,0.0,0.11259533531420007,0.4922130574284228,7.7193653896801e-05,0.0003701603744132864,-3.6398902752976525e-06,-2.5435799472228737e-05,0.0,0.0,0.0,0.0,0.0,0.0,0.0,0.0,,,,,,,,,
S3,"H2/CO2=4, CO/CO2=0.01",850.0,3.0,5.0,0.7027909456849263,0.7027909456849275,0.0,-2.036015692152837e-06,-9.209346391036988e-06,1.4844390591739476e-05,7.117320605654065e-05,5.733687885589589e-07,4.004024009574003e-06,-3.354615859540999e-06,-2.0360156643972616e-06,-9.209346404914776e-06,1.4844390577861688e-05,7.117320609817401e-05,5.733688079878618e-07,4.0040240012473305e-06,-3.354615855100107e-06,0.0,-1.1593448973112325e-19,0.0,0.0,0.0,0.0,0.0,,,,,,,,,
S3,"H2/CO2=4, CO/CO2=0.01",850.0,10.0,1.01325,0.5180333521532191,0.5180333521532186,7.245905608195203e-23,0.0034576033563910036,0.015619590026585972,5.83990558994385e-05,0.0002800353932547184,-2.0661999888815785e-08,-1.4436264406114674e-07,0.0,0.0034576033563660236,0.015619590026577646,5.839905590221406e-05,0.0002800353932519428,-2.066202486883384e-08,-1.4436264406114674e-07,0.0,-3.622952804097602e-21,0.0,0.0,0.0,0.0,0.0,0.0,,,,,,,,,
S3,"H2/CO2=4, CO/CO2=0.01",850.0,10.0,5.0,0.6986125638005147,0.6986125638005157,0.0,0.004069490525437924,0.01742919387137387,-0.0027976731352574724,-0.013447071259786723,-0.0010983188911600772,-0.007541445601558228,0.00638282010744784,0.004069490525418495,0.017429193871384974,-0.0027976731352741258,-0.0134470712597784,-0.0010983188911600772,-0.007541445601541574,0.006382820107445619,0.0,0.0,0.0,0.0,0.0,0.0,0.0,,,,,,,,,
S3,"H2/CO2=1, CO/CO2=1",600.0,1.0,1.01325,8.363867140083895e-05,8.36386713982673e-05,0.0,9.943887804763634e-06,-1.533441744825439e-05,9.246678868992487e-05,-0.00015688941055667309,-1.8778892410325435e-05,4.6371543878713734e-05,0.0,9.943887779861882e-06,-1.533441746914832e-05,9.24667887952646e-05,-0.00015688941056302141,-1.8778892393878088e-05,4.637154390474407e-05,0.0,0.0,0.0,0.0,0.0,0.0,0.0,0.0,,,,,,,,,
S3,"H2/CO2=1, CO/CO2=1",600.0,1.0,5.0,0.00583551728999802,0.0058355172899984264,0.0,0.00509539518615766,-0.007857309446598579,0.0016010882298424971,-0.002716580369973697,-0.0012572174378736034,0.0031044900148799936,0.008138677545793793,0.005095395186138774,-0.007857309446593352,0.0016010882298328477,-0.002716580370004662,-0.0012572174378611134,0.0031044900148297083,0.008138677545777018,0.0,0.0,0.0,0.0,0.0,0.0,0.0,,,,,,,,,
S3,"H2/CO2=1, CO/CO2=1",600.0,3.0,1.01325,0.00025079271921598034,0.0002507927192141324,0.0,2.9772786878443764e-05,-4.5912452739367646e-05,0.00027718351741457475,-0.0004703002201212444,-5.630749372614619e-05,0.0001390426146302489,0.0,2.9772786913628835e-05,-4.591245268414923e-05,0.00027718351737482383,-0.0004703002200817652,-5.6307493667695496e-05,0.0001390426146719026,0.0,0.0,0.0,0.0,0.0,0.0,0.0,0.0,,,,,,,,,
S3,"H2/CO2=1, CO/CO2=1",600.0,3.0,5.0,0.015443859331509527,0.015443859331507825,0.0,0.011818765756400548,-0.018224257971104912,0.004054375997149858,-0.00687911188454386,-0.0031137288245172614,0.007688882390999166,0.018869063466321005,0.011818765756388405,-0.018224257971100055,0.004054375997120108,-0.006879111884522394,-0.0031137288244470485,0.007688882391043705,0.018869063466325775,3.659182332138578e-21,0.0,0.0,0.0,0.0,0.0,-1.463672932855431e-21,,,,,,,,,
S3,"H2/CO2=1, CO/CO2=1",600.0,10.0,1.01325,0.0008345403780347172,0.000834540378035209,0.0,9.855923186443598e-05,-0.00015198758165347844,0.0009214222366394975,-0.0015633859542441132,-0.00018735249228414954,0.0004626384474409889,0.0,9.855923190082994e-05,-0.00015198758173962101,0.0009214222366576985,-0.0015633859542035777,-0.00018735249230905637,0.00046263844736826876,0.0,0.0,0.0,0.0,0.0,0.0,0.0,0.0,,,,,,,,,
S3,"H2/CO2=1, CO/CO2=1",600.0,10.0,5.0,0.037112992240115814,0.037112992240116216,0.0,0.02036088502368697,-0.03139469951206515,0.009122864466773115,-0.015479454810498651,-0.006568071064096473,0.01622043264478748,0.032492223356050676,0.02036088502368194,-0.03139469951203011,0.009122864466781788,-0.015479454810521376,-0.006568071064158576,0.016220432644770133,0.03249222335608648,0.0,7.318364664277155e-21,0.0,0.0,0.0,0.0,0.0,,,,,,,,,
S3,"H2/CO2=1, CO/CO2=1",625.0,1.0,1.01325,0.00022383548760865801,0.0002238354876076265,0.0,2.4760415224578164e-05,-1.832556211375398e-05,0.0002694697420433699,-0.00021937197136633383,-7.048069819759516e-05,8.347246688039942e-05,0.0,2.4760415281988024e-05,-1.8325562098353565e-05,0.0002694697419758363,-0.00021937197139942913,-7.048069817217062e-05,8.34724667969633e-05,0.0,0.0,0.0,4.573977915173222e-22,0.0,0.0,0.0,0.0,,,,,,,,,
S3,"H2/CO2=1, CO/CO2=1",625.0,1.0,5.0,0.013355553888730791,0.013355553888731442,0.0,0.010534709894176233,-0.0077970716377875554,0.00474700649039355,-0.0038644730605896533,-0.003875401950836606,0.004589765791981285,0.016820770107968622,0.010534709894266525,-0.007797071637852259,0.004747006490415928,-0.003864473060610773,-0.003875401950922952,0.0045897657919374835,0.016820770107981442,0.0,0.0,0.0,0.0,0.0,0.0,0.0,,,,,,,,,
S3,"H2/CO2=1, CO/CO2=1",625.0,3.0,1.01325,0.0006707042716885782,0.0006707042716892486,0.0,7.391318861245605e-05,-5.470428772209727e-05,0.0008069536661496553,-0.0006569309695758023,-0.00021122131433547685,0.00025015596024188693,0.0,7.391318864735652e-05,-5.470428764697832e-05,0.0008069536661881038,-0.0006569309695669823,-0.0002112213143556918,0.00025015596022692765,0.0,0.0,0.0,0.0,1.829591166069289e-21,0.0,0.0,0.0,,,,,,,,,
S3,"H2/CO2=1, CO/CO2=1",625.0,3.0,5.0,0.03127511763877196,0.03127511763877178,0.0,0.01909523679050418,-0.014133189126741379,0.010527258844509647,-0.008570010781676872,-0.008288286656942413,0.00981620463691938,0.03047505818038393,0.019095236790506176,-0.014133189126680492,0.010527258844506004,-0.00857001078165831,-0.008288286656882304,0.009816204636869939,0.03047505818038143,0.0,0.0,0.0,0.0,0.0,0.0,0.0,,,,,,,,,
S3,"H2/CO2=1, CO/CO2=1",625.0,10.0,1.01325,0.002226373861751043,0.00222637386175073,0.0,0.00024213916791216003,-0.00017921099075130214,0.0026729978088645416,-0.0021760544351440126,-0.0007015296512713877,0.0008308437782873377,0.0,0.00024213916793580648,-0.00017921099061957158,0.0026729978088613215,-0.002176054435146235,-0.0007015296512452585,0.0008308437784376733,0.0,0.0,0.0,0.0,0.0,0.0,0.0,0.0,,,,,,,,,
S3,"H2/CO2=1, CO/CO2=1",625.0,10.0,5.0,0.062143439844474395,0.0621434398444749,0.0,0.023104932738724285,-0.017100916716198365,0.022363799191320657,-0.018204223693466665,-0.016397343789530984,0.0194222189953382,0.0368755733262411,0.02310493273876002,-0.01710091671622005,0.022363799191316147,-0.01820422369345487,-0.01639734378948987,0.019422218995363002,0.03687557332622826,0.0,0.0,0.0,0.0,0.0,0.0,0.0,,,,,,,,,
S3,"H2/CO2=1, CO/CO2=1",650.0,1.0,1.01325,0.0005721751776529942,0.0005721751776536221,0.0,5.9093188736807295e-05,0.0,0.0007668396079127187,0.0,-0.00025434380441011336,0.0,0.0,5.9093188783942985e-05,0.0,0.0007668396079713036,0.0,-0.000254343804351187,0.0,0.0,0.0,0.0,0.0,0.0,0.0,0.0,0.0,,,,,,,,,
S3,"H2/CO2=1, CO/CO2=1",650.0,1.0,5.0,0.02721089185651202,0.02721089185651271,0.0,0.01793950614348205,0.0,0.012841942429499525,0.0,-0.010792449211322486,0.0,0.028633748428792787,0.017939506143518913,0.0,0.012841942429459019,0.0,-0.01079244921128597,0.0,0.028633748428779082,0.0,0.0,0.0,0.0,0.0,0.0,0.0,,,,,,,,,
S3,"H2/CO2=1, CO/CO2=1",650.0,3.0,1.01325,0.001712004944738435,0.0017120049447394425,0.0,0.00017524033734964356,0.0,0.002292470388743907,0.0,-0.0007619561894644307,0.0,0.0,0.00017524033730786925,0.0,0.0022924703887733378,0.0,-0.0007619561895183535,0.0,0.0,0.0,0.0,0.0,0.0,0.0,0.0,0.0,,,,,,,,,
S3,"H2/CO2=1, CO/CO2=1",650.0,3.0,5.0,0.05337605006160435,0.053376323103715095,2.7304211054439437e-07,0.01674556746760099,0.0,-0.005002722949035837,0.0,0.009516601494136308,0.0,0.026326405502984512,0.016753191733914763,0.0,-0.004992605599313249,0.0,0.009604702475113358,0.0,0.026294586782174,7.624266311222249e-06,0.0,1.0117349721897136e-05,0.0,8.810098105915966e-05,0.0,-3.18187208259554e-05,,,,,,,,,
S3,"H2/CO2=1, CO/CO2=1",650.0,10.0,1.01325,0.0056547259872182865,0.005654725987218834,0.0,0.0005611073636530234,0.0,0.007550202343264609,0.0,-0.0025282615601270866,0.0,0.0,0.0005611073636474506,0.0,0.007550202343264978,0.0,-0.0025282615601668335,0.0,0.0,0.0,0.0,0.0,0.0,0.0,0.0,0.0,,,,,,,,,
S3,"H2/CO2=1, CO/CO2=1",650.0,10.0,5.0,0.0840300133823083,0.08403008960354352,7.622123422855659e-08,0.016052879271595544,0.0,0.01799122916133454,0.0,-0.006549099049971488,0.0,0.025772324283969417,0.016063096844090574,0.0,0.017828998980659594,0.0,-0.006397425182602667,0.0,0.02577088603530009,1.021757245338066e-05,0.0,-0.0001622301807553531,0.0,0.00015167386734809583,0.0,-1.4382486767199617e-06,,,,,,,,,
S3,"H2/CO2=1, CO/CO2=1",675.0,1.0,1.01325,0.0014198875110162214,0.0014198875110176257,0.0,0.00013714391347113527,9.398315420949322e-05,0.0021875891247601087,0.0016487520022400771,-0.0009077630202553792,-0.000995460936235301,0.0,0.00013714391344787913,9.398315421460524e-05,0.002187589124738598,0.0016487520021507551,-0.0009077630202858344,-0.0009954609361845224,0.0,0.0,0.0,0.0,0.0,0.0,0.0,0.0,,,,,,,,,
S3,"H2/CO2=1, CO/CO2=1",675.0,1.0,5.0,0.04401464160597636,0.04401748869881572,2.8470928394257312e-06,0.019958620219910975,0.013908481316295821,0.0038689686927818184,0.002785544208714838,-2.5404231620423934e-05,0.00010724178026253611,0.03182681612675327,0.019909288599423425,0.013859068922666973,0.0038236953963738385,0.00285776079995137,-4.9392063639075445e-05,5.501624917580994e-05,0.03183629147509248,-4.933162049890233e-05,-4.941239363054124e-05,-4.5273296367321965e-05,7.22165912101215e-05,-2.3987831976988183e-05,-5.222553115191117e-05,9.475348340781613e-06,,,,,,,,,
S3,"H2/CO2=1, CO/CO2=1",675.0,3.0,1.01325,0.004238590317385545,0.004238590317383384,2.927345865710862e-22,0.00040151555273509887,0.000275154183376888,0.0065352433284596645,0.00492548528464446,-0.0027274761437597744,-0.002990982183947305,0.0,0.0004015155527004044,0.0002751541833961868,0.006535243328417706,0.00492548528462089,-0.0027274761437462436,-0.0029909821839174677,0.0,-7.318364664277155e-21,0.0,0.0,0.0,0.0,0.0,0.0,,,,,,,,,
S3,"H2/CO2=1, CO/CO2=1",675.0,3.0,5.0,0.07313826642886345,0.0731410300411719,2.7636123062675193e-06,0.019503176717233783,0.01215027696029082,0.014947108083949306,0.011674731953161682,-0.0064253918099214935,-0.007286824537932474,0.03045466187343901,0.019529946077156968,0.01210687266362531,0.01506703979575752,0.011555413236657985,-0.006578550448574361,-0.007303986434248344,0.030395671724163797,2.6769359981585648e-05,-4.3404296594848955e-05,0.00011993171180614248,-0.00011931871656175967,-0.00015315863877142491,-1.7161896363637175e-05,-5.89901492907718e-05,,,,,,,,,
S3,"H2/CO2=1, CO/CO2=1",675.0,10.0,1.01325,0.013895846467733777,0.013895846467733675,0.0,0.0012324846747318284,0.0008446098206518066,0.021529863463031797,0.01622623881190398,-0.009177185168091507,-0.01006392026379325,0.0,0.0012324846747735485,0.0008446098206715825,0.021529863463090604,0.01622623881188945,-0.009177185168030011,-0.010063920263797543,0.0,0.0,0.0,0.0,0.0,0.0,0.0,0.0,,,,,,,,,
S3,"H2/CO2=1, CO/CO2=1",675.0,10.0,5.0,0.10228362217235722,0.10656802756135997,0.004284405389001324,0.0056174221411710995,0.003856247352663697,0.005263113675465711,0.004222363193368689,0.008102172065956384,0.00871867951657869,0.008366298466026822,0.009621669536638566,0.0064904395581461,0.02417953030366682,0.018925369330002884,-0.005184913216105258,-0.005891287096790321,0.015093574354489991,0.004004247395529223,0.002634192205530823,0.01891641662823461,0.014703006136569642,-0.013287085281948018,-0.014609966613442476,0.006727275888433843,,,,,,,,,
S3,"H2/CO2=1, CO/CO2=1",700.0,1.0,1.01325,0.0034991918055303326,0.003499191805528601,0.0,0.0003162279286738506,0.0004179707407473299,-0.008968891032867212,-0.021227791636044116,0.011599822454953215,0.02323148972542668,0.0,0.0003162279287038938,0.0004179707407042654,-0.008968891032870574,-0.02122674567121563,0.011599324375097253,0.023229436107616297,0.0,0.0,0.0,0.0,1.0459648412458245e-06,-4.980799355138957e-07,-2.053617724849546e-06,0.0,,,,,,,,,
S3,"H2/CO2=1, CO/CO2=1",700.0,1.0,5.0,0.06310609138712384,0.06310777729495176,1.6859078276533774e-06,0.020834241382265695,0.029477076449410666,0.012649446619813001,0.01849440084329343,-0.004940314463557083,-0.014920390209601994,0.034505087201252074,0.020812646787821132,0.02956694808178562,0.01263599639391988,0.018467659604920472,-0.004872869542296709,-0.014892694937132522,0.03449949183110146,-2.1594594474084458e-05,8.987163230865e-05,-1.3450225816837165e-05,-2.6741238461240907e-05,6.744492119103753e-05,2.7695272530519146e-05,-5.595370152213115e-06,,,,,,,,,
S3,"H2/CO2=1, CO/CO2=1",700.0,3.0,1.01325,0.00883479745526869,0.008834960323711116,1.6286844057447197e-07,0.0005168683249854103,0.000747728319607172,-0.048816989636997224,-0.0627935484738768,0.0552883256309426,0.068613817261386,0.0,0.0005168683250150741,0.0006347628220104706,-0.04893110001530088,-0.06278434459958127,0.055397378341009995,0.06860198505490578,0.0,0.0,-0.00011296549760611956,-0.00011411037837684093,9.203874369820725e-06,0.00010905271003485268,-1.1832206424096156e-05,0.0,,,,,,,,,
S3,"H2/CO2=1, CO/CO2=1",700.0,3.0,5.0,0.09081675938484186,0.09399197790489411,0.0031752185200509884,0.010359307508215135,0.012705963664642538,0.004866102955349699,0.006812504918787128,0.006313934559238482,0.013121088295014322,0.015420012365188474,0.01388475107666487,0.017389282154703367,0.01979712224046415,0.028817098562494706,-0.005078590247348247,-0.010366144765466823,0.020952880004638796,0.0035254435684893516,0.004683318490059172,0.014931019285096062,0.022004593643706005,-0.011392524806540108,-0.023487233060489353,0.0055328676394506004,,,,,,,,,
S3,"H2/CO2=1, CO/CO2=1",700.0,10.0,1.01325,0.024919574364675724,0.02491957436467418,5.854691731421724e-22,0.002031429227953175,0.002693103826059695,-0.01548983676107939,-0.022363645984036385,0.036748419550223024,0.0557308580907294,0.0,0.0016774515693429581,0.0023390954563135002,-0.015553380107188874,-0.022326039212930415,0.03674505674767514,0.05563077916685144,0.0,-0.0003539776586206958,-0.0003540083696990208,-6.354334610780597e-05,3.7606771182309545e-05,-3.362802451383051e-06,-0.00010007892381665346,0.0,,,,,,,,,
S3,"H2/CO2=1, CO/CO2=1",700.0,10.0,5.0,0.10830344325842213,0.13069571741431507,0.022392274155892955,-3.524522135568697e-05,-0.0005371463081230154,-0.00449289903717634,-0.005874642775951025,0.012397712822569129,0.025674092196813214,-0.0008458529896117339,0.004933030135170768,0.006179594098110197,0.03888947050694758,0.05569373528288014,-0.009101484836587792,-0.02080558610081107,0.006639369160127417,0.0049682753565112765,0.006716740406271636,0.043382369544138745,0.06156837805888085,-0.021499197659196473,-0.04647967829759558,0.007485222149738666,,,,,,,,,
S3,"H2/CO2=1, CO/CO2=1",725.0,1.0,1.01325,0.005963061790848457,0.005964275536107122,1.2137452589959394e-06,0.0005135583115546379,0.0009831984962511585,0.014854220154413055,0.031481041591806196,-0.009351217661859411,-0.029091004734034313,0.0,0.0005135796255606451,0.0009832393013026186,0.014860856017259727,0.03149501712454705,-0.00935652313212021,-0.029107262881739038,0.0,2.131393925669796e-08,4.080503045778629e-08,6.635862850273472e-06,1.3975532773418032e-05,-5.305470249978657e-06,-1.6258147790828443e-05,0.0,,,,,,,,,
S3,"H2/CO2=1, CO/CO2=1",725.0,1.0,5.0,0.08016441107655765,0.08300528130988416,0.0028408702333268753,0.013089064316510607,0.024768604111697484,0.003932057463367292,0.008783639497784296,0.005223627670256081,0.01430188449965328,0.020719369451194652,0.01584441982256657,0.030174263034832283,0.01703437756706838,0.03656778542194816,-0.004736894512355483,-0.01573335724904812,0.02506100947703538,0.0027553555061187373,0.005405658923171738,0.013102320103759344,0.027784145924194245,-0.009960522182605513,-0.030035241748677825,0.004341640025848888,,,,,,,,,
S3,"H2/CO2=1, CO/CO2=1",725.0,3.0,1.01325,0.018130443132218094,0.018130443132220564,0.0,0.0011956335414339998,0.0015874687887815209,0.02144563703265264,0.04695582677916978,-0.006351891844375013,-0.021924104225879218,0.0,0.0010866653939622939,0.0018061470682978473,0.021464548868124766,0.04686595680733763,-0.00626212873206522,-0.021874873905949884,0.0,-0.000108968147496356,0.00021867827948573242,1.8911835513540202e-05,-8.986997189871781e-05,8.976311237113804e-05,4.9230319952783954e-05,0.0,,,,,,,,,
S3,"H2/CO2=1, CO/CO2=1",725.0,3.0,5.0,0.09918253486248678,0.11552920111808718,0.01634666625560015,0.0035128119988330625,0.007661893303038612,-0.00207171518818855,-0.006008308293712489,0.010503578615980377,0.03390463326513257,0.0058847842314643795,0.007575382116922769,0.015441956091180598,0.03305301335008726,0.06767382864853178,-0.007993037277426174,-0.02335907435911111,0.012253430875913685,0.004062570118036277,0.007780062788125593,0.03512472853826791,0.07368213694230476,-0.01849661589335581,-0.05726370762427599,0.006368646644409337,,,,,,,,,
S3,"H2/CO2=1, CO/CO2=1",725.0,10.0,1.01325,0.05232183919364078,0.052342394957007876,2.0555763369139336e-05,0.0017257459513230974,0.006342327156182333,0.05873567019906503,0.12405376512434306,-0.015403218686690055,-0.04571994801389617,0.0,0.0019807704489366307,0.005920912889814667,0.05874754340604582,0.1242505993403503,-0.015176568471486629,-0.045842868907805534,0.0,0.0002550244975793812,-0.00042141426634284074,1.1873206977165675e-05,0.00019683421606611287,0.0002266502151919205,-0.0001229208938605162,0.0,,,,,,,,,
S3,"H2/CO2=1, CO/CO2=1",725.0,10.0,5.0,0.1038729566463452,0.1605903631728458,0.05671740652650026,-0.0033906413573508987,-0.005351714398821664,-0.011428032449240302,-0.024221246006523103,0.008507427256176925,0.026008281379018283,-0.0045370227395874485,-0.0010454339708115823,-0.0032078383646272357,0.05616068405779884,0.11795760702414672,-0.011456436708895401,-0.03442782314082293,-0.0026321968808074026,0.0023452073865155507,0.0021438760341644172,0.06758871650701694,0.14217885303060543,-0.01996386396502011,-0.06043610451983132,0.0019048258587821276,,,,,,,,,
S3,"H2/CO2=1, CO/CO2=1",750.0,1.0,1.01325,0.011652362534520849,0.011656598816129127,4.2362816071742e-06,0.0008635326692899622,0.0022221073489389707,0.009413969037412812,0.03933022355281546,0.0006102283000589126,-0.028868412094905933,0.0,0.0009026255934185823,0.0023002343466832498,0.009461655643366873,0.03933377718819964,0.0006028843434841002,-0.02893913616725807,0.0,3.909292412753786e-05,7.812699771564008e-05,4.7686605894891846e-05,3.553635421041229e-06,-7.343956545709483e-06,-7.072407236527363e-05,0.0,,,,,,,,,
S3,"H2/CO2=1, CO/CO2=1",750.0,1.0,5.0,0.08952964476836484,0.10213514918116773,0.012605504412801933,0.0076905283618120684,0.019548160409249213,-0.002014464770331431,-0.005164414198319256,0.0097468024580636,0.03688108470336314,0.012621954694235354,0.01033087503168606,0.027111479151664675,0.025641537269047165,0.07135138207485514,-0.005706064743762895,-0.024563887047765468,0.017567879761029026,0.002640346669869568,0.007563318742442307,0.02765600203942851,0.07651579627329293,-0.015452867201848613,-0.06144497175118719,0.004945925066797644,,,,,,,,,
S3,"H2/CO2=1, CO/CO2=1",750.0,3.0,1.01325,0.033282908282781805,0.033285786749997714,2.8784672142364077e-06,0.0015613392533751422,0.005441876535448344,0.03418016596990359,0.11182821190721826,-0.005668311083195134,-0.053803842799728455,0.0,0.001563743770749415,0.005545979422094671,0.03455319223891751,0.11243448914724784,-0.005806132923077967,-0.05477073690801082,0.0,2.404517383511389e-06,0.00010410288666331743,0.0003730262689923311,0.0006062772400310031,-0.00013782183991290582,-0.0009668941083188434,0.0,,,,,,,,,
S3,"H2/CO2=1, CO/CO2=1",750.0,3.0,5.0,0.09933507485609674,0.14062448104409264,0.0412894061879955,0.00012027217486422492,0.0002487835023597812,-0.008476463598456468,-0.024261599838554943,0.009467196584990109,0.038126620509645534,0.0005054022776616873,0.002539211860941304,0.004388043604539038,0.04762381700441076,0.1288040137291363,-0.00940168706690947,-0.03712592884220767,0.003071792056171807,0.0024189396860640686,0.0041392601022099615,0.056100280602993866,0.15306561356767562,-0.01886888365189316,-0.0752525493518832,0.002566389778515185,,,,,,,,,
S3,"H2/CO2=1, CO/CO2=1",750.0,10.0,1.01325,0.07629559918653894,0.09131504370142374,0.015019444514881965,-0.00021087212006519473,0.001807765880873849,0.007280296088328642,0.024465442791649084,0.019709105285900877,0.07251203206131845,0.0,0.0010388393741095348,0.006404210950969325,0.07298305275029449,0.20922813054518596,-0.011015832626729005,-0.05932580236281404,0.0,0.0012497114941414228,0.004596445070139928,0.06570275666201338,0.18476268775356547,-0.030724937912583086,-0.131837834424158,0.0,,,,,,,,,
S3,"H2/CO2=1, CO/CO2=1",750.0,10.0,5.0,0.08645875553968524,0.2009205797136142,0.11446182417392686,-0.004613104288396508,-0.011382096176703813,-0.017904040156101544,-0.05208461351996589,-0.002173191144264411,-0.0049010964437275215,-0.007365662126721101,-0.00499202773668328,-0.012313606717614944,0.07236679335309859,0.1999391896739422,-0.0023112517511775232,-0.0130174853037901,-0.007964185959199455,-0.00037892344822917923,-0.0009315105408930907,0.09027083350932087,0.25202380319391887,-0.00013806060691970434,-0.008116388859990414,-0.0005985238324808517,,,,,,,,,
S3,"H2/CO2=1, CO/CO2=1",775.0,1.0,1.01325,0.02207057886897532,0.022247853711595322,0.00017727484261954155,0.0008750074956412682,0.004442379210298653,0.018853235004056505,0.06227087633097171,-0.0008200090676579834,-0.002584397581926849,0.0,0.0010452469386246221,0.004798919048082384,0.025968634527737122,0.08538587506606576,-0.006873205319668507,-0.032204208430541836,0.0,0.00017023944304943948,0.00035653983779468184,0.007115399523729874,0.02311499873506139,-0.006053196252037005,-0.029619810848560645,0.0,,,,,,,,,
S3,"H2/CO2=1, CO/CO2=1",775.0,1.0,5.0,0.09269008147825071,0.12339710961203254,0.03070702813378278,0.004163373073443402,0.012424115133775197,-0.006770549125996103,-0.022388544676158265,0.009158770951046488,0.04352989128488943,0.006644714282656589,0.005757594800567811,0.017183727604674903,0.03846932803348024,0.12646192659248878,-0.007386158860761549,-0.035467563344668274,0.009191324536550471,0.001594221727184951,0.0047596124708875615,0.04523987715956039,0.14885047126866768,-0.016544929811764496,-0.07899745462959544,0.0025466102538704988,,,,,,,,,
S3,"H2/CO2=1, CO/CO2=1",775.0,3.0,1.01325,0.05087127432882657,0.05902187345198151,0.008150599123155801,0.001465473993296322,0.004779298865866151,0.0053055480354852885,0.02303872045679462,0.021087549946827155,0.10149185208630732,0.0,0.0025236377302451096,0.008193328195665872,0.050794555689540055,0.17505143889315344,-0.008177093835534666,-0.038282852403270784,0.0,0.001058163736916435,0.003414029329807007,0.04548900765409039,0.1520127184363835,-0.02926464378237752,-0.1397747044896268,0.0,,,,,,,,,
S3,"H2/CO2=1, CO/CO2=1",775.0,3.0,5.0,0.08936490606628895,0.17157274959971114,0.08220784353342359,-0.0025121352944718067,-0.007499411490497278,-0.01543633844788006,-0.04922598165796391,0.0034668281359007125,0.014889192802454432,-0.004012208569919157,-0.003638455835386356,-0.010855596226277964,0.06436438646965637,0.21008824920469013,-0.00707754963159557,-0.032312102921283614,-0.005804840965979441,-0.001126320540954101,-0.00335618473580844,0.07980072491754232,0.25931423086262945,-0.01054437776755908,-0.047201295723681494,-0.0017926323960477941,,,,,,,,,
S3,"H2/CO2=1, CO/CO2=1",775.0,10.0,1.01325,0.07312177241947154,0.14103117714113578,0.06790940472166523,-0.00048218990257690997,-0.0015842250750196935,-0.017150363120382525,-0.056064495051585256,0.014603585663734361,0.07022737842314435,0.0,0.0005921235861211516,0.00618070975473839,0.10096429542714169,0.3320749861549843,-0.013206664282061631,-0.07152008365767237,0.0,0.0010743134887476746,0.007764934829743512,0.11811465854750097,0.3881394812065599,-0.02781024994573389,-0.14174746208076017,0.0,,,,,,,,,
S3,"H2/CO2=1, CO/CO2=1",775.0,10.0,5.0,0.055179025262382414,0.26262583622090596,0.2074468109585251,-0.0051494481446085275,-0.0153660254032819,-0.02659017658794404,-0.08725395531736599,-0.007905251953751156,-0.03770559531552087,-0.00821779531872388,-0.0031538703673006374,-0.009409539605284567,0.09528168418026506,0.31267113502186084,0.010501469971913036,0.05010266926580298,-0.005031465121108081,0.001995577777342411,0.005956485797976169,0.12187186076825507,0.3999250903392183,0.018406721925662284,0.08780826458133772,0.0031863301976323144,,,,,,,,,
S3,"H2/CO2=1, CO/CO2=1",800.0,1.0,1.01325,0.030912334019047256,0.03791672028379589,0.007004386264749132,0.001545712101881213,0.005365816753497184,-0.0017045958139632125,-0.00565851268441997,0.022668445421189856,0.12045694602035739,0.0,0.0019804617409663328,0.0068750554820085075,0.033403891139613395,0.1278001871788087,-0.0018712100425199996,-0.012830776248934361,0.0,0.0004347496390977182,0.0015092387285080494,0.03510848695357526,0.1334586998631861,-0.02453965546386082,-0.13328772226923763,0.0,,,,,,,,,
S3,"H2/CO2=1, CO/CO2=1",800.0,1.0,5.0,0.08790768385024661,0.14774042424029832,0.05983274039005249,0.00042054554344542194,0.001455131852241831,-0.011360616817090302,-0.043365801284019415,0.0044151997065700055,0.02448780900691297,0.0006688760952372474,-0.0007530982830739053,-0.0026098972353394423,0.052182445155871116,0.19918106170462857,-0.006074627885327422,-0.033729250162037316,-0.0012003484542388865,-0.001173643826475959,-0.004065029087592549,0.0635430619729321,0.24254686298869274,-0.010489827591979653,-0.05821705916894942,-0.0018692245494914689,,,,,,,,,
S3,"H2/CO2=1, CO/CO2=1",800.0,3.0,1.01325,0.056237083723799,0.09304780195692275,0.03681071823312467,0.0009707379328125626,0.0033691795651056076,-0.008906716268177947,-0.03399956864823944,0.025235826104762563,0.13818231989448285,0.0,0.00266265287863221,0.009241920217598065,0.07418557872413689,0.2831541353702144,-0.00810782054689596,-0.045323916136669196,0.0,0.0016919149457960553,0.005872740652468518,0.0830922949923719,0.3171537040184535,-0.033343646651689575,-0.18350623603114719,0.0,,,,,,,,,
S3,"H2/CO2=1, CO/CO2=1",800.0,3.0,5.0,0.06672840210864854,0.2138588045995814,0.14713040249093381,-0.004773335150191557,-0.016555619214642103,-0.022206775245992016,-0.0847221151895474,-0.004528546131248035,-0.025118413508359513,-0.007616466694212454,-0.005282910185019918,-0.01831943765453481,0.08350011570415761,0.31856792692711855,0.0029652483813757957,0.016467010265400206,-0.008427338792783567,-0.000509575034788462,-0.0017638184398621746,0.10570689095009897,0.40329004211659275,0.0074937945125412575,0.041585423773795455,-0.0008108720985644524,,,,,,,,,
S3,"H2/CO2=1, CO/CO2=1",800.0,10.0,1.01325,0.05145307517985955,0.20119473529655196,0.14974166011668963,-0.0011654164657438557,-0.004045156410494022,-0.02332551096221741,-0.08896295386066205,-0.0005271153582887128,-0.002714039265509262,0.0,0.001325453066369775,0.0045992367207536855,0.11576668566810333,0.4414988525287128,-0.008741573090623178,-0.04887346933214742,0.0,0.0024908695321304575,0.008644393131209543,0.1390921966303374,0.5304618063893859,-0.008214457732354241,-0.04615943006670495,0.0,,,,,,,,,
S3,"H2/CO2=1, CO/CO2=1",800.0,10.0,5.0,0.02490089216455235,0.33856181787438755,0.3136609257098326,-0.0019743928393631087,-0.00685135476979279,-0.0226839124342894,-0.08649364632184246,-0.0031931655200077153,-0.017695827153647436,-0.0031525485982818874,0.0011606105619538232,0.004017335810688194,0.09997870845794843,0.3812141593461327,0.006293327643819291,0.03488749985501305,0.0018468806572946583,0.0031350034013180594,0.010868690580538576,0.12266262089224711,0.4677078056679857,0.009486493163821108,0.052583327008651204,0.0049994292555832764,,,,,,,,,
S3,"H2/CO2=1, CO/CO2=1",825.0,1.0,1.01325,0.037042079641632135,0.05998663419481787,0.022944554553185514,0.00165191373561243,0.006488036411780862,-0.003509107617254842,-0.015160078322278352,0.0223133769835078,0.13989316698804435,0.0,0.0024602146838997863,0.009662885178607361,0.05055903389441507,0.21839473045962843,-0.003412597943516782,-0.021425349158202267,0.0,0.0008083009482948156,0.003174848766779228,0.0540681415116726,0.23355480878199344,-0.02572597492709631,-0.16131851614629006,0.0,,,,,,,,,
S3,"H2/CO2=1, CO/CO2=1",825.0,1.0,5.0,0.07239743948082811,0.17676007566345608,0.10436263618262748,-0.003555404021850922,-0.013944555869093224,-0.01717977403331572,-0.0741728153373384,-0.0022258875219758473,-0.013995043780748102,-0.005671060004624057,-0.005284640388816819,-0.020723311656625776,0.06772209804367935,0.29237390312617795,-0.00028956989770734243,-0.0017921873350007502,-0.008427836709073988,-0.0017292363669849792,-0.006778755787444773,0.08490187207701588,0.3665467184635382,0.0019363176243198527,0.012202856445817785,-0.0027567767044672786,,,,,,,,,
S3,"H2/CO2=1, CO/CO2=1",825.0,3.0,1.01325,0.050073483846131805,0.13546839233660168,0.08539490849046619,0.00014223472958041494,0.0005577558814145664,-0.013422128085378675,-0.057934841678067985,0.010069149376405913,0.06307998934808584,0.0,0.002260252476496416,0.008875078885339782,0.09382281166601669,0.4048954030441809,-0.008572761730085698,-0.053708744501329564,0.0,0.002118017747005166,0.008317323003876123,0.10724493975142468,0.46283024472220374,-0.018641911106497683,-0.11678873384940551,0.0,,,,,,,,,
S3,"H2/CO2=1, CO/CO2=1",825.0,3.0,5.0,0.03868814178476178,0.27177179204069635,0.2330836502559314,-0.0032723843108879713,-0.012845143595601252,-0.024874648916555983,-0.10728396431727918,-0.004575959272702136,-0.028684388290019062,-0.005224099820095862,-0.0016173663554081008,-0.00635550759768011,0.10225654538976725,0.4410863414563954,0.006738721626292632,0.04226317206908192,-0.0025848752142854092,0.0016550179555152589,0.006489635997843774,0.12713119430635828,0.5483703057736822,0.011314680898937002,0.07094756035918443,0.0026392246058026814,,,,,,,,,
S3,"H2/CO2=1, CO/CO2=1",825.0,10.0,1.01325,0.029284861232911803,0.25140276714934784,0.22211790591643482,-0.0011551403061721421,-0.004535864521191917,-0.016047157548385906,-0.06920742818319979,-0.002795409028185508,-0.017478837200158356,0.0,-0.00036072293771449715,-0.001418793171054089,0.08924340682187337,0.38483255633763314,-0.0002587030142303659,-0.0017438155915983078,0.0,0.0007944173684708289,0.003117071350158124,0.10529056437026119,0.4540399845207724,0.0025367060139711017,0.015735021608564298,0.0,,,,,,,,,
S3,"H2/CO2=1, CO/CO2=1",825.0,10.0,5.0,0.017646550105496678,0.3771326094561491,0.3594860593506515,0.0025637249571081044,0.010049299793162512,-0.005302850853688545,-0.02292485481072276,0.006576815827724798,0.04127637501703746,0.00408682722387272,-0.0006261748656449795,-0.0024533973518314767,0.050281453098102724,0.21715095967242415,-0.0077901581104100615,-0.04887222726450702,-0.000997726404937671,-0.003189899822689246,-0.01250269714490465,0.05558430395171676,0.24007581448316773,-0.014366973938134686,-0.09014860228158117,-0.0050845536287891235,,,,,,,,,
S3,"H2/CO2=1, CO/CO2=1",850.0,1.0,1.01325,0.038582713549503975,0.08858769711294023,0.050004983563434705,0.0013457494838055653,0.005862785237765837,-0.006066905075550848,-0.029062737481958152,0.015650130248456677,0.10856641873239463,0.0,0.0025665628206855695,0.011182010420210386,0.0680500886304114,0.32589386879552373,-0.004778810368832875,-0.03322226318832888,0.0,0.0012208133367924007,0.0053192251824405595,0.07411699370596397,0.3549566062775539,-0.02042894061728452,-0.14178868192067406,0.0,,,,,,,,,
S3,"H2/CO2=1, CO/CO2=1",850.0,1.0,5.0,0.049363516488430105,0.21544519850643984,0.16608168201800735,-0.003437893042950238,-0.014968277954617581,-0.02200294865107536,-0.10529874442466447,-0.004697147022107891,-0.03268607811169454,-0.005487990822991284,-0.003535917814054268,-0.015400144933236382,0.08666026693386619,0.4147903317976376,0.005225251617155258,0.03638614506576987,-0.005646017647692458,-9.802477109674412e-05,-0.0004318669785799423,0.10866321558493583,0.5200890762222591,0.009922398639327507,0.06907222317746875,-0.00015802682473087248,,,,,,,,,
S3,"H2/CO2=1, CO/CO2=1",850.0,3.0,1.01325,0.035469783932230714,0.17665462787950104,0.14118484394727063,-0.0006067267432968357,-0.002644519639287586,-0.013732444909837944,-0.0656830818464538,-0.0009949553113206694,-0.006589224530432342,0.0,0.000844290760435018,0.0036744232585594894,0.09087798974916073,0.43457270857328867,-0.004105614472660335,-0.028601533491146025,0.0,0.00145101750370219,0.0063189428978184525,0.1046104346590429,0.5002557904197159,-0.0031106591613913603,-0.022012308960672744,0.0,,,,,,,,,
S3,"H2/CO2=1, CO/CO2=1",850.0,3.0,5.0,0.02199554971697047,0.32050139025863666,0.29850584054166596,-0.0005359198603976933,-0.002340000517491326,-0.013690898302809971,-0.06545898155375139,0.0018341720850087798,0.012812298753699623,-0.0008575296372663466,-3.4659696043770616e-05,-0.00015596072355517077,0.08328526728114127,0.3981532800016979,-0.0022159778244434936,-0.01547288946247005,-5.686888013722857e-05,0.0005012601642873094,0.002184039793964865,0.09697616558396321,0.46361226155552243,-0.00405014990946112,-0.02828518821622189,0.0008006607571375834,,,,,,,,,
S3,"H2/CO2=1, CO/CO2=1",850.0,10.0,1.01325,0.020348830307792134,0.2547923019005034,0.23444347159270998,-0.0006605356693362152,-0.0028764075624332017,-0.0038322695200551996,-0.01840368217089928,-0.00019993791947206865,-0.0014159343523959848,0.0,-0.001883348999026646,-0.00820397338612,0.02973467619515613,0.14277277135116562,0.000733321709359136,0.005110371407682224,0.0,-0.0012228133297133292,-0.0053275658237851575,0.033566945715214624,0.1611764535220203,0.0009332596288533224,0.006526305760119061,0.0,,,,,,,,,
S3,"H2/CO2=1, CO/CO2=1",850.0,10.0,5.0,0.03124404212755144,0.3613655522791289,0.3301215101515778,0.0031370311571551728,0.013664706226801208,0.005037238256140955,0.024024856068657462,0.012701955822066839,0.0880627217528812,0.005009654682690233,-0.0011366603389323382,-0.004952349382073007,0.008637114280440894,0.041888833332037745,-0.00861881069167958,-0.059744746690479356,-0.0018155243050799186,-0.004273691496073373,-0.018617055608896593,0.003599876024312776,0.017863977263338215,-0.021320766513814593,-0.1478074684434061,-0.006825178987716618,,,,,,,,,
S3,"H2/CO2=2, CO/CO2=1",600.0,1.0,1.01325,0.00014465814876578337,0.00014465814876551963,0.0,4.526054128065247e-05,-6.979603824364833e-05,0.00011396298831698845,-0.00019333845472615366,-1.4597616719731337e-05,3.60345104380338e-05,0.0,4.526054131759327e-05,-6.979603823509262e-05,0.00011396298830734786,-0.00019333845468205713,-1.4597616662670454e-05,3.603451049494222e-05,0.0,0.0,0.0,0.0,0.0,0.0,0.0,0.0,,,,,,,,,
S3,"H2/CO2=2, CO/CO2=1",600.0,1.0,5.0,0.023465236503862903,0.023465236503864118,0.0,0.01973225383574426,-0.03042702742164843,0.002597032871989261,-0.0044058617760379774,-0.0021532900350343213,0.005315403816457016,0.03150722673178695,0.019732253835755276,-0.030427027421589536,0.002597032871978766,-0.004405861775980124,-0.0021532900350201833,0.005315403816494314,0.031507226731828375,0.0,0.0,0.0,0.0,0.0,0.0,0.0,,,,,,,,,
S3,"H2/CO2=2, CO/CO2=1",600.0,3.0,1.01325,0.0004336969489806782,0.0004336969489819875,0.0,0.00013551273374856382,-0.00020897339531178997,0.0003415607531816474,-0.0005794584049031772,-4.375050491315269e-05,0.00010799900151448906,0.0,0.00013551273372602868,-0.0002089733953380968,0.00034156075310876055,-0.0005794584049784168,-4.37505048495046e-05,0.0001079990015223631,0.0,0.0,0.0,0.0,0.0,0.0,0.0,0.0,,,,,,,,,
S3,"H2/CO2=2, CO/CO2=1",600.0,3.0,5.0,0.055255047297163844,0.055255047297162796,0.0,0.0366414987224218,-0.05649834537854708,0.005594362229138783,-0.009490832942071585,-0.004437919735973857,0.010955035575698283,0.05847719650554306,0.03664149872244782,-0.05649834537848064,0.005594362229144334,-0.009490832942024574,-0.004437919735975071,0.010955035575649363,0.058477196505561935,0.0,0.0,0.0,0.0,0.0,0.0,-1.463672932855431e-21,,,,,,,,,
S3,"H2/CO2=2, CO/CO2=1",600.0,10.0,1.01325,0.0014424285767280678,0.0014424285767297151,0.0,0.00044859018182356837,-0.0006917675465600338,0.0011347192166117313,-0.0019250513900332994,-0.00014534300860847486,0.00035878214447667453,0.0,0.00044859018179799204,-0.0006917675465678563,0.0011347192165972464,-0.001925051390036514,-0.00014534300868396244,0.0003587821444661632,0.0,0.0,0.0,0.0,0.0,0.0,0.0,0.0,,,,,,,,,
S3,"H2/CO2=2, CO/CO2=1",600.0,10.0,5.0,0.10831845604801,0.1083184560480106,0.0,0.04416798757306793,-0.06810310774860821,0.010011487637475239,-0.016984807977106844,-0.007022046409455376,0.01733487753984124,0.07048333832016557,0.044167987573001666,-0.06810310774858219,0.010011487637479055,-0.016984807977102334,-0.007022046409557725,0.017334877539817994,0.07048333832017417,0.0,0.0,0.0,0.0,0.0,0.0,0.0,,,,,,,,,
S3,"H2/CO2=2, CO/CO2=1",625.0,1.0,1.01325,0.0003663823451083716,0.0003663823451062198,0.0,0.00010831058307749191,-8.016232488891514e-05,0.00030763877569865494,-0.00025045368437221204,-4.981106692462223e-05,5.8990316563459666e-05,0.0,0.00010831058301907781,-8.016232481977692e-05,0.00030763877568174003,-0.0002504536843639382,-4.981106687396153e-05,5.899031648715081e-05,0.0,9.147955830346444e-22,-9.147955830346444e-22,0.0,9.147955830346444e-22,0.0,0.0,0.0,,,,,,,,,
S3,"H2/CO2=2, CO/CO2=1",625.0,1.0,5.0,0.0473805005373977,0.04738050053739795,0.0,0.033521475817816816,-0.02481059784305763,0.006392683377072321,-0.005204387346194328,-0.0053501781602677614,0.00633611403782746,0.0535027834878888,0.03352147581789089,-0.02481059784307238,0.006392683377068331,-0.005204387346274819,-0.005350178160279384,0.006336114037799878,0.053502783487873184,0.0,0.0,0.0,0.0,0.0,0.0,0.0,,,,,,,,,
S3,"H2/CO2=2, CO/CO2=1",625.0,3.0,1.01325,0.001097443850822127,0.0010974438508224438,0.0,0.0003233637770470605,-0.00023932655242077662,0.000920739233602598,-0.0007495887364738216,-0.0001490900256017236,0.00017656453444136848,0.0,0.0003233637769994857,-0.00023932655242309142,0.000920739233645218,-0.0007495887364955545,-0.00014909002560570261,0.00017656453449033105,0.0,0.0,0.0,0.0,0.0,0.0,0.0,0.0,,,,,,,,,
S3,"H2/CO2=2, CO/CO2=1",625.0,3.0,5.0,0.09355793381751434,0.09355793381751243,0.0,0.04468728265553043,-0.033075075131107357,0.011400122531582749,-0.009280990156036728,-0.008857571874433534,0.010489899792199067,0.07130911411075205,0.04468728265550892,-0.03307507513115593,0.011400122531565748,-0.009280990155979829,-0.008857571874307246,0.010489899792184842,0.07130911411078134,0.0,0.0,0.0,0.0,0.0,0.0,0.0,,,,,,,,,
S3,"H2/CO2=2, CO/CO2=1",625.0,10.0,1.01325,0.003638414508954843,0.003638414508955412,0.0,0.0010598407994528037,-0.0007844052871098031,0.0030439306848564405,-0.0024781143587018013,-0.0004930018850893931,0.0005838529388700825,0.0,0.0010598407995027204,-0.0007844052871130991,0.003043930684831775,-0.002478114358672734,-0.0004930018850768381,0.0005838529388679792,0.0,7.318364664277155e-21,0.0,7.318364664277155e-21,0.0,-7.318364664277155e-21,0.0,0.0,,,,,,,,,
S3,"H2/CO2=2, CO/CO2=1",625.0,10.0,5.0,0.1502859233018564,0.15028592330185742,0.0,0.038608056560095194,-0.02857534832053435,0.019070109922619816,-0.01552489118558237,-0.012675354536847289,0.015011658402523664,0.06162371819431717,0.03860805656014654,-0.028575348320539207,0.019070109922678102,-0.015524891185578205,-0.01267535453678137,0.01501165840248897,0.06162371819436241,0.0,0.0,0.0,0.0,0.0,0.0,0.0,,,,,,,,,
S3,"H2/CO2=2, CO/CO2=1",650.0,1.0,1.01325,0.0008749465122857911,0.0008749465122865896,0.0,0.0002448603639671127,0.0,0.0007875337327065113,0.0,-0.00015888382143047276,0.0,0.0,0.0002448603638460778,0.0,0.0007875337327489795,0.0,-0.00015888382138284918,0.0,0.0,0.0,0.0,0.0,0.0,0.0,0.0,0.0,,,,,,,,,
S3,"H2/CO2=2, CO/CO2=1",650.0,1.0,5.0,0.08128629072698555,0.0812862907269859,2.927345865710862e-22,0.04392354737010294,0.0,0.013251779516450929,0.0,-0.011029506320386906,0.0,0.07009065531913147,0.04392354737010884,0.0,0.013251779516468276,0.0,-0.01102950632027866,0.0,0.07009065531910053,-7.318364664277155e-21,0.0,0.0,0.0,0.0,0.0,0.0,,,,,,,,,
S3,"H2/CO2=2, CO/CO2=1",650.0,3.0,1.01325,0.002615584232066936,0.0026155842320658707,0.0,0.0007264894547807238,0.0,0.0023498264086589996,0.0,-0.0004742358709513661,0.0,0.0,0.0007264894547692746,0.0,0.00234982640860415,0.0,-0.0004742358710313477,0.0,0.0,0.0,0.0,0.0,0.0,0.0,0.0,0.0,,,,,,,,,
S3,"H2/CO2=2, CO/CO2=1",650.0,3.0,5.0,0.13450892175264512,0.13450892175264628,0.0,0.04314758654879458,0.0,0.021660744646864044,0.0,-0.01637067403502321,0.0,0.06886360742321657,0.043147586548811234,0.0,0.021660744646873065,0.0,-0.016370674035001698,0.0,0.06886360742320519,0.0,0.0,0.0,0.0,0.0,0.0,5.854691731421724e-21,,,,,,,,,
S3,"H2/CO2=2, CO/CO2=1",650.0,10.0,1.01325,0.00861231397946164,0.00861231397946216,0.0,0.002330191699830139,0.0,0.007686362494163657,0.0,-0.0015532189869573582,0.0,0.0,0.002330191699839723,0.0,0.007686362494097043,0.0,-0.0015532189870243185,0.0,0.0,0.0,0.0,0.0,0.0,-1.463672932855431e-20,0.0,0.0,,,,,,,,,
S3,"H2/CO2=2, CO/CO2=1",650.0,10.0,5.0,0.1875461581621006,0.18754829361757064,2.135455468932697e-06,0.022616798360872853,0.0,0.011956909345343936,0.0,-0.0004707816361443351,0.0,0.03645955309014265,0.02235617701737136,0.0,0.011914209864033465,0.0,-0.0005334788780786415,0.0,0.03635354466583807,-0.0002606213434251643,0.0,-4.269948136644401e-05,0.0,-6.269724193455689e-05,0.0,-0.00010600842428582942,,,,,,,,,
S3,"H2/CO2=2, CO/CO2=1",675.0,1.0,1.01325,0.001986913026403121,0.0019869130264066337,0.0,0.0005267314287849423,0.00036096314638303477,0.0019323012194128592,0.0014565365501626815,-0.000479385809813162,-0.000525666461421298,0.0,0.0005267314287682456,0.0003609631464146501,0.0019323012194816247,0.0014565365501983951,-0.000479385809926125,-0.0005256664614039508,0.0,0.0,0.0,0.0,0.0,0.0,0.0,0.0,,,,,,,,,
S3,"H2/CO2=2, CO/CO2=1",675.0,1.0,5.0,0.12060031807023149,0.12060031807023086,0.0,0.04646515356253496,0.031843413358164166,0.025779796734751864,0.01943132875643766,-0.02124724633867925,-0.023299077998337192,0.07415413633243384,0.04646515356257486,0.03184341335809027,0.02577979673477615,0.019431328756397415,-0.021247246338698678,-0.023299077998353845,0.07415413633243384,0.0,0.0,0.0,0.0,0.0,0.0,0.0,,,,,,,,,
S3,"H2/CO2=2, CO/CO2=1",675.0,3.0,1.01325,0.005915658531807501,0.005915658531807866,0.0,0.0015428589082714305,0.0010573053053536874,0.005729856199405514,0.004319073863480482,-0.0014232892038939767,-0.0015606958865412243,0.0,0.0015428589082017163,0.0010573053053714032,0.005729856199457317,0.004319073863504053,-0.0014232892038779088,-0.0015606958864516907,0.0,0.0,0.0,0.0,0.0,0.0,0.0,0.0,,,,,,,,,
S3,"H2/CO2=2, CO/CO2=1",675.0,3.0,5.0,0.1709040692630064,0.17091222804106454,8.158778058404162e-06,0.029979457258054454,0.02047409307225842,0.01539695206330613,0.011164478255184379,-0.00500248415503321,-0.005846934192228759,0.04773906178278442,0.029774287216297046,0.020677267637592145,0.015264322527960839,0.011169856199008676,-0.005068661120433138,-0.005913831530335313,0.04765560904078092,-0.00020517004173133403,0.00020317456526619957,-0.00013262953531646452,5.377943878068059e-06,-6.617696540723785e-05,-6.689733803188705e-05,-8.345274201555704e-05,,,,,,,,,
S3,"H2/CO2=2, CO/CO2=1",675.0,10.0,1.01325,0.01921011958411658,0.019210119584117558,0.0,0.004736232446882552,0.0032457049679955954,0.018347320900203093,0.013829954435191657,-0.004579075627444366,-0.0050211487702264525,0.0,0.00473623244679755,0.0032457049679412986,0.018347320900266584,0.013829954435162772,-0.004579075627425544,-0.00502114877019566,0.0,0.0,5.854691731421724e-20,0.0,0.0,0.0,0.0,0.0,,,,,,,,,
S3,"H2/CO2=2, CO/CO2=1",675.0,10.0,5.0,0.2179947733757019,0.21883814817423652,0.0008433747985344763,0.013453698956145121,0.008838541317815474,0.022094003235411525,0.016122327699272937,-0.0008971874286972659,-0.0007254405191343961,0.019579300305936354,0.016983775567952497,0.011785628576596596,0.03262274571779189,0.024233390357741857,-0.009042358395164318,-0.009289311387591925,0.02536608231241466,0.0035300766118525487,0.002947087258792672,0.010528742482432196,0.008111062658387925,-0.00814517096650233,-0.008563870868491584,0.005786782006455937,,,,,,,,,
S3,"H2/CO2=2, CO/CO2=1",700.0,1.0,1.01325,0.004323988483118711,0.004323988483118324,0.0,0.0010842325510073813,0.0014330708535945742,0.004591392356810705,0.0066769014611744925,-0.0013843549839282106,-0.002929878386554851,0.0,0.0010842325509768935,0.0014330708534959768,0.004591392356742552,0.006676901461180607,-0.0013843549838937763,-0.002929878386484508,0.0,0.0,0.0,-7.318364664277155e-21,7.318364664277155e-21,-7.318364664277155e-21,0.0,0.0,,,,,,,,,
S3,"H2/CO2=2, CO/CO2=1",700.0,1.0,5.0,0.15543047494870718,0.15543694941716601,6.474468457246902e-06,0.0386890887101525,0.05037502781286285,0.02445283748064575,0.03528701286397429,-0.015557412165625312,-0.03403159028528835,0.06115352978751459,0.03862465964465933,0.05044376629056713,0.024452837480568035,0.03545266816506465,-0.015557412165581597,-0.0340298823500812,0.06113001751970604,-6.442906542013871e-05,6.873847766698266e-05,0.0,0.0001656553010941934,0.0,1.7079352290881143e-06,-2.3512267819162373e-05,,,,,,,,,
S3,"H2/CO2=2, CO/CO2=1",700.0,3.0,1.01325,0.012773834523961775,0.012773834523964411,0.0,0.003098213199310409,0.004095010013589317,0.01345925121573814,0.019572666958048504,-0.0040739359661171645,-0.008622231628892859,0.0,0.003098213199329014,0.004095010013593914,0.013459251215763857,0.019572666958098117,-0.004073935966072972,-0.008622231628926946,0.0,0.0,0.0,0.0,0.0,0.0,0.0,0.0,,,,,,,,,
S3,"H2/CO2=2, CO/CO2=1",700.0,3.0,5.0,0.20133245139461214,0.2017657721565963,0.00043332076198073356,0.020334790824233506,0.024953058877159873,0.020772751981643772,0.030050395782042775,-0.0047907366612746916,-0.009871545766167167,0.03191000553650153,0.022734363760218423,0.02831185255229296,0.02744111577413222,0.040172536135554826,-0.010360635098369264,-0.02168254675930792,0.03603368672069007,0.0023995729360110425,0.0033587936750700898,0.006668363792541686,0.010122140353501482,-0.0055698984370530025,-0.01181100099312359,0.004123681184201697,,,,,,,,,
S3,"H2/CO2=2, CO/CO2=1",700.0,10.0,1.01325,0.0404201749830495,0.04042017498304973,0.0,0.008764242951377586,0.011583865307759206,0.04149247102628144,0.060338507793494464,-0.01275571291383202,-0.02699760147285655,0.0,0.008764242951314616,0.011583865307723817,0.041492471026219335,0.060338507793486484,-0.012755712913839479,-0.02699760147280017,0.0,0.0,0.0,0.0,0.0,0.0,0.0,0.0,,,,,,,,,
S3,"H2/CO2=2, CO/CO2=1",700.0,10.0,5.0,0.22943700430634323,0.2499337797905108,0.020496775484169453,-0.0024356146057405437,-0.002479243228286493,-3.29881135241461e-05,-0.0005921929979030294,0.01212629425404732,0.025950621532758178,-0.0034255704966862366,0.007797776096277187,0.011555032453033909,0.04648985288211449,0.06658487919865008,-0.010073975736479834,-0.02353819259533763,0.012233765110010175,0.010233390702036986,0.014034275681383978,0.046522840995631524,0.06717707219656031,-0.022200269990520563,-0.04948881412814065,0.015659335606707514,,,,,,,,,
S3,"H2/CO2=2, CO/CO2=1",725.0,1.0,1.01325,0.009084703411603102,0.009084703411602613,0.0,0.0021448231516730566,0.004106187383855165,0.010685940666135124,0.022523920192488167,-0.003878389300978561,-0.011909623145225185,0.0,0.002144823151703501,0.004106187383809412,0.010685940666105287,0.02252392019252425,-0.003878389301004148,-0.011909623145173189,0.0,0.0,0.0,0.0,0.0,0.0,0.0,0.0,,,,,,,,,
S3,"H2/CO2=2, CO/CO2=1",725.0,1.0,5.0,0.18540384333245938,0.18578130988673724,0.0003774665542794291,0.022578865572521478,0.04886601375502647,0.017848043153637083,0.03632970887083656,-0.0048215508721603795,-0.01490903872228,0.040521595573583535,0.02454908973807124,0.0532662467090217,0.02357768541941252,0.04841917004001217,-0.0097591802631386,-0.03003119088824946,0.044071357329302785,0.001970224165597107,0.004400232954090697,0.00572964226565501,0.012089461169155564,-0.004937629391024512,-0.01512215216598378,0.0035497617557579716,,,,,,,,,
S3,"H2/CO2=2, CO/CO2=1",725.0,3.0,1.01325,0.026472417762411212,0.02647241776241005,0.0,0.0058680421923534495,0.011233903135914828,0.03077391114941902,0.06486593966430217,-0.011298303995211333,-0.034698157871167375,0.0,0.005868042192297418,0.011233903135929313,0.03077391114941208,0.06486593966431031,-0.011298303995171954,-0.03469815787114916,0.0,0.0,0.0,0.0,0.0,0.0,0.0,0.0,,,,,,,,,
S3,"H2/CO2=2, CO/CO2=1",725.0,3.0,5.0,0.2163467856253769,0.230116797136811,0.013770011511433753,0.003749862405882931,0.0071361472248364375,0.0019654923114162393,0.004545751037428325,0.011154643917784396,0.03462354598071926,0.006708153214970702,0.0118852714553086,0.02341185715714067,0.03751199941093575,0.07922347978371047,-0.008849793848822451,-0.027071555459542984,0.0206763015390099,0.00813540904943547,0.01627570993231902,0.035546507099474794,0.07467772874635054,-0.020004437766567643,-0.06169510144030969,0.013968148324066502,,,,,,,,,
S3,"H2/CO2=2, CO/CO2=1",725.0,10.0,1.01325,0.0803537066443856,0.08035370664438546,0.0,0.014670661054000389,0.028084372105809458,0.09079094005136519,0.1914108380316495,-0.035081005255670206,-0.10781326610307014,0.0,0.014670661054053125,0.02808437210578829,0.09079094005135235,0.19141083803165815,-0.03508100525568825,-0.10781326610301012,0.0,0.0,0.0,0.0,-1.1709383462843449e-19,0.0,0.0,0.0,,,,,,,,,
S3,"H2/CO2=2, CO/CO2=1",725.0,10.0,5.0,0.21957571127654193,0.28861421123377917,0.06903849995723726,-0.009270395220375288,-0.015649121231189195,-0.013175108207253566,-0.028131430620641214,0.0069420493500428615,0.020822569585939033,-0.013053256188894358,0.004439672653219762,0.0035925042675494234,0.06884894093521776,0.14532775813838605,-0.01199030571145121,-0.034453658172448054,0.002611161983999688,0.013710067873674847,0.019241625498696985,0.08202404914246057,0.17345918875907204,-0.018932355061560338,-0.05527622775841068,0.01566441817288544,,,,,,,,,
S3,"H2/CO2=2, CO/CO2=1",750.0,1.0,1.01325,0.018583396073073195,0.01858339607307291,0.0,0.004100643367419259,0.010119796423212028,0.024788198632558732,0.06746323871390687,-0.010774279661052068,-0.04281599021066429,0.0,0.004100643367388468,0.01011979642321359,0.02478819863249715,0.06746323871391346,-0.010774279661096564,-0.042815990210609556,0.0,0.0,0.0,0.0,0.0,0.0,0.0,0.0,,,,,,,,,
S3,"H2/CO2=2, CO/CO2=1",750.0,1.0,5.0,0.20219070059411132,0.2122575903472086,0.010066889753096211,0.010433226601092027,0.026900492026971784,0.003477674782978446,0.007333598027283589,0.008838002546647516,0.036368150243348135,0.016761514872207506,0.017533638656944128,0.04564968881799192,0.03134777012549217,0.08204403797809068,-0.008595707456959811,-0.02976528186716121,0.028165076647742593,0.007100412055881548,0.018749196791037828,0.027870095342497937,0.074710439950808,-0.017433710003608716,-0.06613343211057557,0.011403561775525668,,,,,,,,,
S3,"H2/CO2=2, CO/CO2=1",750.0,3.0,1.01325,0.05312223980375708,0.05312223980375819,0.0,0.010592538724964705,0.026139262647678456,0.07081711529442931,0.1928463815279096,-0.03186954203313174,-0.1268306239113533,0.0,0.01059253872492949,0.02613926264761479,0.0708171152944248,0.19284638152791966,-0.031869542033194365,-0.12683062391135036,0.0,0.0,0.0,0.0,0.0,0.0,0.0,0.0,,,,,,,,,
S3,"H2/CO2=2, CO/CO2=1",750.0,3.0,5.0,0.21388497570831638,0.26154805593223274,0.04766308022391677,-0.003952542283185839,-0.010459492765772793,-0.009018946009296813,-0.02347227812233496,0.009747808695719645,0.03762658223345622,-0.006896921349646978,0.00575389549067884,0.013862199624251057,0.057314600330168886,0.15413797678348606,-0.010169667485041,-0.04159163397304266,0.008575237601274877,0.009706437773914292,0.02432169239002212,0.06633354633951635,0.1776102549058434,-0.019917476180785973,-0.07921821620657261,0.015472158950939202,,,,,,,,,
S3,"H2/CO2=2, CO/CO2=1",750.0,10.0,1.01325,0.14067926258616453,0.14070429368678827,2.5031100625579505e-05,0.019313438188055254,0.046340468389058365,0.11040406924977195,0.2754952498795295,-0.02503985340538556,-0.06387138550026164,0.0,0.020009570294171608,0.04704549435017025,0.10917128234018969,0.27555224358504493,-0.025133791650241988,-0.06422663256903105,0.0,0.0006961321061192816,0.0007050259611196472,-0.0012327869095042831,5.699370545909217e-05,-9.393824490251136e-05,-0.00035524706873038764,0.0,,,,,,,,,
S3,"H2/CO2=2, CO/CO2=1",750.0,10.0,5.0,0.1865958373554094,0.3467529822850167,0.16015714492960795,-0.009646985903739164,-0.026122711501275205,-0.029611050787291954,-0.07780937842756588,-0.0016855117280181742,-0.011980623466106843,-0.017346982129498034,-0.0010504325320043195,-0.0012019390914524974,0.10302591617205037,0.2743015429041623,-0.0031078694299496723,-0.0026311521602068177,-0.0003638629665347892,0.008596553371754967,0.024920772409857402,0.13263696695932775,0.3521109213317338,-0.001422357701950927,0.009349471305893087,0.016983119162966853,,,,,,,,,
S3,"H2/CO2=2, CO/CO2=1",775.0,1.0,1.01325,0.03761755265763058,0.037617552657632114,0.0,0.007783985850999715,0.02324077843925791,0.048960874494180344,0.04351716677094362,-0.024167326391206015,0.08338783866712746,0.0,0.007783985851037012,0.023240778439209686,0.048960874494174966,0.04354808071508065,-0.0241673263912362,0.08300362788004056,0.0,0.0,0.0,0.0,3.091394413015546e-05,0.0,-0.0003842107870708903,0.0,,,,,,,,,
S3,"H2/CO2=2, CO/CO2=1",775.0,1.0,5.0,0.20445693579819588,0.23860470766328334,0.03414777186508694,0.0006311145576094745,0.0028165654877503055,-0.005633470125105539,-0.018442921720675937,0.009330490148785897,0.04470505892808646,0.001374277720590511,0.010511391139503279,0.026935893750171247,0.044235848627396934,0.1487719939163079,-0.0074898695349323585,-0.03989410560159834,0.015029003373437932,0.009880276581959203,0.024119328262409492,0.04986931875256319,0.16721491563689025,-0.016820359683724848,-0.08459916452970215,0.01365472565286907,,,,,,,,,
S3,"H2/CO2=2, CO/CO2=1",775.0,3.0,1.01325,0.08741382977964329,0.08741382977964796,0.0,0.012663120872660055,0.03788944247281947,0.04432194475081676,0.1465307608537563,0.01753912526962359,0.07885316901547582,0.0,0.012663120872655198,0.03881837899503693,0.04403791604287999,0.145648527513903,0.016606156295934094,0.07858139084326587,0.0,0.0,0.0009289365222613808,-0.00028402870796516937,-0.000882233339855751,-0.000932968973682415,-0.0002717781721927438,0.0,,,,,,,,,
S3,"H2/CO2=2, CO/CO2=1",775.0,3.0,5.0,0.19146496589463105,0.30168516710350857,0.1102202012088791,-0.009104409046530038,-0.029828565562801255,-0.02176719200181268,-0.06855874501161541,0.0024966746559197672,0.006375935140490174,-0.015082389764040638,-0.0013187418770543857,-0.0018822541846513774,0.0835397070067051,0.27091787086168384,-0.00664721313487493,-0.02513295065518506,-0.0016210938205574177,0.007785667169398977,0.027946311378154037,0.10530689900852472,0.3394766158733017,-0.00914388779079088,-0.03150888579563915,0.013461295943520829,,,,,,,,,
S3,"H2/CO2=2, CO/CO2=1",775.0,10.0,1.01325,0.18298533707738618,0.21394001780716676,0.030954680729780613,-0.001785751431804955,-0.006092879642623228,0.005018096415399659,0.020727039015104587,0.016265507952907543,0.0750149910366614,0.0,0.01584045126545308,0.04704428953245521,0.11466273359192203,0.38705021277077867,-0.0033567691774594177,-0.02949417440426816,0.0,0.017626202697221174,0.05313716917512657,0.10964463717656192,0.36632317375567125,-0.0196222771304308,-0.10450916544098315,0.0,,,,,,,,,
S3,"H2/CO2=2, CO/CO2=1",775.0,10.0,5.0,0.14247531381380726,0.4310925146833168,0.28861720086951015,-0.00503442681779806,-0.014575288101736916,-0.037526897263719106,-0.11524530079262893,-0.001372081668345182,-0.014628074021725418,-0.007674902771021286,0.0006859124885183476,0.0004169680089483041,0.12858303823298778,0.41303307822308233,0.0020326297109490854,0.0193935796451411,-0.00015679285496172923,0.005720339306401756,0.014992256110656077,0.16610993549668746,0.528278379015748,0.0034047113793192474,0.03402165366685611,0.007518109916092586,,,,,,,,,
S3,"H2/CO2=2, CO/CO2=1",800.0,1.0,1.01325,0.053421519559696144,0.053432436257258575,1.0916697562693045e-05,0.011641263638066668,0.040420096002528536,0.12012754261295551,0.28217847419591596,-0.07616493228473578,-0.11409625812346791,0.0,0.011644098531277125,0.0404299375660222,0.12019344769477192,0.28266835271103796,-0.07621475893600238,-0.11448292610316269,0.0,2.8348932329762052e-06,9.841563501794423e-06,6.590508183193711e-05,0.0004898785151071996,-4.982665129692687e-05,-0.00038666797972271397,0.0,,,,,,,,,
S3,"H2/CO2=2, CO/CO2=1",800.0,1.0,5.0,0.18945050800173807,0.2669578958172597,0.07750738781552036,-0.007584603663211842,-0.025756365225764605,-0.014938844355586595,-0.05711985506304945,0.003507175035399185,0.020597430369134747,-0.011879110500519485,-0.0006999335037616294,0.0008076134119849865,0.06530777500064477,0.24777452077196502,-0.006440009437222449,-0.034250374512295734,0.0001689020320216894,0.006884670159521683,0.02656397863780996,0.08024661935622825,0.3048943758349767,-0.009947184472640369,-0.05484780488134479,0.012048012532547281,,,,,,,,,
S3,"H2/CO2=2, CO/CO2=1",800.0,3.0,1.01325,0.13656349217538394,0.14066762142712408,0.004104129251740432,0.010435879616262078,0.037092010277955945,0.08894514747729843,0.2872756939044228,-0.020992910538419896,-0.017624518856783344,0.0,0.01722894192441593,0.059400815405408196,0.14940233563279226,0.4969252716749862,-0.05445697150293638,-0.17013479043686275,0.0,0.0067930623081305635,0.022308805127440146,0.060457188155577435,0.20964957777055698,-0.033464060964462194,-0.15251027158009978,0.0,,,,,,,,,
S3,"H2/CO2=2, CO/CO2=1",800.0,3.0,5.0,0.15483626763388492,0.36006268241121675,0.20522641477733433,-0.004273271303630727,-0.02140921407829191,-0.030450083210874918,-0.11883642514532235,-0.003129132153022879,-0.009776777921003538,-0.010099981856390161,-0.004034094268537403,-0.005404212790258156,0.11148510914328613,0.42961952243475987,0.0030958756962545797,0.007125232643101498,-0.002047368592478227,0.00023917703509054866,0.016005001288137144,0.14193519235410554,0.5484559475802022,0.006225007849289255,0.01690201056417928,0.008052613263911934,,,,,,,,,
S3,"H2/CO2=2, CO/CO2=1",800.0,10.0,1.01325,0.14749557953584053,0.2932022176942184,0.1457066381583762,-0.008569642976672537,-0.031883902158372224,-0.034969941824500306,-0.1260262618147462,0.0011416930141831816,-0.0069641666415862225,0.0,0.011816137425407769,0.049014753347254025,0.15288660087539874,0.5572102598019352,-0.02365832469204132,-0.08679086751327836,0.0,0.020385780402112225,0.08089865550564082,0.18785654269989488,0.6832365216167153,-0.024800017706273075,-0.07982670087167203,0.0,,,,,,,,,
S3,"H2/CO2=2, CO/CO2=1",800.0,10.0,5.0,0.1210542144674087,0.49185110145740063,0.3707968869899904,0.002256413811855748,0.007818971212101428,-0.012077126704343813,-0.04213481360908454,0.009594159176658928,0.04896615674283844,0.00359599478995401,-0.0029416023036105132,-0.010202217900331934,0.07701204226211178,0.29012697638223506,-0.00877591662384325,-0.04528367961672275,-0.004693512811122513,-0.005198016115397219,-0.018021189112532587,0.08908916896646635,0.33226178999130745,-0.018370075800482055,-0.09424983635952927,-0.008289507601044743,,,,,,,,,
S3,"H2/CO2=2, CO/CO2=1",825.0,1.0,1.01325,0.0930027987628914,0.0935641570281317,0.0005613582652383504,0.009883836738090387,0.04775766178720665,0.0669415227622535,0.3033267012830843,-0.0049039861219370845,-0.10073486146798503,0.0,0.012125770303428318,0.0545972950277862,0.08335453803921533,0.3720679139309957,-0.014656479657376709,-0.16821765258702992,0.0,0.0022419335652989454,0.006839633240643522,0.016413015276832355,0.06874121264797774,-0.00975249353550144,-0.06748279111904003,0.0,,,,,,,,,
S3,"H2/CO2=2, CO/CO2=1",825.0,1.0,5.0,0.16011956258066606,0.30403147416592824,0.1439119115852622,-0.007373063290751908,-0.02816840575289442,-0.026042481346554708,-0.1077750305427734,0.0004449997535772854,-0.005596688854857951,-0.011462134373892985,-0.0009151867622375631,-0.005738265577662216,0.09131138475667044,0.3916975217096108,-0.0009549475363551663,-0.000494012284230072,-0.0023169077738571797,0.006457876528474793,0.02243014017525788,0.11735386610316825,0.4994725522524036,-0.0013999472898665322,0.005102676570663267,0.009145226600058287,,,,,,,,,
S3,"H2/CO2=2, CO/CO2=1",825.0,3.0,1.01325,0.13919363864015072,0.20550167677880649,0.06630803813865745,-0.0025730462283171662,-0.009518042049948272,-0.010819150002482764,-0.04680801524684433,0.01138801190348343,0.07334897935346724,0.0,0.015265106128503625,0.05509733719175348,0.12046238474626991,0.5354170119677787,-0.014083778517542944,-0.12268240075799242,0.0,0.0178381523568083,0.06461537924174476,0.1312815347487322,0.5822250272146013,-0.02547179042101562,-0.19603138011142338,0.0,,,,,,,,,
S3,"H2/CO2=2, CO/CO2=1",825.0,3.0,5.0,0.12358425859648056,0.4234904638981235,0.29990620530164175,-0.001303152937669541,-0.003116068782189549,-0.022759765025125514,-0.10862928975484688,0.0004706860687674064,0.01966202450019994,-0.0012892924787055726,-0.0017021267376376992,-0.005740380440769077,0.11023948255843852,0.48297016218630806,-0.000577650527461282,-0.015214074935548938,-0.00231419550438261,-0.0003989737999948728,-0.0026243116585847326,0.1329992475835498,0.5915994519411161,-0.0010483365961905244,-0.03487609943575304,-0.0010249030256825886,,,,,,,,,
S3,"H2/CO2=2, CO/CO2=1",825.0,10.0,1.01325,0.10382038483941042,0.351468162163442,0.24764777732403048,-0.008323836517008451,-0.03133257303580134,-0.018351956092859875,-0.07775604698971629,-0.0036800444181323694,-0.02291922220488199,0.0,0.008561677413984614,0.02971948838891847,0.08854403266745081,0.37759426697776544,-0.0009689724713518588,-0.006062109362825474,0.0,0.016885513930956636,0.061052061424705234,0.10689598876024164,0.4553503139674355,0.002711071946797511,0.01685711284208566,0.0,,,,,,,,,
S3,"H2/CO2=2, CO/CO2=1",825.0,10.0,5.0,0.12997329316549025,0.4831164227932727,0.3531431296277816,0.00208643029022057,0.008192197794831824,0.0069214077473012114,0.0297038121928786,0.014391514162291619,0.09019002185306838,0.003331787696229105,-0.0019005837413460513,-0.007464474976193181,0.008754220453444095,0.03847498908181868,-0.012577438129368623,-0.07882802578670077,-0.003035850214462288,-0.003987014031536784,-0.015656672771055535,0.0018328127061317812,0.008771176889005305,-0.026968952291697712,-0.16901804763983924,-0.0063676379106852865,,,,,,,,,
S3,"H2/CO2=2, CO/CO2=1",850.0,1.0,1.01325,0.11068216427783978,0.1392228436745262,0.02854067939668408,0.004092591984076674,0.01855505505420664,0.007554662630311626,0.04235909797665818,0.02076317420440857,0.14256644747644398,0.0,0.012759567898623647,0.05853753317112409,0.09896238152797276,0.48581950795381634,-0.013017905321086043,-0.10718283374469562,0.0,0.008666975914565014,0.03998247811693853,0.09140771889775047,0.4434604099771618,-0.03378107952550554,-0.24974928122114637,0.0,,,,,,,,,
S3,"H2/CO2=2, CO/CO2=1",850.0,1.0,5.0,0.12954344325897618,0.3511592373072675,0.22161579404829027,-0.003383390215026122,-0.014746603191241605,-0.02789986809104486,-0.13061430855076106,0.0003092755449830842,-0.0007006703572016992,-0.005405748290175649,-0.0007096242439441625,-0.0030896888573161974,0.10889667585858298,0.5182613151999332,6.893911873862013e-05,0.0026341333472207355,-0.0011328050155967606,0.0026737659710188155,0.011656914334024632,0.1367965439496452,0.6488756237507838,-0.00024033642621323903,0.0033348037044071688,0.004272943274585828,,,,,,,,,
S3,"H2/CO2=2, CO/CO2=1",850.0,3.0,1.01325,0.10701630769941228,0.2591853053175809,0.15216899761816793,-0.005776111546003729,-0.024764597883234624,-0.019541819355686774,-0.09852281782201863,-0.0033056258522876775,-0.02176433894708549,0.0,0.009413927473611583,0.040680420778793636,0.10523648872338975,0.5207318042148967,-0.006652089052813781,-0.04963208872754421,0.0,0.015190039019644802,0.06544501866200952,0.12477830807908069,0.6192546220369216,-0.0033464632006270645,-0.027867749780500356,0.0,,,,,,,,,
S3,"H2/CO2=2, CO/CO2=1",850.0,3.0,5.0,0.11457248962550283,0.4469695289119243,0.33239703928642284,0.0007708364962867587,0.003354169349634867,-0.0026355959613800356,-0.012697767820541925,0.012789807689308347,0.08888465696710313,0.0012299003035722011,-0.0011214219555827354,-0.004885108886307221,0.052704395892433364,0.25237706732049725,-0.01129823424861065,-0.07851717545330206,-0.0017909261940485255,-0.0018922584518521468,-0.008239278235959435,0.055339991853686765,0.2650748351410742,-0.0240880419379072,-0.1674018324204135,-0.0030208264976100407,,,,,,,,,
S3,"H2/CO2=2, CO/CO2=1",850.0,10.0,1.01325,0.08267083771786282,0.3424040183874645,0.2597331806696023,-0.005098822197100242,-0.021916469825631127,0.00041472430151699713,0.0012406311170481271,-0.0006355648124328067,-0.004419885474448229,0.0,0.0013990549376036165,0.005746886677943097,0.01812085841650657,0.08690067866712059,0.0005675324983633878,0.004893625049234852,0.0,0.006497877134767349,0.02766335650358914,0.01770613411496008,0.08566004755015955,0.0012030973107632348,0.009313510523670243,0.0,,,,,,,,,
S3,"H2/CO2=2, CO/CO2=1",850.0,10.0,5.0,0.1331432368473044,0.4526627950882629,0.31951955824096057,0.0002538402262913797,0.0011060318748812303,0.0014846519744544928,0.00714975708093618,0.0031404817874967905,0.02224932742745378,0.0004054654842922112,-0.00017610548578572693,-0.0007676492141756031,-0.00017250411331881654,-0.0006915479087460374,-0.0022120999273317343,-0.015716233269177926,-0.00028139617310074527,-0.00042994571208265775,-0.0018736810890762625,-0.0016571560878100855,-0.007841304989621156,-0.0053525817148875054,-0.03796556069650958,-0.0006868616574190467,,,,,,,,,
S3,"H2/CO2=3, CO/CO2=1",600.0,1.0,1.01325,0.00020620583559779392,0.00020620583559705086,0.0,9.079234799277649e-05,-0.0001400103857100715,0.00012877342695638758,-0.00021845754284361606,-1.3419585929947764e-05,3.3123700138738816e-05,0.0,9.079234804532099e-05,-0.00014001038570743418,0.00012877342696060445,-0.00021845754281379914,-1.3419585970231296e-05,3.312370014663113e-05,0.0,0.0,0.0,0.0,0.0,0.0,0.0,0.0,,,,,,,,,
S3,"H2/CO2=3, CO/CO2=1",600.0,1.0,5.0,0.04449403172566088,0.04449403172566213,0.0,0.0359686024382206,-0.055462604546187635,0.003056961371981047,-0.005185967785380392,-0.0025474145801524656,0.006287769365523854,0.05742362385868616,0.03596860243822164,-0.055462604546202554,0.0030569613719499955,-0.005185967785459322,-0.002547414580125751,0.006287769365534435,0.05742362385868782,0.0,0.0,0.0,0.0,1.829591166069289e-21,-1.829591166069289e-21,0.0,,,,,,,,,
S3,"H2/CO2=3, CO/CO2=1",600.0,3.0,1.01325,0.0006181584797554886,0.0006181584797566586,3.6591823321385777e-23,0.0002718043773484427,-0.0004191478735825004,0.00038592615020130417,-0.0006547038442434976,-4.0209490967385705e-05,9.924949155438565e-05,0.0,0.0002718043773941581,-0.00041914787359265127,0.00038592615013710585,-0.0006547038442883402,-4.020949094796222e-05,9.924949158635067e-05,0.0,0.0,0.0,0.0,0.0,9.147955830346444e-22,0.0,0.0,,,,,,,,,
S3,"H2/CO2=3, CO/CO2=1",600.0,3.0,5.0,0.09878072088358934,0.09878072088358802,0.0,0.059804006508454646,-0.09221234688505907,0.0061056718570640794,-0.010357942040474175,-0.004782564443657142,0.011804783277273578,0.09543407808555837,0.05980400650847095,-0.09221234688493452,0.006105671857067896,-0.010357942040420398,-0.004782564443639448,0.01180478327722223,0.09543407808554782,0.0,0.0,0.0,0.0,0.0,0.0,0.0,,,,,,,,,
S3,"H2/CO2=3, CO/CO2=1",600.0,10.0,1.01325,0.002055192006240303,0.002055192006238271,1.463672932855431e-22,0.0008993770825019157,-0.0013869218789561025,0.0012818386026965654,-0.002174571313542516,-0.00013345967460416577,0.0003294198237383146,0.0,0.0008993770824944347,-0.001386921878876457,0.001281838602654184,-0.002174571313542928,-0.00013345967465328012,0.0003294198236719614,0.0,0.0,3.659182332138578e-21,0.0,0.0,0.0,3.659182332138578e-21,0.0,,,,,,,,,
S3,"H2/CO2=3, CO/CO2=1",600.0,10.0,5.0,0.17859737234978318,0.17859737234978068,0.0,0.06310934611626975,-0.09730960721861874,0.010201159686672179,-0.01730591477846835,-0.006744105459381006,0.016646998458904466,0.10071681569608859,0.06310934611629404,-0.09730960721860972,0.010201159686681893,-0.01730591477847876,-0.0067441054593636585,0.016646998458966222,0.10071681569607804,0.0,0.0,-1.463672932855431e-20,0.0,0.0,0.0,0.0,,,,,,,,,
S3,"H2/CO2=3, CO/CO2=1",625.0,1.0,1.01325,0.000511196584237082,0.0005111965842390376,0.0,0.00021483056189082396,-0.0001589994027317897,0.00034027121175711885,-0.0002770225268043696,-4.431386470541061e-05,5.247957345612614e-05,0.0,0.00021483056187876493,-0.00015899940276897784,0.00034027121179891484,-0.00027702252679007167,-4.4313864691614135e-05,5.2479573450781025e-05,0.0,9.147955830346444e-22,0.0,0.0,0.0,0.0,0.0,0.0,,,,,,,,,
S3,"H2/CO2=3, CO/CO2=1",625.0,1.0,5.0,0.08514864982087002,0.08514864982087023,0.0,0.05583863841062582,-0.04132858195638918,0.006955130576548688,-0.005662331910558788,-0.0057756736475261805,0.006839952303122968,0.08911191182567474,0.055838638410588004,-0.04132858195649847,0.006955130576444257,-0.005662331910605278,-0.005775673647467894,0.006839952303125396,0.08911191182569667,0.0,0.0,0.0,0.0,0.0,0.0,0.0,,,,,,,,,
S3,"H2/CO2=3, CO/CO2=1",625.0,3.0,1.01325,0.0015308723308979405,0.0015308723308985472,0.0,0.0006412448523350641,-0.0004745953313210229,0.0010182478634777393,-0.0008289788263726618,-0.00013255500647762716,0.0001569808951197571,0.0,0.000641244852406242,-0.00047459533131510856,0.0010182478635045733,-0.0008289788262866303,-0.00013255500647402219,0.00015698089509685875,0.0,0.0,0.0,0.0,0.0,0.0,0.0,0.0,,,,,,,,,
S3,"H2/CO2=3, CO/CO2=1",625.0,3.0,5.0,0.15641293404904835,0.1564129340490501,0.0,0.06570883065222313,-0.048634021551366424,0.011456557316667088,-0.009327027477278038,-0.008565754436447998,0.01014418449821336,0.10485752568163309,0.06570883065219468,-0.04863402155131091,0.011456557316730231,-0.009327027477293304,-0.008565754436484774,0.010144184498087072,0.10485752568163975,0.0,0.0,0.0,0.0,0.0,0.0,0.0,,,,,,,,,
S3,"H2/CO2=3, CO/CO2=1",625.0,10.0,1.01325,0.005071467357100229,0.005071467357100401,0.0,0.0021001880739901675,-0.001554383733481479,0.0033644770037603118,-0.002739098665799442,-0.0004373910558312568,0.0005179890185320109,0.0,0.0021001880738918954,-0.0015543837335069146,0.0033644770037116745,-0.0027390986657549465,-0.00043739105578810555,0.0005179890185974534,0.0,0.0,0.0,0.0,0.0,0.0,0.0,0.0,,,,,,,,,
S3,"H2/CO2=3, CO/CO2=1",625.0,10.0,5.0,0.2344541290286447,0.2344541290286445,1.1709383462843449e-21,0.05176495796372707,-0.03831321878783739,0.018236280247484887,-0.014846405267599644,-0.010920998410383215,0.012933599946043234,0.08262906113917778,0.05176495796375691,-0.03831321878789984,0.018236280247502235,-0.014846405267676667,-0.010920998410379745,0.012933599946110541,0.08262906113916335,0.0,-2.927345865710862e-20,0.0,0.0,2.927345865710862e-20,0.0,0.0,,,,,,,,,
S3,"H2/CO2=3, CO/CO2=1",650.0,1.0,1.01325,0.0011921450107761826,0.0011921450107761355,0.0,0.0004786704698238624,0.0,0.0008472181515237339,0.0,-0.00013601074920410934,0.0,0.0,0.0004786704698250821,0.0,0.0008472181514451727,0.0,-0.00013601074915770006,0.0,0.0,0.0,0.0,0.0,0.0,0.0,0.0,0.0,,,,,,,,,
S3,"H2/CO2=3, CO/CO2=1",650.0,1.0,5.0,0.13705510989361042,0.13705510989361158,2.927345865710862e-22,0.0662036707369168,0.0,0.013138642518020077,0.0,-0.010658575896453637,0.0,0.10564310137469057,0.06620367073686961,0.0,0.013138642517987464,0.0,-0.010658575896405065,0.0,0.10564310137466504,0.0,0.0,-7.318364664277155e-21,0.0,0.0,0.0,0.0,,,,,,,,,
S3,"H2/CO2=3, CO/CO2=1",650.0,3.0,1.01325,0.0035622019340479827,0.0035622019340459943,0.0,0.0014197616667037827,0.0,0.0025269052818602754,0.0,-0.0004053902555672842,0.0,0.0,0.0014197616667877,0.0,0.0025269052818466253,0.0,-0.0004053902556394595,0.0,0.0,0.0,0.0,0.0,0.0,0.0,0.0,0.0,,,,,,,,,
S3,"H2/CO2=3, CO/CO2=1",650.0,3.0,5.0,0.2118109977160725,0.21181099771607093,0.0,0.058651973193175194,0.0,0.019896111258024818,0.0,-0.013985327025791555,0.0,0.0936142400386869,0.058651973193196705,0.0,0.019896111258013716,0.0,-0.013985327025831107,0.0,0.09361424003866303,0.0,0.0,0.0,0.0,0.0,0.0,0.0,,,,,,,,,
S3,"H2/CO2=3, CO/CO2=1",650.0,10.0,1.01325,0.011710955929606148,0.011710955929607247,0.0,0.004549425055214683,0.0,0.00825415573504607,0.0,-0.00132123624342847,0.0,0.0,0.004549425055272449,0.0,0.008254155734960245,0.0,-0.0013212362433595581,0.0,0.0,0.0,0.0,0.0,0.0,0.0,0.0,0.0,,,,,,,,,
S3,"H2/CO2=3, CO/CO2=1",650.0,10.0,5.0,0.2830378099777633,0.28303780997776407,0.0,0.040316838530811416,0.0,0.03638122640403779,0.0,-0.021331953934976278,0.0,0.0643666180402902,0.040316838530837784,0.0,0.03638122640406971,0.0,-0.02133195393496934,0.0,0.06436661804028465,0.0,0.0,0.0,0.0,0.0,0.0,0.0,,,,,,,,,
S3,"H2/CO2=3, CO/CO2=1",675.0,1.0,1.01325,0.002634754375659328,0.0026347543756591874,0.0,0.001010662934698822,0.000692596133542475,0.0020048751855576328,0.0015112752793767386,-0.0003917312130374156,-0.00042954505772287117,0.0,0.0010106629347028662,0.0006925961335058073,0.00200487518551562,0.0015112752793922102,-0.0003917312130174988,-0.000429545057809011,0.0,0.0,0.0,0.0,0.0,0.0,0.0,0.0,,,,,,,,,
S3,"H2/CO2=3, CO/CO2=1",675.0,1.0,5.0,0.19085169044413505,0.19085169044413564,0.0,0.06400779160423836,0.0438656475581202,0.022729786772696103,0.017133388382893633,-0.017808683141797704,-0.019527931471058357,0.10215412145095526,0.064007791604212,0.043865647558125054,0.022729786772685,0.01713338838288947,-0.017808683141737336,-0.019527931471019503,0.1021541214509547,0.0,0.0,0.0,0.0,0.0,0.0,5.854691731421724e-21,,,,,,,,,
S3,"H2/CO2=3, CO/CO2=1",675.0,3.0,1.01325,0.007837460652822143,0.00783746065282176,0.0,0.00295944491723358,0.0020280783614490478,0.005938742532034832,0.00447662938719126,-0.0011592709153857537,-0.0012711753999224053,0.0,0.002959444917235987,0.0020280783614462505,0.005938742532066166,0.004476629387248354,-0.0011592709153379621,-0.0012711753999333775,0.0,0.0,-1.463672932855431e-20,-1.463672932855431e-20,0.0,0.0,0.0,0.0,,,,,,,,,
S3,"H2/CO2=3, CO/CO2=1",675.0,3.0,5.0,0.26186156956841705,0.2618615695684189,0.0,0.04891485848486643,0.03352182694123934,0.03829679984036355,0.028865035936602442,-0.026348991019169155,-0.028894005069610148,0.07809075866737403,0.04891485848489974,0.0335218269412102,0.03829679984040102,0.02886503593655387,-0.02634899101915389,-0.02889400506959905,0.07809075866740955,0.0,0.0,0.0,0.0,-2.927345865710862e-20,0.0,1.1709383462843448e-20,,,,,,,,,
S3,"H2/CO2=3, CO/CO2=1",675.0,10.0,1.01325,0.025374343344845965,0.025374343344848005,0.0,0.009078010343920636,0.00622110492001877,0.018945031423899753,0.014280828061352582,-0.0036877696385961313,-0.004043749972461406,0.0,0.009078010344040766,0.006221104919978959,0.0189450314238504,0.014280828061424831,-0.0036877696386827807,-0.00404374997232948,0.0,0.0,0.0,0.0,0.0,0.0,0.0,0.0,,,,,,,,,
S3,"H2/CO2=3, CO/CO2=1",675.0,10.0,5.0,0.32424142003141193,0.32426062306139536,1.9203029982314004e-05,0.024388241699595248,0.014220611579295049,0.03837204353928092,0.02929815740609215,-0.010876631436335105,-0.012898451430820579,0.03776301983185959,0.024286525443686924,0.014471450058792247,0.038311830054946205,0.029010476389357276,-0.011355588437039765,-0.012722219760816222,0.03777133371861474,-0.00010171625586569894,0.00025083847948481825,-6.0213484329702863e-05,-0.00028768101674924026,-0.00047895700064276656,0.00017623167005183073,8.313886777189441e-06,,,,,,,,,
S3,"H2/CO2=3, CO/CO2=1",700.0,1.0,1.01325,0.005552758688917999,0.005552758688918358,0.0,0.002030870211638773,0.0026842758247563056,0.004541971746941254,0.006604458050462062,-0.0010674766557588686,-0.0022586152689825414,0.0,0.0020308702116583754,0.002684275824746396,0.004541971746982454,0.00660445805051868,-0.0010674766556723059,-0.0022586152689380024,0.0,0.0,0.0,0.0,0.0,0.0,0.0,0.0,,,,,,,,,
S3,"H2/CO2=3, CO/CO2=1",700.0,1.0,5.0,0.2422397550971247,0.24223975509712337,0.0,0.05728918176281586,0.07571800500900186,0.04348017515708666,0.06324717081413397,-0.033674312311687826,-0.0713324941826389,0.09145823351767723,0.05728918176282072,0.07571800500901227,0.04348017515714009,0.06324717081406528,-0.03367431231166562,-0.07133249418267706,0.09145823351767168,0.0,0.0,0.0,0.0,0.0,0.0,0.0,,,,,,,,,
S3,"H2/CO2=3, CO/CO2=1",700.0,3.0,1.01325,0.016374734858164347,0.016374734858164985,0.0,0.005802258927661581,0.007669023327385847,0.013273355487463095,0.019300612968164033,-0.0031172179171936286,-0.006595547367054672,0.0,0.0058022589276951475,0.00766902332735575,0.013273355487458671,0.01930061296819552,-0.0031172179171923275,-0.006595547367066468,0.0,0.0,0.0,0.0,0.0,0.0,0.0,0.0,,,,,,,,,
S3,"H2/CO2=3, CO/CO2=1",700.0,3.0,5.0,0.3015380301852362,0.30155345841864223,1.5428233406243526e-05,0.030688189097950735,0.04187389013244058,0.032723924898067636,0.044728406895507,-0.011513795278704497,-0.0232321313990258,0.04865001540548641,0.030646900365075003,0.04172026936967721,0.03299770087309417,0.04486920343110268,-0.01151379527867813,-0.023191683497425505,0.0488003168811002,-4.128873291146537e-05,-0.0001536207627246842,0.00027377597497112345,0.0001407965356097402,0.0,4.044790159449202e-05,0.0001503014756319544,,,,,,,,,
S3,"H2/CO2=3, CO/CO2=1",700.0,10.0,1.01325,0.05150945572992752,0.05150945572992849,0.0,0.016410430055672012,0.021689874503725247,0.04044727714497213,0.058812746618475825,-0.009491901420472827,-0.02008337478926446,0.0,0.01641043005563836,0.021689874503780238,0.04044727714503371,0.05881274661851954,-0.009491901420483062,-0.020083374789395255,0.0,0.0,0.0,0.0,0.0,0.0,0.0,0.0,,,,,,,,,
S3,"H2/CO2=3, CO/CO2=1",700.0,10.0,5.0,0.34976508789558564,0.3638868836637077,0.014121795768122312,-0.0017079138197276245,-0.0026617193782815796,0.007563983140904118,0.01102628790696919,0.01194177925018386,0.025143392924605046,-0.0023137701025099933,0.01169301990919247,0.015294171411400768,0.05230778167553407,0.07615997749194081,-0.012330679904340447,-0.024674063140747715,0.019019052226085797,0.013400933729025436,0.017955890789695058,0.04474379853460788,0.06513368958495146,-0.024272459154481934,-0.049817456065298554,0.021332822328638604,,,,,,,,,
S3,"H2/CO2=3, CO/CO2=1",725.0,1.0,1.01325,0.011214925575450134,0.011214925575450452,0.0,0.0038917011091757145,0.007450494703125201,0.009908671224284843,0.0208766716834995,-0.0027721085766663385,-0.008503600753583104,0.0,0.0038917011091293974,0.007450494703145627,0.009908671224234666,0.020876671683531245,-0.002772108576695742,-0.008503600753625995,0.0,0.0,0.0,0.0,0.0,0.0,0.0,0.0,,,,,,,,,
S3,"H2/CO2=3, CO/CO2=1",725.0,1.0,5.0,0.28048406994713176,0.28049319477720835,9.124830076570384e-06,0.03919505357399544,0.07426624497881978,0.03000634840561872,0.061838620209050954,-0.013925987090322722,-0.037439107129139115,0.061918586833163425,0.03929190031533303,0.07412996361911284,0.02996258794812079,0.06185316197663826,-0.014162208252518904,-0.037440953863907,0.061989867689262734,9.684674133144698e-05,-0.000136281359756092,-4.3760457557043396e-05,1.4541767607760909e-05,-0.00023622116227749594,-1.846734839449696e-06,7.128085611561656e-05,,,,,,,,,
S3,"H2/CO2=3, CO/CO2=1",725.0,3.0,1.01325,0.03255123497526543,0.03255123497526691,0.0,0.010635632588130127,0.020360864292147743,0.028243309973290283,0.05950398320843445,-0.007912211201428938,-0.024271259645811467,0.0,0.010635632588140709,0.020360864292115477,0.02824330997332758,0.0595039832085087,-0.007912211201474562,-0.024271259645902706,0.0,-5.854691731421724e-20,0.0,5.854691731421724e-20,0.0,0.0,0.0,0.0,,,,,,,,,
S3,"H2/CO2=3, CO/CO2=1",725.0,3.0,5.0,0.33059720494046235,0.3386980536970763,0.00810084875661527,0.006340532663999532,0.014149938219243374,0.011008331842125851,0.023807231650462002,0.009924275836263596,0.030680903899339695,0.012107243432737946,0.017085244345832473,0.03551576973720716,0.04302005192916847,0.09101779978992752,-0.010278068206487356,-0.031297961991186285,0.029972917570110225,0.010744711681815811,0.021365831517948106,0.03201172008705133,0.0672105681394174,-0.02020234404276648,-0.061978865890469255,0.01786567413737814,,,,,,,,,
S3,"H2/CO2=3, CO/CO2=1",725.0,10.0,1.01325,0.09737821259200646,0.09737821259200774,0.0,0.02622491718301083,0.050201393947705425,0.07933811257352687,0.16713335874453603,-0.022489935465168365,-0.06899203829028693,0.0,0.026224917182948726,0.050201393947660315,0.07933811257349599,0.1671333587445284,-0.022489935465166977,-0.06899203829021094,0.0,0.0,0.0,0.0,0.0,0.0,0.0,0.0,,,,,,,,,
S3,"H2/CO2=3, CO/CO2=1",725.0,10.0,5.0,0.3379179594206042,0.4088313933858795,0.07091343396527575,-0.01307962316280803,-0.02446080789134941,-0.014634368486704519,-0.029600781369959472,0.008799712137630422,0.027451102817024897,-0.02052298922230633,0.005303325717037621,0.008501083835135703,0.08008830118670374,0.1674742648354377,-0.012555751350187827,-0.04190973258757502,0.0070570646724876784,0.018382948879822406,0.03296189172651842,0.09472266967339923,0.19707504620541003,-0.021355463487832474,-0.06936083540463982,0.027580053894784573,,,,,,,,,
S3,"H2/CO2=3, CO/CO2=1",750.0,1.0,1.01325,0.021788936269366035,0.021788936269364068,0.0,0.007108397204821926,0.017542265374121454,0.020917277915343414,0.056848113296785116,-0.006909524812741957,-0.027369785762244164,0.0,0.007108397204802497,0.01754226537416803,0.02091727791528608,0.0568481132967702,-0.006909524812831469,-0.027369785762276777,0.0,0.0,0.0,0.0,0.0,0.0,0.0,0.0,,,,,,,,,
S3,"H2/CO2=3, CO/CO2=1",750.0,1.0,5.0,0.31033735894495257,0.31577852450300137,0.005441165558050299,0.015499601850611777,0.038491533665159505,0.012203245706404742,0.034636322225732596,0.006134062387755379,0.025659452993437307,0.024692280977529624,0.0242542869621859,0.060658695123871904,0.03630496778347092,0.1003811651103581,-0.0112012916974491,-0.04028772646987033,0.03891243915693399,0.00875468511158672,0.022167161458747735,0.02410172207717241,0.06574484288461815,-0.017335354085150682,-0.06594717946324823,0.014220158179419958,,,,,,,,,
S3,"H2/CO2=3, CO/CO2=1",750.0,3.0,1.01325,0.061542615635391464,0.061542615635391096,0.0,0.018044675845317777,0.04452711417193677,0.05717217684825422,0.1553629224605663,-0.019071417762709687,-0.07555184881245149,0.0,0.018044675845291236,0.04452711417195776,0.05717217684828302,0.1553629224606945,-0.019071417762697718,-0.07555184881243848,0.0,0.0,0.0,0.0,0.0,0.0,0.0,0.0,,,,,,,,,
S3,"H2/CO2=3, CO/CO2=1",750.0,3.0,5.0,0.3284659694785737,0.3747417920659968,0.04627582258742291,-0.008833722060784532,-0.021350485293031296,-0.008107778028305923,-0.02053805922713481,0.012768226219252166,0.04919614713173038,-0.013797513527517014,0.007818762258121614,0.01915710017749428,0.06585649349634126,0.17664019489331828,-0.013342355933917971,-0.04939519359908051,0.012221864863144472,0.016652484318933035,0.040507585470556454,0.07396427152466678,0.19717825412044546,-0.026110582153223393,-0.09859134073078019,0.026019378390667314,,,,,,,,,
S3,"H2/CO2=3, CO/CO2=1",750.0,10.0,1.01325,0.17035345032071253,0.17035345032071203,0.0,0.037121159128856995,0.0915883146502608,0.14358157020240223,0.3901875472197135,-0.05111534213502675,-0.20270427092129797,0.0,0.03712115912882785,0.09158831465028161,0.1435815702024973,0.39018754721970583,-0.05111534213498026,-0.20270427092118903,0.0,0.0,0.0,0.0,0.0,0.0,0.0,0.0,,,,,,,,,
S3,"H2/CO2=3, CO/CO2=1",750.0,10.0,5.0,0.2979183425869817,0.47353608450732987,0.17561774192034973,-0.010972281731909395,-0.02974883309062176,-0.034204809118533464,-0.09093395270046573,0.004413027175399764,0.015439867782998662,-0.018876381017752797,-0.001959962972486462,0.0009710763714698701,0.11915642210300059,0.32008391375243916,-0.007661913770734552,-0.028074761114102453,0.0006200727957195173,0.009012318759467342,0.030719909462109674,0.15336123122147508,0.4110178664528973,-0.01207494094613154,-0.04351462889711014,0.019496453813500625,,,,,,,,,
S3,"H2/CO2=3, CO/CO2=1",775.0,1.0,1.01325,0.04083961550185088,0.040839615501853554,0.0,0.012356888392240153,0.0368923252783997,0.042990344034223374,0.14153294346607673,-0.016714045862906667,-0.08036206870014155,0.0,0.012356888392259235,0.036892325278314875,0.042990344034193884,0.1415329434661633,-0.016714045862936677,-0.08036206870015161,0.0,0.0,0.0,0.0,0.0,0.0,0.0,0.0,,,,,,,,,
S3,"H2/CO2=3, CO/CO2=1",775.0,1.0,5.0,0.313821745285564,0.3457550453312579,0.03193330004569364,-0.0031417506303338394,-0.00820332782415778,-0.003806524261712463,-0.012244271382670646,0.012523939363950909,0.05825761493393894,-0.0042403373076721484,0.009911012013535947,0.03352359025234064,0.05294691987822453,0.1723394324400468,-0.010177972099678634,-0.051281336515129894,0.017862186737835906,0.013052762643851572,0.041726918076583075,0.05675344414000569,0.18458370382274755,-0.022701911463667707,-0.10953895144909677,0.022102524045490117,,,,,,,,,
S3,"H2/CO2=3, CO/CO2=1",775.0,3.0,1.01325,0.11064730870222673,0.11064730870222816,0.0,0.02841755754633274,0.08482852278336381,0.11155252476092864,0.36731497209613606,-0.04512977676490622,-0.21727351157327102,0.0,0.028417557546361882,0.08482852278334785,0.11155252476099664,0.3673149720960861,-0.045129776764885055,-0.21727351157321273,0.0,0.0,0.0,0.0,0.0,0.0,0.0,0.0,,,,,,,,,
S3,"H2/CO2=3, CO/CO2=1",775.0,3.0,5.0,0.29906394897547656,0.4177623419547668,0.1186983929792892,-0.01311508859372923,-0.03946987283467013,-0.023126508739396145,-0.07981825189169595,0.006704838388897627,0.038194968797718165,-0.021071546273086494,-0.0007080503571454955,-0.0010879363500387873,0.09375093011073643,0.3170514011126002,-0.0071168602171212125,-0.0490348776400612,0.0003374028321878608,0.012407038236560836,0.03838193648467887,0.11687743885012113,0.39686965300429095,-0.01382169860597686,-0.08722984643774988,0.02140894910527158,,,,,,,,,
S3,"H2/CO2=3, CO/CO2=1",775.0,10.0,1.01325,0.2681803774739132,0.26824257942523966,6.220195132597185e-05,0.03565486141631491,0.10885989452455863,0.17111843624505463,0.5268881266367224,-0.046964945722179074,-0.211910316977669,0.0,0.03680480198489933,0.1155008985181033,0.1778053188032258,0.5763689597812011,-0.048414690990172815,-0.2337148562588237,0.0,0.0011499405685728218,0.00664100399351066,0.00668688255821894,0.049480833144502294,-0.0014497452679590502,-0.021804539281249175,0.0,,,,,,,,,
S3,"H2/CO2=3, CO/CO2=1",775.0,10.0,5.0,0.261325420710724,0.5486069895473007,0.28728156883657546,0.0002769316197512306,0.0014616018172583511,-0.03082101218700173,-0.10134928064292337,0.010849557196805637,0.054020387762987454,0.0004327639868001443,-0.005313345570534533,-0.0109408949906048,0.12156098605625165,0.396568519786461,-0.010695193284351867,-0.050891941930603084,-0.005903944939424921,-0.00559027719035099,-0.012402496807868701,0.15238199824330612,0.49791780042932327,-0.021544750481158892,-0.10491232969357807,-0.006336708926194534,,,,,,,,,
S3,"H2/CO2=3, CO/CO2=1",800.0,1.0,1.01325,0.07420108525624292,0.07420108525624036,0.0,0.02065151867467231,0.07168081789385022,0.08794764803092547,0.3376975155474106,-0.0406531835046936,-0.22903405669473695,0.0,0.02065151867469972,0.07168081789386549,0.08794764803089772,0.3376975155474887,-0.040653183504704704,-0.22903405669474908,0.0,-1.1709383462843449e-19,0.0,0.0,0.0,0.0,0.0,0.0,,,,,,,,,
S3,"H2/CO2=3, CO/CO2=1",800.0,1.0,5.0,0.2919601096898997,0.3738395531701797,0.08187944348027847,-0.01212758522171481,-0.0409310403247265,-0.01673406518468562,-0.06539613523822152,0.008760648846387054,0.0517686415148516,-0.019384963610784567,-0.0004881198956446786,-0.0012643452379279552,0.07448644254540449,0.290711107934602,-0.007721446425826284,-0.05441789374486527,0.00046648419058437085,0.011639465326057988,0.03966669508680236,0.09122050773002974,0.3561072431727711,-0.016482095272231725,-0.10618653525966312,0.019851447801375738,,,,,,,,,
S3,"H2/CO2=3, CO/CO2=1",800.0,3.0,1.01325,0.18054359228870936,0.18056429153205344,2.0699243342586044e-05,0.028964685553327374,0.10553908953738478,0.12016285721611342,0.4372105104127312,-0.0226148962061197,-0.11790682357252363,0.0,0.030491265718551874,0.1056551109752446,0.1201881082642492,0.43731184514631816,-0.023681939155706377,-0.1171783311311958,0.0,0.0015265801652374934,0.00011602143786731166,2.5251048208771982e-05,0.00010133473357123196,-0.00106704294952925,0.0007284924412656705,0.0,,,,,,,,,
S3,"H2/CO2=3, CO/CO2=1",800.0,3.0,5.0,0.2627159758591901,0.47490700439997935,0.2121910285407892,-0.003615057656536358,-0.01826707804008093,-0.03301752091902782,-0.12532101952609925,0.010898681646621944,0.05941366243977092,-0.0075628504592661905,-0.002024632445865593,-0.0023418282611653574,0.12398694086022954,0.47102173894062177,-0.010509411960119008,-0.05664942446654275,-0.0021658290948800563,0.001590425210633989,0.015925249778942635,0.15700446177921643,0.5963427584667641,-0.021408093606746503,-0.1160630869063449,0.005397021364405286,,,,,,,,,
S3,"H2/CO2=3, CO/CO2=1",800.0,10.0,1.01325,0.2537177893362856,0.36053776974968543,0.10681998041340225,-0.01968746602048349,-0.06746470029336121,-0.02747757282416108,-0.10132456439909537,-0.002164258119706497,-0.001755634769277925,0.0,0.029964980741328806,0.10104685156337999,0.14156960785882688,0.5280265943853585,-0.010981343029428658,-0.09473083954739114,0.0,0.049652446761792174,0.16851155185676966,0.16904718068297964,0.6293511587844559,-0.008817084909763795,-0.09297520477813542,0.0,,,,,,,,,
S3,"H2/CO2=3, CO/CO2=1",800.0,10.0,5.0,0.2572348347217798,0.5739253472486205,0.31669051252684177,0.004024980555746016,0.01380044368648886,-0.0025206013799183857,-0.008548899891161477,0.02197752048489071,0.11922160661504283,0.006385708474029306,-0.003924338799404792,-0.013896059307333397,0.04699406793707561,0.17645469818071136,-0.019883057425892914,-0.10565683969860351,-0.006372455005873023,-0.007949319355129991,-0.027696502993818095,0.049514669316989834,0.18500359807187977,-0.041860577910728114,-0.22487844631362414,-0.0127581634799101,,,,,,,,,
S3,"H2/CO2=3, CO/CO2=1",825.0,1.0,1.01325,0.11786319189311555,0.11786319189311412,0.0,0.020946155085636853,0.081661777884047,0.04222659584535854,0.1826583118457351,0.02483074847573173,0.15335699463584448,0.0,0.020946155085665996,0.08273334331630744,0.04253930288524166,0.18373536983217476,0.02398390483366042,0.15230611984685394,0.0,0.0,0.0010715654322285125,0.000312707039890332,0.0010770579864670215,-0.0008468436420389719,-0.0010508747890033896,0.0,,,,,,,,,
S3,"H2/CO2=3, CO/CO2=1",825.0,1.0,5.0,0.25955173453448505,0.4103694343818699,0.15081769984738738,-0.00817260459813618,-0.02675074626293933,-0.026191674431907952,-0.11701023168503993,0.008395238187433596,0.059418610546421724,-0.0109305942490312,0.0011649744654840255,-0.005658530620150648,0.10381629977869178,0.45032537396781364,-0.007880432360232725,-0.05283066417429705,-0.002175527637916508,0.009337579063681961,0.021092215642794232,0.1300079742105706,0.5673356056528474,-0.01627567054771073,-0.1122492747206362,0.008755066611105533,,,,,,,,,
S3,"H2/CO2=3, CO/CO2=1",825.0,3.0,1.01325,0.22922113697124838,0.25731643255313175,0.02809529558188348,-0.0005402033588175481,0.0018708320128214828,0.0167007395659953,0.0783211319067785,0.0133914358169257,0.0834909828312129,0.0,0.029670296025580134,0.12630386632058732,0.12148507961277921,0.5349408563691593,-0.006434692431475653,-0.05694174457450685,0.0,0.030210499384380248,0.12443303430775188,0.10478434004669518,0.4566197244624112,-0.019826128248413236,-0.14043272740569052,0.0,,,,,,,,,
S3,"H2/CO2=3, CO/CO2=1",825.0,3.0,5.0,0.2409822597395855,0.5200622521471963,0.27907999240760845,0.00013401027237902596,0.0006101697961967412,-0.019649716453218335,-0.0799056898462075,0.020211493509612877,0.1219736906624122,0.00024997355998895854,-0.0031227416350421144,-0.0073248863940111875,0.09729758859329252,0.41772949250475644,-0.01685198855256309,-0.10640678411761306,-0.0029537565466331017,-0.0032567519073906093,-0.007935056190243317,0.11694730504651918,0.49763518235095144,-0.037063482062184294,-0.22838047478005163,-0.0032037301066095702,,,,,,,,,
S3,"H2/CO2=3, CO/CO2=1",825.0,10.0,1.01325,0.19470326452528283,0.41337052361994453,0.2186672590946596,-0.01747765708949578,-0.06835126620397189,-0.011451581952335449,-0.048046773082174865,-0.005346348720599442,-0.03398386970812073,0.0,0.019899571371848057,0.07752737676637311,0.06890489543202871,0.29345645202750736,0.0010049406869605537,0.007784128748725139,0.0,0.03737722846143682,0.1458786429703006,0.08035647738448073,0.34150322510968917,0.0063512894076113435,0.04176799845679799,0.0,,,,,,,,,
S3,"H2/CO2=3, CO/CO2=1",825.0,10.0,5.0,0.26325290854432526,0.5481824473636012,0.28492953881927485,0.00101088312822184,0.003969044471673067,0.003960888663522011,0.017026331751557322,0.010406092140655132,0.06565446262126046,0.001614218846274218,-0.0008592413976715729,-0.0033747251658056148,0.002258090598511453,0.010236085451570398,-0.008268112822493179,-0.05217611765047093,-0.0013725237375838972,-0.0018701245259086785,-0.007343769637502273,-0.0017027980649855778,-0.006790246299974433,-0.01867420496312333,-0.11783058027174942,-0.0029867425838503436,,,,,,,,,
S3,"H2/CO2=3, CO/CO2=1",850.0,1.0,1.01325,0.1675440937585079,0.16927228972052355,0.0017281959620159889,0.02396662589841045,0.10470901990323328,0.0506437832215656,0.365392984589355,0.03472802406555078,-0.008371929275734907,0.0,0.03067391213246451,0.1378457715697723,0.07406709565561109,0.5292426876245926,0.02752812583045605,-0.13159854114046798,0.0,0.0067072862341020145,0.03313675166654735,0.023423312434175062,0.1638497030352687,-0.007199898235033924,-0.12322661186477295,0.0,,,,,,,,,
S3,"H2/CO2=3, CO/CO2=1",850.0,1.0,5.0,0.2316531281725611,0.44940308425382036,0.21774995608125847,-0.000704890020583604,-0.009936250455840762,-0.02476099404396387,-0.12111459657158237,0.013196869656798005,0.0969916321873869,-0.0035589520619619397,-0.0012125263339074488,-0.002659241303717974,0.11144541126813512,0.5284497596454385,-0.012529547046818967,-0.08004037727363522,-0.0010819226009717298,-0.0005076363133592332,0.007277009152106829,0.13620640531206776,0.6495643562169625,-0.025726416703594074,-0.1770320094610464,0.0024770294609890997,,,,,,,,,
S3,"H2/CO2=3, CO/CO2=1",850.0,3.0,1.01325,0.19024712163693808,0.3129622223418205,0.1227151007048843,-0.012161403093258888,-0.058095164535276744,-0.013859177883648183,-0.08411920421681623,-0.008806075677769698,-0.03305761604715171,0.0,0.017527714479698142,0.09205719867516893,0.09103447195306924,0.49138997020962416,0.006140897130119116,-0.04930580346950986,0.0,0.029689117572960846,0.15015236321043213,0.10489364983672506,0.5755091744265081,0.014946972807934611,-0.016248187422344615,0.0,,,,,,,,,
S3,"H2/CO2=3, CO/CO2=1",850.0,3.0,5.0,0.23846113766124571,0.51781098649028,0.27934984882903613,0.0026476873339620344,0.006052138792224381,0.003253728302952952,0.010004885010314601,0.01869875338680882,0.13845490202553656,0.0022626695959213072,-0.0019164990404829663,-0.005569519621786978,0.030293115848684105,0.14943720382423753,-0.01469366564643415,-0.10824400274995762,-0.0020765210428530523,-0.004564186374482471,-0.01162165841394891,0.02703938754571311,0.13943231881390072,-0.03339241903326101,-0.24669890477553302,-0.004339190638775747,,,,,,,,,
S3,"H2/CO2=3, CO/CO2=1",850.0,10.0,1.01325,0.16021715922888038,0.393593828741282,0.2333766695124024,-0.009918026025534932,-0.04372232564617273,0.004573625369814344,0.020671596195603187,-0.002148791381622467,-0.013076364159841924,0.0,0.006281563087157105,0.02822960917556183,0.006882055475757043,0.03558132313911666,0.0017029571741655758,0.008455540094556846,0.0,0.016199589112683016,0.07195193482170611,0.002308430105957271,0.014909726943542619,0.003851748555761675,0.021531904254403624,0.0,,,,,,,,,
S3,"H2/CO2=3, CO/CO2=1",850.0,10.0,5.0,0.2533689437873993,0.517196374613909,0.2638274308265104,3.484170424533639e-05,0.00015212039131684563,0.0002601588231218588,0.0012656829115623158,0.0006818716639975242,0.005047516599485102,5.574674350583564e-05,-2.371837356796025e-05,-0.00010357414359785101,-5.018536574086241e-05,-0.00021183637156363402,-0.0004462307751224026,-0.0033239232809428865,-3.7955206652062756e-05,-5.856007781468442e-05,-0.0002556945348688999,-0.00031034418888492565,-0.0014775192830732142,-0.0011281024390574768,-0.008371439880416887,-9.370195016955574e-05,,,,,,,,,
S3,"H2/CO2=4, CO/CO2=1",600.0,1.0,1.01325,0.0002623639174585546,0.00026236391745693144,0.0,0.00013615976018521887,-0.00020997121800473112,0.00013871774164199262,-0.000235324210871995,-1.2599898602353192e-05,3.109925578624541e-05,0.0,0.00013615976018621634,-0.0002099712180764213,0.00013871774165175044,-0.0002353242108732445,-1.259989851343235e-05,3.109925570399241e-05,0.0,0.0,0.0,0.0,0.0,0.0,0.0,0.0,,,,,,,,,
S3,"H2/CO2=4, CO/CO2=1",600.0,1.0,5.0,0.06464714877470802,0.06464714877470745,0.0,0.050969975125673625,-0.0785937415552624,0.003230559010839601,-0.005480389243608941,-0.002671885951784428,0.0065947487817547,0.08136681155268714,0.05096997512560042,-0.07859374155519683,0.003230559010769518,-0.005480389243536776,-0.002671885951746611,0.0065947487817269446,0.08136681155267111,0.0,0.0,0.0,0.0,0.0,0.0,0.0,,,,,,,,,
S3,"H2/CO2=4, CO/CO2=1",600.0,3.0,1.01325,0.0007864544905363211,0.0007864544905367143,0.0,0.00040758218693198105,-0.0006285299422443326,0.0004157237949340808,-0.0007052439658297764,-3.774685313218671e-05,9.316733672408678e-05,0.0,0.00040758218696757,-0.0006285299423314239,0.0004157237949276027,-0.0007052439658039589,-3.7746853065456776e-05,9.316733669273436e-05,0.0,0.0,0.0,0.0,0.0,0.0,0.0,0.0,,,,,,,,,
S3,"H2/CO2=4, CO/CO2=1",600.0,3.0,5.0,0.1389952483478103,0.13899524834781118,0.0,0.07983035685193499,-0.12309082782654551,0.006214539337841274,-0.010542476221647723,-0.004748386223196038,0.011719958331905811,0.12738801429290986,0.07983035685200368,-0.12309082782658574,0.006214539337845437,-0.010542476221614416,-0.004748386223146772,0.011719958331932179,0.1273880142928907,0.0,0.0,0.0,0.0,0.0,0.0,0.0,,,,,,,,,
S3,"H2/CO2=4, CO/CO2=1",600.0,10.0,1.01325,0.002614109900679415,0.002614109900678341,0.0,0.0013482150595353452,-0.0020790704743316353,0.0013807543119626108,-0.0023423432376185266,-0.00012520975013125598,0.0003090445011992506,0.0,0.0013482150595378606,-0.0020790704743645083,0.00138075431198037,-0.002342343237643485,-0.0001252097502013605,0.00030904450116497895,0.0,0.0,0.0,0.0,0.0,0.0,0.0,0.0,,,,,,,,,
S3,"H2/CO2=4, CO/CO2=1",600.0,10.0,5.0,0.24154000953201357,0.2415400095320145,5.854691731421724e-22,0.07910632399154363,-0.12197614494802653,0.010201502574361254,-0.017306165517190497,-0.006261061059362194,0.015453859390880675,0.12625177426660333,0.07910632399148187,-0.12197614494803001,0.01020150257426411,-0.017306165517197436,-0.006261061059395501,0.015453859390854306,0.1262517742665914,0.0,0.0,0.0,0.0,0.0,0.0,0.0,,,,,,,,,
S3,"H2/CO2=4, CO/CO2=1",625.0,1.0,1.01325,0.0006428845581757886,0.0006428845581768483,0.0,0.0003204582370559334,-0.00023717607563842472,0.00036276478173790565,-0.0002953361097806696,-4.090433360007652e-05,4.8441561660740465e-05,0.0,0.00032045823712689714,-0.00023717607563478182,0.00036276478165286896,-0.00029533610969856294,-4.0904333636904155e-05,4.84415617174605e-05,0.0,0.0,0.0,0.0,0.0,0.0,9.147955830346444e-22,0.0,,,,,,,,,
S3,"H2/CO2=4, CO/CO2=1",625.0,1.0,5.0,0.12025439675112908,0.12025439675113037,0.0,0.07540177426530494,-0.0558081818323796,0.007049415221502958,-0.005739112313376399,-0.005754164399720402,0.006814449652617696,0.12032667697578492,0.07540177426530181,-0.05580818183236468,0.007049415221532795,-0.005739112313368766,-0.005754164399707218,0.006814449652589594,0.12032667697578048,0.0,0.0,0.0,0.0,0.0,0.0,0.0,,,,,,,,,
S3,"H2/CO2=4, CO/CO2=1",625.0,3.0,1.01325,0.0019249580476039569,0.0019249580476030648,0.0,0.0009563613816363815,-0.0007078180506302819,0.00108552377046306,-0.0008837528368179323,-0.00012230678843105436,0.00014484362056668872,0.0,0.0009563613816460093,-0.000707818050779685,0.001085523770394392,-0.0008837528368471625,-0.00012230678844427079,0.00014484362060029898,0.0,3.659182332138578e-21,0.0,3.659182332138578e-21,0.0,0.0,0.0,0.0,,,,,,,,,
S3,"H2/CO2=4, CO/CO2=1",625.0,3.0,5.0,0.21299848610656355,0.21299848610656313,0.0,0.08343793909477912,-0.06175606496586217,0.011246375461396868,-0.009155955528777904,-0.008004085029952174,0.009478963493975145,0.13315348581209918,0.08343793909479091,-0.06175606496585662,0.011246375461435032,-0.009155955528797333,-0.008004085029991725,0.009478963494000126,0.13315348581210196,0.0,0.0,0.0,0.0,0.0,0.0,0.0,,,,,,,,,
S3,"H2/CO2=4, CO/CO2=1",625.0,10.0,1.01325,0.006373809042347534,0.006373809042344192,0.0,0.0031303509943409868,-0.0023168248252893996,0.0035863687951756236,-0.002919756325097311,-0.00040301037307222815,0.00047727097032407295,0.0,0.003130350994354214,-0.002316824825226993,0.003586368795238659,-0.002919756325159284,-0.00040301037309842247,0.0004772709703781963,0.0,0.0,0.0,1.463672932855431e-20,0.0,0.0,0.0,0.0,,,,,,,,,
S3,"H2/CO2=4, CO/CO2=1",625.0,10.0,5.0,0.3094635755800424,0.3094635755800428,0.0,0.06337130689626214,-0.04690347616240209,0.017980280598194065,-0.014638128847647982,-0.009509293551608622,0.011261608356728792,0.10115865379674349,0.0633713068962094,-0.046903476162388213,0.01798028059815937,-0.014638128847685448,-0.0095092935515656,0.011261608356769037,0.10115865379673905,0.0,0.0,0.0,0.0,-2.927345865710862e-20,0.0,1.1709383462843448e-20,,,,,,,,,
S3,"H2/CO2=4, CO/CO2=1",650.0,1.0,1.01325,0.0014805430625036819,0.0014805430625024485,0.0,0.0007092084579649537,0.0,0.0008914174813262339,0.0,-0.00012312935750706413,0.0,0.0,0.0007092084578996793,0.0,0.0008914174813579034,0.0,-0.0001231293575015835,0.0,0.0,0.0,0.0,0.0,0.0,0.0,0.0,0.0,,,,,,,,,
S3,"H2/CO2=4, CO/CO2=1",650.0,1.0,5.0,0.1875517086335025,0.18755170863350534,0.0,0.0851089878569751,0.0,0.012730739201708557,0.0,-0.009990637643932099,0.0,0.13581251033089103,0.08510898785694387,0.0,0.012730739201780028,0.0,-0.009990637643969569,0.0,0.13581251033090935,0.0,0.0,0.0,0.0,0.0,0.0,0.0,,,,,,,,,
S3,"H2/CO2=4, CO/CO2=1",650.0,3.0,1.01325,0.0044226850766309915,0.004422685076630795,0.0,0.0021029325833632094,0.0,0.002658501758561003,0.0,-0.0003666708216279284,0.0,0.0,0.0021029325832949697,0.0,0.002658501758617815,0.0,-0.0003666708216387704,0.0,0.0,0.0,0.0,0.0,0.0,0.0,0.0,0.0,,,,,,,,,
S3,"H2/CO2=4, CO/CO2=1",650.0,3.0,5.0,0.28076452610313424,0.28076452610313385,0.0,0.07210102494605158,0.0,0.01888499428961965,0.0,-0.012190024949630673,0.0,0.11508430289433935,0.07210102494605297,0.0,0.01888499428961965,0.0,-0.012190024949562672,0.0,0.11508430289434934,0.0,0.0,0.0,0.0,0.0,0.0,0.0,,,,,,,,,
S3,"H2/CO2=4, CO/CO2=1",650.0,10.0,1.01325,0.01452567896071046,0.014525678960710109,0.0,0.006732128053436393,0.0,0.008681431377063073,0.0,-0.0011913998465035158,0.0,0.0,0.006732128053385522,0.0,0.008681431377077775,0.0,-0.0011913998464979647,0.0,0.0,0.0,0.0,0.0,0.0,0.0,0.0,0.0,,,,,,,,,
S3,"H2/CO2=4, CO/CO2=1",650.0,10.0,5.0,0.3663259027041658,0.3663259027041674,0.0,0.04799154863459748,0.0,0.033263714237159736,0.0,-0.016130239793629708,0.0,0.076616116866694,0.04799154863456001,0.0,0.033263714237197206,0.0,-0.0161302397935853,0.0,0.07661611686667902,0.0,0.0,0.0,0.0,5.854691731421724e-20,0.0,0.0,,,,,,,,,
S3,"H2/CO2=4, CO/CO2=1",675.0,1.0,1.01325,0.0032270933433298406,0.003227093343328491,0.0,0.0014847581116066199,0.0010174884473501547,0.0020746845207290747,0.001563911567011749,-0.00034667966349321037,-0.0003801430790305229,0.0,0.0014847581115973174,0.001017488447391246,0.0020746845208308162,0.0015639115670623704,-0.0003466796635015479,-0.00038014307900124944,0.0,0.0,0.0,0.0,0.0,0.0,0.0,0.0,,,,,,,,,
S3,"H2/CO2=4, CO/CO2=1",675.0,1.0,5.0,0.25374094714557743,0.25374094714557816,0.0,0.07915746307959881,0.05424791862731065,0.020935633397548004,0.01578128724657457,-0.015480743105618366,-0.016975096254594202,0.12633644583201098,0.0791574630795433,0.05424791862729539,0.02093563339756188,0.015781287246580122,-0.015480743105569794,-0.01697509625460114,0.1263364458319982,0.0,0.0,0.0,0.0,0.0,0.0,0.0,,,,,,,,,
S3,"H2/CO2=4, CO/CO2=1",675.0,3.0,1.01325,0.009594363508412699,0.00959436350841314,0.0,0.004345973349557594,0.0029782537113513287,0.006144076110329785,0.004631451394047524,-0.0010240175107885125,-0.0011228612322279532,0.0,0.004345973349403898,0.0029782537113304253,0.006144076110450869,0.004631451394079833,-0.0010240175108366945,-0.0011228612321306786,0.0,0.0,0.0,0.0,0.0,0.0,0.0,0.0,,,,,,,,,
S3,"H2/CO2=4, CO/CO2=1",675.0,3.0,5.0,0.33900134909909013,0.3390013490990905,0.0,0.057838395353354555,0.039637284977023235,0.03307872471003531,0.024934092104805794,-0.019832300315622553,-0.021747026040336292,0.0923321407075911,0.05783839535334623,0.03963728497703434,0.03307872471007001,0.024934092104850203,-0.019832300315622553,-0.021747026040330745,0.09233214070760387,0.0,0.0,0.0,0.0,0.0,0.0,0.0,,,,,,,,,
S3,"H2/CO2=4, CO/CO2=1",675.0,10.0,1.01325,0.031008147522463714,0.03100814752246306,0.0,0.01331635198805756,0.009125624592122832,0.01958426398150177,0.014762814793916385,-0.0032367040224252908,-0.003549127772198117,0.0,0.013316351988099107,0.00912562459217392,0.01958426398154245,0.014762814793869981,-0.0032367040224579036,-0.0035491277721982906,0.0,0.0,0.0,0.0,0.0,0.0,0.0,0.0,,,,,,,,,
S3,"H2/CO2=4, CO/CO2=1",675.0,10.0,5.0,0.42162989146064545,0.42162989146064644,0.0,0.022215064225489245,0.01621575074140652,0.023074076785326025,0.01754012893584178,0.005640395911560292,0.006906054497998748,0.03567186817470147,0.02282571347946849,0.01564353027898313,0.02309399789706401,0.017579251027274867,0.005595290159932098,0.006292170663976804,0.03567186817469814,0.000610649253980931,-0.0005722204623733008,1.992111178105124e-05,3.9122091332012715e-05,-4.510575174861297e-05,-0.0006138838340459292,0.0,,,,,,,,,
S3,"H2/CO2=4, CO/CO2=1",700.0,1.0,1.01325,0.006695359263720682,0.006695359263720779,0.0,0.002952081349025769,0.0039018731104148397,0.004602239220764825,0.006691874531330089,-0.0009194545936893478,-0.001945224539945823,0.0,0.0029520813490391262,0.00390187311045398,0.004602239220749538,0.006691874531372655,-0.0009194545936286325,-0.0019452245399870227,0.0,0.0,0.0,0.0,1.463672932855431e-20,0.0,0.0,0.0,,,,,,,,,
S3,"H2/CO2=4, CO/CO2=1",700.0,1.0,5.0,0.3131742230637632,0.31317422306376275,0.0,0.06724374445956222,0.08887437174630586,0.035438184217929936,0.05153453609363784,-0.024894798955280018,-0.0526871638767773,0.10734064291124223,0.06724374445954695,0.08887437174632251,0.03543818421785361,0.05153453609364478,-0.02489479895529112,-0.05268716387679395,0.10734064291123002,0.0,0.0,0.0,0.0,0.0,0.0,0.0,,,,,,,,,
S3,"H2/CO2=4, CO/CO2=1",700.0,3.0,1.01325,0.019725870345612736,0.019725870345614904,1.1709383462843449e-21,0.008431053981119898,0.011143571497548334,0.01344046071485314,0.01954296166912081,-0.0026743869439226423,-0.005658000356582178,0.0,0.0084310539810728,0.01114357149755163,0.013440460714830849,0.019542961669133385,-0.0026743869438378143,-0.0056580003565342984,0.0,0.0,0.0,0.0,0.0,2.927345865710862e-20,0.0,0.0,,,,,,,,,
S3,"H2/CO2=4, CO/CO2=1",700.0,3.0,5.0,0.3928887550394982,0.39290788029685675,1.9125257357536104e-05,0.03065885951690911,0.0395802943183185,0.0146277773052636,0.021742255580285696,0.007790579865428471,0.01723534652997155,0.048078653044971165,0.03017871962469887,0.039575190392848736,0.014627777305323275,0.021727288872416817,0.007731568246230336,0.016756405971077304,0.048072367472473676,-0.00048013989222138464,-5.103925407132389e-06,0.0,-1.4966707806405726e-05,-5.9011619184705456e-05,-0.0004789405588584132,-6.28557246814853e-06,,,,,,,,,
S3,"H2/CO2=4, CO/CO2=1",700.0,10.0,1.01325,0.061871643752455754,0.06187164375245491,0.0,0.023834735040953806,0.03150259198959216,0.040859237451069605,0.059409817754478046,-0.008035107033080996,-0.01699918402939468,0.0,0.0238347350410284,0.03150259198955174,0.04085923745107134,0.05940981775446052,-0.008035107033033118,-0.016999184029475867,0.0,0.0,0.0,0.0,0.0,0.0,0.0,0.0,,,,,,,,,
S3,"H2/CO2=4, CO/CO2=1",700.0,10.0,5.0,0.46627858171758735,0.4699301323274572,0.0036515506098687917,0.007491049795189941,0.008254450769838717,0.03367221240341556,0.04739559946149857,0.003423545826525265,0.006521736215310547,0.01087137362244528,0.017606953538187864,0.021259921040830965,0.0638728851859588,0.09199225281676937,-0.013781589590103338,-0.0317686160672459,0.02764140618897737,0.010115903743026405,0.013005470270995847,0.03020067278258807,0.04459665335531139,-0.017205135416666864,-0.0382903522824631,0.01677003256652305,,,,,,,,,
S3,"H2/CO2=4, CO/CO2=1",725.0,1.0,1.01325,0.013279327326522391,0.013279327326521706,0.0,0.005582675996256394,0.010687770048856344,0.00977350636117715,0.020588920402421364,-0.002309318865243923,-0.007081442396900161,0.0,0.0055826759963018,0.010687770048781187,0.009773506361171469,0.020588920402439537,-0.0023093188651707175,-0.007081442396969506,0.0,0.0,0.0,0.0,0.0,0.0,0.0,0.0,,,,,,,,,
S3,"H2/CO2=4, CO/CO2=1",725.0,1.0,5.0,0.3654253253954407,0.3654253253954396,0.0,0.040363791555494966,0.07750169032110094,0.014615209099018422,0.032599307401084965,0.0038818044883773273,0.010358640747212822,0.06500670687352106,0.0403637915555255,0.07752067226478865,0.014645153596870575,0.03224078147856524,0.004254420896679378,0.0107304716717882,0.06485507216699271,0.0,1.898194368598934e-05,2.9944497830887337e-05,-0.0003585259226037804,0.00037261640817843575,0.00037183092452435754,-0.00015163470656076906,,,,,,,,,
S3,"H2/CO2=4, CO/CO2=1",725.0,3.0,1.01325,0.03848206974951796,0.03848206974951762,2.3418766925686897e-21,0.0152553206349125,0.029204627768415065,0.027800041509380355,0.058561528433828156,-0.006535369999277792,-0.020040302924142876,0.0,0.015255320634963154,0.029204627768456004,0.027800041509359885,0.058561528433756505,-0.0065353699993137004,-0.02004030292417358,0.0,0.0,0.0,5.854691731421724e-20,5.854691731421724e-20,0.0,0.0,0.0,,,,,,,,,
S3,"H2/CO2=4, CO/CO2=1",725.0,3.0,5.0,0.436530647687984,0.4372972226623514,0.0007665749743664767,0.020394697009616658,0.04017273940457866,0.040996079235318394,0.08947660046086658,-0.007674923862444061,-0.01843630866413537,0.032941484793300724,0.025839796003987447,0.050495395725247416,0.05391939823923553,0.11731985093614838,-0.017587627043857967,-0.047961350728661915,0.04133562431947402,0.005445098994406173,0.01032265632063192,0.012923319003886819,0.0278432504752748,-0.009912703181447656,-0.029525042064472942,0.008394139526175189,,,,,,,,,
S3,"H2/CO2=4, CO/CO2=1",725.0,10.0,1.01325,0.11458234973582829,0.1145823497358287,0.0,0.03764685364565437,0.07206498818921638,0.07743169758029946,0.16309122425174627,-0.01801845788139099,-0.05525115489663779,0.0,0.03764685364555098,0.0720649881892188,0.07743169758026858,0.16309122425178235,-0.018018457881330274,-0.05525115489662391,0.0,0.0,0.0,0.0,0.0,0.0,0.0,0.0,,,,,,,,,
S3,"H2/CO2=4, CO/CO2=1",725.0,10.0,5.0,0.46156514422535355,0.5191132883545522,0.05754814412919835,-0.015201847290803594,-0.030147148675221946,-0.011780334491261202,-0.024976414317945395,0.013013251337473664,0.04189628624038654,-0.02466458715769393,0.003160623730613654,0.009952493303588827,0.0873804034996567,0.18762428730670078,-0.013326297103033458,-0.05017760630224022,0.007360149043444952,0.018362471021460963,0.040099641978865244,0.09916073799093195,0.21260070162462244,-0.02633954844059091,-0.09207389254266476,0.032024736201165666,,,,,,,,,
S3,"H2/CO2=4, CO/CO2=1",750.0,1.0,1.01325,0.02524656620904407,0.02524656620904331,0.0,0.010026758806289029,0.024744086905587048,0.019912817904639297,0.054096689076441655,-0.005512693237450655,-0.021816391308910298,0.0,0.010026758806247482,0.02474408690558982,0.019912817904671476,0.05409668907644105,-0.005512693237380573,-0.021816391308843164,0.0,0.0,0.0,0.0,0.0,0.0,-5.854691731421724e-20,0.0,,,,,,,,,
S3,"H2/CO2=4, CO/CO2=1",750.0,1.0,5.0,0.40786292586048306,0.4081310622517209,0.0002681363912364892,0.030518563509392138,0.07833246988998982,0.04076945496253037,0.11474189748048731,-0.009895439749495194,-0.043859963762453436,0.04965110731896594,0.03341880459344637,0.08534229045150665,0.04757243075687312,0.13391092558522888,-0.01585478645463323,-0.06582779010365358,0.05448645959777343,0.0029002410840238387,0.007009820561454937,0.006802975794310674,0.019169028104694893,-0.005959346705100111,-0.021967826341161137,0.004835352278839544,,,,,,,,,
S3,"H2/CO2=4, CO/CO2=1",750.0,3.0,1.01325,0.0710971561130481,0.07109715611304901,0.0,0.02543630178263069,0.0627655595736673,0.05402240671997863,0.14674010390339395,-0.01490757594083715,-0.058995204155878195,0.0,0.02543630178265255,0.06276555957365759,0.05402240672002234,0.14674010390337833,-0.014907575940834028,-0.05899520415588444,0.0,0.0,0.0,0.0,0.0,0.0,0.0,0.0,,,,,,,,,
S3,"H2/CO2=4, CO/CO2=1",750.0,3.0,5.0,0.4446548866853128,0.4778170698929163,0.03316218320760277,-0.010761680452982259,-0.02629217792453065,-0.001383280613322102,-0.0058110021999346895,0.01786553496484905,0.06978775466450482,-0.016923326479899026,0.006778872554133453,0.018495580855168448,0.07343204850383533,0.19892469104508537,-0.014968183281605096,-0.06116129613022436,0.013702838819389385,0.017540553007136875,0.0447877587796245,0.07481532911714078,0.20473569324500704,-0.03283371824639048,-0.13094905079471963,0.030626165299277794,,,,,,,,,
S3,"H2/CO2=4, CO/CO2=1",750.0,10.0,1.01325,0.19472237194465264,0.19472237194465247,0.0,0.05128728101027949,0.12653201524295554,0.12953469411590215,0.3516961289540696,-0.03619254180783002,-0.14322939630171255,0.0,0.05128728101024271,0.12653201524297775,0.12953469411586815,0.35169612895404045,-0.036192541807866796,-0.1432293963017306,0.0,-2.3418766925686897e-19,-2.3418766925686897e-19,0.0,-2.3418766925686897e-19,0.0,0.0,0.0,,,,,,,,,
S3,"H2/CO2=4, CO/CO2=1",750.0,10.0,5.0,0.42478893255599876,0.5781843647083954,0.15339543215239554,-0.008516393552171486,-0.018133982810954186,-0.03278864621949207,-0.09253915091095577,0.017777492246479065,0.06409854163459405,-0.012483809423048942,-0.004438229303901919,-0.011832802844136125,0.1247905337624311,0.34207044413881726,-0.01932312372049383,-0.06886241787383007,-0.006524833786152318,0.00407816424829871,0.006301179966811816,0.157579179981953,0.4346095950497203,-0.03710061596696665,-0.13296095950832768,0.005958975636916608,,,,,,,,,
S3,"H2/CO2=4, CO/CO2=1",775.0,1.0,1.01325,0.046048774901921746,0.04604877490192005,0.0,0.01702230420321943,0.05082024092405365,0.03890423790384491,0.12795266757515583,-0.012537840264978568,-0.060145043935488744,0.0,0.017022304203265226,0.05082024092402104,0.03890423790382791,0.12795266757522628,-0.012537840264989497,-0.0601450439355361,0.0,0.0,5.854691731421724e-20,-5.854691731421724e-20,0.0,0.0,5.854691731421724e-20,0.0,,,,,,,,,
S3,"H2/CO2=4, CO/CO2=1",775.0,1.0,5.0,0.4211678657087349,0.4422168460780048,0.021048980369268354,-0.0039680863179403225,-0.011578790994688781,0.0031528909862146848,0.01004692397806456,0.016540784940358155,0.0808421136988563,-0.006063026876887978,0.0106190768678599,0.037355665732152765,0.05935830350480842,0.1921942675373267,-0.013000082513681122,-0.0616106942607636,0.01987137761582991,0.014587163185766656,0.04893445672685551,0.05620541251865948,0.18214734355926424,-0.02954086745404188,-0.1424528079596853,0.025934404492723336,,,,,,,,,
S3,"H2/CO2=4, CO/CO2=1",775.0,3.0,1.01325,0.12374563418834972,0.12374563418834938,0.0,0.03852618800495068,0.1149960329133986,0.09749821879590781,0.3205304253458139,-0.03171856866236236,-0.15216528041322694,0.0,0.0385261880048976,0.11499603291335037,0.09749821879584952,0.32053042534582743,-0.03171856866233391,-0.152165280413169,0.0,0.0,0.0,0.0,0.0,0.0,0.0,0.0,,,,,,,,,
S3,"H2/CO2=4, CO/CO2=1",775.0,3.0,5.0,0.4165106201042177,0.5167849980645031,0.10027437796028532,-0.011971074545434612,-0.03744561479580022,-0.024726648688748465,-0.08128819409809751,0.0207701922218112,0.1006008758760682,-0.020159011277286476,-0.002447055895349326,-0.008505104647996142,0.10790359588264409,0.3525280062956493,-0.019286886664884872,-0.09473663997803249,-0.004648923571097807,0.009524018650044,0.028940510147940426,0.13263024457142586,0.43381620039378255,-0.04005707888672348,-0.19533751585400355,0.015510087706202824,,,,,,,,,
S3,"H2/CO2=4, CO/CO2=1",775.0,10.0,1.01325,0.3015068944897559,0.30150689448975787,0.0,0.06540795072123434,0.19527254821236073,0.19564271049547222,0.6438547319183848,-0.07263913101312192,-0.34997653055894307,0.0,0.06540795072116357,0.19527254821233575,0.19564271049544446,0.6438547319183419,-0.07263913101304142,-0.34997653055895694,0.0,0.0,0.0,0.0,0.0,0.0,0.0,0.0,,,,,,,,,
S3,"H2/CO2=4, CO/CO2=1",775.0,10.0,5.0,0.4073616261344288,0.6280277513664597,0.22066612523203105,0.008345101644968711,0.022470690612111377,-0.024802894095631023,-0.08380825905807965,0.029668940101007513,0.14540526473904025,0.012330468730543664,-0.008286679796384866,-0.028841615087080164,0.1067638643939689,0.35816274693548644,-0.025322280979550582,-0.13405675108014437,-0.014970309338409038,-0.016631781441363985,-0.05131230569915546,0.13156675848961102,0.44197100599358274,-0.05499122108061777,-0.27946201581917146,-0.02730077806893605,,,,,,,,,
S3,"H2/CO2=4, CO/CO2=1",800.0,1.0,1.01325,0.08046882997091581,0.08046882997091553,0.0,0.027134477384160513,0.09417655440891667,0.07270186026557997,0.2782828053257875,-0.027282076955605777,-0.15265514952743572,0.0,0.027134477384174738,0.09417655440895623,0.07270186026560599,0.2782828053258468,-0.027282076955603696,-0.1526551495274725,0.0,0.0,0.0,0.0,0.0,0.0,0.0,0.0,,,,,,,,,
S3,"H2/CO2=4, CO/CO2=1",800.0,1.0,5.0,0.3992328796624856,0.4665649253463252,0.0673320456838389,-0.012939348557741703,-0.04706955896176257,-0.017105489312678468,-0.06152569034730132,0.021818140557731958,0.11717877149740459,-0.021789846933323864,-0.0036194178012871614,-0.005282314330934401,0.0880484053606162,0.32716844099651976,-0.018249997273067642,-0.09427236119168014,-0.002437566980556527,0.00931993075645142,0.04178724463092774,0.10515389467336857,0.38869413134385544,-0.040068137830815906,-0.21145113268909652,0.01935227995273986,,,,,,,,,
S3,"H2/CO2=4, CO/CO2=1",800.0,3.0,1.01325,0.20170382919802435,0.20170382919802476,0.0,0.05383506600861038,0.18680788906133422,0.16419734131264754,0.6284723583404018,-0.06556317069983178,-0.3677440776277436,0.0,0.05383506600862564,0.18680788906132728,0.16419734131270236,0.6284723583404733,-0.06556317069985051,-0.36774407762772965,0.0,0.0,0.0,0.0,2.3418766925686897e-19,0.0,-2.3418766925686897e-19,0.0,,,,,,,,,
S3,"H2/CO2=4, CO/CO2=1",800.0,3.0,5.0,0.3908062364949096,0.560802418809,0.1699961823140906,-0.00036183725151128776,-0.0018783900270491485,-0.03102298799918385,-0.11950401452999887,0.03136314995009354,0.17422533237746451,-0.0011251750487589751,-0.002749196752854788,-0.016627635262805862,0.12464766279682848,0.4782395662354832,-0.027183437888445017,-0.1535624161556337,-0.007360669545748433,-0.0023873595013587656,-0.01474924523576296,0.1556706507960394,0.5977435807654974,-0.05854658783848443,-0.3277877485331343,-0.0062354944969933435,,,,,,,,,
S3,"H2/CO2=4, CO/CO2=1",800.0,10.0,1.01325,0.3636369680657933,0.4110559595495301,0.047418991483735344,-0.022839659948162283,-0.08199691887981891,-0.00964431813516159,-0.033685820071460704,0.007062472721267032,0.037018539140641626,0.0,0.04476192854860339,0.16932431324186425,0.15108440924457844,0.5728078047326446,-0.037716279373753436,-0.203857373913785,0.0,0.06760158849672872,0.2513212321216979,0.16072872737980942,0.6064936248040467,-0.04477875209493703,-0.24087591305438466,0.0,,,,,,,,,
S3,"H2/CO2=4, CO/CO2=1",800.0,10.0,5.0,0.4144279241591781,0.6266954450984557,0.2122675209392766,0.005735005796153603,0.017012818962580667,-2.910701648872749e-05,-0.000732346988398247,0.027129485490583194,0.1508389424006995,0.007654051603269152,-0.005133595311584971,-0.015474260424225283,0.030580488714682108,0.1192342451917322,-0.022150421649075325,-0.12572093010059238,-0.00707266983202226,-0.010868601107764941,-0.03248707938676085,0.030609595731151407,0.11996659217999721,-0.04927990713968697,-0.27655987250125236,-0.014726721435300849,,,,,,,,,
S3,"H2/CO2=4, CO/CO2=1",825.0,1.0,1.01325,0.13435986051652918,0.13435986051653004,0.0,0.04083647880662386,0.16034527448385572,0.13089880796802872,0.5683073332870812,-0.05828954972395134,-0.37187152267107243,0.0,0.0408364788067439,0.16034527448380298,0.1308988079680301,0.5683073332871907,-0.0582895497239444,-0.37187152267105505,0.0,0.0,0.0,0.0,0.0,0.0,0.0,0.0,,,,,,,,,
S3,"H2/CO2=4, CO/CO2=1",825.0,1.0,5.0,0.3718866368972018,0.49530894139166326,0.12342230449446319,-0.005187848063904765,-0.020247876166547274,-0.027473568766112066,-0.11801682390870373,0.029084426931957896,0.1804730118926165,-0.008271685294182207,-0.002452004478928349,-0.008619123379591254,0.11304031704768847,0.4864816441125269,-0.02261077405499301,-0.1418592901882315,-0.003729634931513015,0.0027358435850246415,0.01162875278698794,0.14051388581379254,0.6044984680211904,-0.05169520098694605,-0.3223323020807682,0.0045420503626733555,,,,,,,,,
S3,"H2/CO2=4, CO/CO2=1",825.0,3.0,1.01325,0.29544145055446835,0.29554007591837805,9.862536390985696e-05,0.05463102485110671,0.19940294546268444,0.16800967763387908,0.662555711384273,-0.04720636421264163,-0.2863581310021304,0.0,0.05853282991239994,0.21530298716953555,0.1788492556885818,0.7399017511232758,-0.05161250455538724,-0.32569657440822686,0.0,0.0039018050612860647,0.015900041706874816,0.01083957805472446,0.07734603973890297,-0.004406140342663086,-0.039338443406117134,0.0,,,,,,,,,
S3,"H2/CO2=4, CO/CO2=1",825.0,3.0,5.0,0.38135800929194913,0.5839693159521562,0.20261130666020674,0.0024074894555345394,0.010154745840833257,-0.013990207039339675,-0.0610784158801711,0.03609759580133487,0.22955975365778897,0.004126246318759685,-0.002655466236281545,-0.012484526738582025,0.08221462666448409,0.3593196011844657,-0.028612700786861955,-0.18460930848960003,-0.005052083340514324,-0.0050629556917598795,-0.022639272579483283,0.09620483370377311,0.42039801706463753,-0.06471029658828287,-0.4141690621473265,-0.009178329659264017,,,,,,,,,
S3,"H2/CO2=4, CO/CO2=1",825.0,10.0,1.01325,0.2930349485712923,0.46063072337876454,0.16759577480747231,-0.025503343450451743,-0.09861447099288045,-0.007002124696288414,-0.030004422621895954,-0.0025271645279864585,-0.01837314947274321,0.0,0.02925347143787338,0.11182656998413308,0.058593466176060094,0.25304059188694383,-0.00639284692186548,-0.03394245049354594,0.0,0.05475681488830986,0.21044104097700314,0.06559559087235128,0.2830450145088072,-0.0038656823938755525,-0.015569301020783993,0.0,,,,,,,,,
S3,"H2/CO2=4, CO/CO2=1",825.0,10.0,5.0,0.40985610092163777,0.5970381741062343,0.18718207318459737,0.0005122314285219143,0.002011447871523575,0.0017543989368887236,0.0075455296915341585,0.005875935507179686,0.037507597514503666,0.0008180640668592476,-0.0003973368586041026,-0.0015608815552736746,0.001159291306235266,0.005324646325557958,-0.004305931298281829,-0.027496551703742877,-0.0006348258327493195,-0.0009095682872085897,-0.0035723294268021066,-0.0005951076306562331,-0.0022208833659408123,-0.010181866805416412,-0.06500414921822642,-0.0014528898996038486,,,,,,,,,
S3,"H2/CO2=4, CO/CO2=1",850.0,1.0,1.01325,0.20138379755025665,0.20138379755025781,0.0,0.04070502216457564,0.18402930170322088,0.12188455220350364,0.5285787632071298,-0.02637301972402764,-0.12099049095928432,0.0,0.04021723706564562,0.18502464422383846,0.121042324696366,0.5271965687215191,-0.02781043870596356,-0.12099049095932736,0.0,-0.0004877850988820738,0.0009953425205420083,-0.0008422275071498113,-0.0013821944856382187,-0.001437418981926791,0.0,0.0,,,,,,,,,
S3,"H2/CO2=4, CO/CO2=1",850.0,1.0,5.0,0.3523808384065313,0.5201742449819337,0.167793406575404,0.0004921573453164907,-0.0039458976407169555,-0.023178479966436127,-0.10946349311631992,0.03551536199529054,0.24709369035953582,-0.0013215388077092438,-0.0020290373114961735,-0.007507399988038177,0.10635518104195607,0.5133093458958821,-0.025655850097588973,-0.18966145720631933,-0.002333149106343857,-0.0025211946567217647,-0.0035615023474142027,0.12953366100846367,0.6227728390121395,-0.061171212092887145,-0.4367551475658052,-0.0010116102986176823,,,,,,,,,
S3,"H2/CO2=4, CO/CO2=1",850.0,3.0,1.01325,0.27684019379645647,0.3578680650032111,0.08102787120675446,-0.019653927527929493,-0.08659211455398913,-0.01241065967455407,-0.0582130622120966,-0.0016768917622533852,-0.014971837632533902,0.0,0.03040100719612082,0.13575136014943034,0.09987674804035618,0.4766343277393059,-0.014729546473501998,-0.08756487895387743,0.0,0.050054934724083275,0.2223434747034007,0.11228740771485647,0.5348473899513484,-0.013052654711218428,-0.07259304132138308,0.0,,,,,,,,,
S3,"H2/CO2=4, CO/CO2=1",850.0,3.0,5.0,0.37834011502713777,0.5663990240945096,0.18805890906737016,0.0012916085790098952,0.00508558809004106,0.0022278772847009187,0.01053601908407309,0.0213776293359072,0.149352962553935,0.0018357738501811882,-0.0009447332813772302,-0.0042302889519035825,0.021284616678335366,0.10156478113515777,-0.015369024048730862,-0.10614274264648116,-0.0015555477936446405,-0.0022363418603503493,-0.009315877041943255,0.019056739393655958,0.0910287620511055,-0.03674665338463598,-0.25549570520043835,-0.003391321643829437,,,,,,,,,
S3,"H2/CO2=4, CO/CO2=1",850.0,10.0,1.01325,0.24518517883398275,0.43250913604049057,0.18732395720650752,-0.012778825698048918,-0.05546849700614684,0.006375845825893484,0.02855618730339543,-0.002349446778922293,-0.015481077458973785,0.0,0.008993603815593554,0.03899721751370877,0.001964108720814428,0.012476033014499621,0.001404929450540826,0.008438827661405579,0.0,0.021772429513650104,0.0944657145198334,-0.004411737105144975,-0.016080154288834747,0.00375437622948116,0.02391990512039255,0.0,,,,,,,,,
S3,"H2/CO2=4, CO/CO2=1",850.0,10.0,5.0,0.38888031149352176,0.5654258023440799,0.17654549085055846,6.163734993236414e-06,2.708978472376611e-05,4.677398079272477e-05,0.0002304454198298611,0.00013211795835549323,0.0010437691775569413,9.916678805899082e-06,-3.8148614794897284e-06,-1.6747109379822156e-05,-4.419802235311465e-06,-1.2337468666134832e-05,-7.852363955729302e-05,-0.0006279473455134134,-6.131737140258053e-06,-9.978596529625072e-06,-4.3836894112608826e-05,-5.1193783000974546e-05,-0.00024278288856191543,-0.00021064159785311176,-0.001671716523061334,-1.6048415959202256e-05,,,,,,,,,
S2,H2/CO2=1.5,850.0,1.0,1.01325,0.01883034492680009,,,,,,,,,,,,,,,,,,,,,,,,0.13247171496286458,0.09663789960455416,-0.11514999171761686,0.014618917156311584,-0.021775005016824722,-0.0035744878729338306,0.0042592010633073565,0.017428486921637534,-0.0259599435995286
S2,H2/CO2=1.5,850.0,3.0,1.01325,0.036808728372342815,,,,,,,,,,,,,,,,,,,,,,,,0.2919073350524961,0.14778926299627848,-0.176093183072365,0.014438093161503462,-0.02150473792668084,-0.01361597215143763,0.016223870608591748,0.0312862164143838,-0.046599862015399805
S2,H2/CO2=1.5,850.0,10.0,1.01325,0.059093757851283665,,,,,,,,,,,,,,,,,,,,,,,,0.4179339794093755,0.03379521073103853,-0.04027235689445241,-0.008510459774732637,0.012676186119447985,-0.022480022327787952,0.026785875235064812,0.044005358214401456,-0.06554193857479258
S2,H2/CO2=1.5,875.0,1.0,1.01325,0.02623747952207037,,,,,,,,,,,,,,,,,,,,,,,,0.17125505368302585,0.1162158840660843,-0.10089058140690664,0.01825836165750827,-0.019813408172050795,-0.0061561201176029735,0.005344328807979637,0.02347644785598499,-0.02547592991518459
S2,H2/CO2=1.5,875.0,3.0,1.01325,0.04649297493110998,,,,,,,,,,,,,,,,,,,,,,,,0.3446681306642606,0.14246944811528162,-0.12368498775735538,0.010832019787862524,-0.01175443816179289,-0.019165305547252064,0.016638187758877786,0.037020330361119645,-0.040173115384523755
S2,H2/CO2=1.5,875.0,10.0,1.01325,0.06648887549047633,,,,,,,,,,,,,,,,,,,,,,,,0.4378133512080876,0.019515371611222854,-0.016940199884107887,-0.01391599674355204,0.015101099857414702,-0.02319800411869459,0.020138924577669734,0.04057067335333578,-0.04402532634327598
S2,H2/CO2=1.5,900.0,1.0,1.01325,0.034906589758897336,,,,,,,,,,,,,,,,,,,,,,,,0.21455140826859032,0.13372951567765246,-0.07524733168404463,0.02082424805242289,-0.014646614777935605,-0.009845661122547672,0.005539999227988611,0.029816025099005036,-0.02097085414845979
S2,H2/CO2=1.5,900.0,3.0,1.01325,0.05462115858234112,,,,,,,,,,,,,,,,,,,,,,,,0.390712302274976,0.12749428226500603,-0.07174286091528592,0.002841219126895056,-0.001998733271477149,-0.025065873741606307,0.0141044757566329,0.03812295149819081,-0.02681423917037344
S2,H2/CO2=1.5,900.0,10.0,1.01325,0.06200172072808157,,,,,,,,,,,,,,,,,,,,,,,,0.45504183476592486,0.016222223966860794,-0.009125425703787604,-0.013227119089859185,0.009303720280451344,-0.01896323467426627,0.010669908590288206,0.020841340911464425,-0.014659395871627868
S2,H2/CO2=1.5,925.0,1.0,1.01325,0.044035013764360316,,,,,,,,,,,,,,,,,,,,,,,,0.2602565489064228,0.1471005658607083,-0.0402677475154406,0.020624590266812848,-0.007057266598992085,-0.014865785061856339,0.004069388984683821,0.034834037389842344,-0.011919232932460985
S2,H2/CO2=1.5,925.0,3.0,1.01325,0.055510922726143434,,,,,,,,,,,,,,,,,,,,,,,,0.42647451705185524,0.1103953908576677,-0.030221380082623428,-0.00942370809521309,0.0032243622485939034,-0.02996823163376669,0.008203730029087385,0.026528093100477816,-0.00907797475245397
S2,H2/CO2=1.5,925.0,10.0,1.01325,0.04145974710515023,,,,,,,,,,,,,,,,,,,,,,,,0.4778214960973862,0.014987314993705758,-0.004101024449942869,-0.0029507193491401518,0.0010096096634576446,-0.010387669129857842,0.002843097672943981,-0.00025936229516923537,8.92495252129838e-05
S2,H2/CO2=1.5,950.0,1.0,1.01325,0.05107111929664365,,,,,,,,,,,,,,,,,,,,,,,,0.3047106383877499,0.15491088047316082,0.0,0.014132585190071434,0.0,-0.02171847116802083,0.0,0.03379410697548855,0.0
S2,H2/CO2=1.5,950.0,3.0,1.01325,0.04167209096880263,,,,,,,,,,,,,,,,,,,,,,,,0.45403650579745847,0.1017203850687376,0.0,-0.014985209725237869,0.0,-0.029415139319503847,0.0,0.0036542107590175135,0.0
S2,H2/CO2=1.5,950.0,10.0,1.01325,0.02048310335864792,,,,,,,,,,,,,,,,,,,,,,,,0.5052610219362308,0.0074786336925120045,0.0,0.0016607171796967357,0.0,-0.0027328955526009086,0.0,-0.0017089810023667579,0.0
S2,H2/CO2=1.5,975.0,1.0,1.01325,0.04973350491636216,,,,,,,,,,,,,,,,,,,,,,,,0.34242497277186557,0.15922661846950736,0.04135300790630292,-0.0015846653019013779,-0.0005141188352486559,-0.030066441143280533,-0.007808587528732036,0.01912114192125832,0.0062078689866879025
S2,H2/CO2=1.5,975.0,3.0,1.01325,0.0197467889220784,,,,,,,,,,,,,,,,,,,,,,,,0.48504850906261543,0.09727623990006262,0.025263250443310903,-0.0048102505673691676,-0.0015614758170828802,-0.019314619052397848,-0.005015733524765462,-0.005364973413061677,-0.001741944921758009
S2,H2/CO2=1.5,975.0,10.0,1.01325,0.009930528395520399,,,,,,,,,,,,,,,,,,,,,,,,0.5275971482500514,0.0012658643020385663,0.0003279922368981669,0.00018742377014269174,6.082211849722796e-05,-0.0001969891261218576,-5.106547511461029e-05,-5.9557594085917626e-05,-1.9321191504616947e-05
S2,H2/CO2=1.5,1000.0,1.0,1.01325,0.03486637904307106,,,,,,,,,,,,,,,,,,,,,,,,0.37244887280545347,0.16896260260886864,0.08556881953019069,-0.013444143215871063,-0.008511121374965569,-0.03399125561039454,-0.01721448247118916,-0.0007482935198258739,-0.00047424101823206893
S2,H2/CO2=1.5,1000.0,3.0,1.01325,0.006923283706185187,,,,,,,,,,,,,,,,,,,,,,,,0.5209097656587911,0.07682876443814435,0.03890459743901564,0.0011965371690569881,0.0007575617106070354,-0.006306007604523324,-0.0031926157078796197,-0.0012008537669498751,-0.0007600527411305135
S2,H2/CO2=1.5,1000.0,10.0,1.01325,0.004959055481569379,,,,,,,,,,,,,,,,,,,,,,,,0.5454799968853257,0.0001240510562855457,6.255772344032628e-05,4.244850290713309e-06,2.687779881993535e-06,-7.794208015782754e-06,-3.9318101890820426e-06,-5.684306431151878e-07,-3.598162358776219e-07
S2,H2/CO2=1.5,1025.0,1.0,1.01325,0.015743855342949246,,,,,,,,,,,,,,,,,,,,,,,,0.40594996207842726,0.18677628122954204,0.13842348917716962,-0.008127343068237147,-0.007528871256839986,-0.025485132600993946,-0.018887161676991223,-0.004890744785715495,-0.004530687677277087
S2,H2/CO2=1.5,1025.0,3.0,1.01325,0.0028638739496525986,,,,,,,,,,,,,,,,,,,,,,,,0.5496769985385008,0.0466978944693941,0.03460209968179084,0.00035132502129719967,0.00032544859600303067,-0.001470622733745373,-0.001089573278069422,-8.103769137957073e-05,-7.506806075390686e-05
S2,H2/CO2=1.5,1025.0,10.0,1.01325,0.0025067206938992523,,,,,,,,,,,,,,,,,,,,,,,,0.5612954918657489,1.1855566800500483e-05,8.748928503887754e-06,8.629431058615467e-08,8.005414942058309e-08,-3.3506921563513856e-07,-2.4729671443219844e-07,-6.6887729946799035e-09,-6.199371571646851e-09
S2,H2/CO2=1.5,1050.0,1.0,1.01325,0.005232245650016445,,,,,,,,,,,,,,,,,,,,,,,,0.44883146149295894,0.19456965635044343,0.18768149700096326,-0.0014265486501269242,-0.001720235464680586,-0.01057622260089723,-0.010201559478153587,-0.001063118001722171,-0.0012819691084167174
S2,H2/CO2=1.5,1050.0,3.0,1.01325,0.001367936917923833,,,,,,,,,,,,,,,,,,,,,,,,0.5705223950166467,0.025300913577486206,0.024403908382658605,3.6557910984558184e-05,4.4082103708986686e-05,-0.000366277728194121,-0.00035328781854723594,-6.73554914604039e-06,-8.121716938124792e-06
S2,H2/CO2=1.5,1050.0,10.0,1.01325,0.0012930387490336823,,,,,,,,,,,,,,,,,,,,,,,,0.5757549019136554,1.054336462580352e-06,1.0160142116522053e-06,1.5396850461257827e-09,1.7012724562448511e-09,-1.459896405695861e-08,-1.406847800690565e-08,-9.202453252546428e-11,-1.0880635043127029e-10
S2,H2/CO2=2,850.0,1.0,1.01325,0.028956437366789024,,,,,,,,,,,,,,,,,,,,,,,,0.15449850854968417,0.10577931789031991,-0.12604257963181598,0.0226706437465668,-0.033767991456021273,-0.004977411826205275,0.005930871940479712,0.026519082464139185,-0.039500338792251496
S2,H2/CO2=2,850.0,3.0,1.01325,0.05738030702770674,,,,,,,,,,,,,,,,,,,,,,,,0.336317944961837,0.15817275636446082,-0.18846541051194265,0.02440765093146835,-0.03635369034831748,-0.019112141880926227,0.022772762189267153,0.0476161715502469,-0.07092233993150031
S2,H2/CO2=2,850.0,10.0,1.01325,0.09425890389206387,,,,,,,,,,,,,,,,,,,,,,,,0.4755235653068822,0.031688987810668534,-0.03776270049621333,-0.005651858549748923,0.008418598825365997,-0.031062866637120157,0.037012613198175726,0.06713480211062439,-0.09998998064268198
S2,H2/CO2=2,875.0,1.0,1.01325,0.040385115957374665,,,,,,,,,,,,,,,,,,,,,,,,0.20012047163958502,0.12631148722268837,-0.1096548681960352,0.028454581968975767,-0.030878007995618902,-0.008556555984553724,0.007428218128505831,0.035583468429545295,-0.03861407207170712
S2,H2/CO2=2,875.0,3.0,1.01325,0.0726213036645033,,,,,,,,,,,,,,,,,,,,,,,,0.39631693338324625,0.1498491245889133,-0.13009161948051573,0.0200706840231879,-0.0217798399383351,-0.026744817903775683,0.023218263806423084,0.05590271211468288,-0.06066350569980255
S2,H2/CO2=2,875.0,10.0,1.01325,0.10628685093433468,,,,,,,,,,,,,,,,,,,,,,,,0.4962689597107578,0.016778368280137568,-0.014564135482852956,-0.013318386572699903,0.014452616918028682,-0.030795760719056278,0.026734811434386132,0.060318556566137105,-0.06545463866577568
S2,H2/CO2=2,900.0,1.0,1.01325,0.05375127897038652,,,,,,,,,,,,,,,,,,,,,,,,0.2508538411761998,0.14400144703836937,-0.08102713530573902,0.03267573078391539,-0.022982349849576256,-0.013639165945192322,0.0076745222020658385,0.04490308945152028,-0.0315823113095472
S2,H2/CO2=2,900.0,3.0,1.01325,0.08538570365365628,,,,,,,,,,,,,,,,,,,,,,,,0.4473494327907568,0.1314029383464449,-0.07394227616691063,0.008927478151821155,-0.006279752485616186,-0.03452608121991864,0.01942769474373371,0.056498999915060785,-0.03973949914376114
S2,H2/CO2=2,900.0,10.0,1.01325,0.09992742012097854,,,,,,,,,,,,,,,,,,,,,,,,0.5128518061096163,0.015186160959476669,-0.008542488602369946,-0.014550749007780084,0.01023479755451473,-0.023642480076030425,0.013302785405628834,0.029582296253669038,-0.020807357611883626
S2,H2/CO2=2,925.0,1.0,1.01325,0.06775396565871372,,,,,,,,,,,,,,,,,,,,,,,,0.30383504950820583,0.156545993541371,-0.04285333784453116,0.032626475668928734,-0.01116412635487063,-0.020476329634758206,0.005605208034934264,0.051779014656476094,-0.017717486541797556
S2,H2/CO2=2,925.0,3.0,1.01325,0.08689105529172778,,,,,,,,,,,,,,,,,,,,,,,,0.4843868005601466,0.11273543627758065,-0.030861964346626247,-0.009360030625926719,0.0032025484160036477,-0.040199859731809146,0.011004625206260943,0.037543696894019526,-0.012847564690307567
S2,H2/CO2=2,925.0,10.0,1.01325,0.07035703488075476,,,,,,,,,,,,,,,,,,,,,,,,0.5352892288917626,0.015756057186011585,-0.004311438643100907,-0.003938215857740568,0.001347457707692734,-0.013054184780612182,0.0035729393508602413,0.0007059481909287013,-0.00024075857480224117
S2,H2/CO2=2,950.0,1.0,1.01325,0.07828368622959335,,,,,,,,,,,,,,,,,,,,,,,,0.353819769457149,0.1626978067811674,0.0,0.022545735135443,0.0,-0.029548609531449693,0.0,0.04852160049003372,0.0
S2,H2/CO2=2,950.0,3.0,1.01325,0.06696085727060558,,,,,,,,,,,,,,,,,,,,,,,,0.5102203403391332,0.10601466379395186,0.0,-0.01817523049147396,0.0,-0.038893990772528864,0.0,0.0052237528194921945,0.0
S2,H2/CO2=2,950.0,10.0,1.01325,0.038625825927030503,,,,,,,,,,,,,,,,,,,,,,,,0.5641442394270344,0.009302896363128088,0.0,0.0016226775600147736,0.0,-0.004414453461886424,0.0,-0.002260681524832338,0.0
S2,H2/CO2=2,975.0,1.0,1.01325,0.07586636023352024,,,,,,,,,,,,,,,,,,,,,,,,0.39294531260456644,0.1660638382826346,0.043128651171045466,-0.0010343471205820354,-0.00033553974458089275,-0.03984570161571256,-0.010348320021160914,0.025163293351213034,0.008169398215896254
S2,H2/CO2=2,975.0,3.0,1.01325,0.03559786811742493,,,,,,,,,,,,,,,,,,,,,,,,0.5404855794980488,0.10494333881045648,0.02725460819181791,-0.006668597653583519,-0.0021646855925788744,-0.02818406631547605,-0.007319266866219823,-0.006740449691097945,-0.002188557190528455
S2,H2/CO2=2,975.0,10.0,1.01325,0.019951993198854212,,,,,,,,,,,,,,,,,,,,,,,,0.5890847954581637,0.0021271461876720688,0.0005514093345898585,0.0003296389097962038,0.00010698349774962425,-0.0005137432451677443,-0.0001332251712638302,-0.00015548081312502515,-5.0448067137522784e-05
S2,H2/CO2=2,1000.0,1.0,1.01325,0.0546086482858093,,,,,,,,,,,,,,,,,,,,,,,,0.4210317014423238,0.17725996777605835,0.08977070011184918,-0.016569493831036786,-0.010489889692963383,-0.04461354187889673,-0.022593923318919157,-0.001270975777801879,-0.0008055671647560353
S2,H2/CO2=2,1000.0,3.0,1.01325,0.014487418182622199,,,,,,,,,,,,,,,,,,,,,,,,0.5785355631108855,0.08836346575896714,0.044746819184418585,0.0011355184052541656,0.0007189944615015875,-0.01205862988995581,-0.00610562783274547,-0.0022190263420865473,-0.0014045495515179092
S2,H2/CO2=2,1000.0,10.0,1.01325,0.010342477430817593,,,,,,,,,,,,,,,,,,,,,,,,0.6088508145794511,0.00022875488490115004,0.000115433401703946,1.1256632242995224e-05,7.124200421260162e-06,-2.5206162546738062e-05,-1.2723238585745852e-05,-2.3275751259970584e-06,-1.4730033453830976e-06
S2,H2/CO2=2,1025.0,1.0,1.01325,0.027782504483083455,,,,,,,,,,,,,,,,,,,,,,,,0.4533428656843752,0.19783511730575853,0.14661894096650308,-0.010249421565816652,-0.009494660159617418,-0.03678491754590335,-0.02726173497310056,-0.006279686202945514,-0.005817361284118049
S2,H2/CO2=2,1025.0,3.0,1.01325,0.006205828890533529,,,,,,,,,,,,,,,,,,,,,,,,0.6112976060680007,0.056350562698084805,0.04175557382323225,0.0006159777332120919,0.0005706110080688775,-0.0032787802127021972,-0.002429315899166,-0.00021468430277762386,-0.0001988696271362474
S2,H2/CO2=2,1025.0,10.0,1.01325,0.0053715285718214595,,,,,,,,,,,,,,,,,,,,,,,,0.6259243532393837,1.9945975932023075e-05,1.4723733426924568e-05,2.487956923813428e-07,2.304453128321171e-07,-1.0415327146313241e-06,-7.689333202066592e-07,-2.812693660880078e-08,-2.6053655131745568e-08
S2,H2/CO2=2,1050.0,1.0,1.01325,0.010807710998275849,,,,,,,,,,,,,,,,,,,,,,,,0.497471615619428,0.21141330931489788,0.2039288490238683,-0.0021739751094984605,-0.002621516028261661,-0.01918383703211246,-0.01850442861172897,-0.0019320365613317153,-0.002329692305510795
S2,H2/CO2=2,1050.0,3.0,1.01325,0.0030033995376426825,,,,,,,,,,,,,,,,,,,,,,,,0.6348320639660605,0.030453909427555215,0.02937430936365559,9.684633157924782e-05,0.00011677675791910146,-0.0008380614393005653,-0.0008083429905936246,-1.911997115609538e-05,-2.305487870505685e-05
S2,H2/CO2=2,1050.0,10.0,1.01325,0.0028279119964746396,,,,,,,,,,,,,,,,,,,,,,,,0.6412710038305187,1.5809196146632232e-06,1.5235154610104829e-06,4.7777726219777605e-09,5.890155030385813e-09,-4.1606528855889224e-08,-4.009623040491725e-08,-3.5845031370190794e-10,-4.3563570719523664e-10
S2,H2/CO2=3,850.0,1.0,1.01325,0.04710466821007201,,,,,,,,,,,,,,,,,,,,,,,,0.18718823264017614,0.1166572236575375,-0.1390043369269317,0.03725706789830252,-0.055494356240531895,-0.007111489434776311,0.00847376621533457,0.04277063139750074,-0.06370692281435324
S2,H2/CO2=3,850.0,3.0,1.01325,0.09517454972242283,,,,,,,,,,,,,,,,,,,,,,,,0.40249536722297596,0.1696876177366663,-0.20218586255991433,0.04421962202318663,-0.06586229253706388,-0.028041977108267044,0.03341303036837502,0.07734414720525044,-0.11520031317078586
S2,H2/CO2=3,850.0,10.0,1.01325,0.160318188339508,,,,,,,,,,,,,,,,,,,,,,,,0.5655206484644373,0.026612743211282264,-0.03171399068537528,0.005892083030745177,-0.008774834622127248,-0.045888947965929544,0.05467833384034809,0.110156702294429,-0.16406495302403387
S2,H2/CO2=3,875.0,1.0,1.01325,0.06588453783932575,,,,,,,,,,,,,,,,,,,,,,,,0.24337107154861515,0.137903492662389,-0.11971820502793273,0.04713707984886628,-0.05115163464785577,-0.01225148674794084,0.010635889674971352,0.057319062218706,-0.06220082405905061
S2,H2/CO2=3,875.0,3.0,1.01325,0.12100478581311609,,,,,,,,,,,,,,,,,,,,,,,,0.47401222165758883,0.15658913854274537,-0.13594288705422453,0.03966361006077779,-0.04304126318796231,-0.039177369469671486,0.0340114392799816,0.09051538206855357,-0.09822376223100615
S2,H2/CO2=3,875.0,10.0,1.01325,0.18226009281147826,,,,,,,,,,,,,,,,,,,,,,,,0.5881463660065482,0.010199220996259806,-0.00885258991858151,-0.005997566553916922,0.0065085015698074225,-0.04361569124525094,0.03786427832390277,0.09809155067705341,-0.10644381495073864
S2,H2/CO2=3,900.0,1.0,1.01325,0.08793064776658686,,,,,,,,,,,,,,,,,,,,,,,,0.3056849325674398,0.15507767987975318,-0.08725945634363574,0.0547408891012402,-0.038501863291412475,-0.019531110053223194,0.01098977111490193,0.07212177679750444,-0.050726526278640355
S2,H2/CO2=3,900.0,3.0,1.01325,0.1431383133906337,,,,,,,,,,,,,,,,,,,,,,,,0.5330968239571547,0.1326953594259439,-0.07466950951350027,0.023996522709357482,-0.016879067226083233,-0.04991236830470536,0.028085461173916332,0.09092773410177557,-0.06395579180956262
S2,H2/CO2=3,900.0,10.0,1.01325,0.1752730778326598,,,,,,,,,,,,,,,,,,,,,,,,0.6018858202744322,0.0114022647216383,-0.006413444399872015,-0.01417628673018867,0.009971534802813431,-0.03128920269732799,0.017605420766304142,0.04847111505393992,-0.03409280513967314
S2,H2/CO2=3,925.0,1.0,1.01325,0.11114001535330402,,,,,,,,,,,,,,,,,,,,,,,,0.3700570609369793,0.16561084976079998,-0.04533471869147543,0.055610103819003776,-0.019028750492677826,-0.029169563234252016,0.007984856222795211,0.08263237143397474,-0.028274927200774496
S2,H2/CO2=3,925.0,3.0,1.01325,0.14786606913944594,,,,,,,,,,,,,,,,,,,,,,,,0.5717432600104562,0.11121723078431067,-0.030446346594592555,-0.005115395777394172,0.0017499947712107389,-0.056300463199596834,0.015412125797079068,0.060279443988918435,-0.02062773430476922
S2,H2/CO2=3,925.0,10.0,1.01325,0.13236185731371855,,,,,,,,,,,,,,,,,,,,,,,,0.619152222293045,0.015465386549076698,-0.004231934939025184,-0.006019908973209365,0.0020597993599325015,-0.017690069092774624,0.004841854165787279,0.004570692308290131,-0.0015626089549046485
S2,H2/CO2=3,950.0,1.0,1.01325,0.12890858520136694,,,,,,,,,,,,,,,,,,,,,,,,0.4286462514389532,0.16866950137111036,0.0,0.04001464246596864,0.0,-0.04132487807324281,0.0,0.07619291972668085,0.0
S2,H2/CO2=3,950.0,3.0,1.01325,0.12021261419193593,,,,,,,,,,,,,,,,,,,,,,,,0.5924184269515621,0.10626091005022098,0.0,-0.022428534434482117,0.0,-0.05376474589125421,0.0,0.011588295829074308,0.0
S2,H2/CO2=3,950.0,10.0,1.01325,0.08162574674418245,,,,,,,,,,,,,,,,,,,,,,,,0.6453741741702397,0.011808242061672747,0.0,0.0011142586864160142,0.0,-0.0081938618249483,0.0,-0.0031266550315007385,0.0
S2,H2/CO2=3,975.0,1.0,1.01325,0.12663348696104945,,,,,,,,,,,,,,,,,,,,,,,,0.4694635477008756,0.1699262125661738,0.04413169288592922,0.0029737967380122354,0.0009655230689881168,-0.05388023951861942,-0.013993120321650898,0.038773868173629794,0.01258787586482027
S2,H2/CO2=3,975.0,3.0,1.01325,0.07366810704422427,,,,,,,,,,,,,,,,,,,,,,,,0.616716230907924,0.10947211472366603,0.028430855594921423,-0.010868889916729185,-0.003528192010943121,-0.04385955946299737,-0.011390485969129185,-0.007870362422793264,-0.002555605970653435
S2,H2/CO2=3,975.0,10.0,1.01325,0.045815378964114147,,,,,,,,,,,,,,,,,,,,,,,,0.6712720962014503,0.004255102373632025,0.0011036746487114169,0.0006667082985023498,0.0002164084095979124,-0.001814109322824907,-0.000470666125050069,-0.0005634109797019587,-0.00018284170189737659
S2,H2/CO2=3,1000.0,1.0,1.01325,0.09662632255413271,,,,,,,,,,,,,,,,,,,,,,,,0.49261194397620856,0.18133299396467517,0.09183319039396676,-0.02071265787974841,-0.013113223980315558,-0.060313618495132226,-0.03054479254441106,0.0004094093830172424,0.00025738820542756113
S2,H2/CO2=3,1000.0,3.0,1.01325,0.035834773501045705,,,,,,,,,,,,,,,,,,,,,,,,0.6528994926145861,0.1009118780617213,0.0511028301650257,-6.311664433045205e-05,-3.964150897539653e-05,-0.02604428092605922,-0.013188317622773659,-0.004681317561738493,-0.002963235095860585
S2,H2/CO2=3,1000.0,10.0,1.01325,0.0250567558869377,,,,,,,,,,,,,,,,,,,,,,,,0.6922086524276739,0.0006344361988985803,0.000320478927914869,5.0023713796254476e-05,3.166012861599565e-05,-0.00014603176261883746,-7.378557859713877e-05,-1.9632639888887e-05,-1.2424527200734918e-05
S2,H2/CO2=3,1025.0,1.0,1.01325,0.05709627502069836,,,,,,,,,,,,,,,,,,,,,,,,0.5191861019310517,0.2032616698077666,0.15064000265548605,-0.014457112840074449,-0.013392496055736336,-0.05593570253391959,-0.0414546872430645,-0.008066763953854146,-0.007472894170163641
S2,H2/CO2=3,1025.0,3.0,1.01325,0.016244902887536165,,,,,,,,,,,,,,,,,,,,,,,,0.6891325757586626,0.07201469822908368,0.053365108579023206,0.001110913626697907,0.0010291045543564525,-0.00950821748724488,-0.007045356468211341,-0.0008405345195193134,-0.0007786185122834674
S2,H2/CO2=3,1025.0,10.0,1.01325,0.013538638175916181,,,,,,,,,,,,,,,,,,,,,,,,0.7097457890479367,5.359778708080576e-05,3.959577813128501e-05,1.430083368392232e-06,1.3246916785725205e-06,-6.383451001904655e-06,-4.7164505219757236e-06,-2.969752630442579e-07,-2.75090694581287e-07
S2,H2/CO2=3,1050.0,1.0,1.01325,0.027047449643185735,,,,,,,,,,,,,,,,,,,,,,,,0.5601069919354618,0.22354977495203932,0.21563551081431875,-0.004474993880915212,-0.005396072057492485,-0.0385498500184437,-0.03718489943078246,-0.004005069904998004,-0.00482924900200906
S2,H2/CO2=3,1050.0,3.0,1.01325,0.007917668765042159,,,,,,,,,,,,,,,,,,,,,,,,0.7161636177421433,0.04009444999520939,0.0386733753275359,0.0002897390495221197,0.0003493632482587383,-0.002641072700575219,-0.002547438904973009,-9.125812089390978e-05,-0.00011003967855557732
S2,H2/CO2=3,1050.0,10.0,1.01325,0.007331075167706948,,,,,,,,,,,,,,,,,,,,,,,,0.7251207911092026,3.523802444282964e-06,3.3961667172954795e-06,2.8822655373517136e-08,3.4735622711501435e-08,-2.2154945510544782e-07,-2.13527685984094e-07,-3.528415710649102e-09,-4.253334858796143e-09
S2,H2/CO2=4,850.0,1.0,1.01325,0.06171573723408633,,,,,,,,,,,,,,,,,,,,,,,,0.2102723004230227,0.12286610088936001,-0.1464026563344767,0.04912375867284213,-0.0731697344923482,-0.008597235161230711,0.010244136881320913,0.055910419201817864,-0.08327859111363685
S2,H2/CO2=4,850.0,3.0,1.01325,0.126317948871441,,,,,,,,,,,,,,,,,,,,,,,,0.4497823799092949,0.17584344992228051,-0.20952093401681857,0.06154362279895964,-0.09166533716678249,-0.03492383620655529,0.041613082746319585,0.10192146842471564,-0.15180679123401944
S2,H2/CO2=4,850.0,10.0,1.01325,0.2151422829032171,,,,,,,,,,,,,,,,,,,,,,,,0.6336230121041709,0.02234008730926107,-0.02662270916831133,0.019520029411412843,-0.02907229834158698,-0.058984034006190345,0.0702814944962292,0.1466008964343138,-0.21834392781864487
S2,H2/CO2=4,875.0,1.0,1.01325,0.08655819695788475,,,,,,,,,,,,,,,,,,,,,,,,0.2742105462042971,0.14423033787295536,-0.12521069672064844,0.06252567235730255,-0.06785083146545745,-0.014882031633275256,0.012919533019352739,0.0750402402544148,-0.08143127063040233
S2,H2/CO2=4,875.0,3.0,1.01325,0.1612108286949061,,,,,,,,,,,,,,,,,,,,,,,,0.5301615093183105,0.1591633493574801,-0.13817761806186046,0.057652272172370456,-0.06256183727386955,-0.04902896562604259,0.04256397243028037,0.1195667143285048,-0.12974911486901622
S2,H2/CO2=4,875.0,10.0,1.01325,0.24683158725975574,,,,,,,,,,,,,,,,,,,,,,,,0.6585558228458697,0.0040746671050001515,-0.0035356958692361884,0.004763241436661625,-0.005168502750940718,-0.05554152895366343,0.0482175693100953,0.1330177536656263,-0.14434389275296763
S2,H2/CO2=4,900.0,1.0,1.01325,0.11587065285285048,,,,,,,,,,,,,,,,,,,,,,,,0.3451360673257303,0.16058994184506847,-0.09036103150780184,0.0732504151340796,-0.05152049543052373,-0.023812943741937168,0.013399034978452129,0.09457555882126586,-0.06651932394742127
S2,H2/CO2=4,900.0,3.0,1.01325,0.19202886634539887,,,,,,,,,,,,,,,,,,,,,,,,0.5958458612674933,0.1310496452991361,-0.0737434447301899,0.03967012254544322,-0.027903481261559726,-0.06233889636364856,0.03507775974673291,0.12143310984205,-0.08541232108635055
S2,H2/CO2=4,900.0,10.0,1.01325,0.24319063992535989,,,,,,,,,,,,,,,,,,,,,,,,0.6698074175477938,0.007141011399516839,-0.004015814339738966,-0.011234593059311626,0.007902467562859172,-0.039168426257148864,0.022038940892436104,0.07030072311730515,-0.049447014255891285
S2,H2/CO2=4,925.0,1.0,1.01325,0.14706536575577836,,,,,,,,,,,,,,,,,,,,,,,,0.41816746792673953,0.1692106244888858,-0.04632007954030459,0.07567929706874255,-0.0258960250590079,-0.03554935810609686,0.009731217050463342,0.10879929779696873,-0.037228675631346964
S2,H2/CO2=4,925.0,3.0,1.01325,0.20208871696593833,,,,,,,,,,,,,,,,,,,,,,,,0.6364832637472131,0.10672544583879007,-0.029216721048921923,0.002582010572421689,-0.0008841802177583792,-0.06948034817740936,0.019020066622589538,0.08427563960142839,-0.028839232792298577
S2,H2/CO2=4,925.0,10.0,1.01325,0.19278995526412482,,,,,,,,,,,,,,,,,,,,,,,,0.6803736490574126,0.014328583243472526,-0.003920858396133653,-0.007909446526699337,0.0027065203801163173,-0.022451484933472265,0.006145189713841621,0.010963684774992905,-0.003749577864232967
S2,H2/CO2=4,950.0,1.0,1.01325,0.17207787903837543,,,,,,,,,,,,,,,,,,,,,,,,0.48379668737040427,0.16956462240717285,0.0,0.05735448518639774,0.0,-0.0498561531800952,0.0,0.10186433111634904,0.0
S2,H2/CO2=4,950.0,3.0,1.01325,0.17184901098542243,,,,,,,,,,,,,,,,,,,,,,,,0.6525637348376137,0.10196390716766535,0.0,-0.02457292039690362,0.0,-0.06586969627613432,0.0,0.02173103731062595,0.0
S2,H2/CO2=4,950.0,10.0,1.01325,0.12702868854667265,,,,,,,,,,,,,,,,,,,,,,,,0.7010615354036709,0.013319469259837069,0.0,0.00022912918123674242,0.0,-0.012335551662576855,0.0,-0.0035018824211190125,0.0
S2,H2/CO2=4,975.0,1.0,1.01325,0.1728010047088555,,,,,,,,,,,,,,,,,,,,,,,,0.5268792022222373,0.16844145478057404,0.043746065349356544,0.010293354143639522,0.0033418250441952235,-0.0638254782654786,-0.01657588701741014,0.05518958659017428,0.017917213023606327
S2,H2/CO2=4,975.0,3.0,1.01325,0.11467038210119257,,,,,,,,,,,,,,,,,,,,,,,,0.669255246052554,0.107716813959996,0.02797498731544612,-0.01515652031107706,-0.00492016163906317,-0.05677624967006488,-0.014745185686205683,-0.007087770190841378,-0.002301890166372597
S2,H2/CO2=4,975.0,10.0,1.01325,0.0752254477543155,,,,,,,,,,,,,,,,,,,,,,,,0.7250015174053566,0.006521803153825001,0.0016921753257986838,0.0009553006787343943,0.00031011593681906646,-0.004066074215557797,-0.0010552364297099909,-0.001275493792206664,-0.0004139808044187343
S2,H2/CO2=4,1000.0,1.0,1.01325,0.1384246596745482,,,,,,,,,,,,,,,,,,,,,,,,0.5458316883984821,0.17854748069657256,0.0904224160741679,-0.023013183021203254,-0.014570141445652274,-0.07150470823926447,-0.036212130804087056,0.0049627095968791946,0.003139071085461742
S2,H2/CO2=4,1000.0,3.0,1.01325,0.06220178858045773,,,,,,,,,,,,,,,,,,,,,,,,0.7001417106558638,0.10507463957468988,0.05321154027351226,-0.0021469535551210672,-0.001358646676280495,-0.040311384553192234,-0.02041384718734201,-0.00699316779713046,-0.00442676562031636
S2,H2/CO2=4,1000.0,10.0,1.01325,0.04266807337434708,,,,,,,,,,,,,,,,,,,,,,,,0.7454208021386436,0.0013777320694075001,0.0006964458007935326,0.00014235593432943006,9.010242995044493e-05,-0.000517872956324987,-0.00026184410909530637,-8.983507112578226e-05,-5.685439572918061e-05
S2,H2/CO2=4,1025.0,1.0,1.01325,0.08936873009952556,,,,,,,,,,,,,,,,,,,,,,,,0.5655663779608755,0.1999253843134624,0.14816709432545205,-0.018508302802730525,-0.01714539832623485,-0.07042774060916808,-0.05219479176603731,-0.008698763984149246,-0.00805844741873507
S2,H2/CO2=4,1025.0,3.0,1.01325,0.029795108960544762,,,,,,,,,,,,,,,,,,,,,,,,0.7359986904944006,0.08279513523352378,0.061355751068392646,0.0012804116441722524,0.001186137418948685,-0.018806046568399515,-0.013935662531823403,-0.002036296527274401,-0.0018863068914295317
S2,H2/CO2=4,1025.0,10.0,1.01325,0.02372079510046064,,,,,,,,,,,,,,,,,,,,,,,,0.7622723641839773,0.00013190347468161612,9.75092589783344e-05,5.928984306291518e-06,5.492110433102937e-06,-2.7594003957753105e-05,-2.040156131810633e-05,-1.976029759178516e-06,-1.8304165958112073e-06
S2,H2/CO2=4,1050.0,1.0,1.01325,0.047788530115156116,,,,,,,,,,,,,,,,,,,,,,,,0.6006318014428601,0.22267687007772874,0.21479335164562852,-0.0072641120577809914,-0.008759118659942833,-0.05654262836281756,-0.05454072902954885,-0.005938025054594807,-0.007159852393871964
S2,H2/CO2=4,1050.0,3.0,1.01325,0.014519535156090703,,,,,,,,,,,,,,,,,,,,,,,,0.7650812767182061,0.04914555464269055,0.047404034206680046,0.0005717481203398878,0.0006894022998943372,-0.005916961198374317,-0.005707237686656749,-0.000289073066302983,-0.0003485678984073079
S2,H2/CO2=4,1050.0,10.0,1.01325,0.013106782255642262,,,,,,,,,,,,,,,,,,,,,,,,0.7768156843010519,7.8774886225208e-06,7.593061082666885e-06,1.2467660237547307e-07,1.5026001276563505e-07,-9.045673280295291e-07,-8.719209825067825e-07,-2.3869873265469632e-08,-2.877415896697377e-08
