P1 recycle analysis summary (see P1_recycle_summary.md)
                                                                                                case  C_solid_tpd  C_from_CO2_tpd  S3_out_CO_kmol_d  S3_out_CO2_kmol_d  S3_out_CH4_kmol_d  S3_out_carbon_kmol_d  H2_surplus_kmol_d  H2_surplus_tpd                                                                          note  C_solid_extra_tpd  H2_required_for_methanation_kmol_d  H2_required_tpd  H2_returned_by_cracking_kmol_d  H2_remaining_kmol_d  H2_remaining_tpd  C_from_biogasCO2_tpd  C_from_DACCO2_tpd  H2_available_kmol_d  H2_required_kmol_d  water_tpd
0                         once-through design case (kinetic, tau1*=8.905 s, phi=0, h=0.35, T3=650 K)    31.368208        0.000000        668.535001         282.163654         383.987389           1334.686045        5790.105258       11.672852                                                            all values kinetic                NaN                                 NaN              NaN                             NaN                  NaN               NaN                   NaN                NaN                  NaN                 NaN        NaN
1                 Tier-1a single-pass bound: all S3-outlet carbon -> CH4 -> Stage 1 at X_CH4 = 0.873    45.361283       10.005570               NaN                NaN                NaN                   NaN                NaN             NaN  stoichiometric; S3-outlet carbon origin fractions from net-conversion tracer          13.993075                          3134.25962         6.318667                     2330.043333          4985.888970         10.051552                   NaN                NaN                  NaN                 NaN        NaN
2  Tier-1b full-recycle asymptote (p->0, r->1): all fresh carbon -> solid; CO2 + 2H2 -> C + 2H2O net    47.399122       11.462701               NaN                NaN                NaN                   NaN                NaN             NaN                                    stoichiometric asymptote, no reactor model                NaN                                 NaN              NaN                             NaN          5325.217727         10.735639              8.733486           2.729214           7233.91822         1908.700493  34.385239

===== Tier 2 EQUILIBRIUM =====
 T3_K  phi  h_H2_to_CFR  r_CH4  purge_p  converged  iterations       method  C_total_tpd  C_from_CO2_total_tpd  C_from_CO2_total_tpd_mixing_tracer_upper  fresh_CO2_carbon_fixed_fraction  purge_carbon_tpd  H2_net_exportable_tpd  water_total_tpd  Q1_kW  Q2_kW  Q3_kW  S1_inlet_CH4_ratio_vs_fresh  S2_inlet_ratio_vs_once  closure_C_rel
  550  NaN         0.35      0        1       True           1 once-through        36.03                 1.181                                     1.079                           0.1031             11.37                  7.571            30.74   3031 -196.4  -1553                            1                     NaN      2.305e-16
  550  NaN         0.35    0.9      0.2       True          22       direct        47.12                 11.21                                     11.21                           0.9776            0.2813                  10.64            34.22   4098 -224.3  -1787                        1.352                   1.315      3.122e-13
  550  NaN         0.35    0.9      0.1       True          19       direct        47.26                 11.33                                     11.33                           0.9887            0.1422                  10.69             34.3   4110 -213.5  -1798                        1.356                   1.328      6.125e-13
  550  NaN         0.35    0.9     0.05       True          20       direct        47.33                  11.4                                      11.4                           0.9943           0.07152                  10.71            34.34   4116 -208.2  -1803                        1.358                   1.335      2.838e-13
  550  NaN         0.35    0.9     0.02       True          20       direct        47.37                 11.44                                     11.44                           0.9977           0.02871                  10.73            34.37   4120 -205.2  -1806                        1.359                   1.339      2.828e-13
  550  NaN         0.35    0.9     0.01       True          19       direct        47.38                 11.45                                     11.45                           0.9989           0.01437                  10.73            34.38   4121 -204.1  -1807                         1.36                   1.341      2.652e-13
  550  NaN         0.35   0.95      0.2       True          21       direct        47.26                 11.34                                     11.34                           0.9893            0.1349                  10.69            34.22   4110   -288  -1726                        1.356                    1.32       2.74e-13
  550  NaN         0.35   0.95      0.1       True          19       direct        47.33                  11.4                                      11.4                           0.9946           0.06778                  10.71             34.3   4116 -285.5  -1728                        1.358                   1.332      1.507e-13
  550  NaN         0.35   0.95     0.05       True          19       direct        47.37                 11.43                                     11.43                           0.9973           0.03398                  10.72            34.34   4119 -284.6  -1729                        1.359                   1.339      1.756e-13
  550  NaN         0.35   0.95     0.02       True          19       direct        47.39                 11.45                                     11.45                           0.9989           0.01361                  10.73            34.37   4121 -284.1  -1730                         1.36                   1.343      1.699e-13
  550  NaN         0.35   0.95     0.01       True          18       direct        47.39                 11.46                                     11.46                           0.9995           0.00681                  10.73            34.38   4122   -284  -1730                         1.36                   1.345      1.597e-13
  550  NaN         0.35   0.99      0.2       True          21       direct        47.37                 11.44                                     11.44                           0.9979           0.02616                  10.73            34.22   4120   -336  -1680                        1.359                   1.324      1.261e-13
  550  NaN         0.35   0.99      0.1       True          18       direct        47.39                 11.45                                     11.45                            0.999           0.01309                  10.73            34.31   4121 -339.4  -1677                         1.36                   1.336      1.596e-13
  550  NaN         0.35   0.99     0.05       True          19       direct        47.39                 11.46                                     11.46                           0.9995          0.006544                  10.73            34.35   4122 -341.5  -1675                         1.36                   1.342      7.386e-14
  550  NaN         0.35   0.99     0.02       True          19       direct         47.4                 11.46                                     11.46                           0.9998          0.002618                  10.73            34.37   4122 -342.8  -1673                         1.36                   1.346      7.225e-14
  550  NaN         0.35   0.99     0.01       True          18       direct         47.4                 11.46                                     11.46                           0.9999          0.001309                  10.74            34.38   4122 -343.3  -1673                         1.36                   1.348      6.902e-14
  550  NaN          0.5      0        1       True           1 once-through        34.85                     0                                         0                                0             12.55                  6.525            33.49   3031 -196.4  -1811                            1                     NaN      6.914e-16
  550  NaN          0.5    0.9      0.2       True          24       direct        47.12                 11.21                                     11.21                           0.9776            0.2811                  10.64            34.23   4098 -353.2  -1664                        1.352                   1.527      2.996e-15
  550  NaN          0.5    0.9      0.1       True          23       direct        47.26                 11.33                                     11.33                           0.9887            0.1421                  10.69            34.31   4110 -373.8  -1645                        1.356                   1.595      2.881e-15
  550  NaN          0.5    0.9     0.05       True          24       direct        47.33                  11.4                                      11.4                           0.9943           0.07147                  10.71            34.35   4116 -386.7  -1633                        1.358                   1.635      1.383e-15
  550  NaN          0.5    0.9     0.02       True          24       direct        47.37                 11.44                                     11.44                           0.9977           0.02869                  10.73            34.37   4120 -395.3  -1624                        1.359                   1.661      1.613e-15
  550  NaN          0.5    0.9     0.01       True          23       direct        47.38                 11.45                                     11.45                           0.9989           0.01436                  10.73            34.38   4121 -398.4  -1622                         1.36                    1.67      8.066e-16
  550  NaN          0.5   0.95      0.2       True          24       direct        47.26                 11.34                                     11.34                           0.9893            0.1347                  10.69            34.23   4110   -413  -1607                        1.356                   1.532      1.152e-15
  550  NaN          0.5   0.95      0.1       True          23       direct        47.33                  11.4                                      11.4                           0.9946           0.06773                  10.71            34.31   4116 -440.3  -1581                        1.358                   1.599      9.219e-16
  550  NaN          0.5   0.95     0.05       True          24       direct        47.37                 11.43                                     11.43                           0.9973           0.03396                  10.72            34.35   4119 -456.4  -1566                        1.359                   1.638              0
  550  NaN          0.5   0.95     0.02       True          24       direct        47.39                 11.45                                     11.45                           0.9989            0.0136                  10.73            34.37   4121   -467  -1556                         1.36                   1.664      4.609e-16
  550  NaN          0.5   0.95     0.01       True          23       direct        47.39                 11.46                                     11.46                           0.9995          0.006806                  10.73            34.38   4122 -470.7  -1552                         1.36                   1.673     -5.762e-16
  550  NaN          0.5   0.99      0.2       True          24       direct        47.37                 11.44                                     11.44                           0.9979           0.02608                  10.73            34.24   4120 -458.1  -1564                        1.359                   1.535      3.111e-15
  550  NaN          0.5   0.99      0.1       True          23       direct        47.39                 11.45                                     11.45                            0.999           0.01306                  10.73            34.31   4121   -490  -1533                         1.36                   1.602       2.65e-15
  550  NaN          0.5   0.99     0.05       True          24       direct        47.39                 11.46                                     11.46                           0.9995          0.006531                  10.73            34.35   4122 -508.4  -1516                         1.36                   1.641      1.844e-15
  550  NaN          0.5   0.99     0.02       True          24       direct         47.4                 11.46                                     11.46                           0.9998          0.002613                  10.73            34.37   4122 -520.2  -1504                         1.36                   1.666      1.959e-15
  550  NaN          0.5   0.99     0.01       True          23       direct         47.4                 11.46                                     11.46                           0.9999          0.001307                  10.74            34.38   4122 -524.3  -1501                         1.36                   1.675      1.268e-15
  550  NaN         0.75      0        1       True           1 once-through        34.85                     0                                         0                                0             12.55                  6.524             33.5   3031 -196.4  -1812                            1                     NaN      6.914e-16
  550  NaN         0.75    0.9      0.2       True          38       direct        47.12                 11.21                                     11.21                           0.9776            0.2811                  10.64            34.26   4098 -649.7  -1381                        1.352                   2.139     -1.268e-15
  550  NaN         0.75    0.9      0.1       True          43       direct        47.26                 11.33                                     11.33                           0.9887            0.1421                  10.69            34.33   4110 -769.5  -1267                        1.356                   2.497     -1.037e-15
  550  NaN         0.75    0.9     0.05       True          48       direct        47.33                  11.4                                      11.4                           0.9943           0.07147                  10.71            34.36   4116 -844.7  -1195                        1.358                   2.749     -1.383e-15
  550  NaN         0.75    0.9     0.02       True          51       direct        47.37                 11.44                                     11.44                           0.9977           0.02869                  10.73            34.37   4120 -895.9  -1146                        1.359                   2.936     -1.613e-15
  550  NaN         0.75    0.9     0.01       True          49       direct        47.38                 11.45                                     11.45                           0.9989           0.01436                  10.73            34.38   4121   -914  -1129                         1.36                   3.005     -1.383e-15
  550  NaN         0.75   0.95      0.2       True          38       direct        47.26                 11.34                                     11.34                           0.9893            0.1347                  10.69            34.26   4110   -701  -1332                        1.356                   2.144     -1.729e-15
  550  NaN         0.75   0.95      0.1       True          43       direct        47.33                  11.4                                      11.4                           0.9946           0.06773                  10.71            34.33   4116 -822.8  -1216                        1.358                     2.5     -2.305e-15
  550  NaN         0.75   0.95     0.05       True          48       direct        47.37                 11.43                                     11.43                           0.9973           0.03396                  10.72            34.36   4119   -898  -1144                        1.359                   2.751     -2.305e-15
  550  NaN         0.75   0.95     0.02       True          51       direct        47.39                 11.45                                     11.45                           0.9989            0.0136                  10.73            34.37   4121 -948.8  -1095                         1.36                   2.936     -2.535e-15
  550  NaN         0.75   0.95     0.01       True          49       direct        47.39                 11.46                                     11.46                           0.9995          0.006806                  10.73            34.38   4122 -966.8  -1078                         1.36                   3.006     -2.305e-15
  550  NaN         0.75   0.99      0.2       True          38       direct        47.37                 11.44                                     11.44                           0.9979           0.02608                  10.73            34.26   4120 -739.4  -1295                        1.359                   2.148      3.227e-15
  550  NaN         0.75   0.99      0.1       True          43       direct        47.39                 11.45                                     11.45                            0.999           0.01306                  10.73            34.33   4121 -862.4  -1178                         1.36                   2.503      1.959e-15
  550  NaN         0.75   0.99     0.05       True          48       direct        47.39                 11.46                                     11.46                           0.9995          0.006531                  10.73            34.36   4122 -937.5  -1106                         1.36                   2.752      1.383e-15
  550  NaN         0.75   0.99     0.02       True          51       direct         47.4                 11.46                                     11.46                           0.9998          0.002613                  10.73            34.38   4122   -988  -1058                         1.36                   2.937      9.219e-16
  550  NaN         0.75   0.99     0.01       True          49       direct         47.4                 11.46                                     11.46                           0.9999          0.001307                  10.74            34.38   4122  -1006  -1041                         1.36                   3.006      1.037e-15
  550  NaN            1      0        1       True           1 once-through        34.85                     0                                         0                                0             12.55                  6.524             33.5   3031 -196.4  -1812                            1                     NaN      6.914e-16
  550  NaN            1    0.9      0.2       True          77       direct        47.12                 11.21                                     11.21                           0.9776            0.2811                  10.64             34.3   4098  -1135 -916.8                        1.352                   3.877     -3.342e-15
  550  NaN            1    0.9      0.1       True         148       direct        47.26                 11.33                                     11.33                           0.9887            0.1421                  10.69            34.36   4110  -1510 -557.8                        1.356                   7.166      1.268e-15
  550  NaN            1    0.9     0.05       True         289       direct        47.33                  11.4                                      11.4                           0.9943           0.07147                  10.71            34.38   4116  -1768 -309.6                        1.358                   13.74     -2.535e-15
  550  NaN            1    0.9     0.02       True          93     wegstein        47.37                 11.44                                     11.44                           0.9977           0.02869                  10.73            34.38   4120  -1953 -131.9                        1.359                   33.47     -1.498e-15
  550  NaN            1    0.9     0.01       True         132     wegstein        47.38                 11.45                                     11.45                           0.9989           0.01436                  10.73            34.38   4121  -2020 -67.32                         1.36                   66.35       2.65e-15
  550  NaN            1   0.95      0.2       True          77       direct        47.26                 11.34                                     11.34                           0.9893            0.1347                  10.69             34.3   4110  -1172 -881.7                        1.356                   3.886      -2.65e-15
  550  NaN            1   0.95      0.1       True         148       direct        47.33                  11.4                                      11.4                           0.9946           0.06773                  10.71            34.36   4116  -1536 -532.8                        1.358                   7.174      2.881e-15
  550  NaN            1   0.95     0.05       True         289       direct        47.37                 11.43                                     11.43                           0.9973           0.03396                  10.72            34.38   4119  -1784 -294.5                        1.359                   13.75      3.457e-16
  550  NaN            1   0.95     0.02       True          93     wegstein        47.39                 11.45                                     11.45                           0.9989            0.0136                  10.73            34.38   4121  -1960 -125.1                         1.36                   33.48      -7.26e-15
  550  NaN            1   0.95     0.01       True         132     wegstein        47.39                 11.46                                     11.46                           0.9995          0.006806                  10.73            34.38   4122  -2024 -63.83                         1.36                   66.36     -1.383e-15
  550  NaN            1   0.99      0.2       True          77       direct        47.37                 11.44                                     11.44                           0.9979           0.02608                  10.73             34.3   4120  -1199 -855.4                        1.359                   3.893     -2.305e-16
  550  NaN            1   0.99      0.1       True         148       direct        47.39                 11.45                                     11.45                            0.999           0.01306                  10.73            34.36   4121  -1555 -514.3                         1.36                   7.181      3.687e-15
  550  NaN            1   0.99     0.05       True         289       direct        47.39                 11.46                                     11.46                           0.9995          0.006531                  10.73            34.38   4122  -1795 -283.5                         1.36                   13.76     -2.074e-15
  550  NaN            1   0.99     0.02       True          93     wegstein         47.4                 11.46                                     11.46                           0.9998          0.002613                  10.73            34.38   4122  -1965 -120.2                         1.36                   33.48     -3.572e-15
  550  NaN            1   0.99     0.01       True         132     wegstein         47.4                 11.46                                     11.46                           0.9999          0.001307                  10.74            34.38   4122  -2026 -61.29                         1.36                   66.36     -4.033e-15
  600  NaN         0.35      0        1       True           1 once-through        36.06                 1.206                                     1.102                           0.1052             11.34                  7.709            30.19   3031 -196.4  -1529                            1                     NaN      2.766e-15
  600  NaN         0.35    0.9      0.2       True          22       direct        47.11                  11.2                                      11.2                            0.977            0.2875                  10.64             34.2   4097   -224  -1800                        1.352                   1.316      1.291e-11
  600  NaN         0.35    0.9      0.1       True          20       direct        47.25                 11.33                                     11.33                           0.9884            0.1449                  10.69            34.29   4110 -213.2  -1811                        1.356                   1.328      8.727e-12
  600  NaN         0.35    0.9     0.05       True          20       direct        47.33                  11.4                                      11.4                           0.9942           0.07278                  10.71            34.34   4116   -208  -1817                        1.358                   1.335      1.074e-11
  600  NaN         0.35    0.9     0.02       True          20       direct        47.37                 11.44                                     11.44                           0.9977           0.02919                  10.73            34.37   4120 -204.8  -1820                        1.359                    1.34      1.069e-11
  600  NaN         0.35    0.9     0.01       True          19       direct        47.38                 11.45                                     11.45                           0.9988           0.01461                  10.73            34.38   4121 -203.8  -1821                         1.36                   1.341      9.791e-12
  600  NaN         0.35   0.95      0.2       True          22       direct        47.26                 11.34                                     11.34                            0.989            0.1378                  10.69            34.21   4110 -287.9  -1739                        1.356                    1.32      3.028e-12
  600  NaN         0.35   0.95      0.1       True          19       direct        47.33                  11.4                                      11.4                           0.9945             0.069                  10.71             34.3   4116 -285.4  -1742                        1.358                   1.333       4.45e-12
  600  NaN         0.35   0.95     0.05       True          19       direct        47.36                 11.43                                     11.43                           0.9972           0.03453                  10.72            34.34   4119 -284.5  -1743                        1.359                   1.339      5.185e-12
  600  NaN         0.35   0.95     0.02       True          19       direct        47.39                 11.45                                     11.45                           0.9989           0.01382                  10.73            34.37   4121   -284  -1743                         1.36                   1.343      5.015e-12
  600  NaN         0.35   0.95     0.01       True          18       direct        47.39                 11.46                                     11.46                           0.9994          0.006913                  10.73            34.38   4122 -283.9  -1744                         1.36                   1.345       4.66e-12
  600  NaN         0.35   0.99      0.2       True          21       direct        47.37                 11.44                                     11.44                           0.9978           0.02793                  10.73            34.22   4120 -335.9  -1693                        1.359                   1.324      3.645e-12
  600  NaN         0.35   0.99      0.1       True          19       direct        47.39                 11.45                                     11.45                           0.9989           0.01381                  10.73             34.3   4121 -339.4  -1690                         1.36                   1.336      1.625e-12
  600  NaN         0.35   0.99     0.05       True          19       direct        47.39                 11.46                                     11.46                           0.9995          0.006867                  10.73            34.34   4122 -341.4  -1688                         1.36                   1.342      1.931e-12
  600  NaN         0.35   0.99     0.02       True          19       direct         47.4                 11.46                                     11.46                           0.9998          0.002739                  10.73            34.37   4122 -342.8  -1687                         1.36                   1.346      1.886e-12
  600  NaN         0.35   0.99     0.01       True          18       direct         47.4                 11.46                                     11.46                           0.9999          0.001368                  10.74            34.38   4122 -343.3  -1686                         1.36                   1.348      1.777e-12
  600  NaN          0.5      0        1       True           1 once-through        34.85                     0                                         0                                0             12.55                  6.549            33.39   3031 -196.4  -1820                            1                     NaN      8.066e-16
  600  NaN          0.5    0.9      0.2       True          26       direct        47.12                 11.21                                     11.21                           0.9776            0.2811                  10.64            34.23   4098 -353.2  -1677                        1.352                   1.527      1.671e-14
  600  NaN          0.5    0.9      0.1       True          25       direct        47.26                 11.33                                     11.33                           0.9887            0.1421                  10.69            34.31   4110 -373.8  -1658                        1.356                   1.595      1.867e-14
  600  NaN          0.5    0.9     0.05       True          26       direct        47.33                  11.4                                      11.4                           0.9943           0.07147                  10.71            34.35   4116 -386.7  -1645                        1.358                   1.635      1.429e-14
  600  NaN          0.5    0.9     0.02       True          26       direct        47.37                 11.44                                     11.44                           0.9977           0.02869                  10.73            34.37   4120 -395.3  -1637                        1.359                   1.661      1.705e-14
  600  NaN          0.5    0.9     0.01       True          25       direct        47.38                 11.45                                     11.45                           0.9989           0.01436                  10.73            34.38   4121 -398.4  -1634                         1.36                    1.67      1.268e-14
  600  NaN          0.5   0.95      0.2       True          26       direct        47.26                 11.34                                     11.34                           0.9893            0.1347                  10.69            34.23   4110   -413  -1619                        1.356                   1.532      1.049e-14
  600  NaN          0.5   0.95      0.1       True          25       direct        47.33                  11.4                                      11.4                           0.9946           0.06773                  10.71            34.31   4116 -440.3  -1593                        1.358                   1.599      1.118e-14
  600  NaN          0.5   0.95     0.05       True          25       direct        47.37                 11.43                                     11.43                           0.9973           0.03396                  10.72            34.35   4119 -456.4  -1578                        1.359                   1.638       2.27e-14
  600  NaN          0.5   0.95     0.02       True          25       direct        47.39                 11.45                                     11.45                           0.9989           0.01361                  10.73            34.37   4121   -467  -1568                         1.36                   1.664      2.512e-14
  600  NaN          0.5   0.95     0.01       True          24       direct        47.39                 11.46                                     11.46                           0.9995          0.006806                  10.73            34.38   4122 -470.7  -1564                         1.36                   1.673      1.936e-14
  600  NaN          0.5   0.99      0.2       True          25       direct        47.37                 11.44                                     11.44                           0.9979            0.0261                  10.73            34.24   4120 -458.1  -1576                        1.359                   1.535      2.512e-14
  600  NaN          0.5   0.99      0.1       True          24       direct        47.39                 11.45                                     11.45                            0.999           0.01306                  10.73            34.31   4121   -490  -1545                         1.36                   1.602      2.408e-14
  600  NaN          0.5   0.99     0.05       True          25       direct        47.39                 11.46                                     11.46                           0.9995          0.006533                  10.73            34.35   4122 -508.4  -1528                         1.36                   1.641      1.867e-14
  600  NaN          0.5   0.99     0.02       True          25       direct         47.4                 11.46                                     11.46                           0.9998          0.002614                  10.73            34.37   4122 -520.2  -1516                         1.36                   1.666      2.063e-14
  600  NaN          0.5   0.99     0.01       True          24       direct         47.4                 11.46                                     11.46                           0.9999          0.001307                  10.74            34.38   4122 -524.3  -1512                         1.36                   1.675      1.671e-14
  600  NaN         0.75      0        1       True           1 once-through        34.85                     0                                         0                                0             12.55                  6.524             33.5   3031 -196.4  -1826                            1                     NaN      9.219e-16
  600  NaN         0.75    0.9      0.2       True          38       direct        47.12                 11.21                                     11.21                           0.9776            0.2811                  10.64            34.26   4098 -649.7  -1392                        1.352                   2.139      2.766e-15
  600  NaN         0.75    0.9      0.1       True          43       direct        47.26                 11.33                                     11.33                           0.9887            0.1421                  10.69            34.33   4110 -769.5  -1277                        1.356                   2.497      1.152e-15
  600  NaN         0.75    0.9     0.05       True          48       direct        47.33                  11.4                                      11.4                           0.9943           0.07147                  10.71            34.36   4116 -844.7  -1204                        1.358                   2.749      2.305e-16
  600  NaN         0.75    0.9     0.02       True          51       direct        47.37                 11.44                                     11.44                           0.9977           0.02869                  10.73            34.37   4120 -895.9  -1155                        1.359                   2.936      6.914e-16
  600  NaN         0.75    0.9     0.01       True          49       direct        47.38                 11.45                                     11.45                           0.9989           0.01436                  10.73            34.38   4121   -914  -1137                         1.36                   3.005      2.305e-16
  600  NaN         0.75   0.95      0.2       True          38       direct        47.26                 11.34                                     11.34                           0.9893            0.1347                  10.69            34.26   4110   -701  -1342                        1.356                   2.144      1.844e-15
  600  NaN         0.75   0.95      0.1       True          43       direct        47.33                  11.4                                      11.4                           0.9946           0.06773                  10.71            34.33   4116 -822.8  -1225                        1.358                     2.5      6.914e-16
  600  NaN         0.75   0.95     0.05       True          48       direct        47.37                 11.43                                     11.43                           0.9973           0.03396                  10.72            34.36   4119   -898  -1153                        1.359                   2.751     -2.305e-16
  600  NaN         0.75   0.95     0.02       True          51       direct        47.39                 11.45                                     11.45                           0.9989            0.0136                  10.73            34.37   4121 -948.8  -1104                         1.36                   2.936     -2.305e-16
  600  NaN         0.75   0.95     0.01       True          49       direct        47.39                 11.46                                     11.46                           0.9995          0.006806                  10.73            34.38   4122 -966.8  -1086                         1.36                   3.006     -9.219e-16
  600  NaN         0.75   0.99      0.2       True          38       direct        47.37                 11.44                                     11.44                           0.9979           0.02608                  10.73            34.26   4120 -739.4  -1305                        1.359                   2.148      6.799e-15
  600  NaN         0.75   0.99      0.1       True          43       direct        47.39                 11.45                                     11.45                            0.999           0.01306                  10.73            34.33   4121 -862.4  -1187                         1.36                   2.503      4.379e-15
  600  NaN         0.75   0.99     0.05       True          48       direct        47.39                 11.46                                     11.46                           0.9995          0.006531                  10.73            34.36   4122 -937.5  -1114                         1.36                   2.752      3.342e-15
  600  NaN         0.75   0.99     0.02       True          51       direct         47.4                 11.46                                     11.46                           0.9998          0.002613                  10.73            34.38   4122   -988  -1066                         1.36                   2.937      2.074e-15
  600  NaN         0.75   0.99     0.01       True          49       direct         47.4                 11.46                                     11.46                           0.9999          0.001307                  10.74            34.38   4122  -1006  -1049                         1.36                   3.006      2.766e-15
  600  NaN            1      0        1       True           1 once-through        34.85                     0                                         0                                0             12.55                  6.524             33.5   3031 -196.4  -1826                            1                     NaN      6.914e-16
  600  NaN            1    0.9      0.2       True          77       direct        47.12                 11.21                                     11.21                           0.9776            0.2811                  10.64             34.3   4098  -1135 -923.7                        1.352                   3.877     -1.613e-15
  600  NaN            1    0.9      0.1       True         148       direct        47.26                 11.33                                     11.33                           0.9887            0.1421                  10.69            34.36   4110  -1510 -561.9                        1.356                   7.166      1.152e-16
  600  NaN            1    0.9     0.05       True         289       direct        47.33                  11.4                                      11.4                           0.9943           0.07147                  10.71            34.38   4116  -1768 -311.8                        1.358                   13.74     -9.219e-16
  600  NaN            1    0.9     0.02       True          93     wegstein        47.37                 11.44                                     11.44                           0.9977           0.02869                  10.73            34.38   4120  -1953 -132.8                        1.359                   33.47     -3.457e-16
  600  NaN            1    0.9     0.01       True         132     wegstein        47.38                 11.45                                     11.45                           0.9989           0.01436                  10.73            34.38   4121  -2020  -67.8                         1.36                   66.35       2.65e-15
  600  NaN            1   0.95      0.2       True          77       direct        47.26                 11.34                                     11.34                           0.9893            0.1347                  10.69             34.3   4110  -1172 -888.2                        1.356                   3.886     -1.268e-15
  600  NaN            1   0.95      0.1       True         148       direct        47.33                  11.4                                      11.4                           0.9946           0.06773                  10.71            34.36   4116  -1536 -536.7                        1.358                   7.174      2.074e-15
  600  NaN            1   0.95     0.05       True         289       direct        47.37                 11.43                                     11.43                           0.9973           0.03396                  10.72            34.38   4119  -1784 -296.6                        1.359                   13.75      1.498e-15
  600  NaN            1   0.95     0.02       True          93     wegstein        47.39                 11.45                                     11.45                           0.9989            0.0136                  10.73            34.38   4121  -1960   -126                         1.36                   33.48     -6.338e-15
  600  NaN            1   0.95     0.01       True         132     wegstein        47.39                 11.46                                     11.46                           0.9995          0.006806                  10.73            34.38   4122  -2024 -64.28                         1.36                   66.36     -1.268e-15
  600  NaN            1   0.99      0.2       True          77       direct        47.37                 11.44                                     11.44                           0.9979           0.02608                  10.73             34.3   4120  -1199 -861.8                        1.359                   3.893      5.762e-16
  600  NaN            1   0.99      0.1       True         148       direct        47.39                 11.45                                     11.45                            0.999           0.01306                  10.73            34.36   4121  -1555 -518.1                         1.36                   7.181      2.305e-15
  600  NaN            1   0.99     0.05       True         289       direct        47.39                 11.46                                     11.46                           0.9995          0.006531                  10.73            34.38   4122  -1795 -285.5                         1.36                   13.76     -1.268e-15
  600  NaN            1   0.99     0.02       True          93     wegstein         47.4                 11.46                                     11.46                           0.9998          0.002613                  10.73            34.38   4122  -1965 -121.1                         1.36                   33.48     -2.074e-15
  600  NaN            1   0.99     0.01       True         132     wegstein         47.4                 11.46                                     11.46                           0.9999          0.001307                  10.74            34.38   4122  -2026 -61.73                         1.36                   66.36     -3.687e-15
  650  NaN         0.35      0        1       True           1 once-through        36.33                 1.476                                     1.349                           0.1288             11.07                   7.94            29.61   3031 -196.4  -1479                            1                     NaN      9.219e-16
  650  NaN         0.35    0.9      0.2       True          27       direct        47.05                 11.14                                     11.14                           0.9716            0.3503                  10.67            34.01   4092 -222.1  -1804                         1.35                   1.321      1.041e-10
  650  NaN         0.35    0.9      0.1       True          25       direct        47.22                  11.3                                      11.3                           0.9857            0.1759                   10.7             34.2   4107 -210.5  -1822                        1.355                   1.334      1.311e-10
  650  NaN         0.35    0.9     0.05       True          26       direct        47.31                 11.38                                     11.38                           0.9929           0.08808                  10.72            34.29   4115 -204.7  -1831                        1.358                   1.341      1.308e-10
  650  NaN         0.35    0.9     0.02       True          27       direct        47.36                 11.43                                     11.43                           0.9971           0.03525                  10.73            34.35   4119 -201.3  -1836                        1.359                   1.345      9.284e-11
  650  NaN         0.35    0.9     0.01       True          25       direct        47.38                 11.45                                     11.45                           0.9986           0.01763                  10.73            34.37   4121 -200.1  -1838                         1.36                   1.347      1.285e-10
  650  NaN         0.35   0.95      0.2       True          24       direct        47.22                  11.3                                      11.3                           0.9858            0.1749                   10.7             34.1   4107 -286.9  -1746                        1.355                   1.323      5.425e-11
  650  NaN         0.35   0.95      0.1       True          21       direct        47.31                 11.38                                     11.38                            0.993           0.08567                  10.72            34.25   4115 -284.3  -1753                        1.358                   1.336      8.115e-11
  650  NaN         0.35   0.95     0.05       True          22       direct        47.36                 11.42                                     11.42                           0.9966           0.04235                  10.73            34.32   4118 -283.3  -1755                        1.359                   1.342      4.863e-11
  650  NaN         0.35   0.95     0.02       True          22       direct        47.38                 11.45                                     11.45                           0.9986           0.01682                  10.73            34.36   4121 -282.7  -1757                         1.36                   1.346      5.073e-11
  650  NaN         0.35   0.95     0.01       True          21       direct        47.39                 11.45                                     11.46                           0.9993          0.008391                  10.73            34.37   4121 -282.6  -1757                         1.36                   1.348      4.263e-11
  650  NaN         0.35   0.99      0.2       True          23       direct        47.35                 11.41                                     11.41                           0.9956           0.05255                  10.74            34.15   4118 -335.4  -1701                        1.359                   1.326      2.498e-11
  650  NaN         0.35   0.99      0.1       True          20       direct        47.37                 11.44                                     11.44                            0.998           0.02428                  10.73            34.27   4120 -338.8  -1700                        1.359                   1.338      3.047e-11
  650  NaN         0.35   0.99     0.05       True          20       direct        47.39                 11.45                                     11.45                            0.999           0.01165                  10.74            34.33   4121 -340.9  -1700                         1.36                   1.344      3.753e-11
  650  NaN         0.35   0.99     0.02       True          20       direct        47.39                 11.46                                     11.46                           0.9996          0.004546                  10.74            34.36   4122 -342.2  -1699                         1.36                   1.348      3.693e-11
  650  NaN         0.35   0.99     0.01       True          19       direct         47.4                 11.46                                     11.46                           0.9998          0.002254                  10.74            34.37   4122 -342.7  -1699                         1.36                    1.35      3.261e-11
  650  NaN          0.5      0        1       True           1 once-through        34.85                     0                                         0                                0             12.55                  6.712            32.71   3031 -196.4  -1790                            1                     NaN      1.383e-15
  650  NaN          0.5    0.9      0.2       True          26       direct        47.12                 11.21                                     11.21                           0.9776            0.2814                  10.64            34.23   4098 -353.2  -1689                        1.352                   1.527      3.032e-13
  650  NaN          0.5    0.9      0.1       True          25       direct        47.26                 11.33                                     11.33                           0.9887            0.1422                  10.69            34.31   4110 -373.8  -1669                        1.356                   1.595      3.475e-13
  650  NaN          0.5    0.9     0.05       True          26       direct        47.33                  11.4                                      11.4                           0.9943           0.07152                  10.71            34.35   4116 -386.7  -1657                        1.358                   1.635      2.741e-13
  650  NaN          0.5    0.9     0.02       True          26       direct        47.37                 11.44                                     11.44                           0.9977            0.0287                  10.73            34.37   4120 -395.3  -1648                        1.359                   1.661      3.162e-13
  650  NaN          0.5    0.9     0.01       True          25       direct        47.38                 11.45                                     11.45                           0.9989           0.01437                  10.73            34.38   4121 -398.4  -1645                         1.36                    1.67      2.448e-13
  650  NaN          0.5   0.95      0.2       True          26       direct        47.26                 11.34                                     11.34                           0.9892             0.135                  10.69            34.23   4110   -413  -1631                        1.356                   1.532      2.079e-13
  650  NaN          0.5   0.95      0.1       True          25       direct        47.33                  11.4                                      11.4                           0.9946           0.06781                  10.71            34.31   4116 -440.3  -1604                        1.358                   1.599       2.31e-13
  650  NaN          0.5   0.95     0.05       True          26       direct        47.37                 11.43                                     11.43                           0.9973           0.03399                  10.72            34.35   4119 -456.4  -1589                        1.359                   1.638      1.824e-13
  650  NaN          0.5   0.95     0.02       True          26       direct        47.39                 11.45                                     11.45                           0.9989           0.01362                  10.73            34.37   4121   -467  -1578                         1.36                   1.664      2.105e-13
  650  NaN          0.5   0.95     0.01       True          25       direct        47.39                 11.46                                     11.46                           0.9995          0.006812                  10.73            34.38   4122 -470.7  -1575                         1.36                   1.673      1.629e-13
  650  NaN          0.5   0.99      0.2       True          25       direct        47.37                 11.44                                     11.44                           0.9979           0.02628                  10.73            34.24   4120 -458.1  -1587                        1.359                   1.535      3.617e-13
  650  NaN          0.5   0.99      0.1       True          25       direct        47.39                 11.45                                     11.45                            0.999           0.01313                  10.73            34.31   4121   -490  -1556                         1.36                   1.602       1.73e-13
  650  NaN          0.5   0.99     0.05       True          26       direct        47.39                 11.46                                     11.46                           0.9995          0.006562                  10.73            34.35   4122 -508.4  -1538                         1.36                   1.641      1.372e-13
  650  NaN          0.5   0.99     0.02       True          26       direct         47.4                 11.46                                     11.46                           0.9998          0.002625                  10.73            34.37   4122 -520.2  -1527                         1.36                   1.666      1.582e-13
  650  NaN          0.5   0.99     0.01       True          25       direct         47.4                 11.46                                     11.46                           0.9999          0.001312                  10.74            34.38   4122 -524.3  -1523                         1.36                   1.675      1.241e-13
  650  NaN         0.75      0        1       True           1 once-through        34.85                     0                                         0                                0             12.55                  6.526            33.49   3031 -196.4  -1838                            1                     NaN      9.219e-16
  650  NaN         0.75    0.9      0.2       True          38       direct        47.12                 11.21                                     11.21                           0.9776            0.2811                  10.64            34.26   4098 -649.7  -1402                        1.352                   2.139      3.261e-14
  650  NaN         0.75    0.9      0.1       True          43       direct        47.26                 11.33                                     11.33                           0.9887            0.1421                  10.69            34.33   4110 -769.5  -1285                        1.356                   2.497      2.247e-14
  650  NaN         0.75    0.9     0.05       True          48       direct        47.33                  11.4                                      11.4                           0.9943           0.07147                  10.71            34.36   4116 -844.7  -1212                        1.358                   2.749      1.556e-14
  650  NaN         0.75    0.9     0.02       True          51       direct        47.37                 11.44                                     11.44                           0.9977           0.02869                  10.73            34.37   4120 -895.9  -1163                        1.359                   2.936      1.245e-14
  650  NaN         0.75    0.9     0.01       True          49       direct        47.38                 11.45                                     11.45                           0.9989           0.01436                  10.73            34.38   4121   -914  -1145                         1.36                   3.005      1.533e-14
  650  NaN         0.75   0.95      0.2       True          38       direct        47.26                 11.34                                     11.34                           0.9893            0.1347                  10.69            34.26   4110   -701  -1352                        1.356                   2.144      2.581e-14
  650  NaN         0.75   0.95      0.1       True          43       direct        47.33                  11.4                                      11.4                           0.9946           0.06773                  10.71            34.33   4116 -822.8  -1233                        1.358                     2.5      1.752e-14
  650  NaN         0.75   0.95     0.05       True          48       direct        47.37                 11.43                                     11.43                           0.9973           0.03396                  10.72            34.36   4119   -898  -1160                        1.359                   2.751      1.141e-14
  650  NaN         0.75   0.95     0.02       True          51       direct        47.39                 11.45                                     11.45                           0.9989            0.0136                  10.73            34.37   4121 -948.8  -1111                         1.36                   2.936      1.279e-14
  650  NaN         0.75   0.95     0.01       True          49       direct        47.39                 11.46                                     11.46                           0.9995          0.006806                  10.73            34.38   4122 -966.8  -1094                         1.36                   3.006      1.175e-14
  650  NaN         0.75   0.99      0.2       True          38       direct        47.37                 11.44                                     11.44                           0.9979           0.02609                  10.73            34.26   4120 -739.4  -1314                        1.359                   2.148      2.708e-14
  650  NaN         0.75   0.99      0.1       True          43       direct        47.39                 11.45                                     11.45                            0.999           0.01306                  10.73            34.33   4121 -862.4  -1195                         1.36                   2.503      1.924e-14
  650  NaN         0.75   0.99     0.05       True          48       direct        47.39                 11.46                                     11.46                           0.9995          0.006532                  10.73            34.36   4122 -937.5  -1122                         1.36                   2.752      1.682e-14
  650  NaN         0.75   0.99     0.02       True          51       direct         47.4                 11.46                                     11.46                           0.9998          0.002614                  10.73            34.38   4122   -988  -1073                         1.36                   2.937      1.383e-14
  650  NaN         0.75   0.99     0.01       True          49       direct         47.4                 11.46                                     11.46                           0.9999          0.001307                  10.74            34.38   4122  -1006  -1056                         1.36                   3.006      1.291e-14
  650  NaN            1      0        1       True           1 once-through        34.85                     0                                         0                                0             12.55                  6.524             33.5   3031 -196.4  -1839                            1                     NaN      9.219e-16
  650  NaN            1    0.9      0.2       True          77       direct        47.12                 11.21                                     11.21                           0.9776            0.2811                  10.64             34.3   4098  -1135 -929.8                        1.352                   3.877      4.609e-16
  650  NaN            1    0.9      0.1       True         148       direct        47.26                 11.33                                     11.33                           0.9887            0.1421                  10.69            34.36   4110  -1510 -565.6                        1.356                   7.166      3.687e-15
  650  NaN            1    0.9     0.05       True         289       direct        47.33                  11.4                                      11.4                           0.9943           0.07147                  10.71            34.38   4116  -1768 -313.8                        1.358                   13.74     -1.844e-15
  650  NaN            1    0.9     0.02       True          93     wegstein        47.37                 11.44                                     11.44                           0.9977           0.02869                  10.73            34.38   4120  -1953 -133.7                        1.359                   33.47      5.762e-16
  650  NaN            1    0.9     0.01       True         132     wegstein        47.38                 11.45                                     11.45                           0.9989           0.01436                  10.73            34.38   4121  -2020 -68.23                         1.36                   66.35      4.609e-15
  650  NaN            1   0.95      0.2       True          77       direct        47.26                 11.34                                     11.34                           0.9893            0.1347                  10.69             34.3   4110  -1172 -894.1                        1.356                   3.886      9.219e-16
  650  NaN            1   0.95      0.1       True         148       direct        47.33                  11.4                                      11.4                           0.9946           0.06773                  10.71            34.36   4116  -1536 -540.2                        1.358                   7.174      5.186e-15
  650  NaN            1   0.95     0.05       True         289       direct        47.37                 11.43                                     11.43                           0.9973           0.03396                  10.72            34.38   4119  -1784 -298.5                        1.359                   13.75      1.152e-16
  650  NaN            1   0.95     0.02       True          93     wegstein        47.39                 11.45                                     11.45                           0.9989            0.0136                  10.73            34.38   4121  -1960 -126.8                         1.36                   33.48     -5.877e-15
  650  NaN            1   0.95     0.01       True         132     wegstein        47.39                 11.46                                     11.46                           0.9995          0.006806                  10.73            34.38   4122  -2024 -64.69                         1.36                   66.36      1.268e-15
  650  NaN            1   0.99      0.2       True          77       direct        47.37                 11.44                                     11.44                           0.9979           0.02608                  10.73             34.3   4120  -1199 -867.5                        1.359                   3.893      2.189e-15
  650  NaN            1   0.99      0.1       True         148       direct        47.39                 11.45                                     11.45                            0.999           0.01306                  10.73            34.36   4121  -1555 -521.4                         1.36                   7.181      4.955e-15
  650  NaN            1   0.99     0.05       True         289       direct        47.39                 11.46                                     11.46                           0.9995          0.006531                  10.73            34.38   4122  -1795 -287.4                         1.36                   13.76     -2.189e-15
  650  NaN            1   0.99     0.02       True          93     wegstein         47.4                 11.46                                     11.46                           0.9998          0.002613                  10.73            34.38   4122  -1965 -121.9                         1.36                   33.48     -1.844e-15
  650  NaN            1   0.99     0.01       True         132     wegstein         47.4                 11.46                                     11.46                           0.9999          0.001307                  10.74            34.38   4122  -2026 -62.12                         1.36                   66.36     -1.498e-15

===== Tier 3 KINETIC (uncalibrated) =====
 T3_K  phi  h_H2_to_CFR  r_CH4  purge_p  converged  iterations       method  C_total_tpd  C_from_CO2_total_tpd  C_from_CO2_total_tpd_mixing_tracer_upper  fresh_CO2_carbon_fixed_fraction  purge_carbon_tpd  H2_net_exportable_tpd  water_total_tpd  Q1_kW  Q2_kW  Q3_kW  S1_inlet_CH4_ratio_vs_fresh  S2_inlet_ratio_vs_once  closure_C_rel
  650    0         0.35      0        1       True           1 once-through        31.37                     0                                         0                                0             16.03                  11.67            12.14   2728  274.1 -8.902                            1                     NaN      4.609e-16
  650    0         0.35    0.9      0.2       True          76       direct        36.01                0.1855                                     3.318                          0.01618             11.39                  12.91            14.58   3132    324 -39.92                        1.148                   1.907     -9.982e-09
  650    0         0.35    0.9      0.1       True          54     wegstein        36.14                0.2592                                     3.411                          0.02261             11.26                  12.88               15   3143    331 -55.32                        1.152                   2.559      4.578e-09
  650    0         0.35    0.9     0.05       True         287       direct        36.27                0.3595                                     3.503                          0.03136             11.13                  12.86            15.31   3143  334.7 -66.07                        1.152                   3.764     -4.549e-08
  650    0         0.35    0.9     0.02       True          91     wegstein        36.34                0.4104                                     3.552                           0.0358             11.06                  12.85            15.48   3133  336.8 -61.84                        1.149                   7.308      -9.54e-08
  650    0         0.35    0.9     0.01       True         131     wegstein        36.36                0.4305                                      3.57                          0.03755             11.04                  12.84            15.54   3129  337.5 -60.07                        1.147                   13.19     -2.261e-07
  650    0         0.35   0.95      0.2       True          76       direct        36.07                0.1885                                     3.362                          0.01644             11.33                  12.93            14.59   3137  324.1 -40.03                         1.15                   1.906     -9.982e-09
  650    0         0.35   0.95      0.1       True          54     wegstein        36.17                  0.26                                     3.433                          0.02268             11.23                  12.89               15   3145    331 -55.12                        1.153                   2.557      2.492e-09
  650    0         0.35   0.95     0.05       True         287       direct        36.28                0.3608                                     3.515                          0.03148             11.12                  12.86            15.31   3145  334.7 -66.21                        1.153                   3.761      -4.55e-08
  650    0         0.35   0.95     0.02       True          91     wegstein        36.34                0.4108                                     3.556                          0.03584             11.06                  12.85            15.48   3134  336.8 -61.92                        1.149                   7.304     -9.537e-08
  650    0         0.35   0.95     0.01       True         131     wegstein        36.36                0.4306                                     3.572                          0.03757             11.03                  12.84            15.54   3129  337.5 -60.13                        1.147                   13.18     -2.261e-07
  650    0         0.35   0.99      0.2       True          76       direct        36.12                0.1907                                     3.395                          0.01663             11.28                  12.95            14.59   3141  324.2  -40.1                        1.151                   1.906     -9.982e-09
  650    0         0.35   0.99      0.1       True          51     wegstein        36.19                0.2606                                     3.449                          0.02274             11.21                   12.9               15   3147  331.1 -54.99                        1.154                   2.556      1.089e-08
  650    0         0.35   0.99     0.05       True         287       direct         36.3                0.3618                                     3.523                          0.03156              11.1                  12.87            15.31   3146  334.7 -66.32                        1.153                   3.759     -4.551e-08
  650    0         0.35   0.99     0.02       True          91     wegstein        36.35                0.4111                                      3.56                          0.03586             11.05                  12.85            15.48   3134  336.8 -61.98                        1.149                   7.302     -9.539e-08
  650    0         0.35   0.99     0.01       True         131     wegstein        36.37                0.4308                                     3.574                          0.03758             11.03                  12.84            15.54   3130  337.5 -60.18                        1.147                   13.18     -2.261e-07
  650    0          0.5      0        1       True           1 once-through        31.37                     0                                         0                                0             16.03                  11.67            12.16   2728  274.1 -10.65                            1                     NaN      6.914e-16
  650    0          0.5    0.9      0.2       True          76       direct        36.03                0.2099                                     3.335                          0.01831             11.37                  12.87            14.93   3134  330.8 -44.89                        1.149                   2.132     -1.034e-08
  650    0          0.5    0.9      0.1       True         143       direct        36.28                0.4058                                     3.516                           0.0354             11.11                  12.82             15.6   3156  339.3 -86.38                        1.157                   2.835     -2.088e-08
  650    0          0.5    0.9     0.05       True          72     wegstein        36.46                0.5498                                     3.639                          0.04796             10.94                  12.78            16.01   3171  343.9 -116.6                        1.162                   4.052      -8.77e-09
  650    0          0.5    0.9     0.02       True         132     wegstein        36.65                0.7251                                     3.777                          0.06326             10.75                  12.74             16.4   3155  346.9 -123.3                        1.157                   7.493     -4.225e-08
  650    0          0.5    0.9     0.01       True         131     wegstein        36.72                0.7849                                     3.824                          0.06847             10.68                  12.73            16.53   3141  347.9 -117.6                        1.152                   13.17     -2.071e-07
  650    0          0.5   0.95      0.2       True          76       direct         36.1                0.2133                                      3.38                          0.01861              11.3                  12.89            14.94   3139  330.9 -45.02                        1.151                   2.132     -1.034e-08
  650    0          0.5   0.95      0.1       True         143       direct        36.32                0.4091                                     3.539                          0.03569             11.08                  12.83             15.6   3158  339.4  -86.5                        1.158                   2.833     -2.089e-08
  650    0          0.5   0.95     0.05       True          75     wegstein        36.48                0.5538                                     3.653                          0.04831             10.92                  12.79            16.01   3172    344 -117.1                        1.163                   4.049     -9.868e-09
  650    0          0.5   0.95     0.02       True         125     wegstein        36.66                0.7261                                     3.782                          0.06334             10.74                  12.75             16.4   3156  346.9 -123.5                        1.157                   7.489     -8.865e-08
  650    0          0.5   0.95     0.01       True         131     wegstein        36.72                0.7853                                     3.826                          0.06851             10.68                  12.73            16.53   3142  347.9 -117.7                        1.152                   13.16     -2.071e-07
  650    0          0.5   0.99      0.2       True          76       direct        36.14                0.2158                                     3.413                          0.01883             11.26                  12.91            14.94   3143  330.9 -45.11                        1.152                   2.132     -1.034e-08
  650    0          0.5   0.99      0.1       True         143       direct        36.34                0.4115                                     3.557                           0.0359             11.06                  12.83             15.6   3161  339.4 -86.59                        1.159                   2.832     -2.089e-08
  650    0          0.5   0.99     0.05       True          76     wegstein        36.49                0.5565                                     3.662                          0.04855             10.91                  12.79            16.02   3173    344 -117.4                        1.163                   4.047     -8.714e-09
  650    0          0.5   0.99     0.02       True         130     wegstein        36.66                0.7268                                     3.785                           0.0634             10.74                  12.75             16.4   3156  346.9 -123.5                        1.157                   7.487     -6.008e-08
  650    0          0.5   0.99     0.01       True         131     wegstein        36.72                0.7856                                     3.828                          0.06853             10.68                  12.73            16.53   3142  347.9 -117.7                        1.152                   13.16     -2.071e-07
  650    0         0.75      0        1       True           1 once-through        31.37                     0                                         0                                0             16.03                  11.66            12.19   2728  274.1 -12.81                            1                     NaN              0
  650    0         0.75    0.9      0.2       True          76       direct         36.1                0.2743                                     3.381                          0.02393              11.3                   12.8            15.61   3139  343.2 -58.06                        1.151                   2.805     -9.747e-09
  650    0         0.75    0.9      0.1       True         143       direct        36.37                0.4908                                     3.576                          0.04281             11.03                  12.72            16.42   3163  354.3 -103.7                        1.159                   3.841     -2.273e-08
  650    0         0.75    0.9     0.05       True         270       direct        36.78                0.8725                                      3.87                          0.07612             10.62                  12.64            17.26   3199  360.7 -184.4                        1.173                   5.243     -4.351e-08
  650    0         0.75    0.9     0.02       True         136     wegstein        37.34                 1.411                                     4.267                           0.1231             10.06                  12.53            18.26   3247  365.4 -298.3                         1.19                   8.562       -1.5e-08
  650    0         0.75    0.9     0.01       True         194     wegstein        37.99                 2.061                                     4.736                           0.1798             9.407                  12.42            19.33   3265  367.8 -399.2                        1.197                   13.29     -1.081e-07
  650    0         0.75   0.95      0.2       True          76       direct        36.16                0.2785                                     3.427                          0.02429             11.24                  12.82            15.61   3145  343.3 -58.18                        1.153                   2.806     -9.741e-09
  650    0         0.75   0.95      0.1       True         143       direct         36.4                0.4947                                     3.601                          0.04316                11                  12.73            16.42   3166  354.3 -103.9                        1.161                    3.84     -2.272e-08
  650    0         0.75   0.95     0.05       True         270       direct         36.8                0.8762                                     3.883                          0.07644              10.6                  12.65            17.27   3200  360.7 -184.6                        1.173                    5.24     -4.349e-08
  650    0         0.75   0.95     0.02       True         142     wegstein        37.34                 1.413                                     4.273                           0.1233             10.06                  12.54            18.26   3248  365.4 -298.3                        1.191                   8.559     -2.496e-08
  650    0         0.75   0.95     0.01       True         194     wegstein           38                 2.063                                      4.74                             0.18             9.402                  12.42            19.33   3266  367.8 -399.4                        1.197                   13.29      -1.08e-07
  650    0         0.75   0.99      0.2       True          76       direct        36.21                0.2816                                      3.46                          0.02457             11.19                  12.83            15.62   3149  343.3 -58.26                        1.154                   2.806     -9.736e-09
  650    0         0.75   0.99      0.1       True         143       direct        36.43                0.4976                                     3.619                          0.04341             10.97                  12.74            16.42   3168  354.3   -104                        1.161                   3.839     -2.271e-08
  650    0         0.75   0.99     0.05       True         270       direct        36.81                0.8789                                     3.893                          0.07667             10.59                  12.65            17.27   3201  360.7 -184.7                        1.174                   5.238     -4.348e-08
  650    0         0.75   0.99     0.02       True         140     wegstein        37.35                 1.414                                     4.277                           0.1234             10.05                  12.54            18.26   3248  365.4 -298.2                        1.191                   8.556     -2.525e-08
  650    0         0.75   0.99     0.01       True         196     wegstein           38                 2.064                                     4.742                           0.1801             9.399                  12.42            19.33   3266  367.8 -399.6                        1.197                   13.29     -9.133e-08
  650    0            1      0        1       True           1 once-through        31.37                     0                                         0                                0             16.03                  11.65            12.21   2728  274.1 -14.34                            1                     NaN      6.914e-16
  650    0            1    0.9      0.2       True          77       direct        36.16                0.3365                                     3.426                          0.02935             11.24                  12.71            16.37   3145  357.7 -70.95                        1.153                   4.819     -6.569e-09
  650    0            1    0.9      0.1       True         147       direct        36.53                0.6481                                     3.689                          0.05654             10.87                   12.6            17.48   3177    372 -136.5                        1.164                   9.369     -9.964e-09
  650    0            1    0.9     0.05       True         287       direct        37.13                 1.222                                     4.119                           0.1066             10.27                  12.48            18.68   3229  379.8 -257.4                        1.184                   18.28     -7.291e-09
  650    0            1    0.9     0.02       True          98     wegstein        38.57                  2.64                                     5.146                           0.2303             8.834                  12.22            21.03   3354  384.7 -556.5                        1.229                   43.83     -5.984e-09
  650    0            1    0.9     0.01       True         132     wegstein        40.25                 4.319                                      6.35                           0.3768              7.15                  11.94            23.61   3500  386.3 -910.5                        1.283                   83.83       1.75e-08
  650    0            1   0.95      0.2       True          77       direct        36.22                0.3412                                     3.472                          0.02977             11.18                  12.73            16.37   3150  357.8 -71.01                        1.155                   4.823     -6.567e-09
  650    0            1   0.95      0.1       True         147       direct        36.56                0.6527                                     3.714                          0.05694             10.84                  12.62            17.48   3180  372.1 -136.6                        1.166                   9.373     -9.962e-09
  650    0            1   0.95     0.05       True         287       direct        37.15                 1.226                                     4.133                            0.107             10.25                  12.49            18.68   3231  379.8 -257.4                        1.184                   18.28     -7.292e-09
  650    0            1   0.95     0.02       True          98     wegstein        38.58                 2.644                                     5.153                           0.2307             8.824                  12.23            21.03   3355  384.7 -556.6                         1.23                   43.84     -5.815e-09
  650    0            1   0.95     0.01       True         139     wegstein        40.26                 4.322                                     6.355                            0.377             7.144                  11.94            23.62   3501  386.3 -910.5                        1.283                   83.83      4.171e-09
  650    0            1   0.99      0.2       True          77       direct        36.27                0.3448                                     3.505                          0.03008             11.13                  12.75            16.37   3154  357.8 -71.06                        1.156                   4.826     -6.566e-09
  650    0            1   0.99      0.1       True         147       direct        36.59                0.6561                                     3.732                          0.05724             10.81                  12.62            17.48   3182  372.1 -136.6                        1.166                   9.376     -9.961e-09
  650    0            1   0.99     0.05       True         287       direct        37.16                 1.229                                     4.144                           0.1072             10.24                  12.49            18.68   3232  379.8 -257.5                        1.185                   18.28     -7.293e-09
  650    0            1   0.99     0.02       True          98     wegstein        38.58                 2.647                                     5.158                           0.2309             8.817                  12.23            21.03   3355  384.7 -556.6                         1.23                   43.84     -7.349e-09
  650    0            1   0.99     0.01       True         131     wegstein        40.26                 4.324                                     6.358                           0.3772             7.139                  11.94            23.62   3501  386.3 -910.6                        1.283                   83.84      2.897e-08
  650  0.1         0.35      0        1       True           1 once-through        31.37                     0                                         0                                0             16.03                  11.37            13.18   2728  158.6 -8.288                            1                     NaN      3.457e-16
  650  0.1         0.35    0.9      0.2       True          78       direct         36.5                0.6738                                     3.667                          0.05878              10.9                  12.81            15.43   3174  215.5 -37.71                        1.163                   1.895     -9.185e-09
  650  0.1         0.35    0.9      0.1       True          67     wegstein        36.44                  0.56                                     3.626                          0.04886             10.96                  12.83             15.5   3169  265.9 -55.18                        1.162                   2.536     -3.989e-09
  650  0.1         0.35    0.9     0.05       True         293       direct        36.39                0.4785                                     3.588                          0.04174             11.01                  12.84             15.5   3154  308.7 -65.93                        1.156                   3.742     -4.359e-08
  650  0.1         0.35    0.9     0.02       True          90     wegstein        36.35                0.4294                                     3.565                          0.03746             11.04                  12.84            15.51   3135  332.7 -61.81                        1.149                   7.298     -1.044e-07
  650  0.1         0.35    0.9     0.01       True         131     wegstein        36.36                0.4337                                     3.572                          0.03783             11.03                  12.84            15.55   3129  336.8 -60.07                        1.147                   13.18     -2.292e-07
  650  0.1         0.35   0.95      0.2       True          78       direct        36.57                0.6884                                      3.72                          0.06006             10.83                  12.83            15.44   3180  214.5  -37.8                        1.166                   1.894     -9.225e-09
  650  0.1         0.35   0.95      0.1       True          66     wegstein        36.48                0.5726                                     3.656                          0.04995             10.92                  12.84            15.51   3173  265.3 -56.41                        1.163                   2.533     -5.355e-09
  650  0.1         0.35   0.95     0.05       True         293       direct         36.4                0.4813                                     3.601                          0.04199                11                  12.84            15.51   3155  308.5 -66.08                        1.157                   3.739     -4.373e-08
  650  0.1         0.35   0.95     0.02       True          90     wegstein        36.36                  0.43                                      3.57                          0.03751             11.04                  12.85            15.51   3136  332.7  -61.9                        1.149                   7.295     -1.045e-07
  650  0.1         0.35   0.95     0.01       True         131     wegstein        36.37                0.4339                                     3.575                          0.03785             11.03                  12.84            15.55   3130  336.8 -60.13                        1.147                   13.18      -2.29e-07
  650  0.1         0.35   0.99      0.2       True          78       direct        36.63                0.6994                                     3.759                          0.06102             10.77                  12.85            15.45   3185  213.7 -37.86                        1.168                   1.893     -9.256e-09
  650  0.1         0.35   0.99      0.1       True          70     wegstein        36.51                0.5821                                     3.679                          0.05078             10.89                  12.84            15.53   3175  264.9 -57.34                        1.164                   2.531     -2.329e-09
  650  0.1         0.35   0.99     0.05       True         293       direct        36.42                0.4833                                      3.61                          0.04216             10.98                  12.85            15.51   3157  308.4 -66.19                        1.157                   3.736     -4.384e-08
  650  0.1         0.35   0.99     0.02       True          90     wegstein        36.37                0.4305                                     3.573                          0.03755             11.03                  12.85            15.51   3136  332.6 -61.96                         1.15                   7.292     -1.046e-07
  650  0.1         0.35   0.99     0.01       True         131     wegstein        36.37                0.4341                                     3.576                          0.03787             11.03                  12.84            15.55   3130  336.8 -60.17                        1.147                   13.18     -2.291e-07
  650  0.1          0.5      0        1       True           1 once-through        31.37                     0                                         0                                0             16.03                  11.36             13.2   2728  158.6 -9.947                            1                     NaN     -2.305e-16
  650  0.1          0.5    0.9      0.2       True          78       direct        36.62                0.8015                                     3.758                          0.06992             10.77                  12.75            15.95   3185  199.5 -42.48                        1.168                   2.116     -9.318e-09
  650  0.1          0.5    0.9      0.1       True         148       direct        36.68                0.8053                                     3.801                          0.07026             10.71                  12.74            16.26   3190  248.9 -82.41                        1.169                   2.802     -2.008e-08
  650  0.1          0.5    0.9     0.05       True          59     wegstein        36.65                0.7421                                     3.776                          0.06474             10.75                  12.75            16.32   3187  301.3 -115.4                        1.168                   4.016     -7.645e-09
  650  0.1          0.5    0.9     0.02       True         130     wegstein        36.69                0.7638                                     3.804                          0.06663             10.71                  12.74            16.46   3159  338.4 -123.3                        1.158                   7.473     -6.175e-08
  650  0.1          0.5    0.9     0.01       True         208     wegstein        36.72                0.7925                                     3.829                          0.06914             10.68                  12.73            16.54   3142  346.2 -117.6                        1.152                   13.16     -9.853e-08
  650  0.1          0.5   0.95      0.2       True          78       direct         36.7                 0.818                                     3.812                          0.07136              10.7                  12.77            15.96   3192  198.4  -42.6                         1.17                   2.115     -9.348e-09
  650  0.1          0.5   0.95      0.1       True         148       direct        36.72                0.8145                                     3.829                          0.07106             10.68                  12.75            16.27   3194  248.3 -82.51                        1.171                     2.8     -2.018e-08
  650  0.1          0.5   0.95     0.05       True          67     wegstein        36.67                 0.744                                     3.789                           0.0649             10.73                  12.75            16.32   3189  301.1   -115                        1.169                   4.013     -2.542e-09
  650  0.1          0.5   0.95     0.02       True         129     wegstein         36.7                 0.765                                      3.81                          0.06674              10.7                  12.74            16.46   3159  338.4 -123.4                        1.158                   7.469      -6.73e-08
  650  0.1          0.5   0.95     0.01       True         203     wegstein        36.73                 0.793                                     3.832                          0.06918             10.67                  12.73            16.54   3142  346.2 -117.7                        1.152                   13.16     -1.355e-07
  650  0.1          0.5   0.99      0.2       True          78       direct        36.76                0.8304                                     3.853                          0.07244             10.64                  12.79            15.97   3197  197.7 -42.69                        1.172                   2.115      -9.37e-09
  650  0.1          0.5   0.99      0.1       True         148       direct        36.75                0.8214                                      3.85                          0.07166             10.65                  12.76            16.27   3196  247.8 -82.59                        1.172                   2.798     -2.026e-08
  650  0.1          0.5   0.99     0.05       True          65     wegstein        36.68                0.7453                                     3.797                          0.06502             10.72                  12.76            16.32   3190  300.9 -114.7                        1.169                   4.011     -6.495e-09
  650  0.1          0.5   0.99     0.02       True         131     wegstein         36.7                0.7659                                     3.813                          0.06682              10.7                  12.74            16.46   3160  338.3 -123.5                        1.158                   7.467     -4.123e-08
  650  0.1          0.5   0.99     0.01       True         131     wegstein        36.73                0.7933                                     3.833                          0.06921             10.67                  12.73            16.54   3143  346.2 -117.7                        1.152                   13.15     -2.131e-07
  650  0.1         0.75      0        1       True           1 once-through        31.37                     0                                         0                                0             16.03                  11.36            13.23   2728  158.6 -12.01                            1                     NaN      6.914e-16
  650  0.1         0.75    0.9      0.2       True          77       direct        36.91                 1.084                                      3.96                          0.09455             10.49                  12.63            16.99   3210  162.6 -54.15                        1.177                   2.774     -9.864e-09
  650  0.1         0.75    0.9      0.1       True         148       direct        37.07                 1.196                                     4.081                           0.1043             10.32                  12.59            17.57   3224  195.4 -97.72                        1.182                   3.773      -2.13e-08
  650  0.1         0.75    0.9     0.05       True         282       direct        37.25                 1.339                                     4.203                           0.1168             10.15                  12.56            18.01   3239  251.7 -176.4                        1.187                   5.146     -4.198e-08
  650  0.1         0.75    0.9     0.02       True         168     wegstein        37.47                 1.546                                     4.363                           0.1348             9.929                  12.51            18.47   3259  326.7 -288.8                        1.195                   8.492     -5.555e-08
  650  0.1         0.75    0.9     0.01       True         189     wegstein        38.04                 2.114                                     4.774                           0.1845             9.354                  12.41            19.41   3271  355.5 -399.1                        1.199                   13.24     -1.451e-07
  650  0.1         0.75   0.95      0.2       True          77       direct        36.99                 1.104                                     4.017                          0.09629             10.41                  12.66               17   3217  161.6 -54.25                        1.179                   2.775     -9.874e-09
  650  0.1         0.75   0.95      0.1       True         149       direct        37.12                 1.208                                     4.111                           0.1054             10.28                   12.6            17.58   3228  194.6 -97.85                        1.183                   3.771     -1.922e-08
  650  0.1         0.75   0.95     0.05       True         282       direct        37.27                 1.347                                     4.219                           0.1175             10.13                  12.56            18.01   3241  251.3 -176.6                        1.188                   5.143     -4.209e-08
  650  0.1         0.75   0.95     0.02       True         169     wegstein        37.48                 1.548                                     4.369                            0.135              9.92                  12.51            18.47   3259  326.5 -288.7                        1.195                   8.489     -5.181e-08
  650  0.1         0.75   0.95     0.01       True         191     wegstein        38.05                 2.116                                     4.778                           0.1846             9.349                  12.41            19.41   3271  355.5 -399.3                        1.199                   13.23     -1.458e-07
  650  0.1         0.75   0.99      0.2       True          77       direct        37.04                 1.119                                     4.059                          0.09759             10.35                  12.67            17.01   3222  160.9 -54.33                        1.181                   2.775     -9.881e-09
  650  0.1         0.75   0.99      0.1       True         149       direct        37.15                 1.218                                     4.133                           0.1062             10.25                  12.61            17.58   3231    194 -97.94                        1.184                    3.77     -1.925e-08
  650  0.1         0.75   0.99     0.05       True         282       direct        37.29                 1.352                                     4.231                           0.1179             10.11                  12.57            18.02   3243  250.9 -176.7                        1.189                   5.141     -4.218e-08
  650  0.1         0.75   0.99     0.02       True         171     wegstein        37.48                  1.55                                     4.374                           0.1352             9.914                  12.52            18.47   3260  326.5 -288.6                        1.195                   8.486     -8.723e-08
  650  0.1         0.75   0.99     0.01       True         191     wegstein        38.05                 2.118                                     4.781                           0.1848             9.345                  12.41            19.41   3272  355.4 -399.5                        1.199                   13.23     -1.346e-07
  650  0.1            1      0        1       True           1 once-through        31.37                     0                                         0                                0             16.03                  11.35            13.25   2728  158.6 -13.48                            1                     NaN      4.609e-16
  650  0.1            1    0.9      0.2       True          77       direct        37.25                 1.427                                     4.206                           0.1245             10.15                   12.5             18.2   3239  112.4 -64.15                        1.188                   4.743     -3.562e-09
  650  0.1            1    0.9      0.1       True         147       direct        37.72                 1.837                                     4.539                           0.1602             9.684                  12.39            19.37   3280  99.05 -122.2                        1.202                   9.158     -5.693e-09
  650  0.1            1    0.9     0.05       True         287       direct        38.33                 2.424                                     4.979                           0.2114             9.068                  12.27            20.55   3334  89.92 -228.7                        1.222                   17.81     -2.342e-09
  650  0.1            1    0.9     0.02       True          99     wegstein        39.66                 3.734                                     5.928                           0.3257              7.74                  12.04            22.69   3449  80.84 -491.1                        1.264                    42.7     -3.255e-09
  650  0.1            1    0.9     0.01       True         133     wegstein        41.16                 5.233                                     7.004                           0.4565             6.236                  11.78               25   3580  74.52 -799.2                        1.312                   81.91       5.78e-08
  650  0.1            1   0.95      0.2       True          77       direct        37.33                 1.449                                     4.264                           0.1264             10.07                  12.52            18.21   3247  111.7  -64.2                         1.19                   4.748     -3.593e-09
  650  0.1            1   0.95      0.1       True         147       direct        37.76                 1.851                                     4.571                           0.1615             9.639                   12.4            19.38   3284   98.6 -122.2                        1.204                   9.162     -5.735e-09
  650  0.1            1   0.95     0.05       True         287       direct        38.36                 2.433                                     4.996                           0.2123             9.043                  12.28            20.55   3336  89.65 -228.8                        1.223                   17.81     -2.382e-09
  650  0.1            1   0.95     0.02       True          99     wegstein        39.67                  3.74                                     5.937                           0.3263             7.728                  12.04            22.69   3450   80.7 -491.1                        1.265                   42.71     -2.472e-09
  650  0.1            1   0.95     0.01       True         138     wegstein        41.17                 5.237                                     7.009                           0.4568             6.229                  11.78               25   3580  74.43 -799.3                        1.312                   81.91      2.201e-08
  650  0.1            1   0.99      0.2       True          77       direct        37.39                 1.466                                     4.307                           0.1279             10.01                  12.54            18.21   3252  111.2 -64.24                        1.192                   4.751     -3.616e-09
  650  0.1            1   0.99      0.1       True         147       direct        37.79                 1.862                                     4.594                           0.1624             9.606                  12.41            19.38   3287  98.27 -122.3                        1.205                   9.166     -5.766e-09
  650  0.1            1   0.99     0.05       True         287       direct        38.37                  2.44                                     5.009                           0.2129             9.025                  12.28            20.55   3337  89.46 -228.8                        1.223                   17.81     -2.411e-09
  650  0.1            1   0.99     0.02       True          98     wegstein        39.68                 3.744                                     5.943                           0.3266              7.72                  12.04            22.69   3451   80.6 -491.1                        1.265                   42.71     -6.568e-09
  650  0.1            1   0.99     0.01       True         131     wegstein        41.18                 5.239                                     7.012                           0.4571             6.224                  11.79               25   3581  74.37 -799.3                        1.313                   81.92      1.121e-08
  650    1         0.35      0        1       True           1 once-through        31.37                     0                                         0                                0             16.03                   10.5            15.83   2728 -207.3 -6.331                            1                     NaN      1.152e-15
  650    1         0.35    0.9      0.2       True          78       direct        39.69                 3.871                                     5.954                           0.3377             7.705                  12.17             20.9   3452 -494.8 -24.43                        1.265                   1.817     -6.828e-09
  650    1         0.35    0.9      0.1       True         179       direct        39.31                 3.429                                     5.678                           0.2992             8.091                  12.28            20.29   3419 -367.9  -40.4                        1.253                   2.312     -1.575e-08
  650    1         0.35    0.9     0.05       True         364       direct        37.65                 1.744                                     4.493                           0.1521             9.748                   12.6            17.57   3267  32.63 -64.47                        1.197                   3.508     -3.885e-08
  650    1         0.35    0.9     0.02       True          89     wegstein        36.53                0.6069                                     3.692                          0.05295             10.87                  12.81            15.79   3151  294.1 -61.59                        1.155                   7.208     -5.679e-08
  650    1         0.35    0.9     0.01       True         132     wegstein        36.39                0.4629                                     3.593                          0.04038             11.01                  12.84            15.59   3132  330.5 -60.03                        1.148                   13.15     -2.292e-07
  650    1         0.35   0.95      0.2       True          78       direct        39.88                 4.003                                      6.09                           0.3492             7.514                  12.19            21.05   3469 -511.8 -24.32                        1.271                   1.814     -6.719e-09
  650    1         0.35   0.95      0.1       True          55     wegstein        39.43                 3.524                                     5.767                           0.3075             7.966                  12.28            20.42   3429 -383.8 -39.82                        1.257                   2.303     -2.535e-09
  650    1         0.35   0.95     0.05       True         366       direct        37.69                 1.771                                     4.523                           0.1545             9.705                  12.61            17.61   3270  28.13 -64.64                        1.199                     3.5     -3.888e-08
  650    1         0.35   0.95     0.02       True          89     wegstein        36.54                0.6096                                     3.698                          0.05318             10.86                  12.81             15.8   3151  293.7 -61.67                        1.155                   7.204     -5.738e-08
  650    1         0.35   0.95     0.01       True         132     wegstein         36.4                0.4636                                     3.596                          0.04044                11                  12.84            15.59   3132  330.4 -60.09                        1.148                   13.15     -2.307e-07
  650    1         0.35   0.99      0.2       True          78       direct        40.03                 4.104                                     6.193                            0.358              7.37                  12.21            21.16   3481 -524.8 -24.24                        1.276                   1.812     -6.632e-09
  650    1         0.35   0.99      0.1       True          58     wegstein        39.53                 3.597                                     5.835                           0.3138             7.871                  12.28            20.52   3438   -396 -39.39                         1.26                   2.296     -1.429e-08
  650    1         0.35   0.99     0.05       True         368       direct        37.73                 1.791                                     4.545                           0.1563             9.674                  12.61            17.63   3273  24.76 -64.78                          1.2                   3.494     -3.816e-08
  650    1         0.35   0.99     0.02       True          89     wegstein        36.55                0.6115                                     3.703                          0.05335             10.85                  12.81             15.8   3152  293.4 -61.73                        1.155                   7.201     -5.782e-08
  650    1         0.35   0.99     0.01       True         132     wegstein         36.4                 0.464                                     3.598                          0.04048                11                  12.84            15.59   3133  330.3 -60.13                        1.148                   13.15     -2.309e-07
  650    1          0.5      0        1       True           1 once-through        31.37                     0                                         0                                0             16.03                   10.5            15.85   2728 -207.3 -7.793                            1                     NaN      5.762e-16
  650    1          0.5    0.9      0.2       True          75       direct        40.35                  4.53                                     6.424                           0.3952             7.046                  12.01            22.33   3509 -628.1 -27.51                        1.286                   2.012      -6.72e-09
  650    1          0.5    0.9      0.1       True         173       direct        40.48                 4.602                                     6.516                           0.4015             6.918                  12.02            22.59   3520 -603.1  -50.1                        1.291                   2.491     -1.292e-08
  650    1          0.5    0.9     0.05       True         100     wegstein        38.96                 3.057                                     5.431                           0.2667             8.435                  12.32            20.09   3389   -204 -107.9                        1.242                   3.576     -8.713e-09
  650    1          0.5    0.9     0.02       True         128     wegstein        37.07                 1.141                                     4.074                          0.09952             10.33                  12.67            17.06   3193  255.4 -122.6                         1.17                   7.281     -6.737e-08
  650    1          0.5    0.9     0.01       True         133     wegstein        36.79                0.8629                                     3.879                          0.07527             10.61                  12.72            16.65   3148  330.8 -117.4                        1.154                   13.09     -2.207e-07
  650    1          0.5   0.95      0.2       True          75       direct        40.55                 4.669                                     6.566                           0.4073             6.849                  12.03            22.48   3527 -644.9 -27.42                        1.293                   2.009     -6.446e-09
  650    1          0.5   0.95      0.1       True         173       direct        40.63                 4.719                                     6.621                           0.4117             6.771                  12.02            22.74   3533 -621.8 -49.71                        1.295                   2.481     -1.339e-08
  650    1          0.5   0.95     0.05       True         101     wegstein        39.03                 3.103                                     5.475                           0.2707             8.373                  12.32            20.15   3394 -212.8 -106.8                        1.244                   3.566     -1.017e-08
  650    1          0.5   0.95     0.02       True         128     wegstein        37.08                 1.145                                     4.081                          0.09992             10.32                  12.67            17.07   3194  254.8 -122.8                        1.171                   7.275     -5.706e-08
  650    1          0.5   0.95     0.01       True         213     wegstein         36.8                0.8639                                     3.882                          0.07536              10.6                  12.72            16.65   3149  330.7 -117.5                        1.154                   13.08     -8.797e-08
  650    1          0.5   0.99      0.2       True          75       direct         40.7                 4.775                                     6.673                           0.4165             6.699                  12.05            22.59   3540 -657.6 -27.34                        1.298                   2.007     -6.237e-09
  650    1          0.5   0.99      0.1       True         174       direct        40.74                 4.808                                     6.701                           0.4195              6.66                  12.02            22.86   3543 -636.1 -49.41                        1.299                   2.473     -1.257e-08
  650    1          0.5   0.99     0.05       True         102     wegstein        39.07                 3.138                                     5.508                           0.2737             8.327                  12.32             20.2   3398 -219.4   -106                        1.246                   3.558      -1.11e-08
  650    1          0.5   0.99     0.02       True         131     wegstein        37.08                 1.149                                     4.087                           0.1002             10.32                  12.67            17.07   3195  254.3 -122.9                        1.171                   7.272     -5.985e-08
  650    1          0.5   0.99     0.01       True         134     wegstein         36.8                0.8646                                     3.884                          0.07543              10.6                  12.72            16.66   3149  330.6 -117.6                        1.154                   13.08     -1.976e-07
  650    1         0.75      0        1       True           1 once-through        31.37                     0                                         0                                0             16.03                  10.49            15.87   2728 -207.3 -9.675                            1                     NaN      3.457e-16
  650    1         0.75    0.9      0.2       True          69       direct        41.52                 5.693                                     7.256                           0.4966             5.883                  11.72            24.84   3610 -866.1 -31.12                        1.323                   2.597     -4.874e-09
  650    1         0.75    0.9      0.1       True         137       direct        42.42                 6.543                                     7.904                           0.5708             4.977                  11.58            26.38   3689  -1008 -50.89                        1.352                   3.254     -9.384e-09
  650    1         0.75    0.9     0.05       True         334       direct        42.77                  6.86                                     8.151                           0.5984             4.632                  11.55            26.92   3719  -1028 -87.37                        1.363                   4.006      -1.89e-08
  650    1         0.75    0.9     0.02       True         225     wegstein        39.62                 3.691                                     5.898                            0.322             7.783                  12.13            21.85   3445 -182.6 -242.5                        1.263                    7.36     -3.457e-08
  650    1         0.75    0.9     0.01       True         222     wegstein        38.59                 2.663                                     5.166                           0.2323             8.806                  12.31            20.27   3327  228.3   -398                        1.219                   12.66     -8.238e-08
  650    1         0.75   0.95      0.2       True          68       direct        41.71                 5.831                                     7.397                           0.5087             5.686                  11.75            24.95   3628 -879.6 -30.96                         1.33                   2.597      -5.83e-09
  650    1         0.75   0.95      0.1       True         136       direct        42.56                 6.652                                     8.003                           0.5803             4.838                   11.6            26.49   3701  -1023 -50.52                        1.357                   3.245     -9.615e-09
  650    1         0.75   0.95     0.05       True         333       direct        42.88                 6.959                                     8.233                           0.6071             4.517                  11.54            27.04   3729  -1046 -86.43                        1.367                   3.986     -1.799e-08
  650    1         0.75   0.95     0.02       True         223     wegstein        39.64                 3.713                                     5.918                           0.3239             7.755                  12.13            21.87   3448 -186.9 -241.8                        1.264                   7.346     -5.672e-08
  650    1         0.75   0.95     0.01       True         231     wegstein         38.6                 2.668                                     5.172                           0.2327             8.798                  12.31            20.27   3328  227.8 -398.3                         1.22                   12.65     -4.328e-08
  650    1         0.75   0.99      0.2       True          68       direct        41.86                 5.936                                     7.503                           0.5178             5.538                  11.77            25.04   3641 -889.8 -30.84                        1.335                   2.596     -5.552e-09
  650    1         0.75   0.99      0.1       True         136       direct        42.66                 6.733                                     8.077                           0.5874             4.735                   11.6            26.57   3710  -1033 -50.23                         1.36                   3.239     -8.984e-09
  650    1         0.75   0.99     0.05       True         331       direct        42.97                 7.034                                     8.294                           0.6136             4.432                  11.54            27.14   3737  -1058 -85.72                         1.37                    3.97     -1.822e-08
  650    1         0.75   0.99     0.02       True         236     wegstein        39.66                 3.729                                     5.932                           0.3253             7.735                  12.13            21.89   3449 -190.1 -241.3                        1.264                   7.336     -3.725e-08
  650    1         0.75   0.99     0.01       True         230     wegstein        38.61                 2.671                                     5.176                            0.233             8.792                  12.31            20.28   3328  227.4 -398.5                         1.22                   12.64     -4.948e-08
  650    1            1      0        1       True           1 once-through        31.37                     0                                         0                                0             16.03                  10.49            15.89   2728 -207.3 -11.05                            1                     NaN      1.152e-16
  650    1            1    0.9      0.2       True          80       direct         42.5                 6.681                                     7.962                           0.5828             4.895                  11.47               27   3696  -1072 -30.33                        1.355                   4.378      1.799e-09
  650    1            1    0.9      0.1       True         148       direct        43.36                 7.485                                     8.577                           0.6529             4.036                  11.36            28.38   3771  -1202 -51.03                        1.382                   8.155     -8.856e-10
  650    1            1    0.9     0.05       True         288       direct        43.88                 7.968                                     8.943                           0.6951             3.524                  11.29            29.14   3816  -1254 -90.55                        1.399                   15.63     -5.639e-09
  650    1            1    0.9     0.02       True          97     wegstein        44.46                 8.537                                     9.363                           0.7448             2.937                  11.21               30   3867  -1266 -191.4                        1.417                   37.75     -1.831e-09
  650    1            1    0.9     0.01       True         147     wegstein           45                 9.066                                     9.744                           0.7909             2.403                  11.13             30.8   3913  -1250 -315.8                        1.434                   73.86      -1.87e-09
  650    1            1   0.95      0.2       True          80       direct        42.68                 6.799                                     8.089                           0.5931             4.718                  11.51            27.05   3712  -1078  -30.2                        1.361                   4.385      1.672e-09
  650    1            1   0.95      0.1       True         148       direct        43.46                 7.548                                     8.644                           0.6585             3.942                  11.38             28.4   3779  -1205 -50.91                        1.385                   8.162     -1.051e-09
  650    1            1   0.95     0.05       True         288       direct        43.92                     8                                     8.977                           0.6979             3.476                  11.31            29.15   3820  -1255 -90.45                          1.4                   15.64     -5.753e-09
  650    1            1   0.95     0.02       True          95     wegstein        44.48                 8.551                                     9.377                            0.746             2.918                  11.22            30.01   3868  -1267 -191.3                        1.418                   37.75     -4.067e-09
  650    1            1   0.95     0.01       True         151     wegstein        45.01                 9.073                                     9.752                           0.7915             2.393                  11.13             30.8   3914  -1251 -315.8                        1.435                   73.87     -2.343e-09
  650    1            1   0.99      0.2       True          79       direct        42.81                 6.887                                     8.184                           0.6008             4.586                  11.54            27.09   3723  -1083  -30.1                        1.365                   4.391      1.963e-09
  650    1            1   0.99      0.1       True         148       direct        43.53                 7.595                                     8.693                           0.6626             3.873                   11.4            28.42   3785  -1207 -50.82                        1.388                   8.167     -1.171e-09
  650    1            1   0.99     0.05       True         288       direct        43.96                 8.024                                     9.002                              0.7             3.441                  11.32            29.16   3823  -1256 -90.38                        1.401                   15.65     -5.836e-09
  650    1            1   0.99     0.02       True         101     wegstein         44.5                  8.56                                     9.387                           0.7468             2.903                  11.22            30.01   3870  -1267 -191.3                        1.419                   37.76     -1.024e-09
  650    1            1   0.99     0.01       True         152     wegstein        45.01                 9.078                                     9.757                           0.7919             2.386                  11.14             30.8   3915  -1251 -315.7                        1.435                   73.87     -2.065e-09

