tier,value_type,mode,T3_K,phi,k2_uncalibrated,purge_p,r_CH4,h_H2_to_CFR,converged,iterations,method,tear_rel_err,S1_inlet_CH4_kmol_d,S1_recycle_CH4_kmol_d,S1_inlet_CH4_ratio_vs_fresh,S1_X_CH4,recycle_to_S2_total_kmol_d,recycle_to_S2_H2,recycle_to_S2_CO,recycle_to_S2_CO2,recycle_to_S2_CH4,recycle_to_S2_H2O,S2_inlet_total_kmol_d,S2_X_CO2_per_pass,S2_xi2_CH4_kmol_d,S2_character,S3_inlet_total_kmol_d,S3_CH4_out_kmol_d,S3_CO_out_kmol_d,S3_CO2_out_kmol_d,S3_ext_CO2_meth,S3_ext_CO_carb,S3_ext_CH4_crack,C_stage1_tpd,C_stage3_tpd,C_total_tpd,C_from_wasteCH4_tpd,C_from_biogasCO2_tpd,C_from_DACCO2_tpd,C_from_CO2_total_tpd,fresh_CO2_carbon_fixed_fraction,fresh_CH4_carbon_fixed_fraction,C_from_CO2_total_tpd_mixing_tracer_upper,C_from_biogasCO2_tpd_mixing,C_from_DACCO2_tpd_mixing,tracer_netconv_iterations,f1_wasteCH4,f1_biogasCO2,f1_DACCO2,f2_wasteCH4,f2_biogasCO2,f2_DACCO2,purge_total_kmol_d,purge_carbon_kmol_d,purge_carbon_tpd,purge_CO2_tpd,purge_CO_tpd,purge_CH4_tpd,purge_H2_tpd,purge_carbon_as_CO2_if_oxidised_tpd,purge_CO2origin_carbon_tpd,purge_CO2origin_carbon_tpd_mixing,H2_permeate_tpd,H2_net_exportable_tpd,external_H2_required,water_stage2_tpd,water_stage3_tpd,water_total_tpd,Q1_kW,Q2_kW,Q3_kW,Q_total_kW,closure_C_rel,closure_H_rel,closure_O_rel,once_C_total_tpd,once_C_from_CO2_total_tpd,delta_C_total_vs_once_tpd,delta_C_from_CO2_vs_once_tpd,delta_Q1_vs_once_kW,delta_water_vs_once_tpd,delta_H2_export_vs_once_tpd,S2_inlet_ratio_vs_once,wall_s
T2_eq,equilibrium,equilibrium,550.0,,,1.0,0.0,0.35,True,1,once-through,0.0,2991.959109892165,0.0,1.0,0.9698161069695571,0.0,0.0,0.0,0.0,0.0,0.0,8097.950578294656,0.8137175990035082,197.6225935126161,methanation (xi2>0),3082.7385082968694,865.5232403485584,0.10408849394553146,80.69181638002544,,,,34.85150348488499,1.181329782406509,36.0328332672915,34.85152441442232,0.9000448402812785,0.2812640125878996,1.181308852869178,0.10305676404946193,0.9698106703934194,1.079187272388768,0.8222379218200138,0.2569493505687543,4,1.0,0.0,0.0,0.08646400991403458,0.6960274210178784,0.217508569068087,1048.5461226423342,946.3232381001595,11.366288412821016,3.55116614706854,0.0029155187154143365,13.88558934491192,0.12325389750251456,41.64673938554992,10.28139195832869,10.383513538809082,7.448142203804828,7.571396101307342,False,16.672361365115467,14.063492881981464,30.73585424709693,3030.936066508513,-196.44509421947726,-1553.2177609272442,1281.2732113617915,2.3046715795111567e-16,-1.257264284914799e-16,-3.2163711694011004e-15,,,,,,,,,
T2_eq,equilibrium,equilibrium,550.0,,,0.2,0.9,0.35,True,22,direct,3.774808340308057e-09,4045.0043879451227,1053.0452780529577,1.3519584457459084,0.9698161069695572,476.5970628240934,345.45962152026686,0.0007006765159827245,0.08760764706982607,93.60402471581838,37.444684686682926,10648.850053730524,0.8506014535234507,213.86930412381244,methanation (xi2>0),4019.058933872934,1170.0503089469084,0.0008758456425863259,0.10950955842390499,,,,47.11778448333327,0.0,47.11778448333327,35.91211666107335,8.53765167410279,2.6680161481571205,11.20566782225991,0.9775765770064672,0.9993236886909217,11.205689156589775,8.537667928830306,2.6680212277594704,17,0.7621770785815808,0.18119841631879555,0.05662450509962361,0.08646400991403737,0.6960274210178764,0.21750856906808638,119.14926570602336,23.423295045711413,0.28133719679403973,0.0009638812349739939,4.9064873031690285e-06,0.3754223421289686,0.1741116492462145,1.0308357916667135,0.2570329889518463,0.2570116546212524,10.467262451224107,10.64137410047032,False,18.194863230964685,16.020942371673545,34.21580560263823,4097.699613632069,-224.25307911738713,-1787.093472509598,2086.3530620050833,3.121677654447862e-13,-5.875422310978141e-11,1.6650081420266362e-12,36.0328332672915,1.181308852869178,11.084951216041766,10.024358969390732,1066.7635471235558,3.4799513555412958,3.0699779991629788,1.3150055623052543,5.522979974746704
T2_eq,equilibrium,equilibrium,550.0,,,0.1,0.9,0.35,True,19,direct,8.687067158263706e-09,4056.945440863101,1064.9863309709356,1.3559494939118066,0.9698161069695569,557.9623007887574,409.08798002599485,0.000707816698040521,0.08440622460095,106.49863309709363,42.29011059075723,10753.736934489772,0.8511185307898297,209.80405145415432,methanation (xi2>0),4066.847420476272,1183.3181455216604,0.000786462992887016,0.09378469318634161,,,,47.25687851239541,0.0,47.25687851239541,35.924131145104155,8.634474184602858,2.698273182688394,11.332747367291253,0.9886629297888064,0.9996580148074437,11.33275655814335,8.63448118715684,2.698275370986512,18,0.7601882114331613,0.18271374366997234,0.05709804489686635,0.08646400991404554,0.6960274210178701,0.2175085690680844,61.99581119875082,11.842741465833246,0.1422431677461231,0.00041273705982924533,2.202882856901666e-06,0.189839730086297,0.09163570752582285,0.5211872091698554,0.1299534439339056,0.12994425307991708,10.596329501172148,10.68796520869797,False,18.216615464286225,16.08363389090405,34.300249355190275,4109.796225461262,-213.4904861376042,-1797.5104587949156,2098.7952805287423,6.1246647225509e-13,-1.4271445778282018e-10,3.8220019481135144e-12,36.0328332672915,1.181308852869178,11.224045245103909,10.151438514422075,1078.8601589527493,3.5643951080933434,3.116569107390627,1.3279578370499758,4.846279859542847
T2_eq,equilibrium,equilibrium,550.0,,,0.05,0.9,0.35,True,20,direct,4.410203841869681e-09,4063.0167529450014,1071.0576430528363,1.3579787034895137,0.9698161069695568,601.6167694167872,443.75531514892725,0.0007050178989727231,0.0819618054326089,113.05608454446593,44.72222185542612,10809.35075335817,0.8514145131050689,207.83051017048336,methanation (xi2>0),4091.8518981515226,1190.0640478357413,0.0007421241018193086,0.0862755842854112,,,,47.32759951706441,0.0,47.32759951706441,35.930241014739046,8.683701716057413,2.7136567862679426,11.397358502325359,0.9942995712835392,0.9998280336765232,11.397362741164345,8.683704945649025,2.7136577955153203,18,0.7591814742884875,0.18348078149448577,0.0573377442170268,0.08646400991403809,0.6960274210178758,0.21750856906808622,31.66404049562038,5.954721760182216,0.0715221630615486,0.0001898451102780887,1.0393448079066304e-06,0.0954609875972035,0.04708477449159145,0.26206134994385916,0.06534230888513351,0.06533807004552142,10.664579785086225,10.71166455957782,False,18.229263027747926,16.113416533501333,34.342679561249255,4115.946629956837,-208.24842311376256,-1802.5846492507792,2105.1135575922954,2.83820305016799e-13,-7.456117833187271e-11,1.944713308906406e-12,36.0328332672915,1.181308852869178,11.294766249772906,10.216049649456181,1085.0105634483239,3.6068253141523243,3.1402684582704774,1.334825478230383,5.345740079879761
T2_eq,equilibrium,equilibrium,550.0,,,0.02,0.9,0.35,True,20,direct,4.62706731236671e-09,4066.692475879413,1074.733365987248,1.3592072373027795,0.9698161069695569,628.8795372972238,465.58757325854367,0.000701369672035395,0.08025436616701172,117.02652207416702,46.18399497228193,10843.854008528046,0.8516055247837343,206.66902355422243,methanation (xi2>0),4107.248514307819,1194.1481844295358,0.0007156833364225345,0.08189220999558099,,,,47.37041576753875,0.0,47.37041576753875,35.93394045237734,8.71350500202774,2.7229703131336676,11.436475315161408,0.9977121014961254,0.9999309776411375,11.43647692693309,8.713506230044258,2.7229706968888308,18,0.7585734315051104,0.1839440521865825,0.05748251630830702,0.08646400991403894,0.6960274210178751,0.217508569068086,12.834276271371914,2.3899685777327857,0.028705912587148486,7.207988572742895e-05,4.0092580640227374e-07,0.03831543864562983,0.0191556030140658,0.10518012713744217,0.026225496049031446,0.026223884276621746,10.706860293901888,10.726015896915955,False,18.237497652895243,16.130702773504137,34.36820042639938,4119.670237400391,-205.15686287949103,-1805.5775336692564,2108.935840851643,2.8278320280601894e-13,-7.963109656079165e-11,2.044659064874092e-12,36.0328332672915,1.181308852869178,11.337582500247251,10.25516646229223,1088.734170891878,3.632346179302452,3.154619795608613,1.3390862173934936,5.467151165008545
T2_eq,equilibrium,equilibrium,550.0,,,0.01,0.9,0.35,True,19,direct,4.422625434320524e-09,4067.9232645497173,1075.9641546575522,1.3596186027743982,0.9698161069695568,638.156751447291,473.0482303138918,0.0006998321875514834,0.07964764804949666,118.35605701233077,46.67162208362958,10855.555646358118,0.8516715677567339,206.28598823506726,methanation (xi2>0),4112.450025750873,1195.5157273965867,0.0007069011972918373,0.08045216939115651,,,,47.38475247270643,0.0,47.38475247270643,35.93517924170893,8.723484366474285,2.7260888645232138,11.449573230997498,0.9988547567962879,0.9999654493359149,11.449574023082963,8.723484969967972,2.7260890531149924,18,0.758370078440783,0.18409898785464146,0.057530933704575474,0.08646400991403969,0.6960274210178746,0.2175085690680858,6.446027792396878,1.196337309020188,0.014369207418641478,3.5406195383942416e-05,1.9800302599310152e-07,0.01917965881463457,0.009632982144573796,0.05264960863266945,0.013127580212152382,0.01312678812593917,10.7211888622226,10.730821844367174,False,18.24035768623778,16.136359761487448,34.37671744772523,4120.917059844836,-204.13615487662742,-1806.5657353409745,2110.215169627235,2.6515246522275863e-13,-7.657355554630734e-11,1.956030170428373e-12,36.0328332672915,1.181308852869178,11.35191920541493,10.26826437812832,1089.9809933363235,3.6408632006282957,3.159425743059832,1.340531229648994,5.300323009490967
T2_eq,equilibrium,equilibrium,550.0,,,0.2,0.95,0.35,True,21,direct,7.916924932456603e-09,4057.579988750369,1065.620878858204,1.3561615783233785,0.9698161069695573,491.7013317412481,410.3778649030787,0.0003918345804320974,0.04010730414907542,44.868247530871855,36.41439245428428,10688.725906200663,0.8529622990862289,238.74089392787778,methanation (xi2>0),3976.327203123683,1121.7061882711064,0.0004897932227555685,0.05013412978943613,,,,47.26426997300438,0.0,47.26426997300438,35.92477051255813,8.639618636530473,2.6998808239157728,11.339499460446245,0.9892519788502977,0.9996758064360624,11.339508923429896,8.639625846422778,2.6998830770071183,16,0.7600828505357936,0.18279401863939537,0.057123130824811054,0.08646400991403512,0.6960274210178781,0.21750856906808685,122.92533293531203,11.22735052211389,0.13485170712110991,0.00044127058707416506,2.743821649475762e-06,0.1799553237844443,0.20683044391115166,0.49410446912771017,0.12320135076385383,0.12319188777966572,10.483621427590085,10.690451871501237,False,18.640749632101137,15.580125399539249,34.22087503164039,4110.43903975344,-287.97031973476976,-1725.9211633618622,2096.5475566568075,2.7402545080387657e-13,-1.4826326797786316e-10,3.449379391895491e-12,36.0328332672915,1.181308852869178,11.23143670571288,10.158190607577067,1079.502973244927,3.485020784543458,3.119055770193895,1.3199297529488747,6.080790042877197
T2_eq,equilibrium,equilibrium,550.0,,,0.1,0.95,0.35,True,19,direct,5.319584076635249e-09,4063.338087195696,1071.378977303531,1.3580861027683446,0.9698161069695569,580.5809194959195,488.8092844842082,0.00038439683092676713,0.03717819297693485,50.749530503851545,40.984189931946354,10788.947871862654,0.8536576067443464,237.91177639422946,methanation (xi2>0),4014.5986683838228,1127.7673445296566,0.00042710758829065987,0.04130910308795814,,,,47.33134254340489,0.0,47.33134254340489,35.93056427555418,8.686307251695764,2.714471016154927,11.40077826785069,0.9945979098323384,0.9998370290301873,11.400782130438138,8.686310194619534,2.7144719358186045,17,0.7591282748850167,0.18352131437332064,0.05735041074166271,0.0864640099140373,0.6960274210178764,0.21750856906808638,64.50899105510217,5.643088561715468,0.06777913671476447,0.00018179723274688067,1.196328359362083e-06,0.09046385754147672,0.10949327972446266,0.248346684512536,0.061922543353866204,0.06191868076589419,10.603426371497545,10.712919651222007,False,18.716082590382943,15.586970499548697,34.303053089931645,4116.272150304564,-285.54624501536404,-1728.3082754963216,2102.4176297928784,1.5072552130002967e-13,-1.0579262898058426e-10,2.3814250387962e-12,36.0328332672915,1.181308852869178,11.298509276113386,10.219469414981512,1085.3360837960513,3.5671988428347134,3.141523549914665,1.3323059664973522,5.373196125030518
T2_eq,equilibrium,equilibrium,550.0,,,0.05,0.95,0.35,True,19,direct,6.885552373290491e-09,4066.2398019807615,1074.2806920885962,1.3590559404828615,0.9698161069695571,628.7958475962253,531.7821647515924,0.00037734583861688493,0.03541269468313626,53.714034604429855,43.263495754275375,10842.87863583899,0.8540551268566361,237.60532818483847,methanation (xi2>0),4034.966442556079,1130.8217811454533,0.0003972061439551928,0.037276520462421366,,,,47.36514284589214,0.0,47.36514284589214,35.93348465512518,8.709834812012925,2.7218233787540385,11.431658190766962,0.9972918580933021,0.999918294206306,11.431659923235898,8.709836131989256,2.7218237912466425,17,0.7586482540455942,0.18388704453669008,0.05746470141771566,0.08646400991403755,0.6960274210178761,0.21750856906808624,33.094518294538176,2.8289762907907607,0.033978834228687825,8.202512001632336e-05,5.562872073504709e-07,0.04535443458730885,0.05642488653364266,0.12450041758141059,0.03104262043871388,0.031040887969071118,10.66782280448822,10.72424769102186,False,18.756313728063077,15.58783751839803,34.34415124646111,4119.211666412154,-284.59578886948157,-1729.2515852307758,2105.364292311897,1.7561597435875015e-13,-1.4135447500582784e-10,3.131435145557286e-12,36.0328332672915,1.181308852869178,11.332309578600636,10.250349337897784,1088.2755999036413,3.6082969993641782,3.152851589714518,1.3389657705372644,5.453681230545044
T2_eq,equilibrium,equilibrium,550.0,,,0.02,0.95,0.35,True,19,direct,7.119915380139481e-09,4067.988177229372,1076.029067337207,1.3596402984852252,0.9698161069695569,659.0854776706706,558.9214539765944,0.00037214694247263255,0.03427741891177788,55.500446631077125,44.62855933177324,10876.612238430025,0.854311486627937,237.46068855168554,methanation (xi2>0),4047.629946861887,1132.6621761440051,0.0003797417760998253,0.03497695782420975,,,,47.38550860084793,0.0,47.38550860084793,35.93524447510745,8.724010762468932,2.7262533632715416,11.450264125740475,0.9989150300908941,0.9999672645806427,11.450264773353167,8.724011255888124,2.72625351746504,17,0.7583593568699551,0.18410715667051036,0.0575334864595345,0.08646400991403903,0.6960274210178751,0.21750856906808594,13.450724034095318,1.1333843370768948,0.013613079272630581,3.078601895690679e-05,2.1273134405425384e-07,0.018171299291885108,0.022995625535037027,0.04987911129041706,0.012436685464946468,0.012436037851441255,10.708079205830117,10.731074831365154,False,18.78137108370625,15.58743513158203,34.36880621528828,4120.982818157271,-284.12051766860435,-1729.7267770369135,2107.135523451753,1.6985429540997227e-13,-1.4906917438449354e-10,3.2718833532878005e-12,36.0328332672915,1.181308852869178,11.352675333556427,10.268955272871297,1090.0467516487583,3.6329519681913496,3.159678730057812,1.3431314668162035,5.559927701950073
T2_eq,equilibrium,equilibrium,550.0,,,0.01,0.95,0.35,True,18,direct,6.825190523728345e-09,4068.5722012129972,1076.613091320832,1.3598354963345856,0.9698161069695571,669.4232224981544,568.2082942162052,0.00037026095998318314,0.03388797469702311,56.09720844250661,45.08309162597825,10888.100401367257,0.8544000912672676,237.41944929213878,methanation (xi2>0),4051.929514077253,1133.2769382320573,0.00037400096785503536,0.034230277238112346,,,,47.39231153937516,0.0,47.39231153937516,35.93583235327709,8.728746046550901,2.727733139547158,11.456479186098061,0.9994572286931218,0.9999836234209343,11.456479502536093,8.728746287646548,2.7277332148895463,17,0.7582629095224093,0.18418064036387852,0.05755645011371204,0.0864640099140387,0.6960274210178752,0.21750856906808602,6.761850732304589,0.5669919860890765,0.006810140744915897,1.5064402812538282e-05,1.0475767160736323e-07,0.009090580960031652,0.011570787082220904,0.024952750315794168,0.0062216251069061685,0.00622130866803149,10.721784826637142,10.733355613719365,False,18.789885836678323,15.587137389214378,34.3770232258927,4121.574450359003,-283.9789903965187,-1729.8690333245272,2107.726426637957,1.5971374046012317e-13,-1.4385240768709657e-10,3.1489464997018032e-12,36.0328332672915,1.181308852869178,11.359478272083656,10.275170333228884,1090.6383838504903,3.6411689787957684,3.1619595124120226,1.3445501174767822,5.269071102142334
T2_eq,equilibrium,equilibrium,550.0,,,0.2,0.99,0.35,True,21,direct,6.295318905626792e-09,4066.91127847597,1074.9521685838047,1.3592803675122913,0.9698161069695569,503.68044889400636,459.33768069628826,0.00026585845337287744,0.023789736666423755,8.686482170374257,35.631956087403616,10719.085920351868,0.8548648922651985,257.49730514925295,methanation (xi2>0),3944.5457104929146,1085.810271296479,0.00033232306522244396,0.029737170645824717,,,,47.37296446529038,0.0,47.37296446529038,35.93416457978873,8.715276103239358,2.7235237822622995,11.438799885501655,0.9979148957920367,0.9999372144172537,11.43880525405733,8.715280193567489,2.7235250604898407,15,0.7585372715604822,0.18397160262058487,0.05749112581893277,0.0864640099140356,0.6960274210178776,0.21750856906808674,125.92011222350159,2.177771611697134,0.026157214828094275,0.00026174063023816076,1.8616738197435741e-06,0.03483930836482855,0.23150619107092926,0.09584155085917918,0.023900925701834764,0.02389555714587437,10.495400469231036,10.726906660301964,False,18.979191367298096,15.245355109971655,34.224546477269755,4119.891890389952,-335.9670462992502,-1679.839901479025,2104.0849426116765,1.260655353992603e-13,-1.3303226552469133e-10,2.880677319202126e-12,36.0328332672915,1.181308852869178,11.340131197998879,10.257491032632478,1088.9558238814393,3.4886922301728234,3.1555105589946217,1.3236788514223305,6.332827806472778
T2_eq,equilibrium,equilibrium,550.0,,,0.1,0.99,0.35,True,18,direct,9.973607706388297e-09,4068.0334953912025,1076.0743854990371,1.3596554451366887,0.9698161069695568,598.387674180823,548.5842707968036,0.00025652079500865975,0.021575337767876006,9.78249441362757,39.99878577412668,10816.003703250266,0.8557184926717843,258.9608654966614,methanation (xi2>0),3976.182528054877,1086.9438237360298,0.0002850231035411408,0.023972597280768945,,,,47.38603648442418,0.0,47.38603648442418,35.93529157574485,8.72437707327949,2.7263678353998393,11.45074490867933,0.998956973342033,0.9999685752464315,11.450747013999115,8.724378677332657,2.7263683366664564,16,0.7583518719114019,0.18411285949607467,0.05753526859252335,0.08646400991403617,0.6960274210178772,0.2175085690680866,66.48751935342477,1.0894343265241715,0.013085195695881822,0.0001055010044251617,7.983497186880621e-07,0.01743783976420301,0.122882876658484,0.04794491527600226,0.01195590252565268,0.011953797205505993,10.608383027023214,10.731265903681699,False,19.092883386668355,15.21220487339966,34.30508826006802,4121.028726689477,-339.4378437143294,-1676.557107386966,2105.033775588181,1.595985068811476e-13,-2.2450176259224071e-10,4.7420032274203555e-12,36.0328332672915,1.181308852869178,11.35320321713268,10.269436055810152,1090.0926601809638,3.569234012971087,3.1598698023743568,1.335647037935863,5.516087770462036
T2_eq,equilibrium,equilibrium,550.0,,,0.05,0.99,0.35,True,19,direct,5.050470309530782e-09,4068.5950118126584,1076.6359019204936,1.3598431203023016,0.9698161069695569,650.1194242815565,597.6008393379458,0.0002497727158091105,0.02032972023953873,10.331354614388635,42.166352542563864,10868.841535769317,0.8562056785458445,259.8235851338558,methanation (xi2>0),3993.3905935919793,1087.5110120407355,0.00026291864727606896,0.021399705407225352,,,,47.39257724611256,0.0,47.39257724611256,35.93585593511958,8.728930522661315,2.7277907883316623,11.456721310992979,0.999478351541821,0.9999842796310385,11.456722235204024,8.728931226822114,2.7277910083819106,16,0.7582591430782808,0.18418351003559563,0.057557346886123635,0.08646400991403587,0.6960274210178774,0.2175085690680867,34.21681180429245,0.5448700360871142,0.006544434003442328,4.7088982001150535e-05,3.6821756683227293e-07,0.008723469583086152,0.06340859432133152,0.023979185418157807,0.005979500208173645,0.005978575996886937,10.670042164522158,10.73345075884349,False,19.1526834149218,15.192536819557903,34.345220234479704,4121.597558117722,-341.4899824776151,-1674.6134833869653,2105.4940922531414,7.386472412333258e-14,-1.1753422013740358e-10,2.4577840728549446e-12,36.0328332672915,1.181308852869178,11.359743978821058,10.275412458123801,1090.661491609209,3.6093659873827733,3.1620546575361486,1.3421718780183247,5.91610312461853
T2_eq,equilibrium,equilibrium,550.0,,,0.02,0.99,0.35,True,19,direct,5.30557340957438e-09,4068.9320709996437,1076.9729611074786,1.359955775313485,0.9698161069695566,682.7359299139539,628.5939193180203,0.00024514467059162486,0.019551642115436203,10.66094446348814,43.460967376989814,10902.121985012995,0.8565195069576583,260.38816693815477,methanation (xi2>0),4004.2164788549685,1087.8514758659774,0.0002501476221100028,0.019950655113983196,,,,47.3965034426274,0.0,47.3965034426274,35.93619482645686,8.7316637075585,2.728644908612032,11.460308616170533,0.9997913061619093,0.9999937099340317,11.460308957024466,8.731663967256736,2.7286449897677296,16,0.7582034934096571,0.1842259097831184,0.0575705968072245,0.08646400991403663,0.696027421017877,0.21750856906808652,13.933386324774567,0.21798663629396028,0.002618237488526757,1.7560167711392487e-05,1.4013269843411046e-07,0.0034904802454640864,0.025862149823369977,0.009593373876660899,0.0023921950305398,0.0023918541763614768,10.70890112356832,10.734763273391689,False,19.189616545372232,15.179629813297355,34.369246358669585,4121.939008254188,-342.8348827839763,-1673.338963013207,2105.7651624570044,7.225145401767477e-14,-1.260408702891371e-10,2.6181261318924954e-12,36.0328332672915,1.181308852869178,11.363670175335898,10.278999763301355,1091.002941745675,3.633392111572654,3.163367172084347,1.3462816152810935,5.847750186920166
T2_eq,equilibrium,equilibrium,550.0,,,0.01,0.99,0.35,True,18,direct,5.142255925539565e-09,4069.044450448975,1077.0853405568098,1.3599933358031855,0.9698161069695569,693.8876518123006,639.2055254251005,0.00024351254080599947,0.019288221839487897,10.770853405568182,43.89143813716228,10913.495073425906,0.8566279066753066,260.5846589224233,methanation (xi2>0),4007.9139343827287,1087.9649904612697,0.0002459722625422925,0.019483052262932246,,,,47.397812482165115,0.0,47.397812482165115,35.93630783619499,8.73257496835818,2.7289296776119336,11.461504645970116,0.9998956471736204,0.9999968546472613,11.461504811754603,8.732575094670175,2.7289297170844296,16,0.7581849412129019,0.1842400447901699,0.0575750139969281,0.08646400991403577,0.6960274210178775,0.21750856906808672,7.008966179922221,0.10899991263516147,0.0013091979506609243,8.57429651448508e-06,6.889683098965702e-08,0.0017454222341972763,0.013016548881383866,0.004796977155160821,0.0011961652308048064,0.0011959994460755427,10.722184490863263,10.735201039744647,False,19.202113183751038,15.175132223435273,34.37724540718631,4122.052851697099,-343.30326826157676,-1672.8949741612166,2105.8546092743054,6.902491380635915e-14,-1.230140065232047e-10,2.5499867130444426e-12,36.0328332672915,1.181308852869178,11.364979214873614,10.280195793100939,1091.1167851885862,3.641391160089377,3.1638049384373046,1.3476860556148484,5.527922868728638
T2_eq,equilibrium,equilibrium,550.0,,,1.0,0.0,0.5,True,1,once-through,0.0,2991.959109892165,0.0,1.0,0.9698161069695571,0.0,0.0,0.0,0.0,0.0,0.0,8097.950578294656,0.8137175990035082,197.6225935126161,methanation (xi2>0),3935.318888769034,1044.5343948521795,0.0009806473924003564,0.1409295275518919,,,,34.85150348488499,0.0,34.85150348488499,34.85150348488499,0.0,0.0,0.0,0.0,0.9698100879888052,0.0,0.0,0.0,4,1.0,0.0,0.0,0.08646400991403458,0.6960274210178784,0.217508569068087,1488.319885450986,1044.6772288092204,12.547618195227546,0.00620216757803121,2.746793346113398e-05,16.757465296613514,0.7953035115620217,45.97520016266498,11.462700811197891,11.46270081119787,5.7293401567729445,6.524643668334965,False,16.672361365115467,16.822393527170117,33.49475489228558,3030.936066508513,-196.44509421947726,-1811.3999812401808,1023.0909910488549,6.914014738533471e-16,5.029057139659196e-16,-2.9781214531491668e-15,,,,,,,,,
T2_eq,equilibrium,equilibrium,550.0,,,0.2,0.9,0.5,True,24,direct,7.817134795958432e-09,4045.026768569333,1053.0676586771679,1.3519659260032875,0.969816106969557,2191.5467583265295,2063.3336188059943,1.0046084707352715e-05,0.00019436632467096485,93.60601410463715,34.60685008226083,12363.843834880332,0.8732796364212382,266.87638095609793,methanation (xi2>0),5989.397735570306,1170.0751763079545,1.2557605671049393e-05,0.0002429578994163464,,,,47.11804518154937,0.0,47.11804518154937,35.912117780046316,8.53784944876423,2.6680779527388223,11.205927401503054,0.9775992225633406,0.9993237198284958,11.20592731379275,8.537849381937335,2.668077931855416,14,0.7621733399461827,0.18120126480290846,0.056625395250908886,0.08646400991403777,0.696027421017876,0.21750856906808624,547.8866895816324,23.401590089357523,0.28107649856327316,2.138466895611123e-06,7.034770816323739e-08,0.37543032107017343,1.039920143878221,1.029880578242535,0.25677340969213197,0.2567734974048953,9.601363984046037,10.641284127924257,False,19.422619910899027,14.806757076168584,34.22937698706761,4097.722285813945,-353.17410622637607,-1664.3867169910764,2080.1614625964926,2.996073053364504e-15,-2.777273797440377e-09,3.7264876368681145e-11,34.85150348488499,0.0,12.266541696664383,11.205927401503054,1066.786219305432,0.7346220947820328,4.116640459589291,1.526786773436203,6.038211107254028
T2_eq,equilibrium,equilibrium,550.0,,,0.1,0.9,0.5,True,23,direct,9.752852266446076e-09,4056.9551510705687,1064.9960411784036,1.3559527393463569,0.9698161069695569,2721.6636839433872,2576.813294628928,9.27559557814085e-06,0.0001592435832201863,106.49960411784035,38.350543166690635,12917.457444938542,0.8785937195498417,275.619708611672,methanation (xi2>0),6256.18642781772,1183.3289346426607,1.0306217094174918e-05,0.0001769373088820063,,,,47.256991620668934,0.0,47.256991620668934,35.92413169122053,8.634559946246403,2.698299983202003,11.332859929448407,0.9886727496522929,0.9996580300041817,11.332859886622009,8.63455991361677,2.6982999730052404,15,0.7601865988933303,0.18271497227174835,0.057098428834921354,0.08646400991404543,0.6960274210178701,0.21750856906808444,302.4070759937097,11.833324406269337,0.14213005944370102,7.786834282152422e-07,2.886771468263613e-08,0.18984146098472363,0.5772061779968799,0.5207727737955073,0.1298408817484841,0.12984092457487698,10.11072090411884,10.68792708211572,False,19.723123014922155,14.585350709653301,34.30847372457546,4109.806062165891,-373.82124372739366,-1644.82895652117,2091.1558619173265,2.880839474388946e-15,-3.8470291839972694e-09,4.953747662739261e-11,34.85150348488499,0.0,12.405488135783948,11.332859929448407,1078.8699956573778,0.8137188322898794,4.163283413780755,1.5951514299879592,5.9691550731658936
T2_eq,equilibrium,equilibrium,550.0,,,0.05,0.9,0.5,True,24,direct,8.187552272403895e-09,4063.021249508576,1071.0621396164113,1.35798020637221,0.9698161069695568,3030.501489236208,2877.3304228273005,8.805923437269317e-06,0.00014161712290679322,113.0565591817323,40.11428261514828,13238.244330567552,0.8815612814664683,281.0099541077078,methanation (xi2>0),6410.0657759211235,1190.0690440182295,9.269392930971623e-06,0.00014907065159390498,,,,47.32765189478595,0.0,47.32765189478595,35.93024128373648,8.683741417942455,2.7136691931070174,11.397410611049473,0.99430411722127,0.9998280411618937,11.397410590098055,8.683741401979468,2.7136691881185837,15,0.7591807297890962,0.18348134873211722,0.05733792147878662,0.08646400991403798,0.6960274210178757,0.21750856906808616,159.50007838085307,5.950360946350274,0.07146978532661313,3.28022524316056e-07,1.2981785025153347e-08,0.0954613883659227,0.3052999017063073,0.2618694348879292,0.06529020014650992,0.06529022109957867,10.406347200779015,10.711647102485323,False,19.894028435504538,14.453175998170936,34.34720443367548,4115.951185098205,-386.6703346873983,-1632.6374971333928,2096.6433532774145,1.3828029477066941e-15,-3.41670961189805e-09,4.296726420231305e-11,34.85150348488499,0.0,12.476148409900965,11.397410611049473,1085.0151185896925,0.8524495413899018,4.187003434150357,1.6347647719721434,6.500211238861084
T2_eq,equilibrium,equilibrium,550.0,,,0.02,0.9,0.5,True,24,direct,9.858668314274407e-09,4066.6941901435075,1074.7350802513422,1.3592078102598393,0.9698161069695568,3232.645770550078,3074.487554013302,8.502223949325499e-06,0.00013120903455254192,117.02670873847953,41.1312936935833,13447.623618560818,0.8834531843732093,284.62323354688215,methanation (xi2>0),6510.286438389489,1194.150089168151,8.67573854341689e-06,0.00013388676552659234,,,,47.37043573595371,0.0,47.37043573595371,35.933940558909825,8.71352013489058,2.722975042153305,11.436495177043884,0.9977138342363238,0.9999309806056086,11.43649516879882,8.713520128608625,2.722975040190195,15,0.7585731481857865,0.18394426804892455,0.057482583765288926,0.08646400991403924,0.6960274210178748,0.21750856906808588,65.9723626642873,2.3883060660117548,0.028685944158867185,1.1784445717597586e-07,4.860148833073617e-09,0.03831549976104953,0.12649320222226157,0.10510696165911132,0.026205634151341483,0.026205642398721318,10.599516048104276,10.726009250326538,False,20.004173536856406,14.365943702167684,34.37011723902409,4119.671973996607,-395.32146947144065,-1624.4227912838637,2099.927713241303,1.6132701056578099e-15,-4.261619751260062e-09,5.277278864923574e-11,34.85150348488499,0.0,12.518932251068726,11.436495177043884,1088.7359074880947,0.8753623467385125,4.201365581991572,1.6606206087013125,6.704808950424194
T2_eq,equilibrium,equilibrium,550.0,,,0.01,0.9,0.5,True,23,direct,7.740760811068454e-09,4067.9241077710503,1075.9649978788855,1.3596188846035615,0.9698161069695568,3303.119402079175,3143.3002557770956,8.3977641444211e-06,0.0001277814624363375,118.35614976667745,41.46278592871023,13520.519957978451,0.8841034830145895,285.89596991841296,methanation (xi2>0),6545.143946707497,1195.5166643098678,8.48258990663323e-06,0.00012907218093124854,,,,47.384762294876495,0.0,47.384762294876495,35.93517929479071,8.723491809589174,2.7260911904966165,11.44958300008579,0.9988556090464209,0.9999654508130175,11.449582995988836,8.723491806467685,2.726091189521151,15,0.7583699391644553,0.18409909396993887,0.05753096686560589,0.08646400991403949,0.6960274210178747,0.21750856906808583,33.36484244524419,1.1955195434219081,0.014359385236040538,5.6803377579401784e-08,2.3759734715680304e-09,0.0191796738455233,0.06400902339036994,0.05261361958645475,0.013117811109091335,0.013117815208632018,10.666809541733704,10.730818565124075,False,20.04225027007505,14.335444095588581,34.377694365663636,4120.917914051011,-398.3750037990842,-1621.5222555405562,2101.020654711371,8.066350528289049e-16,-3.3865043403586855e-09,4.1713236820820994e-11,34.85150348488499,0.0,12.533258809991509,11.44958300008579,1089.9818475424986,0.8829394733780589,4.2061748967891095,1.6696224343747146,6.623142242431641
T2_eq,equilibrium,equilibrium,550.0,,,0.2,0.95,0.5,True,24,direct,7.066779461791244e-09,4057.5904095204587,1065.6312996282938,1.3561650612486815,0.9698161069695568,2206.3155795053026,2127.814006512411,8.563600249236472e-06,0.0001561404740636792,44.86868630013869,33.63265878368675,12403.360680934436,0.8755872493367558,290.26022508516684,methanation (xi2>0),5950.519091676554,1121.717157503461,1.0704500149089122e-05,0.00019517558793646296,,,,47.26439135818771,0.0,47.26439135818771,35.92477144334778,8.639710411306615,2.699909503533317,11.339619914839933,0.9892624872283554,0.9996758323370738,11.339619813163521,8.639710333838874,2.699909479324648,12,0.7600811205368642,0.18279533673381787,0.05712354272931808,0.08646400991403654,0.6960274210178768,0.21750856906808652,551.5788948763256,11.217244353080355,0.13473032192484813,1.7178965307671143e-06,5.99666107452784e-08,0.17995708357828125,1.0724182592822553,0.4936597067347134,0.12308089635611841,0.12308099803421672,9.617993070210106,10.690411329492362,False,19.843821609549035,14.389943242466535,34.23376485201557,4110.449596277355,-413.0297856273969,-1606.906479819957,2090.5133308300015,1.1523357897555784e-15,-2.589326365299892e-09,3.406577830370831e-11,34.85150348488499,0.0,12.412887873302722,11.339619914839933,1079.5135297688425,0.7390099597299908,4.165767661157396,1.5316666310831517,6.829838275909424
T2_eq,equilibrium,equilibrium,550.0,,,0.1,0.95,0.5,True,23,direct,8.612138560544683e-09,4063.3424175993778,1071.3833077072127,1.3580875501155585,0.9698161069695568,2740.4963908944164,2652.6089741657433,7.852892571749764e-06,0.00012682370619517748,50.74973562823648,37.13748156154192,12948.87187334717,0.881048676228645,301.58950899629167,methanation (xi2>0),6205.951778876699,1127.7719028496917,8.725436032020805e-06,0.00014091522504020552,,,,47.33139298563134,0.0,47.33139298563134,35.93056472572385,8.6863453408819,2.7144829190255937,11.400828259907495,0.9946022711131245,0.9998370415570236,11.400828211227434,8.68634530379233,2.7144829074351033,13,0.7591275580102101,0.18352186056364947,0.057350581426140454,0.0864640099140375,0.6960274210178761,0.2175085690680863,304.49959898826853,5.63888889194957,0.06772869448120628,6.201538317715073e-07,2.4439946770523428e-08,0.09046422318708865,0.5941844102131265,0.2481618612458086,0.06187255129006015,0.06187259997011843,10.11871860907687,10.712903019289996,False,20.186898834904405,14.124003167098206,34.31090200200261,4116.2765371214355,-440.3382002858431,-1580.9451874406775,2094.9931493949152,9.218686318044627e-16,-3.497253105150404e-09,4.4061783398774425e-11,34.85150348488499,0.0,12.479889500746353,11.400828259907495,1085.3404706129227,0.8161471097170292,4.188259350955031,1.599030736005562,6.7267210483551025
T2_eq,equilibrium,equilibrium,550.0,,,0.05,0.95,0.5,True,24,direct,7.265424392159774e-09,4066.2417647492102,1074.2826548570451,1.3590565964973245,0.9698161069695567,3051.5725664868296,2959.0850622518765,7.4316146170849245e-06,0.0001123281989254816,53.71413274285232,38.77318659682809,13265.659221016644,0.884093724774051,308.2429627463338,methanation (xi2>0),6354.180029320337,1130.8238472179382,7.822752109412085e-06,0.00011824020652414408,,,,47.365165708982445,0.0,47.365165708982445,35.93348487588401,8.709852063313091,2.721828769785342,11.431680833098435,0.9972938333984107,0.9999183003493449,11.431680809491752,8.709852045327048,2.7218287641647025,13,0.7586479295833263,0.18388729174603716,0.0574647786706366,0.08646400991403874,0.6960274210178753,0.21750856906808602,160.60908244667527,2.827072777458896,0.0339559711300588,2.601816687637642e-07,1.0955764496028881e-08,0.04535451745229368,0.31397449923683074,0.12441664586318857,0.031019978098950095,0.031020001705628585,10.41026569168655,10.724240190923382,False,20.378496955333013,13.969979105804399,34.34847606113742,4119.213654750049,-456.4390933842147,-1565.6280806630703,2097.1464807027637,0.0,-3.1182822180699606e-09,3.832091823596784e-11,34.85150348488499,0.0,12.513662224097459,11.431680833098435,1088.2775882415358,0.8537211688518411,4.199596522588417,1.6381501829084084,7.031476974487305
T2_eq,equilibrium,equilibrium,550.0,,,0.02,0.95,0.5,True,24,direct,8.780142527780304e-09,4067.9889159921067,1076.0298060999419,1.3596405454012783,0.969816106969557,3255.116096730008,3159.904531857037,7.162276855365186e-06,0.00010382895578440122,55.50048473568125,39.71090402562682,13472.644312713894,0.8860328216492115,312.6006711756865,methanation (xi2>0),6451.018657381908,1132.6629537894069,7.308445637022554e-06,0.0001059479109610428,,,,47.38551720624361,0.0,47.38551720624361,35.935244562306835,8.724017252523264,2.72625539141352,11.450272643936785,0.9989157732138675,0.9999672670071332,11.450272634691846,8.724017245479502,2.7262553892123447,13,0.7583592348511259,0.18410724963723743,0.0575335155116367,0.08646400991403867,0.6960274210178753,0.21750856906808605,66.430940749592,1.1326678768556133,0.013604473868912772,9.32532350023615e-08,4.0941913207914055e-09,0.018171311767643555,0.13000750073926096,0.04984758059253868,0.012428167260503135,0.012428176505435816,10.601064482991577,10.731071983730837,False,20.500795843319185,13.869843626747361,34.37063947006655,4120.983566544041,-467.00597017033033,-1555.572046886146,2098.405549487565,4.6093431590223135e-16,-3.901148753773569e-09,4.7172848193592174e-11,34.85150348488499,0.0,12.534013721358626,11.450272643936785,1090.0475000355286,0.8758845777809725,4.206428315395872,1.663710365042891,7.187741279602051
T2_eq,equilibrium,equilibrium,550.0,,,0.01,0.95,0.5,True,23,direct,6.922068478367228e-09,4068.57256305605,1076.613453163885,1.3598356172730877,0.9698161069695568,3326.0641152155235,3229.951131221452,7.070102529446087e-06,0.00010103933612755715,56.09722729643403,40.01558350266511,13544.742006847819,0.8866989104633426,314.1188994988198,methanation (xi2>0),6484.7500729564745,1133.2773191198771,7.141517603651656e-06,0.00010205993312562146,,,,47.39231575426376,0.0,47.39231575426376,35.935832396687395,8.72874922482009,2.7277341327562783,11.456483357576367,0.999457592610699,0.9999836246289093,11.456483352988537,8.728749221324598,2.727734131663937,13,0.7582628497752227,0.18418068588554456,0.05755646433923267,0.08646400991403948,0.6960274210178747,0.21750856906808586,33.59660722439923,0.5666410664151185,0.006805925848711987,4.491555700644104e-08,2.0003391095937866e-09,0.009090584015320114,0.06577355030850958,0.02493730669186295,0.006217453620826566,0.006217458208654737,10.66758065440419,10.733354204712697,False,20.542872899235327,13.83508482324177,34.377957722477106,4121.574816915869,-470.69117420735876,-1552.064391346318,2098.8192513621916,-5.761678948777892e-16,-3.1120567482367767e-09,3.742069168310991e-11,34.85150348488499,0.0,12.540812269378776,11.456483357576367,1090.638750407356,0.8832028301915287,4.2087105363777315,1.6726135675799838,7.162970066070557
T2_eq,equilibrium,equilibrium,550.0,,,0.2,0.99,0.5,True,24,direct,6.560153982094656e-09,4066.9175420105653,1074.9584321184002,1.3592824609682395,0.9698161069695569,2217.843001121529,2176.2607097852874,7.598778484707517e-06,0.0001324956816846685,8.686532784795236,32.895560551399925,12433.260810572063,0.8774193356688693,307.8708398065751,methanation (xi2>0),5921.529184548608,1085.816598099389,9.49847297317069e-06,0.00016561959846055156,,,,47.37303742537768,0.0,47.37303742537768,35.93416540878244,8.715331060263045,2.7235409563322004,11.438872016595244,0.9979211884707673,0.9999372374855977,11.438871905722904,8.715330975788879,2.7235409299340243,11,0.7585362364880764,0.18397239124717987,0.05749137226474371,0.08646400991403576,0.6960274210178775,0.2175085690680867,554.4607502803823,2.1716971721725633,0.026084254734964656,1.4577506138151442e-06,5.321044633916438e-08,0.0348395113666175,1.0968353977317848,0.09557422085014233,0.023828794602631237,0.023828905474960436,9.630047528112078,10.726882925843864,False,20.16251361705765,14.074571158371512,34.23708477542917,4119.898235521089,-458.07109178298987,-1563.6583969401083,2098.168746797991,3.111306632340062e-15,-2.4585531522423354e-09,3.184100245334776e-11,34.85150348488499,0.0,12.521533940492695,11.438872016595244,1088.9621690125764,0.74232988314359,4.202239257508898,1.5353589393219509,7.434039115905762
T2_eq,equilibrium,equilibrium,550.0,,,0.1,0.99,0.5,True,23,direct,7.863348226517315e-09,4068.0360342112735,1076.0769243191087,1.3596562936844052,0.9698161069695571,2755.243064878378,2709.2344921530184,6.9347043534692705e-06,0.00010696258652104488,9.782517493810019,36.225882342302235,12972.864094948927,0.8829992843896715,321.0044889650903,methanation (xi2>0),6168.956811213964,1086.946388201115,7.705226932456232e-06,0.00011884731523646543,,,,47.38606605758791,0.0,47.38606605758791,35.935291974954914,8.724399301053712,2.726374781579285,11.450774082632995,0.9989595184624325,0.9999685863552189,11.450774030148523,8.724399261065543,2.726374769082981,11,0.7583514525929946,0.18411317897676605,0.057535368430239375,0.08646400991403529,0.6960274210178778,0.21750856906808685,306.13811831981974,1.0869721525866411,0.013055622524718145,5.230351633560738e-07,2.158234099340825e-08,0.017437880905910457,0.606868526242276,0.04783655746318549,0.011926728564843413,0.011926781049307016,10.124387805065124,10.731256331307401,False,20.535420007890316,13.777306793105119,34.312726800995435,4121.031298583357,-490.02134911064394,-1533.2358136600594,2097.774135812654,2.6503723164378304e-15,-3.26153101317387e-09,4.0380587032965807e-11,34.85150348488499,0.0,12.534562572702924,11.450774082632995,1090.0952320748443,0.8179719087098576,4.206612662972436,1.6019934882932907,7.0585081577301025
T2_eq,equilibrium,equilibrium,550.0,,,0.05,0.99,0.5,True,24,direct,6.658860653702244e-09,4068.596148556777,1076.6370386646115,1.3598435002353408,0.969816106969557,3068.1063776430356,3020.0059217707344,6.5481471798214045e-06,9.446629712110818e-05,10.331365522539192,37.76893030901173,13286.830728304285,0.8861054396742968,328.52579070379375,methanation (xi2>0),6313.2887289676655,1087.512160267282,6.8927864097307265e-06,9.943820529029185e-05,,,,47.39259048735021,0.0,47.39259048735021,35.93585613047994,8.72894046237735,2.7277938944929208,11.45673435687027,0.9994794896573058,0.9999842850673163,11.456734331551171,8.728940443086607,2.7277938884645647,11,0.7582589553822945,0.18418365304206127,0.05755739157564415,0.0864640099140355,0.6960274210178777,0.2175085690680868,161.47928303384398,0.5437676098884933,0.006531192762370692,2.1880880368436057e-07,9.653347500357766e-09,0.008723478793584014,0.3204385230678843,0.0239306687435827,0.005966454327525988,0.005966479646614595,10.41300794872881,10.733446471796693,False,20.74128272191931,13.608145567347787,34.349428289267095,4121.598709670474,-508.3532360032237,-1515.7747386563353,2097.4707350109147,1.8437372636089254e-15,-2.9169577453908387e-09,3.5192699461579956e-11,34.85150348488499,0.0,12.541087002465225,11.45673435687027,1090.6626431619611,0.8546733969815179,4.208802803461728,1.6407646107297376,7.2508649826049805
T2_eq,equilibrium,equilibrium,550.0,,,0.02,0.99,0.5,True,24,direct,8.069121118439558e-09,4068.9324957672134,1076.9733858750485,1.3599559172831959,0.969816106969557,3272.773384708061,3223.462708938047,6.302857160465213e-06,8.717482895357992e-05,10.66094866825801,38.64957473877094,13492.16027651984,0.8880812719532774,333.39022788880885,methanation (xi2>0),6407.825076367463,1087.851904924289,6.431486791203108e-06,8.895390470781076e-05,,,,47.3965083904853,0.0,47.3965083904853,35.93619490352882,8.731667418633517,2.7286460683229743,11.46031348695649,0.9997917310867187,0.9999937120787071,11.46031347707073,8.731667411101508,2.728646065969222,11,0.7582034232848395,0.1842259632115509,0.05757061350360967,0.08646400991403544,0.6960274210178777,0.2175085690680868,66.79129356547062,0.21757469213969102,0.0026132896272898286,7.829544994730814e-08,3.6029189605026654e-09,0.0034904816221400666,0.13262246573916536,0.009575244626375662,0.002387324241301889,0.002387334127047595,10.602139174175921,10.734761639915089,False,20.871876967458793,13.499152716000957,34.371029683459746,4121.939438555308,-520.222358329417,-1504.4673203819507,2097.24975984394,1.9589708425844833e-15,-3.6575642338648918e-09,4.339265907068087e-11,34.85150348488499,0.0,12.545004905600315,11.46031348695649,1091.003372046795,0.8762747911741684,4.210117971580123,1.6661203530537165,7.04428505897522
T2_eq,equilibrium,equilibrium,550.0,,,0.01,0.99,0.5,True,23,direct,6.381357607057814e-09,4069.0446579999266,1077.0855481077615,1.359993405172767,0.9698161069695569,3344.103564341176,3294.3975491233905,6.219195275105799e-06,8.478715177837639e-05,10.77085548107763,38.93500991887142,13563.711394791371,0.8887595624593263,335.07473621049724,methanation (xi2>0),6440.794990121298,1087.965200108847,6.282015346717814e-06,8.564358583773734e-05,,,,47.397814899799336,0.0,47.397814899799336,35.93630787454784,8.732576781143988,2.728930244107496,11.461507025251484,0.9998958547408777,0.9999968557145031,11.46150702035047,8.732576777409884,2.728930242940589,11,0.7581849069502359,0.1842400708950584,0.057575022154705745,0.08646400991403584,0.6960274210178774,0.2175085690680867,33.7788238822341,0.10879862736074657,0.001306780313229927,3.769088649105623e-08,1.759592521774883e-09,0.0017454225705346306,0.06708591372760359,0.004788118791519095,0.0011937859462667244,0.0011937908472713476,10.6681143129148,10.735200226642403,False,20.916669665388877,13.461484694705604,34.37815436009448,4122.053061951867,-524.3348289515527,-1500.5490946213165,2097.1691383789976,1.2675693687311363e-15,-2.926381066932704e-09,3.4515474643133836e-11,34.85150348488499,0.0,12.54631141491435,11.461507025251484,1091.116995443354,0.8833994678088999,4.210556558307438,1.6749560600118836,6.846683740615845
T2_eq,equilibrium,equilibrium,550.0,,,1.0,0.0,0.75,True,1,once-through,0.0,2991.959109892165,0.0,1.0,0.9698161069695571,0.0,0.0,0.0,0.0,0.0,0.0,8097.950578294656,0.8137175990035082,197.6225935126161,methanation (xi2>0),5356.2861895559745,1044.6762101422098,2.5361276285424772e-05,0.0007924544283573042,,,,34.85150348488499,0.0,34.85150348488499,34.85150348488499,0.0,0.0,0.0,0.0,0.9698100879888052,0.0,0.0,0.0,4,1.0,0.0,0.0,0.08646400991403458,0.6960274210178784,0.217508569068087,2908.7378335445865,1044.6772288092202,12.547618195227544,3.48751269375766e-05,7.103693487547479e-07,16.75974043931147,3.6588370182884877,45.975200162664976,11.462700811197887,11.462700811197868,2.8646700783864723,6.52350709667496,False,16.672361365115467,16.82720655821998,33.49956792333545,3030.936066508513,-196.44509421947726,-1811.689314671981,1022.8016576170546,6.914014738533471e-16,5.029057139659196e-16,-2.8589965950232003e-15,,,,,,,,,
T2_eq,equilibrium,equilibrium,550.0,,,0.2,0.9,0.75,True,38,direct,7.479344023520327e-09,4045.026843736203,1053.067733844038,1.3519659511262478,0.9698161069695568,7149.351209677698,7027.291216016426,1.1170027949003791e-06,5.217234730284054e-06,93.60602078613665,28.45394571732686,17321.64843429619,0.916257263322356,387.45523261028256,methanation (xi2>0),11799.363551854873,1170.0752598267072,1.396253474666001e-06,6.521543255610231e-06,,,,47.11804605712231,0.0,47.11804605712231,35.91211790776059,8.537850018561302,2.668078130800407,11.20592814936171,0.9775992878061373,0.9993237233823912,11.205928113660134,8.537849991360101,2.6680781223000323,14,0.7621733273897877,0.18120127436968558,0.05662539824052675,0.08646400991403845,0.6960274210178754,0.21750856906808608,1787.3378024194244,23.401517191752117,0.28107562299013467,5.740132081126774e-08,7.821812071289904e-09,0.37543034786799756,3.5417547728722787,1.029877370091819,0.25677266183327835,0.2567726975373211,7.099529137096478,10.641283909968758,False,22.082891399612453,12.174198475145927,34.25708987475838,4097.722361960032,-649.720764297065,-1381.4923763806999,2066.5092212822665,-1.2675693687311363e-15,-9.067121345427844e-09,5.6900584108158615e-11,34.85150348488499,0.0,12.26654257223732,11.20592814936171,1066.786295451519,0.7575219514229303,4.117776813293798,2.139016318613289,9.598340034484863
T2_eq,equilibrium,equilibrium,550.0,,,0.1,0.9,0.75,True,43,direct,9.393287349800972e-09,4056.9551820423076,1064.9960721501427,1.3559527496980153,0.9698161069695566,10024.54302250254,9888.720812185253,8.597663993724804e-07,2.9408583341042125e-06,106.49960721501434,29.322580146281236,20220.336844506233,0.931482315358555,435.85062828125865,methanation (xi2>0),13859.44424706939,1183.3289690557128,9.55295983251199e-07,3.267620271625412e-06,,,,47.25699198143979,0.0,47.25699198143979,35.92413175060328,8.634560175875444,2.6983000549610745,11.332860230836518,0.9886727759452336,0.9996580316566209,11.332860216199167,8.634560164723174,2.698300051475992,15,0.7601865937499757,0.1827149761904948,0.05709843005952962,0.08646400991404615,0.6960274210178696,0.21750856906808425,1113.838113611393,11.83329436954979,0.14212969867266254,1.4380470491732475e-08,2.6757840940470195e-09,0.18984146650560835,2.2150734619294963,0.5207714519095167,0.12984058036020435,0.12984059499754902,8.472853431641813,10.68792689357131,False,23.174679449104655,11.151865891509635,34.32654534061429,4109.806093541104,-769.5308271942674,-1267.0704177003338,2073.204848646503,-1.0371022107800206e-15,-1.424799427902836e-08,7.315100162941236e-11,34.85150348488499,0.0,12.405488496554803,11.332860230836518,1078.8700270325912,0.8269774172788402,4.16441979689635,2.4969696528778305,11.57665491104126
T2_eq,equilibrium,equilibrium,550.0,,,0.05,0.9,0.75,True,48,direct,8.967180101740796e-09,4063.021263547749,1071.0621536555843,1.3579802110645112,0.969816106969557,12052.50189695065,11910.219463896705,7.25808853855452e-07,2.054476808666234e-06,113.05656066364492,29.22585168721939,22260.24476593654,0.9399111574119486,466.04552587075807,methanation (xi2>0),15319.06840100557,1190.0690596173151,7.640093076769902e-07,2.1626071038014824e-06,,,,47.3276520583197,0.0,47.3276520583197,35.9302413122582,8.683741520808764,2.7136692252527386,11.397410746061503,0.9943041289996486,0.9998280419555656,11.397410739492022,8.683741515803446,2.7136692236885764,15,0.7591807274646223,0.18348135050314493,0.057337922032232785,0.08646400991403753,0.6960274210178762,0.2175085690680863,634.3422051026658,5.950347331007804,0.07146962179273472,4.758708940662753e-09,1.069995052446906e-09,0.09546138961720291,1.26373697048504,0.26186883569032243,0.06529006513436761,0.06529007170549521,9.44790994247186,10.711646912956901,False,23.827454341392837,10.530074317270412,34.35752865866325,4115.951199320271,-844.6996700540946,-1195.2149657067584,2076.0365635594185,-1.3828029477066941e-15,-1.5522553491446447e-08,6.985160043389745e-11,34.85150348488499,0.0,12.476148573434713,11.397410746061503,1085.0151328117586,0.8579607353278007,4.188139816281941,2.748873872557557,13.623986959457397
T2_eq,equilibrium,equilibrium,550.0,,,0.02,0.9,0.75,True,51,direct,9.379204059305093e-09,4066.694195437117,1074.7350855449515,1.359207812029118,0.9698161069695569,13556.765113749729,13410.779846318437,6.455601922658122e-07,1.6080180639240264e-06,117.02670931489459,28.958538807904773,23771.742972187887,0.9452203042701653,486.5336826269717,methanation (xi2>0),16405.278875342996,1194.1500950499462,6.587348791348689e-07,1.6408347087841885e-06,,,,47.37043579761573,0.0,47.37043579761573,35.9339405700312,8.713520173397738,2.722975054186792,11.436495227584528,0.997713838645463,0.9999309809150821,11.436495225129297,8.713520171527083,2.722975053602214,15,0.758573147310903,0.18394426871550243,0.05748258397359453,0.08646400991403891,0.6960274210178752,0.21750856906808597,276.66867579081077,2.388300932203268,0.02868588249669345,1.4442299382700506e-09,3.690232854156204e-10,0.03831549994977253,0.551757799391387,0.10510673572533362,0.026205583610558723,0.0262055860681064,10.174251250577498,10.726009049968887,False,24.260232066713048,10.114360621777783,34.374592688490836,4119.671979359177,-895.8637123827941,-1146.280633425586,2077.5276335507974,-1.6132701056578099e-15,-1.7723555049112556e-08,7.266199408680526e-11,34.85150348488499,0.0,12.51893231273074,11.436495227584528,1088.7359128506646,0.8750247651553877,4.202501953293927,2.9355258151246915,14.724364042282104
T2_eq,equilibrium,equilibrium,550.0,,,0.01,0.9,0.75,True,49,direct,9.410832426385207e-09,4067.9241103662193,1075.9650004740542,1.3596188854709428,0.9698161069695569,14118.90292971064,13971.716090048221,6.189912438046088e-07,1.473401371944692e-06,118.35615005214582,28.830670773645164,24336.303490721915,0.9470293065909663,493.8035004921543,methanation (xi2>0),16811.928381396137,1195.5166671933928,6.252436702129304e-07,1.4882841682392374e-06,,,,47.38476232510603,0.0,47.38476232510603,35.93517930030296,8.723491828421388,2.726091196381684,11.449583024803072,0.9988556112027437,0.9999654509664063,11.449583023604601,8.723491827508267,2.726091196096334,15,0.7583699387358068,0.18409909429652813,0.05753096696766505,0.08646400991403934,0.6960274210178747,0.21750856906808583,142.61518110818827,1.1955170265927488,0.014359355006405504,6.549789997769086e-10,1.7513075493906152e-10,0.01917967389178359,0.28451494583370923,0.05261350882332028,0.013117786391715194,0.013117787592772446,10.446303399295639,10.730818345129347,False,24.412007117952474,9.967985958327386,34.37999307627986,4120.917916679988,-914.0474082408809,-1128.8847249455216,2077.985783493585,-1.3828029477066941e-15,-1.8340664364398713e-08,7.268808243073485e-11,34.85150348488499,0.0,12.533258840221045,11.449583024803072,1089.981850171475,0.8804251529444116,4.207311248454387,3.005242283887448,14.645102977752686
T2_eq,equilibrium,equilibrium,550.0,,,0.2,0.95,0.75,True,38,direct,7.208967563547752e-09,4057.590472672129,1065.6313627799643,1.3561650823558118,0.9698161069695567,7167.313133223124,7094.824752690383,1.0129214623685038e-06,4.5486666371028876e-06,44.8686889591565,27.61966705625382,17364.358359049245,0.9182333015098074,407.48089878045283,methanation (xi2>0),11774.515506508045,1121.717223978909,1.2661518114686102e-06,5.685833164362213e-06,,,,47.26439209380295,0.0,47.26439209380295,35.92477157111156,8.639710874431534,2.6999096482598537,11.339620522691389,0.9892625402569972,0.9996758358923465,11.339620485174505,8.639710845847242,2.6999096393272626,12,0.7600811100527983,0.18279534472167755,0.05712354522552423,0.08646400991403688,0.6960274210178767,0.21750856906808647,1791.828283305781,11.217183107940304,0.134729586309471,5.0045567508065246e-08,7.092982540235448e-09,0.17995709424293693,3.5757916753559535,0.49365701139734486,0.12308028850451615,0.1230803260230948,7.114619470753317,10.690411146109271,False,22.443600125996582,11.817247137672261,34.260847263668836,4110.449660251718,-700.9803903383471,-1332.2670369239474,2077.2022329894235,-1.7285036846333677e-15,-8.823701024234776e-09,5.3980357336058664e-11,34.85150348488499,0.0,12.41288860891796,11.339620522691389,1079.5135937432055,0.7612793403333882,4.1669040494343115,2.1442904832726204,11.768747091293335
T2_eq,equilibrium,equilibrium,550.0,,,0.1,0.95,0.75,True,43,direct,9.018414777620175e-09,4063.342443412015,1071.3833335198499,1.3580875587428949,0.9698161069695566,10037.967451903012,9958.862927298747,7.758366371908918e-07,2.548110071167429e-06,50.74973685094026,28.354767153006502,20246.34298520184,0.9333760062141252,456.6320878872986,methanation (xi2>0),13818.754450773542,1127.7719300208946,8.620406941451731e-07,2.831233329624933e-06,,,,47.33139328630696,0.0,47.33139328630696,35.930564785082254,8.68634552474263,2.714482976482073,11.400828501224703,0.994602292165511,0.9998370432087853,11.400828485905441,8.686345513070812,2.7144829728346282,13,0.7591275537370729,0.183521863819373,0.05735058244355405,0.08646400991403798,0.696027421017876,0.2175085690680862,1115.3297168781125,5.6388638585824005,0.06772839380543322,1.245997512466749e-08,2.4145760230796528e-09,0.09046422536662607,2.2307852957149197,0.24816075955235287,0.0618723099727137,0.061872325291978364,8.482117547734173,10.712902843449092,False,23.544692098334313,10.78379048287467,34.32848258120898,4116.2765632703395,-822.786135728768,-1215.9190283806195,2077.571399160952,-2.304671579511157e-15,-1.3776948270674323e-08,6.867548070961978e-11,34.85150348488499,0.0,12.479889801421976,11.400828501224703,1085.3404967618267,0.8289146578735327,4.189395746774132,2.5001811000760035,12.94210410118103
T2_eq,equilibrium,equilibrium,550.0,,,0.05,0.95,0.75,True,48,direct,8.622734014203944e-09,4066.241776408405,1074.2826665162395,1.3590566003941673,0.9698161069695569,12060.583173916839,11978.661756313682,6.535060008895775e-07,1.7751450181809063e-06,53.71413332581199,28.20726575843821,22274.66985141309,0.9417164357320854,486.8423385485895,methanation (xi2>0),15268.831628322156,1130.8238594907782,6.8790104307569e-07,1.8685736508756344e-06,,,,47.365165844793296,0.0,47.365165844793296,35.93348490437548,8.709852145080243,2.721828795337575,11.431680940417817,0.9972938427608973,0.9999183011421748,11.431680933559843,8.709852139855121,2.721828793704725,13,0.7586479276559633,0.18388729321450412,0.05746477912953253,0.08646400991403803,0.6960274210178757,0.2175085690680862,634.7675354693073,2.8270614702438976,0.03395583531909945,4.111703005532816e-09,9.634054255219508e-10,0.04535451794452641,1.270999057933073,0.12441614824396369,0.03101987077946091,0.03101987763742939,9.453240950731855,10.724240008664927,False,24.19541662938382,10.163077810015722,34.35849443939955,4119.213666561131,-898.0292785141037,-1143.9867474807004,2077.1976405663263,-2.304671579511157e-15,-1.5012634380119987e-08,6.5435761068026e-11,34.85150348488499,0.0,12.51366235990831,11.431680940417817,1088.2776000526178,0.858926516064102,4.200732911989967,2.750655198009853,14.048725843429565
T2_eq,equilibrium,equilibrium,550.0,,,0.02,0.95,0.75,True,51,direct,9.028842882233685e-09,4067.9889203796265,1076.0298104874614,1.3596405468677155,0.9698161069695568,13559.968419479874,13476.550175955008,5.805382581007029e-07,1.3872794767690133e-06,55.500484961984874,27.917741326135975,23777.49664410636,0.9469527297576708,507.18501209001363,methanation (xi2>0),16348.36234454212,1132.6629584078553,5.923859682298185e-07,1.415591261076981e-06,,,,47.385517257351154,0.0,47.385517257351154,35.93524457341104,8.72401728300199,2.7262554009381215,11.450272683940112,0.9989157767037367,0.9999672673161291,11.450272681380413,8.724017281051744,2.7262554003286694,13,0.758359234126455,0.18410725018936758,0.05753351568417737,0.08646400991403912,0.6960274210178751,0.21750856906808594,276.7340493771403,1.1326636217826014,0.013604422761230823,1.2459751529209697e-09,3.318546246816467e-10,0.01817131184173721,0.5544637786678632,0.049847393331030505,0.012428127257031978,0.012428129816728984,10.176608009262951,10.731071787930814,False,24.624134477331378,9.750840863564934,34.37497534089631,4120.983570988719,-948.8436959976273,-1095.384603608702,2076.75527138239,-2.5351387374622726e-15,-1.714577346356425e-08,6.797871941444101e-11,34.85150348488499,0.0,12.534013772466167,11.450272683940112,1090.0475044802065,0.875407417560865,4.207564691255854,2.9362363247607832,13.97438097000122
T2_eq,equilibrium,equilibrium,550.0,,,0.01,0.95,0.75,True,49,direct,9.077929668239713e-09,4068.5725652056435,1076.6134553134784,1.3598356179915445,0.9698161069695571,14120.107907575524,14036.226481642563,5.564289190764702e-07,1.2705404803583172e-06,56.09722740843926,27.784181720513047,24338.78580344212,0.9487337410104585,514.3764302142062,methanation (xi2>0),16752.565441597573,1133.277321382608,5.620494042302395e-07,1.2833741844902042e-06,,,,47.39231577930309,0.0,47.39231577930309,35.935832402190165,8.728749239705083,2.727734137407841,11.456483377112923,0.999457594315058,0.9999836247820345,11.456483375862854,8.72874923875265,2.727734137110204,13,0.7582628494202838,0.1841806861559743,0.057556464423741974,0.08646400991403863,0.6960274210178753,0.21750856906808605,142.627352601773,0.5666389817089867,0.00680590080930664,5.648001616170624e-10,1.5743004063971645e-10,0.009090584033470616,0.28582861198981224,0.024937214946030798,0.006217434084185556,0.006217435334256786,10.447525377639163,10.733353989628977,False,24.774013206341756,9.606170299160961,34.38018350550272,4121.5748190934655,-966.8345959858625,-1078.17260693025,2076.567616177353,-2.304671579511157e-15,-1.7774185836224648e-08,6.808593178675437e-11,34.85150348488499,0.0,12.540812294418103,11.456483377112923,1090.6387525849527,0.8806155821672732,4.209846892954017,3.0055488198061604,13.552043914794922
T2_eq,equilibrium,equilibrium,550.0,,,0.2,0.99,0.75,True,38,direct,7.0129035978572916e-09,4066.9175974716136,1074.9584875794485,1.3592824795049394,0.969816106969557,7180.921734538743,7145.2435989819205,9.400715764931709e-07,4.096413169784218e-06,8.686533232965303,26.99157965089944,17396.339653237177,0.9197644337341458,422.5157209322741,methanation (xi2>0),11755.867634095988,1085.8166541206544,1.1750894557810558e-06,5.120516346659383e-06,,,,47.37303807140954,0.0,47.37303807140954,35.93416553666892,8.715331455040468,2.723541079700148,11.438872534740616,0.9979212336734974,0.9999372410442849,11.438872495896264,8.715331425444774,2.7235410704514917,10,0.7585362273229459,0.1839723982301365,0.057491374446917654,0.08646400991403533,0.696027421017878,0.21750856906808683,1795.2304336346858,2.171643385489283,0.02608360870311178,4.506976179725841e-08,6.582851214393429e-09,0.034839513164115585,3.6012027738868877,0.09557185375199787,0.023828276455512925,0.023828315301612103,7.1256799893109335,10.72688276319782,False,22.715159999503047,11.548516017145834,34.26367601664888,4119.898291704641,-739.4465016044447,-1295.3303720015483,2085.1214180986485,3.2265402113156197e-15,-8.644994610314844e-09,5.183622901464939e-11,34.85150348488499,0.0,12.521534586524552,11.438872534740616,1088.9622251961287,0.7641080933134319,4.203375666522859,2.1482397904311075,10.87475299835205
T2_eq,equilibrium,equilibrium,550.0,,,0.1,0.99,0.75,True,43,direct,8.748912297279449e-09,4068.0360567521266,1076.0769468599615,1.359656301218216,0.9698161069695571,10048.275433146042,10010.860445238608,7.175073146129475e-07,2.2845775648383026e-06,9.782517698726883,27.63245124177728,20265.89650761786,0.9348319824681962,472.10135441049835,methanation (xi2>0),13788.714952667355,1086.9464109696582,7.972303371908655e-07,2.5384194445362243e-06,,,,47.38606632015253,0.0,47.38606632015253,35.93529203433376,8.724399455861919,2.726374829956849,11.450774285818769,0.9989595361882526,0.9999685880075496,11.450774270010756,8.724399443817719,2.7263748261930374,11,0.7583514488700885,0.18411318181326589,0.057535369316645595,0.08646400991403509,0.696027421017878,0.2175085690680869,1116.4750481273381,1.0869502922375167,0.013055359960064813,1.1171330450107649e-08,2.2330422091454063e-09,0.017437881271186156,2.2424327397334487,0.04783559541108087,0.011926525379050772,0.011926541187046471,8.488823423639062,10.731256163372509,False,23.820846712602776,10.509081705349113,34.32992841795189,4121.031321417856,-862.410243571454,-1177.8631277176296,2080.7579501287723,1.9589708425844833e-15,-1.3435429149292208e-08,6.544100256178354e-11,34.85150348488499,0.0,12.534562835267543,11.450774285818769,1090.095254909343,0.8303604946164427,4.207749066697549,2.5025957261257634,11.969012022018433
T2_eq,equilibrium,equilibrium,550.0,,,0.05,0.99,0.75,True,48,direct,8.375281983710797e-09,4068.5961587127995,1076.6370488206346,1.35984350362978,0.9698161069695569,12067.040811794115,12029.258830567302,6.034278256772873e-07,1.5884364782818943e-06,10.331365619995893,27.45059859622984,22285.765182460833,0.9430976327475649,502.25313287509937,methanation (xi2>0),15232.02959509463,1087.512170525893,6.351871755441881e-07,1.6720383526224568e-06,,,,47.39259060565152,0.0,47.39259060565152,35.93585615896679,8.728940530807419,2.727793915877317,11.456734446684735,0.9994794974926725,0.9999842858600178,11.456734439623672,8.728940525427559,2.727793914196112,11,0.7582589537053613,0.1841836543197248,0.057557391974914,0.08646400991403588,0.6960274210178774,0.2175085690680867,635.1074111470589,0.5437577604732075,0.006531074461043694,3.6792368933004157e-09,8.895796524853062e-10,0.008723478875873374,1.2763676738117729,0.023930235280665384,0.005966364513049215,0.005966371574094706,9.457078620571806,10.73344629438358,False,24.468761246084338,9.890450633550874,34.35921187963521,4121.598719958802,-937.5305796825421,-1106.0445773915983,2078.0235628846613,1.3828029477066941e-15,-1.4643814770602374e-08,6.225322135833267e-11,34.85150348488499,0.0,12.541087120766534,11.456734446684735,1090.6626534502889,0.8596439562997631,4.20993919770862,2.752025338632529,14.810322046279907
T2_eq,equilibrium,equilibrium,550.0,,,0.02,0.99,0.75,True,51,direct,8.777252569381884e-09,4068.9324995837624,1076.973389691597,1.3599559185587977,0.9698161069695569,13562.923660019964,13525.115862064358,5.355922646212581e-07,1.2400638572009015e-06,10.66094870603797,27.146833439813637,23782.310559349633,0.9482737687147142,522.4450759833601,methanation (xi2>0),16306.856172088537,1087.8519087793907,5.465227105766626e-07,1.26537124661261e-06,,,,47.39650843494195,0.0,47.39650843494195,35.93619491462704,8.731667444049453,2.7286460762654543,11.460313520314907,0.9997917339968894,0.9999937123875362,11.460313517683469,8.731667442044548,2.7286460756389213,11,0.758203422654766,0.18422596369160674,0.057570613653627103,0.08646400991403579,0.6960274210178776,0.21750856906808677,276.7943604085707,0.21757099080823653,0.002613245170597729,1.1137544957460097e-09,3.0616202718451915e-10,0.0034904816345095336,0.5564619097535051,0.009575081734479681,0.002387290882830333,0.002387293514259361,10.178299537682811,10.734761447436316,False,24.89367321389702,9.48158555365261,34.37525876754963,4121.939442421575,-987.9768012289643,-1057.7932612146403,2076.1693799779705,9.218686318044627e-16,-1.6728520890631007e-08,6.461117880007806e-11,34.85150348488499,0.0,12.545004950056963,11.460313520314907,1091.0033759130624,0.8756908442141835,4.211254350761356,2.936830785692192,14.755578994750977
T2_eq,equilibrium,equilibrium,550.0,,,0.01,0.99,0.75,True,49,direct,8.838706883071906e-09,4069.044659868951,1077.0855499767858,1.3599934057974494,0.9698161069695569,14121.630632688073,14083.84993019381,5.132112551636106e-07,1.135345987248733e-06,10.770855499767904,27.009831589288066,24341.238466819897,0.9500318925097407,529.5640731328233,methanation (xi2>0),16709.340086597545,1087.9652019967527,5.183951991993641e-07,1.1468140954220238e-06,,,,47.39781492157046,0.0,47.39781492157046,35.93630788004687,8.732576793541778,2.728930247981805,11.461507041523582,0.999895856160447,0.9999968558675242,11.461507040239177,8.732576792563181,2.728930247675994,11,0.7581849066416959,0.18424007113013638,0.05757502222816763,0.08646400991403588,0.6960274210178774,0.2175085690680867,142.6427336635159,0.10879681476108108,0.0013067585420953446,5.047014298265605e-10,1.4520249754679527e-10,0.0017454225735633988,0.28679839857849215,0.004788039020820417,0.00119376967416532,0.001193770958556362,10.448401616609686,10.735200015188179,False,25.041879803961802,9.338444609742833,34.380324413704635,4122.053063845238,-1005.7884531785563,-1040.752441188453,2075.512169478229,1.0371022107800206e-15,-1.7364970325232723e-08,6.477402248113625e-11,34.85150348488499,0.0,12.546311436685471,11.461507041523582,1091.1169973367255,0.8807564903691869,4.211692918513219,3.005851694385854,14.931937217712402
T2_eq,equilibrium,equilibrium,550.0,,,1.0,0.0,1.0,True,1,once-through,0.0,2991.959109892165,0.0,1.0,0.9698161069695571,0.0,0.0,0.0,0.0,0.0,0.0,8097.950578294656,0.8137175990035082,197.6225935126161,methanation (xi2>0),6777.253490342915,1044.6769606248547,8.395685654325116e-06,0.00014713711049162294,,,,34.85150348488499,0.0,34.85150348488499,34.85150348488499,0.0,0.0,0.0,0.0,0.9698100879888052,0.0,0.0,0.0,4,1.0,0.0,0.0,0.08646400991403458,0.6960274210178784,0.217508569068087,4329.702567543854,1044.67722880922,12.54761819522754,6.4753570956258334e-06,2.3516315517764645e-07,16.759752479304545,6.523501701321036,45.97520016266497,11.462700811197886,11.462700811197866,0.0,6.523501701321036,False,16.672361365115467,16.82722893684592,33.49959030196138,3030.936066508513,-196.44509421947726,-1811.6907121721672,1022.8002601168685,6.914014738533471e-16,3.771792854744397e-16,-2.7398717368972335e-15,,,,,,,,,
T2_eq,equilibrium,equilibrium,550.0,,,0.2,0.9,1.0,True,77,direct,9.590883867846848e-09,4045.026852234665,1053.0677423425,1.3519659539666817,0.9698161069695568,21226.55722892486,21113.65783104533,1.9307345140071712e-07,2.0351607650710856e-07,93.60602154155549,19.29336901069901,31398.854470283724,0.9648283484224411,581.6878316871881,methanation (xi2>0),28789.843862016856,1170.0752692694455,2.4134181029436265e-07,2.543950876283286e-07,,,,47.11804615611569,0.0,47.11804615611569,35.91211793789478,8.53785007102546,2.6680781471954553,11.205928218220913,0.977599293813378,0.9993237242209326,11.205928204094155,8.537850060262214,2.668078143831942,14,0.7621733259701458,0.18120127545131756,0.05662539857853673,0.08646400991403853,0.6960274210178754,0.21750856906808608,5306.639307231215,23.40150894985008,0.28107552399664926,2.239134752750335e-09,1.3519968434335215e-09,0.3754303508977937,10.641283546846847,1.0298770073739523,0.25677259297398203,0.25677260710320937,0.0,10.641283546846847,False,26.04355840233776,8.25478846951322,34.29834687185098,4097.722370569203,-1135.453570103265,-916.8179234648198,2045.4508770011182,-3.3417737902911776e-15,-3.4972896286778805e-08,6.929314309900292e-11,34.85150348488499,0.0,12.266542671230702,11.205928218220913,1066.7863040606903,0.7987565698895978,4.11778184552581,3.8773828225679288,20.068735122680664
T2_eq,equilibrium,equilibrium,550.0,,,0.1,0.9,1.0,True,148,direct,9.440434145671975e-09,4056.955185902522,1064.9960760103568,1.3559527509882114,0.9698161069695567,47834.92327895242,47713.95580893019,6.827229379102133e-08,2.3880031115192913e-08,106.49960760103556,14.467858359129037,58030.71710856001,0.9874336239873215,729.1529471859506,methanation (xi2>0),54970.778718559704,1183.3289733448412,7.58581030230216e-08,2.6533367089440414e-08,,,,47.25699202640507,0.0,47.25699202640507,35.92413176387558,8.634560200022472,2.6983000625070224,11.332860262529493,0.9886727787101122,0.9996580320259482,11.332860257276568,8.634560196020242,2.698300061256326,15,0.7601865931089249,0.18271497667891431,0.05709843021216073,0.08646400991404583,0.6960274210178699,0.21750856906808433,5314.991475439157,11.833290625883954,0.14212965370749217,1.1677069881650277e-10,2.1247854989850078e-10,0.18984146719371262,10.687926101200363,0.5207712871545269,0.129840548667341,0.12984055392024765,0.0,10.687926101200363,False,28.853911920573715,5.502367633867873,34.356279554441585,4109.8060974516075,-1509.7886303067016,-557.8262756664598,2042.191191478446,1.2675693687311363e-15,-6.917393313521558e-08,4.757715796207171e-11,34.85150348488499,0.0,12.405488541520086,11.332860262529493,1078.8700309430947,0.8566892524802014,4.164424399879326,7.166099193554312,42.86545205116272
T2_eq,equilibrium,equilibrium,550.0,,,0.05,0.9,1.0,True,289,direct,9.625316600092904e-09,4063.0212654023835,1071.0621555102186,1.357980211684384,0.9698161069695568,101076.39772577124,100953.00424523943,2.3758793325471002e-08,2.8062590127612564e-09,113.05656085941196,10.336917531375866,111284.1405984104,0.9961915097396802,829.9356065941827,methanation (xi2>0),107922.88251759998,1190.0690616780212,2.500925575918573e-08,2.9539567682541744e-09,,,,47.327652079923176,0.0,47.327652079923176,35.930241318910525,8.683741532200111,2.713669228812534,11.397410761012646,0.9943041303039784,0.9998280421406793,11.397410759227585,8.683741530840065,2.7136692283875203,15,0.7591807271575497,0.18348135073710506,0.05733792210534534,0.08646400991403808,0.6960274210178756,0.21750856906808613,5319.810406619539,5.950345532362604,0.07146960018920724,6.500034362768955e-12,3.502546321297067e-11,0.09546138978250243,10.711645082021194,0.26186875653374586,0.06529005018318776,0.06529005196989528,0.0,10.711645082021194,False,30.651046985958544,3.724391367885125,34.37543835384368,4115.9512011990655,-1768.2274245851418,-309.5714297317576,2038.152346882166,-2.5351387374622726e-15,-1.413884368573241e-07,2.8577696089845028e-11,34.85150348488499,0.0,12.47614859503819,11.397410761012646,1085.0151346905527,0.8758480518822935,4.188143380700158,13.742259788135886,83.48099303245544
T2_eq,equilibrium,equilibrium,550.0,,,0.02,0.9,1.0,True,93,wegstein,5.1004582144809164e-09,4066.6941961635935,1074.7350862714284,1.3592078122719276,0.9698161069695568,260825.7715339808,260701.56060998767,6.511989729936015e-09,2.0700503950802272e-10,117.02670939399991,7.184213715079822,271040.74939385,0.9993145178865426,901.5304218714084,methanation (xi2>0),267468.4546486718,1194.150095857143,6.644886960414614e-09,2.112295992748238e-10,,,,47.37043580607801,0.0,47.37043580607801,35.93394057293216,8.713520177634935,2.722975055510917,11.436495233145852,0.9977138391306299,0.9999309809958069,11.436495232859896,8.713520177417061,2.722975055442833,15,0.7585731471908371,0.18394426880698125,0.057482584002181654,0.08646400991403909,0.6960274210178748,0.21750856906808588,5322.974929264914,2.388300227659897,0.02868587403442302,1.8592009762670557e-13,3.722465966030772e-12,0.038315499975672254,10.726007065096637,0.1051067047190844,0.026205578049249542,0.026205578337517785,0.0,10.726007065096637,False,31.873364841559926,2.5092332437998195,34.382598085359746,4119.671980095119,-1953.0256212983986,-131.8678250031676,2034.7785337935525,-1.498036526682252e-15,-1.5396638649329228e-07,1.9590440293389598e-11,34.85150348488499,0.0,12.51893232119302,11.436495233145852,1088.7359135866059,0.8830077833983623,4.2025053637756,33.470289398941766,27.526980876922607
T2_eq,equilibrium,equilibrium,550.0,,,0.01,0.9,1.0,True,132,wegstein,8.869906321619968e-09,4067.9241107271323,1075.9650008349672,1.3596188855915703,0.969816106969557,527083.7454197227,526959.3752340708,2.713641709714798e-09,3.572505874821613e-11,118.35615009184625,6.0140351134102605,537301.145981445,0.9998217762278406,927.4284357685741,methanation (xi2>0),533653.1056927053,1195.5166675944079,2.741051870412654e-09,3.608590842568851e-11,,,,47.3847623293101,0.0,47.3847623293101,35.93517930179523,8.72349183048751,2.726091197027348,11.449583027514858,0.9988556114393184,0.9999654510079318,11.449583027445165,8.723491830434412,2.7260911970107538,15,0.7583699386761941,0.18409909434194735,0.05753096698185854,0.08646400991403907,0.696027421017875,0.21750856906808594,5324.078236562857,1.1955166765907832,0.014359350802531897,1.588105162070953e-14,7.677687301930454e-13,0.01917967389821706,10.730809095675625,0.05261349342008378,0.013117783680115064,0.013117783752382614,0.0,10.730809095675625,False,32.304837935957615,2.0793070749903717,34.38414501094798,4120.917917045603,-2020.1147863212755,-67.31686972500272,2033.4862609993245,2.6503723164378304e-15,-6.526587458265854e-07,7.04206598811652e-12,34.85150348488499,0.0,12.533258844425113,11.449583027514858,1089.98185053709,0.8845547089865988,4.207307394354588,66.3502624258538,37.083423137664795
T2_eq,equilibrium,equilibrium,550.0,,,0.2,0.95,1.0,True,77,direct,9.546809729743037e-09,4057.5904804330607,1065.6313705408957,1.3561650849497413,0.9698161069695568,21274.710611865386,21211.132497266968,1.7777273396616416e-07,1.8088108584400542e-07,44.86868928593249,18.70941861345359,31471.75585297909,0.9659630176169001,595.9419321961784,methanation (xi2>0),28820.223348893487,1121.7172321483104,2.2221591384112983e-07,2.2610135023069167e-07,,,,47.26439218420528,0.0,47.26439218420528,35.92477160180748,8.639710919922132,2.699909662475666,11.339620582397798,0.9892625454657532,0.9996758367465195,11.3396205677603,8.639710908769752,2.699909658990547,12,0.7600811087643745,0.18279534570333378,0.0571235455322918,0.08646400991403662,0.6960274210178767,0.2175085690680865,5318.677652966347,11.217175581308283,0.13472949590709377,1.9900989267272086e-09,1.2448535695980645e-09,0.17995709555355371,10.690410778622553,0.4936566801577962,0.12308022879807641,0.12308024343726963,0.0,10.690410778622553,False,26.29603519477145,8.00494164387433,34.30097683864578,4110.4496681137525,-1172.0454827867145,-881.6617443818657,2056.7424409451723,-2.6503723164378304e-15,-3.497350530559842e-08,6.6977236732176e-11,34.85150348488499,0.0,12.412888699320291,11.339620582397798,1079.5136016052397,0.8013865366843973,4.166909077301517,3.886385271025785,18.15541100502014
T2_eq,equilibrium,equilibrium,550.0,,,0.1,0.95,1.0,True,148,direct,9.413474675914589e-09,4063.3424468986645,1071.3833370064995,1.3580875599082347,0.9698161069695568,47890.21925363601,47825.455553573745,6.271959439137523e-08,2.1200033589848994e-08,50.74973701609731,14.013959364766464,58098.594793802884,0.9879487339997182,739.2554352462877,methanation (xi2>0),55008.81954583056,1127.7719336910513,6.968843712842406e-08,2.3555592157847483e-08,,,,47.33139332692081,0.0,47.33139332692081,35.93056479853851,8.686345545434131,2.7144829829481667,11.400828528382299,0.9946022945347254,0.9998370435832316,11.40082852300766,8.68634554133917,2.71448298166849,13,0.7591275531598776,0.1835218642591409,0.057350582580981524,0.08646400991403763,0.6960274210178761,0.2175085690680863,5321.135472626223,5.638860477214739,0.06772835319182623,1.036658086950738e-10,1.9519731543360225e-10,0.0904642256610277,10.712902044000518,0.24816061074174345,0.06187228281536915,0.06187228818998671,0.0,10.712902044000518,False,29.027445826234377,5.329742282646744,34.35718810888112,4116.27656680241,-1535.8354110358964,-532.7839813434972,2047.6571744230168,2.880839474388946e-15,-6.91381041205298e-08,4.555977848970846e-11,34.85150348488499,0.0,12.479889842035824,11.400828528382299,1085.3405002938975,0.8575978069197348,4.189400342679482,7.1744812754880805,29.912633895874023
T2_eq,equilibrium,equilibrium,550.0,,,0.05,0.95,1.0,True,289,direct,9.612797438275794e-09,4066.2417780738124,1074.2826681816475,1.3590566009507952,0.969816106969557,101135.4587893674,101071.68910321716,2.190852432951928e-08,2.514322819349846e-09,53.71413340908235,10.055550809808397,111349.54547014419,0.9963685814040469,835.9873706830876,methanation (xi2>0),107970.54226940009,1130.8238612438397,2.3061604216514526e-08,2.6466555217602775e-09,,,,47.36516586419262,0.0,47.36516586419262,35.93348491129589,8.70985215458798,2.7218287983087444,11.431680952896723,0.9972938438495506,0.9999183013347487,11.431680951281827,8.709852153357582,2.721828797924245,13,0.7586479273806573,0.18388729342426108,0.0574647791950816,0.08646400991403794,0.6960274210178758,0.21750856906808622,5322.9188836509165,2.827059855124165,0.03395581591989635,5.823833313514074e-12,3.22977771826229e-11,0.045354518014837274,10.724238170109778,0.12441607716415938,0.031019858300675683,0.03101985991555918,0.0,10.724238170109778,False,30.752690194890636,3.6230149389872945,34.375705133877936,4119.213668248235,-1783.8816008534693,-294.5130328707151,2040.8190345240505,3.4570073692667354e-16,-1.4137091725669312e-07,2.7227654072703446e-11,34.85150348488499,0.0,12.513662379307632,11.431680952896723,1088.2776017397223,0.8761148319165528,4.200736468788742,13.750336507189854,58.37258791923523
T2_eq,equilibrium,equilibrium,550.0,,,0.02,0.95,1.0,True,93,wegstein,4.934589993017157e-09,4067.9889210295923,1076.0298111374275,1.359640547084953,0.9698161069695568,260887.1704218219,260824.61306038935,6.061408973484586e-09,1.8917732451418353e-10,55.500484995509524,7.056875641867684,271104.69864772866,0.9993488770816187,904.2265751796658,methanation (xi2>0),267524.54045577376,1132.6629590920293,6.185110718663808e-09,1.9303805646460895e-10,,,,47.38551726492221,0.0,47.38551726492221,35.93524457636593,8.72401728651907,2.726255402037209,11.450272688556277,0.9989157771064486,0.9999672673983547,11.450272688296845,8.724017286321407,2.726255401975439,13,0.7583592340191025,0.18410725027115998,0.05753351570973749,0.08646400991403927,0.6960274210178748,0.2175085690680859,5324.227967792283,1.1326629914202466,0.013604415189948581,1.6990826274581028e-13,3.4648992928021065e-12,0.018171311852713454,10.73106979448459,0.049847365589413634,0.012428122640641385,0.012428122900090162,0.0,10.73106979448459,False,31.91788707792901,2.4647578236299594,34.38264490155897,4120.983571647152,-1960.0171303253173,-125.13973213077404,2035.8267091910602,-7.259715475460145e-15,-1.5396286238150167e-07,1.8619691824521096e-11,34.85150348488499,0.0,12.53401378003722,11.450272688556277,1090.0475051386388,0.8830545995975854,4.2075680931635535,33.47818636660789,18.77897882461548
T2_eq,equilibrium,equilibrium,550.0,,,0.01,0.95,1.0,True,132,wegstein,8.867766514945597e-09,4068.5725655281503,1076.6134556359855,1.3598356180993356,0.9698161069695568,527145.9381009233,527083.8930818466,2.5428236242985877e-09,3.309968278885127e-11,56.09722742524342,5.947791250007029,537364.6159974252,0.9998309320136494,928.8249769961675,methanation (xi2>0),533712.5107466024,1133.2773217220897,2.5685083750983056e-09,3.3434014280871456e-11,,,,47.39231578305975,0.0,47.39231578305975,35.93583240370008,8.728749241416885,2.727734137942777,11.456483379359662,0.9994575945110622,0.999983624824051,11.456483379294705,8.728749241367396,2.727734137927311,13,0.7582628493670319,0.18418068619654712,0.05755646443642097,0.0864640099140396,0.6960274210178746,0.2175085690680858,5324.706445463873,0.5666386689442516,0.006805897052689406,1.4713979190450057e-14,7.194392900667015e-13,0.00909058403619374,10.733344731848517,0.02493720118156757,0.006217431837500911,0.006217431902451736,0.0,10.733344731848517,False,32.32775330401408,2.0564037612974846,34.38415706531157,4121.574819420173,-2023.7395802688484,-63.828128317808925,2034.007110833516,-1.3828029477066941e-15,-6.526556175015918e-07,6.687193035759265e-12,34.85150348488499,0.0,12.540812298174764,11.456483379359662,1090.6387529116605,0.8845667633501861,4.20984303052748,66.3581002133738,26.670653104782104
T2_eq,equilibrium,equilibrium,550.0,,,0.2,0.99,1.0,True,77,direct,9.514350523196051e-09,4066.9176047093065,1074.9584948171414,1.3592824819239875,0.9698161069695569,21310.45641308752,21283.49681047245,1.668782974359716e-07,1.6527219702779155e-07,8.686533291451633,18.273063070642547,31525.874346042856,0.9668211782731132,606.5834426425204,methanation (xi2>0),28842.58708313887,1085.8166614314569,2.0859786841875313e-07,2.0659023984931913e-07,,,,47.373038155717005,0.0,47.373038155717005,35.93416556779138,8.715331495562381,2.723541092363244,11.438872587925625,0.9979212383133298,0.9999372419103272,11.438872572914162,8.715331484125075,2.7235410887890863,10,0.7585362261268921,0.18397239914141553,0.05749137473169235,0.08646400991403563,0.6960274210178776,0.21750856906808677,5327.61410327188,2.1716363662878853,0.02608352439548379,1.8183660297490194e-09,1.168565277795391e-09,0.03483951339868964,10.726882392478116,0.09557154484396353,0.02382822327033647,0.023828238283559688,0.0,10.726882392478116,False,26.484697876250785,7.818244198800712,34.3029420750515,4119.89829903662,-1199.3591909711567,-855.4203949949721,2065.1187130704916,-2.3046715795111567e-16,-3.49739654643267e-08,6.523491655722562e-11,34.85150348488499,0.0,12.521534670832018,11.438872587925625,1088.9622325281075,0.8033517730901139,4.203380691157079,3.8930682573617132,15.506718873977661
T2_eq,equilibrium,equilibrium,550.0,,,0.1,0.99,1.0,True,148,direct,9.393706550989594e-09,4068.0360599774995,1076.0769500853341,1.3596563022962296,0.9698161069695571,47930.85153108801,47907.38999468426,5.8794171441992375e-08,1.9365029685947505e-08,9.782517728048402,13.679015261528054,58148.47261191321,0.9883316606509583,746.7076290052405,methanation (xi2>0),55036.68532619809,1086.9464142276083,6.532685614735608e-08,2.15166989970727e-08,,,,47.386066357722925,0.0,47.386066357722925,35.93529204792833,8.724399474129218,2.7263748356653794,11.450774309794594,0.9989595382798911,0.9999685883858445,11.450774304332661,8.724399469967743,2.7263748343649192,11,0.7583514483373776,0.18411318221914086,0.05753536944348151,0.08646400991403519,0.696027421017878,0.21750856906808685,5325.65017012089,1.0869471642453077,0.013055322389750391,9.469284349431821e-11,1.8298052689891183e-10,0.017437881323453388,10.731255358809275,0.047835457751271744,0.011926501403301,0.011926506865212084,0.0,10.731255358809275,False,29.155501096531147,5.202357458760463,34.357858555291614,4121.031324685246,-1555.0479410257099,-514.3125542282797,2051.670829431256,3.687474527217851e-15,-6.911150141407242e-08,4.406571451909258e-11,34.85150348488499,0.0,12.534562872837938,11.450774309794594,1090.0952581767328,0.8582682533302304,4.207753657488238,7.18064058920926,29.751808166503906
T2_eq,equilibrium,equilibrium,550.0,,,0.05,0.99,1.0,True,289,direct,9.603660104926354e-09,4068.5961602468383,1076.6370503546732,1.3598435041425003,0.969816106969557,101178.63540605418,101158.45464100415,2.06010901755022e-08,2.3138183301934966e-09,10.331365634716633,9.849397630252843,111397.35977974268,0.9964988363499577,840.4209044922843,methanation (xi2>0),108005.35598341799,1087.5121720754269,2.1685357761082506e-08,2.435598171395351e-09,,,,47.39259062352062,0.0,47.39259062352062,35.93585616607824,8.728940539003716,2.7277939184386604,11.456734457442376,0.9994794984311636,0.9999842860579073,11.456734455947723,8.72894053786493,2.7277939180827913,11,0.7582589534520651,0.18418365451271232,0.0575573920352226,0.08646400991403559,0.6960274210178776,0.21750856906808674,5325.191337160747,0.5437562727319057,0.006531056591782919,5.3594121522887156e-12,3.0370343990306134e-11,0.008723478888303103,10.733444450329703,0.02393016980665844,0.005966353755228371,0.005966355249881873,0.0,10.733444450329703,False,30.82716265056827,3.548737949041875,34.37590059961014,4121.598721512825,-1795.349692185635,-283.4814353055276,2042.7675940216627,-2.074204421560041e-15,-1.4135804224178344e-07,2.6234986629939766e-11,34.85150348488499,0.0,12.541087138635632,11.456734457442376,1090.6626550043125,0.8763102976487573,4.2099427490086665,13.75624100230083,58.14049506187439
T2_eq,equilibrium,equilibrium,550.0,,,0.02,0.99,1.0,True,93,wegstein,4.809301355784611e-09,4068.932500180891,1076.973390288726,1.3599559187583756,0.9698161069695569,260931.91707495917,260914.29213413264,5.740980105979295e-09,1.7675755947835068e-10,10.660948711949104,6.963991381192848,271151.30397546507,0.9993739809807413,906.1931876316814,methanation (xi2>0),267565.41002548265,1087.851909382553,5.858142514973173e-09,1.8036482898095523e-10,,,,47.39650844189752,0.0,47.39650844189752,35.93619491762048,8.73166744706822,2.7286460772088192,11.46031352427704,0.9997917343425439,0.9999937124708347,11.460313524037646,8.731667446885828,2.7286460771518204,11,0.7582034225561862,0.18422596376671527,0.057570613677098516,0.08646400991403594,0.6960274210178774,0.21750856906808666,5325.141164795085,0.2175704116902475,0.002613238214811562,1.5875353949148438e-13,3.281731689152654e-12,0.0034904816364448874,10.734759447804315,0.009575056248076102,0.002387286920503711,0.0023872871598983577,0.0,10.734759447804315,False,31.95036295026044,2.4323161004569434,34.382679050717385,4121.939443026483,-1965.1168288117813,-120.23217531082717,2036.5904389038742,-3.572240948242293e-15,-1.5396025091785548e-07,1.7907563422644068e-11,34.85150348488499,0.0,12.54500495701253,11.46031352427704,1091.00337651797,0.883088748756002,4.2112577464832786,33.48394156692503,18.879487991333008
T2_eq,equilibrium,equilibrium,550.0,,,0.01,0.99,1.0,True,132,wegstein,8.866210572886607e-09,4069.0446601649483,1077.085550272783,1.3599934058963803,0.9698161069695571,527191.2162261093,527174.5458274941,2.4205124080666416e-09,3.124660618617162e-11,10.770855502727743,5.899542742443129,537410.8240608241,0.9998376061325779,929.8421358114236,methanation (xi2>0),533755.7581184834,1087.9652022957405,2.444961710010253e-09,3.156222026771306e-11,,,,47.397814925018366,0.0,47.397814925018366,35.93630788156953,8.732576795008628,2.728930248440197,11.461507043448826,0.9998958563284042,0.9999968559098952,11.461507043388957,8.732576794963016,2.7289302484259426,11,0.7581849065928323,0.1842400711673658,0.057575022239801814,0.0864640099140352,0.696027421017878,0.21750856906808685,5325.16380026373,0.10879652767882506,0.0013067550939503676,1.3890221127749767e-14,6.84833864140875e-13,0.001745422574043042,10.735190751396246,0.0047880263866174125,0.0011937677486828723,0.0011937678085518271,0.0,10.735190751396246,False,32.34444363957375,2.039722205495216,34.384165845068964,4122.053064145094,-2026.37967035319,-61.28713134450842,2034.386262447396,-4.033175264144524e-15,-6.526533001120617e-07,6.4277390947609095e-12,34.85150348488499,0.0,12.54631144013338,11.461507043448826,1091.1169976365813,0.8845755431075801,4.2116890500752096,66.36380635629875,27.538607835769653
T2_eq,equilibrium,equilibrium,600.0,,,1.0,0.0,0.35,True,1,once-through,0.0,2991.959109892165,0.0,1.0,0.9698161069695571,0.0,0.0,0.0,0.0,0.0,0.0,8097.950578294656,0.8137175990035082,197.6225935126161,methanation (xi2>0),3082.7385082968694,847.3024619977415,0.5582186621766247,96.36392397313392,,,,34.85150348488499,1.2064582096247087,36.0579616945097,34.851525365155865,0.9191895842695894,0.2872467450842467,1.206436329353836,0.10524887190419294,0.969810696849408,1.1021429950268498,0.8397279962109331,0.26241499881591657,4,1.0,0.0,0.0,0.08646400991403458,0.6960274210178784,0.217508569068087,1113.0991445168927,944.231120273327,11.34115998560293,4.2408799301336515,0.01563570472756726,13.593273397829766,0.26081821432691243,41.554667372108845,10.25626448184414,10.360557816171106,7.448142203804828,7.70896041813174,False,16.672361365115467,13.519288045771772,30.191649410887237,3030.936066508513,-196.44509421947726,-1528.888675085647,1305.6022972033886,2.7656058954133883e-15,1.7601699988807188e-15,-9.529988650077333e-16,,,,,,,,,
T2_eq,equilibrium,equilibrium,600.0,,,0.2,0.9,0.35,True,22,direct,6.456190010595686e-09,4044.477227018813,1052.5181171266481,1.3517822531888086,0.969816106969557,481.88272793515614,348.8065510001384,0.03539784759016679,2.142654278666361,93.55716596681323,37.339485678282294,10653.097310328609,0.8503602779134967,214.0261781783417,methanation (xi2>0),4021.2859441252203,1169.4645745517366,0.044247309280455456,2.6783178310412223,,,,47.111643907815484,0.0,47.111643907815484,35.91211136124849,8.532977178336763,2.6665553682302385,11.199532546567001,0.9770413387764931,0.9993235412131058,11.200079519854384,8.533393919889054,2.666685599965329,40,0.7622651516518962,0.1811313130271267,0.05660353532097708,0.08646400991403837,0.6960274210178755,0.21750856906808613,120.470681983789,23.93454107973778,0.28747777290873044,0.02357401803745697,0.0002478734277501429,0.37523440340139613,0.17579850170406977,1.05333521837818,0.26316826520774234,0.2626212919018843,10.467710219366793,10.643508721070864,False,18.2216799752982,15.975932317634824,34.19761229293302,4097.165585256103,-224.03671292830856,-1800.3035391092328,2072.8253332185623,1.2905699910946577e-11,-9.086475294650538e-11,2.0683768241269718e-11,36.0579616945097,1.206436329353836,11.053682213305784,9.993096217213164,1066.2295187475906,4.005962882045786,2.934548302939124,1.3155300476743634,5.659393072128296
T2_eq,equilibrium,equilibrium,600.0,,,0.1,0.9,0.35,True,20,direct,5.111577264102142e-09,4056.713479965245,1064.7543700730796,1.355871965814217,0.9698161069695568,562.479396073377,411.67104800688827,0.03613416130808505,2.0944911933301893,106.47543700730785,42.20066900527662,10757.797110152718,0.8508806061367561,209.93624992576952,methanation (xi2>0),4069.031892945003,1183.060411169918,0.040149067971478034,2.3272124251378172,,,,47.25417654163209,0.0,47.25417654163209,35.92412852600255,8.632417535717739,2.697630479911792,11.330048015629531,0.9884274397671977,0.9996579419259063,11.330288210606689,8.632600541414618,2.697687669192068,42,0.7602267346543553,0.18268439264430067,0.05708887270134396,0.08646400991404785,0.6960274210178682,0.21750856906808386,62.49771067481965,12.06769951661444,0.14494513889405602,0.010241829214140921,0.0001124575398043847,0.18979838176758218,0.09221431475354298,0.5310873880266849,0.13265279595861054,0.1324126009677273,10.596668965065527,10.68888327981907,False,18.24269266977731,16.049617765899974,34.29231043567728,4109.56124275411,-213.22346668294765,-1811.450740039704,2084.8870360314586,8.726869402976946e-12,-7.735469384652491e-11,1.4519175958109071e-11,36.0579616945097,1.206436329353836,11.196214847122391,10.123611686275694,1078.6251762455972,4.100661024790043,2.9799228616873297,1.3284592201621213,5.142082929611206
T2_eq,equilibrium,equilibrium,600.0,,,0.05,0.9,0.35,True,20,direct,6.824840993493106e-09,4062.9086923563486,1070.9495824641835,1.3579425864890187,0.9698161069695569,605.6766756358386,445.90587600962766,0.036154518565855186,2.0466835433101043,113.0446781489971,44.64160098410415,10813.197800411126,0.8511799015841026,207.94720535322375,methanation (xi2>0),4093.9658686218563,1189.9439804882777,0.038057387776151246,2.154403715096647,,,,47.3263407852958,0.0,47.3263407852958,35.93023971490224,8.682743672680802,2.7133573977127514,11.396101070393552,0.9941898735820536,0.999827997506065,11.396212844391814,8.682828833822336,2.7133840105694795,43,0.7591993664565634,0.18346714936642794,0.057333484177008724,0.0864640099140382,0.6960274210178756,0.21750856906808616,31.877719770307294,6.0595200504253315,0.07278089532565865,0.004740657687238652,5.329937184366336e-05,0.09545135639707163,0.04731296031765313,0.26667341789916843,0.06659974128461872,0.06648796727066832,10.66477433290019,10.712087293217843,False,18.254627825603265,16.08436883282951,34.33899665843277,4115.837161637423,-207.95513982812142,-1816.8356600149511,2091.0463617943506,1.0737695356100432e-11,-1.0713098681187606e-10,1.8174998729136862e-11,36.0579616945097,1.206436329353836,11.268379090786098,10.189664741039715,1084.9010951289106,4.147347247545532,3.003126875086103,1.3353005425093953,5.409305095672607
T2_eq,equilibrium,equilibrium,600.0,,,0.02,0.9,0.35,True,20,direct,7.143099165622194e-09,4066.6511451644433,1074.6920352722782,1.3591934233723575,0.9698161069695569,632.6469776839359,467.46731404927215,0.03605697439275411,2.0110086277794483,117.02202161853702,46.10885666936351,10847.54003512984,0.8513734417648828,206.77566481850874,methanation (xi2>0),4109.306122441401,1194.1022613863245,0.03679283082299956,2.0520496055251165,,,,47.36993433129451,0.0,47.36993433129451,35.93393993505977,8.713138587607418,2.722855808627317,11.435994396234737,0.9976701463814808,0.9999309632457815,11.43603711759698,8.713171137216747,2.7228659803802335,44,0.7585802623745276,0.18393884771464566,0.05748088991082678,0.08646400991403941,0.6960274210178747,0.21750856906808586,12.91116280987624,2.430051563106084,0.029187349324467173,0.00180617303469277,2.061134393349067e-05,0.038313965159718154,0.019232940920884338,0.10694413924073566,0.02670641544112765,0.026663694063111913,10.706943502249816,10.726176443170699,False,18.26233617070353,16.10445918701063,34.36679535771416,4119.628368260454,-204.8480036330601,-1819.9973259004912,2094.783038726903,1.0685264077666552e-11,-1.146443981785269e-10,1.8275540109395177e-11,36.0579616945097,1.206436329353836,11.311972636784809,10.2295580668809,1088.6923017519416,4.175145946826923,3.017216025038959,1.3395413975734856,5.514477252960205
T2_eq,equilibrium,equilibrium,600.0,,,0.01,0.9,0.35,True,19,direct,6.658084382858936e-09,4067.9029137901875,1075.9438038980225,1.3596118009569995,0.9698161069695568,641.8241383365216,474.8362381472127,0.03600638625576465,1.998009812172861,118.35381842878232,46.598333750628086,10859.18294605407,0.8514404171393828,206.38917527052544,methanation (xi2>0),4114.486662423052,1195.4931154172234,0.036370086951994195,2.0181917160302456,,,,47.384515419143646,0.0,47.384515419143646,35.9351789835186,8.723303950952413,2.72603248467263,11.449336435625044,0.9988340988923301,0.9999654421512725,11.449357466121727,8.723319974187982,2.7260374919337442,44,0.7583734398284864,0.1840964267973437,0.05753013337416991,0.08646400991404023,0.6960274210178742,0.21750856906808566,6.483072104409309,1.2160737185017465,0.014606261432924476,0.0008881859982213681,1.0187261404282503e-05,0.01917929605103995,0.009669392485906878,0.05351818827754336,0.013364376010799284,0.013343345499581032,10.721231315591547,10.730900708077453,False,18.265005317302894,16.11102087488016,34.376026192183055,4120.896443971165,-203.8221735228316,-1821.038838914061,2096.035431534273,9.790590570500322e-12,-1.0766104943439615e-10,1.680518198554637e-11,36.0579616945097,1.206436329353836,11.326553724633946,10.242900106271208,1089.9603774626526,4.184376781295818,3.0219402899457126,1.3409791577588142,5.377364873886108
T2_eq,equilibrium,equilibrium,600.0,,,0.2,0.95,0.35,True,22,direct,3.4838452891996205e-09,4057.3283180213,1065.3692081291354,1.3560774626253274,0.9698161069695566,494.21007263834866,411.96077121586114,0.020146965015906574,1.005601665115633,44.857650868595194,36.36475494214101,10690.738902791822,0.8528463905909547,238.8200167770308,methanation (xi2>0),3977.384967022441,1121.4412717073828,0.025183706206801697,1.2570020770153403,,,,47.2613384144606,0.0,47.2613384144606,35.92476643930625,8.637388171546178,2.699183803608181,11.336571975154358,0.9889965865705806,0.9996756930899974,11.336830839193082,8.637585401289968,2.699245437903115,34,0.7601246342248247,0.18276218344775264,0.057113182327422705,0.08646400991403716,0.6960274210178765,0.21750856906808638,123.55251815958715,11.471423344884728,0.13778326579541048,0.011063880920018473,0.00014107912252388577,0.17991282322121815,0.20762822869279401,0.504845869985032,0.12612883617916457,0.12586997213568768,10.483816261738154,10.691444490430948,False,18.653425242887014,15.558887680789551,34.212312923676556,4110.184090450453,-287.88136396500767,-1739.081516064794,2083.221210420652,3.0277622875827824e-12,-6.3017480573499e-11,6.04082155556777e-12,36.0579616945097,1.206436329353836,11.203376719950903,10.130135645800522,1079.2480239419406,4.020663512789319,2.982484072299208,1.3201783339412747,6.401294946670532
T2_eq,equilibrium,equilibrium,600.0,,,0.1,0.95,0.35,True,19,direct,6.2221281615472665e-09,4063.233008785641,1071.273898893476,1.3580509824989173,0.9698161069695568,582.6372803939951,489.9898470043779,0.019853944770802868,0.9380770795992537,50.7445531054804,40.943715216841746,10790.79724792918,0.8535485730618229,237.98027045514124,methanation (xi2>0),4015.585978202302,1127.6567356663782,0.022059938535771758,1.0423078597360198,,,,47.33011854921253,0.0,47.33011854921253,35.930562317442195,8.685376176586923,2.7141800551834145,11.399556231770337,0.9944913000463481,0.9998369745419564,11.39966396769174,8.68545826109847,2.714205706593271,35,0.759145670513403,0.18350806056121693,0.05734626892538028,0.08646400991403771,0.696027421017876,0.21750856906808624,64.73747559933278,5.744994680782919,0.06900313111088364,0.004587092688453729,6.178988811446538e-05,0.090454985052358,0.10975772572898065,0.2528314709065755,0.06314457962696304,0.06303684369841255,10.60357152630864,10.71332925203762,False,18.72791124629645,15.57157729050207,34.29948853679852,4116.16570301329,-285.44895075586567,-1741.7847074294218,2088.9320448280027,4.4496294185621906e-12,-1.2037689468559594e-10,9.47900321079942e-12,36.0579616945097,1.206436329353836,11.272156854702828,10.1931199024165,1085.2296365047773,4.107839125911283,3.0043688339058807,1.3325343423127693,5.409830331802368
T2_eq,equilibrium,equilibrium,600.0,,,0.05,0.95,0.35,True,19,direct,8.032009890871961e-09,4066.192098286645,1074.2329883944797,1.35903999651693,0.969816106969557,630.6092052286834,532.7532094831408,0.01952550058784063,0.8958388326548984,53.711649419724026,43.22771039708332,10844.59802610854,0.8539501023676056,237.66736223418474,methanation (xi2>0),4035.8988069513935,1130.7715667182752,0.02055315839526066,0.9429882373258022,,,,47.3645871747079,0.0,47.3645871747079,35.93348369658911,8.70941217380479,2.721691304313997,11.431103478118786,0.9972434652531403,0.9999182675331971,11.431152297610396,8.70944936960792,2.7217029280024754,36,0.7586561399670662,0.18388103621556862,0.05746282381736519,0.08646400991403828,0.6960274210178755,0.2175085690680861,33.18995816993071,2.8752398343487404,0.034534505650362715,0.0020749984834899696,2.8784698498179796e-05,0.045352420612664875,0.05652791949042169,0.12653642986985372,0.03159733331149228,0.031548513811433344,10.667904611203417,10.72443253069384,False,18.76759132788188,15.57494405380344,34.342535381685316,4119.163341270769,-284.49399057227345,-1742.850499374444,2091.818851324051,5.184934886005225e-12,-1.6090229438125465e-10,1.1470770838665583e-11,36.0579616945097,1.206436329353836,11.3066254801982,10.224667148764949,1088.227274762256,4.150885970798079,3.015472112562099,1.3391780946621064,5.600860118865967
T2_eq,equilibrium,equilibrium,600.0,,,0.02,0.95,0.35,True,19,direct,8.275186879457642e-09,4067.9702091018153,1076.01109920965,1.3596342930129253,0.9698161069695569,660.7504772810994,559.7665089548229,0.019275226824067602,0.8683120838603234,55.499519853971584,44.5955690222253,10878.241844186914,0.8542090311870166,237.51860720061654,methanation (xi2>0),4048.5243911054727,1132.643262313617,0.01966859868356961,0.8860327313008967,,,,47.385299301109136,0.0,47.385299301109136,35.935244096738444,8.723851584282432,2.7262036200882607,11.450055204370694,0.9988968039002937,0.9999672540517976,11.450073570509005,8.723865577530669,2.726207992978334,36,0.7583623246157064,0.18410489553089035,0.057532779853403236,0.08646400991403938,0.6960274210178747,0.21750856906808588,13.484703617981621,1.1508100275645963,0.013822379241078365,0.0007798682958899792,1.1018349047798643e-05,0.01817099585749523,0.02303039351128415,0.05064599850309032,0.012645607051980656,0.012627240905342152,10.708113806615708,10.731144200126993,False,18.792285531652333,15.575912592298183,34.36819812395051,4120.96461595468,-284.0160727098472,-1743.3884903316116,2093.560052913221,5.015195824174229e-12,-1.6935613943302176e-10,1.137189720642103e-11,36.0579616945097,1.206436329353836,11.327337606599436,10.243618875016857,1090.0285494461673,4.176548713063276,3.0221837819952526,1.3433327036280527,5.548013687133789
T2_eq,equilibrium,equilibrium,600.0,,,0.01,0.95,0.35,True,18,direct,7.854813555146801e-09,4068.563398718098,1076.6042888259328,1.3598325542840508,0.9698161069695568,671.0385685080465,569.0114946670526,0.0191833735540314,0.8588161016112983,56.096749786193364,45.051025929690184,10889.69840810714,0.8542985176950577,237.47596627267328,methanation (xi2>0),4052.8106039380227,1133.2676724368964,0.019377144895160812,0.867491004914604,,,,47.39220900449069,0.0,47.39220900449069,35.935832164947286,8.72866806822354,2.7277087713198567,11.456376839543399,0.9994483000334327,0.9999836181802952,11.456385833228815,8.728674920555289,2.727710912673528,36,0.7582643629854169,0.18417953296349185,0.05755610405109122,0.08646400991404009,0.6960274210178742,0.21750856906808572,6.778167358667135,0.5755287522020957,0.00691267584269937,0.0003817741193516326,5.427538315640601e-06,0.009090506634544445,0.01158714316412907,0.025328444855662026,0.006323971863350171,0.006314978170103666,10.721802412389613,10.73338955555374,False,18.80067449657887,15.576050917281254,34.37672541386013,4121.565533191926,-283.8736847940222,-1743.5499579308387,2094.1418904670654,4.6600459337715595e-12,-1.6191577512132446e-10,1.0658101056530238e-11,36.0579616945097,1.206436329353836,11.334247309980988,10.249940510189562,1090.6294666834133,4.185076002972892,3.0244291374220005,1.3447474521881309,5.328616142272949
T2_eq,equilibrium,equilibrium,600.0,,,0.2,0.99,0.35,True,21,direct,7.423612734727539e-09,4066.758942907854,1074.7998330156888,1.359229452522306,0.9698161069695573,505.19175647673245,460.28849724942967,0.013744161607245162,0.6011133519353802,8.685251175884332,35.6021884544979,10720.297155332726,0.8547943031194339,257.546944537394,methanation (xi2>0),3945.1835951504872,1085.6563969768445,0.017180201917935314,0.7513916843411843,,,,47.371190001339514,0.0,47.371190001339514,35.93416121176422,8.713926696819271,2.7231020927560228,11.437028789575296,0.9977603863133778,0.9999371206954968,11.437184217375085,8.714045118000064,2.72313909937502,30,0.7585624465618939,0.18395242166712844,0.05748513177097764,0.0864640099140347,0.6960274210178783,0.217508569068087,126.2979391191831,2.3255081962989124,0.027931678945746236,0.006613599376331036,9.624349165473424e-05,0.03483437115367809,0.23198540261371256,0.10234329021091884,0.02567202178620614,0.025516593980465598,10.495510193682394,10.727495596296105,False,18.986800755964783,15.23261884180956,34.21941959777434,4119.737570310481,-335.9190801584767,-1692.805278939554,2091.01321121245,3.644722869417919e-12,-1.5423502187835147e-10,9.148908228932366e-12,36.0579616945097,1.206436329353836,11.313228306829814,10.230592460221459,1088.801503801968,4.027770186887103,3.018535178164365,1.3238284244493759,6.444667816162109
T2_eq,equilibrium,equilibrium,600.0,,,0.1,0.99,0.35,True,19,direct,4.110964310620615e-09,4067.9716891225075,1076.0125792303425,1.359634787679008,0.969816106969557,599.6007615412192,549.2823952111999,0.01329479944404417,0.5470994956656274,9.781932538457614,39.975016837097826,10817.095043811221,0.8556537423426209,259.00474855948494,methanation (xi2>0),3976.7622825872804,1086.8813931580992,0.01477199933900604,0.6078883260183566,,,,47.38531654096584,0.0,47.38531654096584,35.93528998611089,8.723829756079969,2.72619679877499,11.45002655485496,0.9988943045315841,0.9999685310118103,11.450089319739089,8.723877576944068,2.7262117427950217,31,0.7583620801637954,0.18410508177996548,0.05753283805623922,0.08646400991403554,0.6960274210178777,0.2175085690680868,66.62230683791324,1.149374675190031,0.01380513922370746,0.0026752557449720668,4.1376370269741915e-05,0.017436838190497277,0.12303925652730877,0.050582830080438075,0.012674256415880169,0.012611491529004178,10.608464764802537,10.731504021329846,False,19.099840738540866,15.20316515219412,34.30300589073498,4120.96611525595,-339.39034657556215,-1689.6721067936749,2091.903661886713,1.625484865029219e-12,-9.131937971193057e-11,4.533534725699914e-12,36.0579616945097,1.206436329353836,11.327354846456139,10.243590225501123,1090.0300487474374,4.111356479847743,3.0225436031981054,1.3357818054366526,5.912880897521973
T2_eq,equilibrium,equilibrium,600.0,,,0.05,0.99,0.35,True,19,direct,5.4717297852082264e-09,4068.5673423068893,1076.608232414724,1.3598338723464463,0.9698161069695569,651.1793701312776,598.1725046894435,0.012957864651777654,0.5162381438691039,10.331089098929112,42.14553286160763,10869.846977863339,0.8561440741817729,259.8639363254942,methanation (xi2>0),3993.9310161249505,1087.4830630405918,0.013639857475098376,0.5434085695204087,,,,47.39225494094684,0.0,47.39225494094684,35.935855164011386,8.728685544331775,2.727714232603679,11.456399776935454,0.9994503010794717,0.9999842581734706,11.456427797835333,8.728706893588823,2.7277209042465076,32,0.7582637118214648,0.18418002908840775,0.05755625909012742,0.08646400991403591,0.6960274210178774,0.2175085690680867,34.272598427961974,0.5717042092401852,0.006866739257183864,0.0011957433933439683,1.91026204682259e-05,0.008723245390216829,0.06346925102389044,0.02516013054445131,0.006301034349102373,0.0062730134459736174,10.6700879109556,10.73355716197949,False,19.15925203826337,15.18503548835033,34.3442875266137,4121.569528154778,-341.44225024729906,-1687.7783686110306,2092.3489092964483,1.9308538493144472e-12,-1.2586397320424959e-10,5.727880553270856e-12,36.0579616945097,1.206436329353836,11.334293246437142,10.249963447581617,1090.633461646265,4.152638115726461,3.0245967438477503,1.3422960380862703,5.911885976791382
T2_eq,equilibrium,equilibrium,600.0,,,0.02,0.99,0.35,True,19,direct,5.732196163378799e-09,4068.9217347047534,1076.9626248125883,1.3599523206222572,0.9698161069695568,683.7043567147972,629.0910116509011,0.012724334504140367,0.4968458642814054,10.660842144609441,43.441872133510095,10903.070051244476,0.8564598480513347,260.42626576881673,methanation (xi2>0),4004.7309630352756,1087.8410351597556,0.01298401474725231,0.5069855728912117,,,,47.39638304144406,0.0,47.39638304144406,35.93619452371883,8.731572203981123,2.7286163137441015,11.460188517725225,0.9997808288366012,0.999993701509764,11.46019896621022,8.731580164731595,2.7286188014786235,32,0.7582051998316145,0.1842246096521032,0.05757019051628225,0.08646400991403613,0.6960274210178772,0.21750856906808666,13.953150137036676,0.22801088650916762,0.002738638757861612,0.0004462385641053137,7.273645091040238e-06,0.003490446745427944,0.0258826016222085,0.010034531104381959,0.0025122935573332855,0.0025018450691509024,10.70892037434714,10.734802975969352,False,19.195937424149154,15.172960409651173,34.36889783380033,4121.928537305949,-342.78694315842944,-1686.5264782655265,2092.615115881993,1.8864889214088577e-12,-1.3471750257219112e-10,5.824729062927267e-12,36.0579616945097,1.206436329353836,11.33842134693436,10.253752188371388,1090.9924707974365,4.177248422913095,3.0258425578376116,1.346398690116549,5.888551950454712
T2_eq,equilibrium,equilibrium,600.0,,,0.01,0.99,0.35,True,18,direct,5.526271713618721e-09,4069.039400561943,1077.080290669778,1.359991647983651,0.9698161069695568,694.8257581273327,639.6780768437567,0.012641640667178279,0.49026393459852474,10.770802906697684,43.87290814056466,10914.423232407169,0.8565689046717886,260.6219905463317,methanation (xi2>0),4008.4194560483897,1087.9598895612194,0.012769333957119681,0.4952160928173667,,,,47.397753659116724,0.0,47.397753659116724,35.93630768577946,8.732530265399818,2.728915707937444,11.461445973337264,0.9998905286039379,0.9999968504616599,11.46145107478284,8.732534152215496,2.728916922567343,32,0.7581857748531026,0.1842394096357315,0.05757481551116609,0.08646400991403617,0.6960274210178772,0.21750856906808663,7.018442001286189,0.11389735076085818,0.0013680210799886675,0.00021793965149238863,3.576690455430945e-06,0.0017454140508298072,0.0130261717466365,0.005012508509634608,0.001254837940358294,0.001249736491765917,10.722194257436044,10.73522042918268,False,19.20834949913208,15.168725617342606,34.377075116474686,4122.047736023998,-343.25525461526024,-1686.088869876384,2092.7036115323544,1.7765560870661753e-12,-1.308222463646681e-10,5.5615822513270064e-12,36.0579616945097,1.206436329353836,11.339791964607024,10.255009643983428,1091.1116695154856,4.185425705587448,3.0262600110509403,1.3478006721431033,5.525224924087524
T2_eq,equilibrium,equilibrium,600.0,,,1.0,0.0,0.5,True,1,once-through,0.0,2991.959109892165,0.0,1.0,0.9698161069695571,0.0,0.0,0.0,0.0,0.0,0.0,8097.950578294656,0.8137175990035082,197.6225935126161,methanation (xi2>0),3935.318888769034,1041.4775121633222,0.0463848922552118,3.1502002204781814,,,,34.85150348488499,0.0,34.85150348488499,34.85150348488499,0.0,0.0,0.0,0.0,0.9698100879888052,0.0,0.0,0.0,4,1.0,0.0,0.0,0.08646400991403458,0.6960274210178784,0.217508569068087,1500.1899838443246,1044.6772288092207,12.54761819522755,0.1386371615030243,0.0012992408320684826,16.708423727636177,0.8198471009528098,45.975200162665,11.462700811197895,11.462700811197873,5.7293401567729445,6.549187257725754,False,16.672361365115467,16.71861364341117,33.390975008526645,3030.936066508513,-196.44509421947726,-1819.54631505041,1014.9446572386257,8.066350528289049e-16,5.029057139659196e-16,-2.7398717368972335e-15,,,,,,,,,
T2_eq,equilibrium,equilibrium,600.0,,,0.2,0.9,0.5,True,26,direct,5.113314894190047e-09,4045.025349309537,1053.066239417372,1.3519654516452686,0.9698161069695569,2191.560480854254,2063.3422710667887,0.0005226671695022226,0.0049568336073251,93.60588794821088,34.60659305039953,12363.854761731478,0.8732790434147355,266.87725239841257,methanation (xi2>0),5989.403682798544,1170.0735993525975,0.0006533339597327155,0.00619604197747406,,,,47.11802864945923,0.0,47.11802864945923,35.91211729381629,8.537837223347008,2.668074132295939,11.205911355642945,0.9775978227309301,0.9993237062982103,11.205912211133406,8.537837875149261,2.668074335984144,15,0.762173577029267,0.1812010841681775,0.05662533880255547,0.08646400991403802,0.6960274210178757,0.2175085690680862,547.8901202135635,23.402966501878346,0.28109303065406077,5.4536322556192586e-05,3.6599768544393134e-06,0.37542981508828677,1.0399245046176615,1.0299411527811642,0.25678945555531474,0.256788600064821,9.601364572510212,10.641289077127873,False,19.42268581381745,14.806647123111674,34.229332936929126,4097.720848065118,-353.174127294338,-1677.321529148986,2067.225191621794,1.670886895145589e-14,-5.372124330555328e-10,7.24171925033564e-12,34.85150348488499,0.0,12.26652516457424,11.205911355642945,1066.7847815566051,0.8383579284024805,4.092101819402118,1.5267881227715738,6.565798759460449
T2_eq,equilibrium,equilibrium,600.0,,,0.1,0.9,0.5,True,25,direct,7.976821657569552e-09,4056.9546135969067,1064.9955037047419,1.3559525597069826,0.9698161069695564,2721.673897106097,2576.819187512771,0.0004825847197509451,0.004061164504200099,106.49955037047424,38.35035708285734,12917.466599378575,0.8785932328993143,275.62048799941823,methanation (xi2>0),6256.191498553569,1183.32833744967,0.0005362052414506494,0.004512404968672127,,,,47.25698535996664,0.0,47.25698535996664,35.92413147299076,8.634555342457814,2.6982985445180665,11.332853886975881,0.9886722225101625,0.9996580239315189,11.332854167245143,8.6345555559963,2.6982986112488434,15,0.76018668814948,0.18271490426706294,0.05709840758345716,0.08646400991404646,0.6960274210178695,0.21750856906808422,302.40821078956634,11.833845653713029,0.14213632014674718,1.985864318503802e-05,1.5019108889137746e-06,0.18984136517705755,0.5772074980028606,0.5207957133742567,0.12984692422173152,0.12984664395243278,10.110721380653834,10.687928878656695,False,19.72317756427168,14.585279963363988,34.30845752763566,4109.805517690432,-373.8212541300724,-1657.5811715504815,2078.403092009878,1.8667839794040372e-14,-9.349885992247323e-10,1.2077354616243005e-11,34.85150348488499,0.0,12.405481875081655,11.332853886975881,1078.869451181919,0.917482519109015,4.138741620930941,1.5951525604517653,6.568351984024048
T2_eq,equilibrium,equilibrium,600.0,,,0.05,0.9,0.5,True,26,direct,6.615647899381576e-09,4063.021017879491,1071.0619079873259,1.357980128955014,0.9698161069695569,3030.510039403963,2877.3350457744637,0.0004581501886335251,0.0036116557013793054,113.05653473199553,40.11412831674917,13238.252424469296,0.8815608467040844,281.0106836795596,methanation (xi2>0),6410.070316149498,1190.0687866525507,0.000482263354198207,0.0038017428153674085,,,,47.32764919668026,0.0,47.32764919668026,35.93024118086621,8.683739440620224,2.7136685751938203,11.397408015814044,0.9943038908142939,0.999828038299331,11.397408125281405,8.683739524023927,2.7136686012574773,15,0.7591807681400566,0.1834813195123378,0.05733791234760556,0.08646400991403765,0.6960274210178762,0.2175085690680863,159.50052838968227,5.950585582625346,0.07147248343291304,8.36554504010536e-06,6.754098307171073e-07,0.09546136772133706,0.30530039222533256,0.26187932090575883,0.06529279538253091,0.06529268591678876,10.406347476622251,10.711647868847583,False,19.894077147590227,14.453120424953132,34.34719757254336,4115.9509504516345,-386.67033870612994,-1645.2783017813415,2084.002309964163,1.4288963792969172e-14,-9.216907663360454e-10,1.1620153410755546e-11,34.85150348488499,0.0,12.476145711795276,11.397408015814044,1085.0148839431217,0.9562225640167128,4.162460611121829,1.634765771472161,7.124146938323975
T2_eq,equilibrium,equilibrium,600.0,,,0.02,0.9,0.5,True,26,direct,7.3893588675274496e-09,4066.6941056782157,1074.7349957860506,1.359207782029075,0.9698161069695568,3232.6533848891067,3074.4914782719893,0.0004423500625619793,0.0033462260387238135,117.02669954114778,41.131157006253815,13447.631066519005,0.8834527801943609,284.6239333050156,methanation (xi2>0),6510.290652843291,1194.1499953177947,0.00045137761217162815,0.0034145163337283746,,,,47.370434752069144,0.0,47.370434752069144,35.933940519257995,8.713519415475156,2.7229748173359862,11.436494232811144,0.9977137518619553,0.9999309795022202,11.436494269984856,8.713519443797985,2.7229748261868707,15,0.7585731621455024,0.18394425741295056,0.057482580441547054,0.08646400991403926,0.6960274210178748,0.21750856906808586,65.97251805896137,2.3883879813644184,0.028686928044168027,3.005389015065231e-06,2.5286173984410286e-07,0.03831549674976804,0.12649336367747613,0.10511056667186669,0.02620657838477659,0.026206541213353755,10.599516191210737,10.726009554888213,False,20.00421877852117,14.36589598592959,34.37011476445077,4119.671888430966,-395.32147116251525,-1636.989315508546,2087.3611017599046,1.705456968838256e-14,-1.2203566631989828e-09,1.5146130086426033e-11,34.85150348488499,0.0,12.518931267184158,11.436494232811144,1088.735821922453,0.9791397559241233,4.176822297162459,1.6606215284350296,7.380133867263794
T2_eq,equilibrium,equilibrium,600.0,,,0.01,0.9,0.5,True,25,direct,5.650021650485275e-09,4067.924066844571,1075.964956952406,1.3596188709247385,0.9698161069695567,3303.126701510282,3143.3039439988984,0.00043691545403673547,0.0032588148345063022,118.35614526476466,41.46265490316629,13520.52717679204,0.8841030887643704,285.89665941041244,methanation (xi2>0),6545.1480458171645,1195.5166188359765,0.0004413287393512136,0.003291732131136497,,,,47.38476181814894,0.0,47.38476181814894,35.93517927521375,8.72349146128396,2.7260910816512376,11.449582542935199,0.9988555691648433,0.9999654502682509,11.449582560481053,8.72349147465223,2.7260910858288216,15,0.7583699459243516,0.1840990888195417,0.05753096525610678,0.08646400991403982,0.6960274210178744,0.21750856906808574,33.364916176871525,1.1955592343818788,0.014359861964160746,1.4486584045635137e-06,1.2361618048049453e-07,0.019179673115986055,0.06400909849597756,0.05261536634591211,0.013118268260217524,0.013118250716927307,10.666809626701983,10.73081872519796,False,20.042294357213695,14.33539881379148,34.37769317100518,4120.917872591373,-398.37500403193775,-1634.062685504794,2088.4801830546417,1.2675693687311363e-14,-9.888057969405103e-10,1.2205890338160923e-11,34.85150348488499,0.0,12.533258333263952,11.449582542935199,1089.9818060828607,0.9867181624785317,4.181631467472205,1.6696233258118158,7.185571670532227
T2_eq,equilibrium,equilibrium,600.0,,,0.2,0.95,0.5,True,26,direct,4.580732935468121e-09,4057.589241364463,1065.6301314722978,1.3561646708168764,0.9698161069695571,2206.326710908752,2127.8209720871077,0.00044553958352288995,0.0039820003079775205,44.8686371146232,33.63245200123902,12403.369511288873,0.8755867595720279,290.26096153666134,methanation (xi2>0),5950.523944009585,1121.7159278655513,0.0005569244777761194,0.004977500362171301,,,,47.26437775105233,0.0,47.26437775105233,35.92477095511715,8.63970041595061,2.699906379984565,11.339606795935175,0.9892613427419928,0.9996758187511178,11.339607382555617,8.639700862899517,2.6999065196560985,14,0.7600813144672546,0.1827951889773299,0.057123496555415584,0.08646400991403574,0.6960274210178775,0.21750856906808672,551.581677727188,11.218377242583903,0.13474392906067525,4.3810962888445676e-05,3.1198909336190367e-06,0.17995688630747497,1.0724217699319025,0.493709564068875,0.12309401526309363,0.12309342864251689,9.61799347610492,10.690415246036823,False,19.84387456556836,14.389854787270517,34.23372935283888,4110.448412903518,-413.0298304916565,-1619.412449031526,2078.006133380336,1.0486255686775765e-14,-4.985696609001055e-10,6.583792658905926e-12,34.85150348488499,0.0,12.412874266167343,11.339606795935175,1079.5123463950054,0.8427543443122332,4.141227988311068,1.5316677215262646,7.476076126098633
T2_eq,equilibrium,equilibrium,600.0,,,0.1,0.95,0.5,True,25,direct,6.0916348472291115e-09,4063.3419806510665,1071.3828707589012,1.3580874040746886,0.9698161069695568,2740.504641910355,2652.613723378973,0.000408566019199953,0.0032343758655627077,50.7497149306849,37.13733266717099,12948.879263656592,0.8810482776132627,301.59017767204534,methanation (xi2>0),6205.9558839132615,1127.7714429040805,0.0004539622415571999,0.003593750936660809,,,,47.33138789588743,0.0,47.33138789588743,35.93056450701824,8.686341629614624,2.7144817592545687,11.400823388869194,0.9946018461663008,0.9998370354711194,11.400823561563204,8.686341761191011,2.7144818003721918,14,0.7591276303445602,0.1835218054517636,0.057350564203676124,0.08646400991403756,0.6960274210178762,0.2175085690680863,304.50051576781726,5.639312648871388,0.06773378422559423,1.581573860750547e-05,1.2715482441989648e-06,0.0904641862925531,0.59418547403689,0.24818051036418093,0.06187742232909975,0.06187724963479718,10.118718965648796,10.712904439685687,False,20.186942494292875,14.123946561908637,34.31088905620152,4116.276094480896,-440.3382652044439,-1593.2213037814108,2082.7165254950414,1.1177657160629112e-14,-8.457938704278791e-10,1.0682402527587935e-11,34.85150348488499,0.0,12.479884411002445,11.400823388869194,1085.3400279723833,0.9199140476748724,4.163717181959933,1.5990316486203464,7.378504991531372
T2_eq,equilibrium,equilibrium,600.0,,,0.05,0.95,0.5,True,25,direct,8.849929268923303e-09,4066.2415775257277,1074.2824676335629,1.359056533921776,0.9698161069695572,3051.57945652919,2959.088789436154,0.0003866488480868205,0.0028647081791941774,53.71412338167811,38.773063402471365,13265.665742263738,0.8840933699093609,308.243592498671,methanation (xi2>0),6354.183686741193,1130.8236501405502,0.0004069987842495496,0.0030154822559536392,,,,47.36516352813055,0.0,47.36516352813055,35.9334847729118,8.70985048016667,2.7218282750520837,11.431678755218753,0.9972936521252783,0.9999182974839452,11.431678817205041,8.709850527394318,2.721828289810724,14,0.7586479605329416,0.18388726816537787,0.05746477130168058,0.08646400991403727,0.6960274210178763,0.21750856906808633,160.60944508048368,2.8272543487659902,0.03395815198302831,6.635418013587187e-06,5.700018018374654e-07,0.04535450954801379,0.31397489471069934,0.12442463663484248,0.03102205598004627,0.03102199399330536,10.410265892364674,10.724240787075372,False,20.378535867417337,13.969934730941223,34.34847059835856,4119.213465087564,-456.439161450951,-1577.7697242164854,2085.004579420128,2.2701015058184895e-14,-1.6155121876927058e-09,1.9896472053915205e-11,34.85150348488499,0.0,12.513660043245565,11.431678755218753,1088.2773985790514,0.9574955898319146,4.175053529349618,1.6381509882043943,7.445828199386597
T2_eq,equilibrium,equilibrium,600.0,,,0.02,0.95,0.5,True,25,direct,9.610442874661562e-09,4067.9888479453257,1076.0297380531608,1.3596405226580595,0.9698161069695568,3255.1222287274804,3159.9077030197764,0.0003726362575253416,0.00264795647417956,55.50048122589984,39.71079499004511,13472.650310671926,0.8860324924438858,312.60127723835274,methanation (xi2>0),6451.022044330002,1132.6628821611744,0.0003802410753929501,0.00270199635996132,,,,47.38551641360824,0.0,47.38551641360824,35.93524452264678,8.724016678827784,2.726255212133683,11.450271890961465,0.998915707524696,0.9999672659035158,11.450271910590898,8.724016693783541,2.7262552168073566,14,0.7583592460901706,0.18410724107415585,0.0575335128356737,0.08646400991403932,0.6960274210178748,0.21750856906808588,66.43106589239757,1.1327338694072218,0.01360526650545014,2.378243193309556e-06,2.1301105251601668e-07,0.01817131061851247,0.13000763120995654,0.049850484858742425,0.012428920237427683,0.012428900607439753,10.601064583588196,10.73107221479815,False,20.500831946101236,13.869805558212539,34.37063750431378,4120.983497610799,-467.006039996508,-1567.6258248021004,2086.3516328121905,2.5120920216671612e-14,-2.082267278768756e-09,2.5225879956754703e-11,34.85150348488499,0.0,12.53401292872325,11.450271890961465,1090.0474311022858,0.9796624957871316,4.181884957072396,1.6637111057189393,7.630665302276611
T2_eq,equilibrium,equilibrium,600.0,,,0.01,0.95,0.5,True,24,direct,7.302245913358407e-09,4068.5725301204184,1076.613420228253,1.359835606265039,0.969816106969557,3326.0699954547517,3229.9541174435435,0.00036784076608613266,0.002576814015409153,56.09722558031419,40.015478999753064,13544.74782221001,0.8866985895939069,314.1194974000756,methanation (xi2>0),6484.753365889331,1133.2772844507576,0.0003715563264955929,0.002602842407412417,,,,47.39231537061674,0.0,47.39231537061674,35.93583237711152,8.728748947432555,2.727734046072673,11.456482993505228,0.9994575608493239,0.9999836240841729,11.45648300251316,8.728748954295739,2.7277340482174193,14,0.7582628552135229,0.1841806817420777,0.05755646304439929,0.086464009914039,0.6960274210178751,0.21750856906808594,33.59666662075505,0.5666730077993277,0.006806309496677724,1.1454849293347618e-06,1.0407292785931893e-07,0.009090583737222024,0.06577361111885034,0.024938712400240613,0.0062178176934038695,0.006217808684878964,10.667580712832702,10.73335432395155,False,20.542908070796386,13.835048703421279,34.377956774217665,4121.574783551179,-470.6912440117165,-1564.0875956020059,2086.7959439374567,1.9359241267893718e-14,-1.6772937774741335e-09,2.020524368617771e-11,34.85150348488499,0.0,12.540811885731756,11.456482993505228,1090.6387170426665,0.98698176569102,4.184167066225796,1.6726142857076307,7.5163187980651855
T2_eq,equilibrium,equilibrium,600.0,,,0.2,0.99,0.5,True,25,direct,9.643974474862157e-09,4066.9165321870096,1074.9574222948445,1.359282123455754,0.9698161069695568,2217.8525084261014,2176.266620924292,0.00039534352054802015,0.0033790066505863404,8.686524624604862,32.895384988357726,12433.268328712938,0.8774189106584974,307.8714874735698,methanation (xi2>0),5921.5333498902555,1085.8155780755603,0.0004941793976596037,0.004223758272499108,,,,47.373025662560096,0.0,47.373025662560096,35.934164918777775,8.715322471453197,2.7235382723291246,11.438860743782321,0.9979202050364869,0.9999372238502758,11.438861159965706,8.715322788545297,2.723538371420406,13,0.7585364033649622,0.18397226410288595,0.057491332532151856,0.08646400991403597,0.6960274210178774,0.2175085690680867,554.4631271065253,2.172676509333304,0.026096017553602312,3.7176675921413564e-05,2.7683930026375107e-06,0.03483947863813395,1.0968383769458432,0.09561732049924937,0.023840067416647116,0.02383965123313079,9.630047825060133,10.726886202005977,False,20.16255852188259,14.07449605431187,34.23705457619447,4119.897212542323,-458.071143398814,-1575.8408411422179,2085.9852280012915,2.5120920216671612e-14,-1.0772265538435697e-09,1.399788557894984e-11,34.85150348488499,0.0,12.52152217767511,11.438860743782321,1088.9611460338106,0.8460795676678217,4.177698944280222,1.5353598677223905,7.719080924987793
T2_eq,equilibrium,equilibrium,600.0,,,0.1,0.99,0.5,True,24,direct,9.440670804949292e-09,4068.0356597878867,1076.0765498957217,1.3596561685411888,0.969816106969557,2755.2500860905984,2709.2385195451843,0.0003607954447482869,0.0027278646351342408,9.782514089961092,36.22575643788572,12972.870378617043,0.8829989404495767,321.0050828539667,methanation (xi2>0),6168.960313454338,1086.946009995638,0.00040088382425591855,0.0030309606666442616,,,,47.386061696158635,0.0,47.386061696158635,35.935291755773626,8.724396145055245,2.726373795329763,11.45076994038501,0.998959157094893,0.9999685802560783,11.450770045825925,8.724396225391182,2.726373820434744,14,0.7583515144337437,0.18411313186000486,0.05753535370625151,0.08646400991403567,0.6960274210178776,0.21750856906808677,306.1388984545109,1.0873352722508998,0.013059983955005556,1.3338954969735868e-05,1.1228756008221684e-06,0.017437874838360647,0.6068694283781213,0.04785253799648985,0.011930870813904688,0.01193076537284281,10.124388082484186,10.73125751086231,False,20.53545692863898,13.777258922987235,34.312715851626216,4121.030919282267,-490.02143562059473,-1545.1553779498986,2085.8541057117736,2.408381800589159e-14,-1.6009295564312646e-09,1.986466571679557e-11,34.85150348488499,0.0,12.534558211273648,11.45076994038501,1090.0948527737542,0.9217408430995704,4.182070253136556,1.6019942642511154,7.291398048400879
T2_eq,equilibrium,equilibrium,600.0,,,0.05,0.99,0.5,True,25,direct,6.754214116714293e-09,4068.5959887747763,1076.6368788826112,1.3598434468315361,0.9698161069695569,3068.11224468259,3020.009097098198,0.00034068446004293144,0.002409179228389287,10.331363989277657,37.76882625318381,13286.836280603158,0.8861051344168928,328.5263526074839,methanation (xi2>0),6313.291845444731,1087.5119988712954,0.000358615218532866,0.0025359781060614274,,,,47.39258862614733,0.0,47.39258862614733,35.9358560273772,8.728939122872472,2.7277934758976476,11.45673259877012,0.9994793362815718,0.9999842821982843,11.456732631275344,8.728939147638357,2.7277934836369857,13,0.758258981765042,0.18418363294092036,0.0575573852940376,0.08646400991403591,0.6960274210178774,0.21750856906808666,161.47959182539947,0.5439225681506986,0.0065330539660580405,5.580293087483377e-06,5.022406171475005e-07,0.008723477498946391,0.32043885998684046,0.023937488301744095,0.005968212428540261,0.0059681799231678665,10.41300811215279,10.733446972139628,False,20.74131559395704,13.60810808713502,34.34942368109206,4121.598547806955,-508.3533313906276,-1527.5439522993752,2085.701264116952,1.8667839794040372e-14,-1.5082572346223372e-09,1.8230391788165435e-11,34.85150348488499,0.0,12.541085141262343,11.45673259877012,1090.6624812984423,0.9584486725654173,4.184259714413874,1.6407652963722121,7.350453853607178
T2_eq,equilibrium,equilibrium,600.0,,,0.02,0.99,0.5,True,25,direct,7.3446828880901315e-09,4068.9324378287147,1076.9733279365496,1.3599558979184596,0.969816106969557,3272.7786065115133,3223.4654175881833,0.0003279229000611116,0.0022232278030845493,10.660948094725427,38.64948269531843,13492.16538419528,0.8880809892198248,333.39076984310907,methanation (xi2>0),6407.827958769482,1087.851846400522,0.0003346152011720437,0.002268599766627756,,,,47.39650771559513,0.0,47.39650771559513,35.93619486384268,8.731666934668539,2.728645917083919,11.460312851752459,0.9997916756718525,0.9999937109743637,11.460312860534268,8.731666941359443,2.728645919174826,13,0.7582034328498971,0.18422595592388794,0.05757061122621498,0.08646400991403562,0.6960274210178776,0.2175085690680868,66.79140013288803,0.21763088155425503,0.002613964518348157,1.9967761711417943e-06,1.8745143736146398e-07,0.0034904814343608166,0.132622577180771,0.009577717466321209,0.0023879594462901384,0.0023879506643187647,10.60213925850611,10.73476183568688,False,20.871907446508843,13.499120581192772,34.37102802770161,4121.93937986203,-520.2224575529997,-1516.139400581491,2085.5775217275395,2.0626810636624855e-14,-1.9483804507096085e-09,2.315167792706537e-11,34.85150348488499,0.0,12.545004230710141,11.460312851752459,1091.0033133535176,0.9800530191749672,4.185574577961126,1.666120983790517,7.457606315612793
T2_eq,equilibrium,equilibrium,600.0,,,0.01,0.99,0.5,True,24,direct,5.595622623581214e-09,4069.044629977945,1077.08552008578,1.3599933958070034,0.9698161069695569,3344.1085716147054,3294.400102068254,0.0003235702564931893,0.0021623356325160357,10.77085520085792,38.934921716570315,13563.716346866831,0.8887592870231451,335.0752712273128,methanation (xi2>0),6440.797791154808,1087.9651718037937,0.00032683864060850665,0.002184177381653507,,,,47.39781457338841,0.0,47.39781457338841,35.93630785496346,8.732576547371389,2.7289301710535603,11.46150671842495,0.999895827973492,0.9999968551695299,11.461506722162333,8.732576550218923,2.7289301719434134,13,0.7581849115761253,0.1842400673705712,0.057575021053303505,0.08646400991403576,0.6960274210178775,0.2175085690680867,33.77887446075459,0.10882580342055542,0.0013071067248842912,9.612346348626083e-07,9.1547503882568e-08,0.001745422525124885,0.06708596571484444,0.004789314782735223,0.0011940927736092352,0.0011940890360651929,10.668114362761443,10.735200328476289,False,20.91669935189729,13.461454209847545,34.37815356174484,4122.0530335648355,-524.3349287488379,-1512.1875604372929,2085.5305443787047,1.670886895145589e-14,-1.5740785402776247e-09,1.8595390353463398e-11,34.85150348488499,0.0,12.546311088503423,11.46150671842495,1091.1169670563227,0.9871785532181931,4.186013070750534,1.6749566715339486,6.945180892944336
T2_eq,equilibrium,equilibrium,600.0,,,1.0,0.0,0.75,True,1,once-through,0.0,2991.959109892165,0.0,1.0,0.9698161069695571,0.0,0.0,0.0,0.0,0.0,0.0,8097.950578294656,0.8137175990035082,197.6225935126161,methanation (xi2>0),5356.2861895559745,1044.6549987086787,0.0013192620330527228,0.020204911085991144,,,,34.85150348488499,0.0,34.85150348488499,34.85150348488499,0.0,0.0,0.0,0.0,0.9698100879888052,0.0,0.0,0.0,4,1.0,0.0,0.0,0.08646400991403458,0.6960274210178784,0.217508569068087,2908.8173591637674,1044.677228809221,12.547618195227555,0.0008891979319833842,3.6952529545806755e-05,16.759400144283333,3.6590018950045144,45.97520016266501,11.462700811197893,11.462700811197879,2.8646700783864723,6.523671973390986,False,16.672361365115467,16.826519954311003,33.498881319426474,3030.936066508513,-196.44509421947726,-1826.1367224940366,1008.3542497949991,9.218686318044627e-16,6.286321424573996e-16,-2.6207468787712667e-15,,,,,,,,,
T2_eq,equilibrium,equilibrium,600.0,,,0.2,0.9,0.75,True,38,direct,7.479345837086947e-09,4045.0267707608873,1053.0676608687224,1.3519659267357689,0.969816106969557,7149.351674921489,7027.291457675856,5.811522867272397e-05,0.00013305644724434764,93.606014299442,28.45393857998588,17321.648755792245,0.9162572425523918,387.4553451947216,methanation (xi2>0),11799.363782805083,1170.0751787430233,7.264403485448481e-05,0.00016632055504517718,,,,47.11804520707745,0.0,47.11804520707745,35.912117784189014,8.53784946505785,2.6680779578305778,11.205927422888427,0.9775992244289895,0.9993237199437744,11.20592733711357,8.537849399705577,2.668077937407993,14,0.7621733395800903,0.1812012650818361,0.05662539533807378,0.08646400991403774,0.6960274210178761,0.21750856906808627,1787.3379187303722,23.40158796396494,0.28107647303518285,1.463920296694124e-06,4.0695188878074954e-07,0.37543032185148695,3.5417548946686317,1.0298804847061331,0.25677338830675345,0.2567734740840661,7.0995291002468806,10.641283994915511,False,22.082893077278563,12.174195421390047,34.257088498668615,4097.7222880340505,-649.7207891166723,-1392.0495538444825,2055.951945072896,2.7656058954133883e-15,-9.067121974059987e-09,5.690713597535554e-11,34.85150348488499,0.0,12.266541722192464,11.205927422888427,1066.7862215255377,0.7582071792421416,4.1176120215245255,2.139016358314205,9.707142114639282
T2_eq,equilibrium,equilibrium,600.0,,,0.1,0.9,0.75,True,43,direct,9.393286735571427e-09,4056.9551579969043,1064.9960481047392,1.3559527416613402,0.9698161069695567,10024.543304567145,9888.720935962278,4.4731787579009987e-05,7.50014764624533e-05,106.49960481047388,29.322576730546928,20220.33707920589,0.9314823030074171,435.85072701985007,methanation (xi2>0),13859.444433769131,1183.3289423385977,4.970198536377309e-05,8.333497130700774e-05,,,,47.25699170134957,0.0,47.25699170134957,35.92413170055613,8.634560000604536,2.698300000188918,11.332860000793453,0.9886727558763972,0.9996580302639627,11.332859960326676,8.634559969772704,2.6982999905539704,15,0.7601865977431012,0.1827149731481134,0.05709842910878544,0.08646400991404596,0.6960274210178697,0.21750856906808433,1113.8381449519052,11.83331768903379,0.14212997876298483,3.667488864040119e-07,1.3921526334311885e-07,0.1898414622193814,2.2150734896555506,0.520772478176688,0.12984081040337425,0.12984085087013897,8.472853414731246,10.687926904386797,False,23.174680378696337,11.151864592448998,34.32654497114533,4109.806069182457,-769.5308514371458,-1276.683213632585,2063.5920041127256,1.1523357897555784e-15,-1.4247993147490503e-08,7.315481362487239e-11,34.85150348488499,0.0,12.405488216464583,11.332860000793453,1078.8700026739439,0.8276636517188578,4.164254930995812,2.4969696818604294,11.707051038742065
T2_eq,equilibrium,equilibrium,600.0,,,0.05,0.9,0.75,True,48,direct,8.967180617085101e-09,4063.0212539683293,1071.0621440761643,1.3579802078627896,0.9698161069695567,12052.502112625301,11910.219550244465,3.776226842342104e-05,5.239586338014674e-05,113.05655965248386,29.225849572220664,22260.244962741526,0.9399111484135548,466.04561641337557,methanation (xi2>0),15319.068566160613,1190.0690489735152,3.9749755601957286e-05,5.5153538787952627e-05,,,,47.32765194673487,0.0,47.32765194673487,35.93024128997218,8.683741452771576,2.7136692039911177,11.397410656762693,0.9943041212092675,0.9998280413354141,11.397410637555268,8.683741438137346,2.7136691994179203,15,0.7591807290506926,0.18348134929471052,0.057337921654597036,0.08646400991403828,0.6960274210178756,0.21750856906808613,634.3422164539634,5.950356621234395,0.07146973337764631,1.213626079735199e-07,5.566953360736964e-08,0.09546138876341045,1.2637369796469917,0.2618692445439045,0.06529015443325753,0.06529017364232782,9.447909933789715,10.711646913436708,False,23.827454974849996,10.530073555236461,34.357528530086455,4115.951189616057,-844.6996932750999,-1204.244243872436,2067.0072524685206,2.3046715795111567e-16,-1.5522551982729305e-08,6.985445943049248e-11,34.85150348488499,0.0,12.476148461849881,11.397410656762693,1085.0151231075438,0.8586472106599814,4.187974940045722,2.748873896860618,13.707790851593018
T2_eq,equilibrium,equilibrium,600.0,,,0.02,0.9,0.75,True,51,direct,9.379204541355474e-09,4066.694192117222,1074.7350822250569,1.3592078109195123,0.9698161069695571,13556.765298104503,13410.77991730174,3.358710466886228e-05,4.100971044099474e-05,117.02670895339496,28.95853730520609,23771.74315000309,0.9452202970094308,486.5337678928267,methanation (xi2>0),16405.279029082994,1194.150091361172,3.4272555215770745e-05,4.184664202376567e-05,,,,47.37043575894433,0.0,47.37043575894433,35.9339405617459,8.713520150246422,2.722975046952007,11.43649519719843,0.9977138359945958,0.9999309806845278,11.436495189801574,8.713520144610724,2.722975045190852,15,0.7585731478595872,0.18394426829745736,0.05748258384295544,0.08646400991403817,0.6960274210178757,0.21750856906808613,276.66867955315314,2.388304151878008,0.028685921168206754,3.683257850607628e-08,1.919948575050678e-08,0.0383154998314146,0.551757802311843,0.10510687741999926,0.026205613996761443,0.02620562139592561,10.174251246990368,10.726009049302212,False,24.260232551029283,10.114360096929792,34.374592647959076,4119.671975996034,-895.8637348300254,-1154.916166283209,2068.8920748828,6.914014738533471e-16,-1.7723554294753986e-08,7.266413833425153e-11,34.85150348488499,0.0,12.518932274059345,11.43649519719843,1088.7359094875214,0.8757113285326028,4.202337075911226,2.9355258370827415,14.843605041503906
T2_eq,equilibrium,equilibrium,600.0,,,0.01,0.9,0.75,True,49,direct,9.410832123456652e-09,4067.924108785841,1075.9649988936758,1.3596188849427342,0.9698161069695564,14118.903105044446,13971.716157080842,3.2204779827109475e-05,3.7576545837768004e-05,118.35614987830428,28.83066944867237,24336.30366294267,0.9470292998624229,493.80358394104064,methanation (xi2>0),16811.92853166265,1195.5166654374173,3.2530080092468785e-05,3.7956105737603366e-05,,,,47.384762306697155,0.0,47.384762306697155,35.935179296262724,8.723491817473862,2.7260911929605816,11.449583010434441,0.998855609949232,0.999965450853979,11.449583006787428,8.723491814695183,2.7260911920922446,15,0.7583699389968409,0.18409909409764505,0.05753096690551407,0.08646400991404045,0.6960274210178738,0.21750856906808558,142.61518287923684,1.1955185592671227,0.01435937341535741,1.6704103088629618e-08,9.111675585427639e-09,0.019179673863612478,0.2845149471987372,0.0526135762747868,0.013117800760418338,0.013117804410012536,10.446303397478781,10.730818344677518,False,24.412007557405616,9.967985500227963,34.37999305763358,4120.9179150790205,-914.0474304072262,-1137.3809449223081,2069.489539749486,2.3046715795111567e-16,-1.8340663358587286e-08,7.269022667818112e-11,34.85150348488499,0.0,12.533258821812169,11.449583010434441,1089.9818485705077,0.8811117382071032,4.207146371286532,3.005242305154651,14.766531944274902
T2_eq,equilibrium,equilibrium,600.0,,,0.2,0.95,0.75,True,38,direct,7.2089696095146695e-09,4057.5904067540446,1065.6312968618795,1.3561650603240651,0.9698161069695567,7167.313541960695,7094.824959561836,5.2700105310063655e-05,0.00011600579601423228,44.86868618365807,27.619660880131597,17364.35863794051,0.9182332826736617,407.48099969039765,methanation (xi2>0),11774.515712118358,1121.717154591451,6.587513077953617e-05,0.00014500724165094467,,,,47.26439132596346,0.0,47.26439132596346,35.924771445456486,8.639710385148167,2.699909495358802,11.33961988050697,0.9892624842331658,0.9996758323957524,11.339619783725492,8.6397103114099,2.6999094723155936,12,0.7600811209961278,0.18279533638390263,0.05712354261996957,0.08646400991403679,0.6960274210178767,0.21750856906808644,1791.8283854901738,11.217247035978215,0.1347303541491343,1.2763247691975873e-06,3.690324874337207e-07,0.17995708311110659,3.5757917796191654,0.4936598248063652,0.12308093068910275,0.12308102747226189,7.114619435608435,10.690411215227599,False,22.443601559552608,11.817244495179892,34.260846054732504,4110.449593474903,-700.9804105579199,-1342.4565702554578,2067.0126126615255,1.8437372636089254e-15,-8.823701149961205e-09,5.398524145524183e-11,34.85150348488499,0.0,12.412887841078472,11.33961988050697,1079.5135269663901,0.7619647353060301,4.166739241836613,2.1442905177123546,11.823492288589478
T2_eq,equilibrium,equilibrium,600.0,,,0.1,0.95,0.75,True,43,direct,9.01841435279664e-09,4063.3424218840014,1071.3833119918363,1.3580875515476047,0.9698161069695568,10037.967699502235,9958.863033368218,4.036510414898656e-05,6.498511727994428e-05,50.74973583119231,28.354764226610303,20246.343190394906,0.9333759950512095,456.63217621887236,methanation (xi2>0),13818.754617029388,1127.771907359825,4.485011500078547e-05,7.220568375535833e-05,,,,47.3313930355403,0.0,47.3313930355403,35.93056473445042,8.686345372258959,2.714482928830924,11.40082830108988,0.9946022747058544,0.9998370417998571,11.400828256821065,8.686345338530334,2.7144829182907295,13,0.7591275573009146,0.183521861104065,0.05735058159502031,0.08646400991403745,0.6960274210178762,0.2175085690680863,1115.3297443891372,5.6388847366781265,0.06772864457224097,3.1777000293034083e-07,1.2562517413479038e-07,0.09046422354886868,2.2307853194744807,0.2481616783764677,0.061872510107671946,0.06187255437648241,8.482117532074483,10.712902851548964,False,23.54469288794279,10.783789369917459,34.328482257860244,4116.276541461876,-822.7861566511434,-1225.1511340616814,2068.3392507490516,6.914014738533471e-16,-1.3776946007598611e-08,6.867953095479608e-11,34.85150348488499,0.0,12.479889550655315,11.40082830108988,1085.3404749533634,0.8296009384337708,4.189230878157979,2.500181125414892,13.06962776184082
T2_eq,equilibrium,equilibrium,600.0,,,0.05,0.95,0.75,True,48,direct,8.622733847194464e-09,4066.241767869179,1074.2826579770137,1.359056597540109,0.969816106969557,12060.583321365491,11978.661787917361,3.4000508487893596e-05,4.527199491604525e-05,53.71413289885069,28.207264720063982,22274.669982041065,0.9417164282223375,486.84240196901,methanation (xi2>0),15268.83178115179,1130.8238505021188,3.579000838873249e-05,4.765473015234653e-05,,,,47.36516574532508,0.0,47.36516574532508,35.93348488189613,8.709852086422059,2.721828777006893,11.431680863428952,0.9972938360444291,0.9999183005166437,11.43168084269205,8.709852070622514,2.7218287720695358,13,0.758647929067569,0.18388729213899505,0.05746477879343595,0.08646400991403785,0.6960274210178758,0.2175085690680862,634.7675432297627,2.8270697516784944,0.033955934787410394,1.0486185390843345e-07,5.012390751294208e-08,0.04535451758401378,1.2709990612863897,0.12441651270161885,0.031019947768413644,0.031019968505311316,9.453240947357415,10.724240008643804,False,24.195416890390216,10.163077435889523,34.35849432627974,4119.213657910663,-898.0292533431146,-1152.635576236028,2068.54882833152,-2.3046715795111567e-16,-1.501263161413856e-08,6.543826269004664e-11,34.85150348488499,0.0,12.513662260440093,11.431680863428952,1088.27759140215,0.8596130068532659,4.200568035252818,2.7506552141408447,14.238156080245972
T2_eq,equilibrium,equilibrium,600.0,,,0.02,0.95,0.75,True,51,direct,9.028842576553728e-09,4067.988917428006,1076.0298075358407,1.3596405458811978,0.9698161069695567,13559.968581462803,13476.550237346273,3.020415384963553e-05,3.538015628684034e-05,55.50048480974333,27.91774005277804,23777.49680027515,0.9469527232073564,507.1850881378841,methanation (xi2>0),16348.362481094851,1132.6629553008843,3.082056466238031e-05,3.610219922797114e-05,,,,47.38551722296953,0.0,47.38551722296953,35.935244565069866,8.724017263161645,2.7262553947380153,11.450272657899662,0.9989157744319815,0.99996726708402,11.450272649971552,8.724017257121183,2.7262553928503697,13,0.7583592346139638,0.18410724981793225,0.057533515568103835,0.08646400991403963,0.6960274210178745,0.2175085690680858,276.7340526829144,1.1326664843025744,0.013604457142958222,3.17764346536236e-08,1.7265680598536557e-08,0.018171311791892082,0.5544637811936753,0.049847519307672,0.012428153297568644,0.012428161225674353,10.176608006026038,10.731071787219712,False,24.624134886658577,9.75084041881872,34.37497530547729,4120.983567998646,-948.8437158335826,-1103.6426258179476,2068.497226347116,-2.3046715795111567e-16,-1.714577346356425e-08,6.798062541217102e-11,34.85150348488499,0.0,12.534013738084546,11.450272657899662,1090.0475014901335,0.8760939860508188,4.207399813828726,2.93623634404576,14.114537954330444
T2_eq,equilibrium,equilibrium,600.0,,,0.01,0.95,0.75,True,49,direct,9.077929758978043e-09,4068.5725638018175,1076.6134539096524,1.359835617522345,0.9698161069695568,14120.108061646208,14036.22653971481,2.8949797122150706e-05,3.240293111891928e-05,56.09722733529236,27.7841805996763,24338.785954747527,0.948733734948932,514.376504602169,methanation (xi2>0),16752.5655749906,1133.277319904896,2.924221884818081e-05,3.2730232481932956e-05,,,,47.39231576295076,0.0,47.39231576295076,35.93583239812534,8.728749230343174,2.727734134482242,11.456483364825415,0.9994575932431022,0.9999836246689231,11.456483360924416,8.728749227370983,2.727734133553432,13,0.7582628496520823,0.18418068597936585,0.05755646436855182,0.08646400991403938,0.6960274210178746,0.21750856906808586,142.6273541580425,0.5666403431604888,0.006805917161700631,1.4404248440530491e-08,8.190745630216577e-09,0.009090584021617124,0.28582861317237435,0.02493727486214995,0.006217446371762197,0.006217450272757216,10.447525376004723,10.733353989177097,False,24.77401357756908,9.606169911640208,34.38018348920929,4121.574817671351,-966.834615597231,-1086.2928637558716,2068.4473383182485,-9.218686318044627e-16,-1.7774185207592506e-08,6.808759953476814e-11,34.85150348488499,0.0,12.540812278065772,11.456483364825415,1090.6387511628386,0.8813021697828134,4.209682015786111,3.005548838490568,13.723483085632324
T2_eq,equilibrium,equilibrium,600.0,,,0.2,0.99,0.75,True,38,direct,7.012906879895376e-09,4066.917536490567,1074.9584265984017,1.359282459123295,0.969816106969557,7180.922104780444,7145.243782542646,4.890988528101065e-05,0.00010447186679538225,8.686532740189069,26.991574123881584,17396.339903357613,0.9197644162438878,422.5158137077084,methanation (xi2>0),11755.867822337492,1085.8165925236376,6.113735582940916e-05,0.00013058983054679426,,,,47.37303736107859,0.0,47.37303736107859,35.93416540943809,8.715331010773724,2.7235409408667883,11.438871951640511,0.9979211828041504,0.9999372375038423,11.438871846983373,8.71533093103495,2.7235409159484223,11,0.7585362374002751,0.18397239055217124,0.05749137204755352,0.08646400991403543,0.6960274210178777,0.2175085690680868,1795.230526195111,2.1717025255374556,0.026084319034230377,1.1494255964494944e-06,3.424914716802771e-07,0.03483951118771331,3.601202866401494,0.09557445644637788,0.023828859557552137,0.02382896421465382,7.125679955586245,10.726882821987738,False,22.715161268973763,11.548513652376668,34.26367492135043,4119.898229929181,-739.446518698723,-1305.2436302713302,2075.208080959128,6.798781159557913e-15,-8.644995490399844e-09,5.184182788298131e-11,34.85150348488499,0.0,12.521533876193601,11.438871951640511,1088.9621634206683,0.7647936019239552,4.203210848596752,2.1482398213179885,11.099814891815186
T2_eq,equilibrium,equilibrium,600.0,,,0.1,0.99,0.75,True,43,direct,8.748912869026624e-09,4068.036036964503,1076.0769270723379,1.359656294604615,0.9698161069695571,10048.275657370694,10010.860539499541,3.7330355948519496e-05,5.826418016892471e-05,9.782517518839496,27.632448641749182,20265.896692864593,0.9348319721369865,472.10143553919715,methanation (xi2>0),13788.71510489105,1086.9463909821595,4.14781726320771e-05,6.473797613049694e-05,,,,47.386066089658605,0.0,47.386066089658605,35.93529198326385,8.7243993191579,2.726374787236844,11.450774106394743,0.9989595205353948,0.9999685865864312,11.450774059446248,8.724399283387616,2.72637477605863,11,0.758351452138264,0.18411317932322735,0.05753536853850855,0.08646400991403523,0.6960274210178778,0.21750856906808683,1116.4750730411881,1.086969482483363,0.01305559045410767,2.8490536722824526e-07,1.1618036334644789e-07,0.017437880950526893,2.242432760847897,0.04783643995461032,0.0119267048031765,0.01192675175165012,8.488823408905027,10.731256169752925,False,23.82084740924392,10.509080716515243,34.32992812575917,4121.031301372454,-862.4102622407629,-1186.8116068915022,2071.8094322401894,4.378876001071198e-15,-1.3435428772112923e-08,6.544398068323669e-11,34.85150348488499,0.0,12.534562604773619,11.450774106394743,1090.0952348639416,0.8310468063326937,4.207584196361939,2.5025957490015185,12.280624151229858
T2_eq,equilibrium,equilibrium,600.0,,,0.05,0.99,0.75,True,48,direct,8.375281506640706e-09,4068.596150888525,1076.63704099636,1.3598435010146792,0.9698161069695571,12067.040983338815,12029.2588967955,3.139504813735341e-05,4.051031536553074e-05,10.331365544914501,27.45059700569912,22285.765338593174,0.9430976252301374,502.2532070181214,methanation (xi2>0),15232.029729475586,1087.512162622584,3.304741860396745e-05,4.264243606471737e-05,,,,47.39259051451134,0.0,47.39259051451134,35.93585613634318,8.728940478604315,2.7277938995638484,11.456734378168163,0.9994794915153228,0.9999842852304721,11.456734356363835,8.728940461991494,2.7277938943723417,11,0.7582589549972829,0.18418365333540354,0.057557391667313614,0.08646400991403523,0.6960274210178778,0.21750856906808685,635.1074201757272,0.5437653485400968,0.006531165601315102,9.383255099587589e-08,4.6282910438277316e-08,0.00872347881247702,1.2763676808389333,0.023930569223901122,0.005966433029699865,0.005966454834012787,9.457078613224722,10.733446294063654,False,24.46876171765484,9.890450060482772,34.35921177813761,4121.5987120326,-937.5305980308731,-1114.4111764893707,2069.6569375123563,3.3417737902911776e-15,-1.4643813136158804e-08,6.225584210521145e-11,34.85150348488499,0.0,12.541087029626354,11.456734378168163,1090.662645524087,0.8603304587111396,4.209774320672668,2.7520253579130047,14.977185726165771
T2_eq,equilibrium,equilibrium,600.0,,,0.02,0.99,0.75,True,51,direct,8.777249502212377e-09,4068.9324968843675,1076.9733869922027,1.3599559176565812,0.9698161069695571,13562.92380699887,13525.115917184336,2.786571083751845e-05,3.162567759336879e-05,10.660948679316876,27.146832314489064,23782.310701011236,0.9482737626885299,522.4451457281825,methanation (xi2>0),16306.856296878768,1087.8519060527299,2.84343983754798e-05,3.227109866069315e-05,,,,47.39650840349835,0.0,47.39650840349835,35.93619490624424,8.73166742647933,2.72864607077479,11.46031349725412,0.9997917319850784,0.9999937121542687,11.460313488958619,8.731667420158947,2.728646068799671,11,0.7582034231004087,0.18422596335206964,0.057570613547521764,0.08646400991403527,0.696027421017878,0.21750856906808683,276.7943634081402,0.2175736087131073,0.0026132766142531313,2.8404376432787082e-08,1.5928950215487588e-08,0.0034904816257608287,0.5564619120212985,0.009575196945855138,0.002387313943688084,0.002387322239170232,10.178299534685761,10.73476144670706,False,24.89367357496187,9.481585160610022,34.37525873557189,4121.939439687016,-987.9768193808948,-1065.772106697503,2068.190513608618,2.074204421560041e-15,-1.672851661593244e-08,6.461296567294994e-11,34.85150348488499,0.0,12.545004918613365,11.46031349725412,1091.003373178503,0.8763774161454165,4.211089473316074,2.9368308031857047,14.96627402305603
T2_eq,equilibrium,equilibrium,600.0,,,0.01,0.99,0.75,True,49,direct,8.838706978316304e-09,4069.044658585901,1077.085548693736,1.3599934053686167,0.969816106969557,14121.630772268854,14083.849982168798,2.670127533728856e-05,2.8955030308255363e-05,10.770855486937432,27.009830602717578,24341.238603873306,0.9500318869730748,529.5641412344493,methanation (xi2>0),16709.340208459853,1087.9652007007421,2.6970984771052055e-05,2.9247504517408312e-05,,,,47.397814906625,0.0,47.397814906625,35.936307875963784,8.732576785265694,2.728930245395529,11.461507030661222,0.9998958552128203,0.9999968557539045,11.461507026585963,8.732576782160733,2.7289302444252295,11,0.7581849068535027,0.18424007096875983,0.05757502217773745,0.08646400991403559,0.6960274210178777,0.2175085690680868,142.64273507342278,0.10879805908155966,0.001306773487628613,1.2871534634707175e-08,7.55457295148942e-09,0.0017454225714842145,0.2867983996368919,0.004788093782120359,0.0011937805365991158,0.001193784611838894,10.448401615104624,10.735200014741517,False,25.041880130350172,9.338444268643558,34.38032439899373,4122.053062545474,-1005.7884708811525,-1048.5949352057237,2067.6696564585977,2.7656058954133883e-15,-1.736496906796844e-08,6.477592847886627e-11,34.85150348488499,0.0,12.546311421740015,11.461507030661222,1091.1169960369612,0.881443079567255,4.211528041350531,3.00585171131031,15.235790967941284
T2_eq,equilibrium,equilibrium,600.0,,,1.0,0.0,1.0,True,1,once-through,0.0,2991.959109892165,0.0,1.0,0.9698161069695571,0.0,0.0,0.0,0.0,0.0,0.0,8097.950578294656,0.8137175990035082,197.6225935126161,methanation (xi2>0),6777.253490342915,1044.6726437074583,0.0004367991641906364,0.0037523412713796806,,,,34.85150348488499,0.0,34.85150348488499,34.85150348488499,0.0,0.0,0.0,0.0,0.9698100879888052,0.0,0.0,0.0,4,1.0,0.0,0.0,0.08646400991403458,0.6960274210178784,0.217508569068087,4329.717891647208,1044.6772288092204,12.547618195227546,0.00016513678701214838,1.2234744588979725e-05,16.759683222998753,6.523533650267455,45.97520016266498,11.462700811197891,11.46270081119787,0.0,6.523533650267455,False,16.672361365115467,16.82709820403438,33.49945956914984,3030.936066508513,-196.44509421947726,-1826.173109852426,1008.3178624366096,6.914014738533471e-16,5.029057139659196e-16,-2.7398717368972335e-15,,,,,,,,,
T2_eq,equilibrium,equilibrium,600.0,,,0.2,0.9,1.0,True,77,direct,9.590884708643582e-09,4045.026839710227,1053.0677298180617,1.3519659497806493,0.9698161069695569,21226.557229604983,21113.657800808673,1.0045195614594755e-05,5.190324777382904e-06,93.60602042827213,19.29336877155679,31398.85444629305,0.9648283468928947,581.6878642568571,methanation (xi2>0),28789.843841822316,1170.0752553534012,1.2556494312393773e-05,6.487905767561191e-06,,,,47.11804601022617,0.0,47.11804601022617,35.912117892832406,8.537849994204777,2.6680781231889905,11.205928117393768,0.9775992850172706,0.9993237229669856,11.205928070818825,8.537849958719105,2.6680781120997206,14,0.7621733280623146,0.18120127385728413,0.05662539808040129,0.08646400991403815,0.6960274210178757,0.21750856906808616,5306.639307401246,23.40152109618307,0.2810756698862548,5.710525078196106e-08,7.034148229119977e-08,0.3754303464326924,10.64128353160757,1.0298775419219208,0.25677269380121076,0.2567727403786148,0.0,10.64128353160757,False,26.043558416439176,8.254788367194852,34.29834678363403,4097.722357881608,-1135.453577480656,-923.6517572841852,2038.617023116767,-1.6132701056578099e-15,-3.4972894903788096e-08,6.929552559616545e-11,34.85150348488499,0.0,12.266542525341187,11.205928117393768,1066.7862913730955,0.7988872144841892,4.117749881340115,3.8773828196053675,20.311511039733887
T2_eq,equilibrium,equilibrium,600.0,,,0.1,0.9,1.0,True,148,direct,9.440434562295602e-09,4056.9551831798467,1064.9960732876816,1.355952750078214,0.9698161069695567,47834.923267972896,47713.95578417754,3.552060391272338e-06,6.090188207366692e-07,106.49960732876819,14.46785835163331,58030.71709221733,0.9874336237233684,729.1529664577246,methanation (xi2>0),54970.778703966345,1183.3289703196458,3.946733706207629e-06,6.766875577772331e-07,,,,47.256991994690274,0.0,47.256991994690274,35.92413174824596,8.634560187767097,2.6983000586772166,11.332860246444314,0.9886727773068494,0.9996580315910241,11.332860228303973,8.634560173945884,2.6983000543580884,15,0.760186593561069,0.18271497633442368,0.057098430104507394,0.08646400991404599,0.6960274210178697,0.2175085690680843,5314.991474219211,11.833293266358496,0.1421296854222319,2.978034364644453e-09,1.105480128439313e-08,0.1898414667083809,10.68792609565577,0.520771403359171,0.12984056475247158,0.1298405828928038,0.0,10.68792609565577,False,28.853911914122843,5.502367631017139,34.35627954513998,4109.806094693464,-1509.7886367829371,-561.90958748973,2038.1078704207969,1.1523357897555784e-16,-6.917393439247987e-08,4.757525196434169e-11,34.85150348488499,0.0,12.405488509805288,11.332860246444314,1078.870028184951,0.8568199759901347,4.164392445388316,7.166099191536187,43.24993181228638
T2_eq,equilibrium,equilibrium,600.0,,,0.05,0.9,1.0,True,289,direct,9.625315916781385e-09,4063.021264759374,1071.0621548672088,1.3579802114694715,0.9698161069695569,101076.3977178309,100953.00423077271,1.2361188432203103e-06,7.156877426550446e-08,113.05656079153866,10.336917526836467,111284.14058920345,0.9961915096998181,829.9356172243122,methanation (xi2>0),107922.88250838302,1190.0690609635658,1.3011777103049818e-06,7.533554963240061e-08,,,,47.32765207243317,0.0,47.32765207243317,35.930241313835594,8.683741530360052,2.7136692282375163,11.397410758597568,0.9943041300932883,0.9998280419994594,11.397410752385182,8.683741525626806,2.713669226758377,15,0.7591807272640131,0.18348135065599008,0.057337922079996904,0.08646400991403787,0.696027421017876,0.21750856906808624,5319.810406201627,5.950346155964898,0.07146960767929439,1.657721150868729e-10,1.8222994104526784e-09,0.09546138972519236,10.711645080486202,0.2618687839778592,0.06529005259832509,0.06529005881235947,0.0,10.711645080486202,False,30.651046986318466,3.724391366249572,34.37543835256804,4115.951200547679,-1768.2274290426071,-311.8107543705622,2035.9130171345096,-9.218686318044627e-16,-1.4138843358843697e-07,2.857995946214942e-11,34.85150348488499,0.0,12.476148587548181,11.397410758597568,1085.0151340391662,0.8759787834181978,4.188111430218747,13.742259786998938,84.64308190345764
T2_eq,equilibrium,equilibrium,600.0,,,0.02,0.9,1.0,True,93,wegstein,5.100478936380074e-09,4066.6941960638683,1074.7350861717032,1.3592078122385964,0.9698161069695569,260825.7715302499,260701.56060372977,3.3880479960037196e-07,5.279304892590269e-09,117.02670938314091,7.184213709273983,271040.74938992265,0.9993145178839483,901.5304263984729,methanation (xi2>0),267468.4546444098,1194.1500957463372,3.4571915625740295e-07,5.387044970314284e-09,,,,47.37043580491639,0.0,47.37043580491639,35.933940572113556,8.713520177373592,2.7229750554292473,11.436495232802839,0.9977138391007059,0.9999309809730278,11.436495231798705,8.713520176608537,2.7229750551901684,15,0.7585731472073188,0.1839442687944238,0.05748258399825744,0.08646400991403892,0.6960274210178751,0.21750856906808594,5322.974929188775,2.388300324377044,0.028685875196092673,4.741569979959289e-12,1.9367188646543714e-10,0.03831549997211693,10.726007064839168,0.10510670897550933,0.026205578392299738,0.02620557939874483,0.0,10.726007064839168,False,31.87336484346404,2.5092332417719567,34.38259808523599,4119.671979994095,-1953.0256234546691,-132.8137887610485,2033.832567778377,-3.4570073692667354e-16,-1.5396639516841587e-07,1.9591393292254604e-11,34.85150348488499,0.0,12.518932320031404,11.436495232802839,1088.735913485582,0.8831385160861487,4.202473414571713,33.47028939845679,28.172847032546997
T2_eq,equilibrium,equilibrium,600.0,,,0.01,0.9,1.0,True,132,wegstein,8.869905884254092e-09,4067.9241107024523,1075.9650008102872,1.3596188855833216,0.9698161069695568,527083.7454177826,526959.3752308815,1.411849333206423e-07,9.111057293108422e-10,118.35615008913153,6.0140351093567,537301.1459794561,0.9998217762274992,927.4284380854358,methanation (xi2>0),533653.1056904725,1195.5166675669875,1.4261102494378593e-07,9.203085751587147e-10,,,,47.384762329022614,0.0,47.384762329022614,35.93517930159004,8.723491830424825,2.726091197007757,11.449583027432583,0.9988556114321409,0.9999654510022218,11.44958302718253,8.723491830234309,2.726091196948221,15,0.7583699386802707,0.18409909433884133,0.057530966980887915,0.08646400991403969,0.6960274210178745,0.21750856906808577,5324.078236543259,1.1955167005257734,0.014359351090015064,4.050187074872814e-13,3.99453533566787e-11,0.019179673897777142,10.730809095610681,0.052613494473438764,0.013117783762386892,0.013117784015008826,0.0,10.730809095610681,False,32.30483793733431,2.07930707358891,34.38414501092323,4120.917917020602,-2020.1147874802655,-67.7983179333383,2033.004811606998,2.6503723164378304e-15,-6.526587255846305e-07,7.042542487549024e-12,34.85150348488499,0.0,12.533258844137627,11.449583027432583,1089.9818505120888,0.8846854417733852,4.207275445343226,66.35026242560821,37.14767909049988
T2_eq,equilibrium,equilibrium,600.0,,,0.2,0.95,1.0,True,77,direct,9.546809879971825e-09,4057.5904688569085,1065.6313589647434,1.3561650810806536,0.9698161069695566,21274.71061169687,21211.132468342155,9.249132279762353e-06,4.613058590438267e-06,44.86868879851554,18.70941840794367,31471.75583000772,0.9659630161982256,595.9419618352629,methanation (xi2>0),28820.223329975972,1121.7172199628885,1.156141516154034e-05,5.766323057629609e-06,,,,47.26439204936177,0.0,47.26439204936177,35.92477155613486,8.6397108519824,2.6999096412445,11.3396204932269,0.9892625376865308,0.999675835475591,11.339620444575884,8.63971081491496,2.699909629660924,12,0.7600811106861787,0.18279534423910196,0.05712354507471936,0.08646400991403706,0.6960274210178766,0.21750856906808644,5318.677652924218,11.217186807982413,0.13472963075067676,5.0754023876649424e-08,6.476704878903588e-08,0.1799570935986462,10.690410764044447,0.49365717423249805,0.1230803179690253,0.12308036662173572,0.0,10.690410764044447,False,26.296035202844305,8.004941555945559,34.30097675878986,4110.449656386794,-1172.0454891857157,-888.2353386358706,2050.168828565208,-1.2675693687311363e-15,-3.497350455123985e-08,6.698021485362916e-11,34.85150348488499,0.0,12.41288856447678,11.3396204932269,1079.5135898782814,0.8015171896400162,4.166877113776993,3.886385268189096,18.112189054489136
T2_eq,equilibrium,equilibrium,600.0,,,0.1,0.95,1.0,True,148,direct,9.41347454345391e-09,4063.342444412887,1071.3833345207217,1.3580875590774153,0.9698161069695566,47890.21924361266,47825.45553090735,3.2631654023867794e-06,5.406701271456536e-07,50.74973689834999,14.01395935829658,58098.594778883016,0.9879487337576882,739.2554527131133,methanation (xi2>0),55008.81953249924,1127.7719310744435,3.625739279575935e-06,6.007445673610851e-07,,,,47.331393297965505,0.0,47.331393297965505,35.930564782805575,8.686345535359944,2.7144829797999837,11.400828515159928,0.9946022933812128,0.9998370431454323,11.400828496555935,8.686345521185475,2.7144829753704607,13,0.7591275535713843,0.18352186394561196,0.05735058248300373,0.08646400991403817,0.6960274210178756,0.2175085690680861,5321.135471512518,5.6388628879441915,0.06772838214709767,2.6438168472836744e-09,1.0155695880094854e-08,0.09046422545113654,10.712902038923248,0.24816071683553595,0.06187229603769223,0.06187231464166926,0.0,10.712902038923248,False,29.02744582022142,5.329742280186133,34.357188100407555,4116.276564284248,-1535.835416917661,-536.6843970505023,2043.7567503160844,2.074204421560041e-15,-6.91381028632655e-08,4.555763424226219e-11,34.85150348488499,0.0,12.479889813080518,11.400828515159928,1085.340497775735,0.8577285312577132,4.189368388655794,7.174481273645656,30.479403972625732
T2_eq,equilibrium,equilibrium,600.0,,,0.05,0.95,1.0,True,289,direct,9.612797029188434e-09,4066.2417774908636,1074.2826675986985,1.3590566007559566,0.9698161069695567,101135.45878222107,101071.68909012961,1.1398533325904048e-06,6.412344742779501e-08,53.71413337993507,10.055550804874681,111349.54546184957,0.99636858136781,835.987380287813,methanation (xi2>0),107970.54226104502,1130.8238606302086,1.1998455955180856e-06,6.749836373554983e-08,,,,47.36516585740217,0.0,47.36516585740217,35.93348490670849,8.709852152909468,2.721828797784209,11.431680950693679,0.9972938436573581,0.9999183012070955,11.431680945078517,8.709852148631251,2.7218287964472663,13,0.7586479274770239,0.1838872933508389,0.05746477917213715,0.08646400991403881,0.6960274210178752,0.21750856906808597,5322.918883274794,2.8270604204810823,0.03395582271039828,1.485267788342016e-10,1.6803837813609074e-09,0.045354517990226224,10.724238168721122,0.12441610204495196,0.031019860503782883,0.03101986611892706,0.0,10.724238168721122,False,30.75269019549611,3.623014937209655,34.37570513270577,4119.213667657689,-1783.8816049202728,-296.64349986276414,2038.6885628746522,1.498036526682252e-15,-1.4137091687951382e-07,2.722991744500784e-11,34.85150348488499,0.0,12.513662372517182,11.431680950693679,1088.2776011491765,0.8762455635559263,4.2007045184536675,13.750336506165567,59.33056712150574
T2_eq,equilibrium,equilibrium,600.0,,,0.02,0.95,1.0,True,93,wegstein,4.93459937123586e-09,4067.988920939587,1076.0298110474216,1.3596405470548705,0.9698161069695568,260887.17041848708,260824.61305476713,3.153620533295453e-07,4.824639908183366e-09,55.500484990867164,7.056875635910882,271104.6986442166,0.999348877079103,904.2265792662513,methanation (xi2>0),267524.5404519155,1132.662958997286,3.217979886922268e-07,4.923101187782364e-09,,,,47.38551726387378,0.0,47.38551726387378,35.935244575629106,8.724017286281649,2.7262554019630163,11.450272688244665,0.9989157770792636,0.999967267377851,11.450272687339071,8.724017285591673,2.7262554017473977,13,0.7583592340339684,0.18410725025983354,0.05753351570619798,0.08646400991403928,0.6960274210178748,0.21750856906808586,5324.227967724226,1.1326630787128857,0.01360441623842047,4.33321587182126e-12,1.8027124721960334e-10,0.018171311851193507,10.731069794253276,0.049847369431075386,0.012428122952293756,0.012428123857906967,0.0,10.731069794253276,False,31.91788707989465,2.464757821549403,34.38264490144406,4120.983571555974,-1960.0171323049813,-126.03743651429917,2034.9290027366935,-6.337846843655682e-15,-1.5396285647235954e-07,1.8620763948244228e-11,34.85150348488499,0.0,12.534013778988793,11.450272688244665,1090.047505047461,0.883185332294218,4.207536143985822,33.47818636617419,19.040395975112915
T2_eq,equilibrium,equilibrium,600.0,,,0.01,0.95,1.0,True,132,wegstein,8.867766077677835e-09,4068.5725655059077,1076.6134556137426,1.3598356180919016,0.9698161069695569,527145.9380991715,527083.8930789663,1.3229763625912494e-07,8.441500639902093e-10,56.0972274240846,5.947791246101507,537364.6159956295,0.9998309320133132,928.824979083128,methanation (xi2>0),533712.510744571,1133.2773216986768,1.3363395852160662e-07,8.526766094615032e-10,,,,47.39231578280068,0.0,47.39231578280068,35.935832403515654,8.728749241360012,2.7277341379250046,11.456483379285016,0.9994575945045501,0.9999836248189189,11.456483379058021,8.728749241187064,2.727734137870958,13,0.7582628493707047,0.18418068619374892,0.05755646443554653,0.08646400991403931,0.6960274210178748,0.21750856906808588,5324.706445446177,0.5666386905141694,0.006805897311765688,3.7525454713277903e-13,3.743087668301101e-11,0.009090584036005952,10.733344731789861,0.024937202130838082,0.006217431912135027,0.006217432139127246,0.0,10.733344731789861,False,32.32775330534122,2.056403759947172,34.38415706528839,4121.5748193976415,-2023.7395813246662,-64.28462562866211,2033.5506124443132,-1.2675693687311363e-15,-6.526556242908189e-07,6.687788660049895e-12,34.85150348488499,0.0,12.540812297915693,11.456483379285016,1090.6387528891287,0.8846974961385499,4.209811081522407,66.35810021315206,27.098112106323242
T2_eq,equilibrium,equilibrium,600.0,,,0.2,0.99,1.0,True,77,direct,9.514350809146144e-09,4066.9175938160806,1074.9584839239158,1.3592824782831536,0.9698161069695572,21310.456412393385,21283.496782593327,8.682318236532691e-06,4.214980945253933e-06,8.686533203425643,18.273062887963714,31525.874323891097,0.9668211769228462,606.583470220127,methanation (xi2>0),28842.587065161235,1085.816650428196,1.085289762000868e-05,5.268726017442862e-06,,,,47.37303802882847,0.0,47.37303802882847,35.9341655216637,8.7153314340303,2.723541073134469,11.438872507164769,0.997921231267795,0.9999372406267358,11.438872456996933,8.715331395807187,2.7235410611897466,10,0.7585362279270352,0.18397239776987798,0.05749137430308687,0.0864640099140348,0.6960274210178782,0.21750856906808694,5327.614103098346,2.17164693065184,0.026083651284059248,4.637427410492008e-08,6.079793345132017e-08,0.0348395130456394,10.726882378427037,0.09557200977105683,0.023828304031244554,0.023828354200840122,0.0,10.726882378427037,False,26.484697880401345,7.818244120640395,34.302942001041735,4119.8982880014855,-1199.3591967299922,-861.7996457588836,2058.7394455126096,5.761678948777892e-16,-3.4973965212873844e-08,6.523706080467189e-11,34.85150348488499,0.0,12.521534543943481,11.438872507164769,1088.9622214929727,0.8034824318918936,4.2033487281595825,3.893068254626236,15.770635843276978
T2_eq,equilibrium,equilibrium,600.0,,,0.1,0.99,1.0,True,148,direct,9.393706691830035e-09,4068.036057659411,1076.0769477672459,1.359656301521457,0.9698161069695572,47930.851521747914,47907.389973506666,3.058934101846188e-06,4.938715318320554e-07,9.782517706974955,13.679015255645732,58148.47259800692,0.9883316604245199,746.7076452066253,methanation (xi2>0),55036.68531376133,1086.946411886106,3.3988156161484017e-06,5.487461298014347e-07,,,,47.38606633072093,0.0,47.38606633072093,35.935292032119314,8.724399465601227,2.7263748330003836,11.450774298601614,0.9989595373034211,0.9999685879459284,11.450774279665369,8.724399451173614,2.7263748284917546,11,0.758351448720239,0.1841131819274369,0.05753536935232403,0.08646400991403497,0.6960274210178783,0.2175085690680869,5325.650169083102,1.086949412345137,0.01305534939167744,2.4149769160441032e-09,9.52008268807908e-09,0.0174378812858888,10.731255354065494,0.047835556687897136,0.011926512596218644,0.011926531532444254,0.0,10.731255354065494,False,29.15550109087454,5.2023574565233055,34.357858547397846,4121.031322336959,-1555.0479464940518,-518.0780388982921,2047.9053369446156,2.304671579511157e-15,-6.911150342569528e-08,4.4063570271646314e-11,34.85150348488499,0.0,12.534562845835943,11.450774298601614,1090.0952558284466,0.8583989782480046,4.20772170379804,7.180640587491999,30.24449896812439
T2_eq,equilibrium,equilibrium,600.0,,,0.05,0.99,1.0,True,289,direct,9.603660652717192e-09,4068.596159705995,1076.63704981383,1.359843503961735,0.9698161069695571,101178.6353994633,101158.45462888411,1.0718303495945912e-06,5.900992780353506e-08,10.331365629526681,9.849397625056412,111397.35977208642,0.9964988363162676,840.4209133812707,methanation (xi2>0),108005.35597566704,1087.5121715291218,1.1282424566921709e-06,6.211571166888088e-08,,,,47.39259061722066,0.0,47.39259061722066,35.935856161832035,8.72894053743895,2.727793917949672,11.456734455388622,0.999479498251995,0.9999842859397486,11.45673445019249,8.728940533479992,2.727793916712498,11,0.7582589535413675,0.18418365444467238,0.057557392013960124,0.08646400991403527,0.696027421017878,0.21750856906808688,5325.191336813858,0.5437567972505947,0.006531062891776892,1.366825217213566e-10,1.580103583797079e-09,0.00872347888392087,10.733444449043704,0.023930192890201422,0.0059663558090284384,0.005966361005153108,0.0,10.733444449043704,False,30.827162651341197,3.548737947169614,34.37590059851081,4121.598720964936,-1795.349695978973,-285.53214999294846,2040.7168749930145,-1.2675693687311363e-15,-1.4135804488203843e-07,2.6237488251960412e-11,34.85150348488499,0.0,12.541087132335676,11.456734455388622,1090.6626544564228,0.8764410293609686,4.209910798776249,13.756241001355376,59.193334102630615
T2_eq,equilibrium,equilibrium,600.0,,,0.02,0.99,1.0,True,93,wegstein,4.8092969852336935e-09,4068.932500097658,1076.9733902054927,1.3599559187305565,0.9698161069695573,260931.9170718943,260914.2921289476,2.986908295223637e-07,4.507895318509103e-09,10.660948711125092,6.963991375362291,271151.30397223623,0.9993739809784771,906.1931914069719,methanation (xi2>0),267565.41002191434,1087.8519092984768,3.0478653730835816e-07,4.599892477506962e-09,,,,47.39650844092802,0.0,47.39650844092802,35.93619491694059,8.731667446847556,2.728646077139862,11.46031352398742,0.9997917343172774,0.9999937124519154,11.46031352315196,8.731667446211018,2.7286460769409433,11,0.7582034225699269,0.18422596375624614,0.05757061367382692,0.08646400991403477,0.6960274210178783,0.21750856906808694,5325.141164732538,0.21757049241440918,0.002613239184389469,4.048733981066676e-12,1.7074143132492668e-10,0.0034904816361750993,10.734759447590989,0.009575059800665734,0.0023872872101872626,0.0023872880456426737,0.0,10.734759447590989,False,31.95036295218813,2.4323160984205177,34.382679050608644,4121.939442942166,-1965.116830655348,-121.09467834724144,2035.7279339395768,-2.074204421560041e-15,-1.5396025028922333e-07,1.7908159046934696e-11,34.85150348488499,0.0,12.54500495604303,11.46031352398742,1091.0033764336536,0.8832194814588021,4.211225797323534,33.48394156652631,19.124540090560913
T2_eq,equilibrium,equilibrium,600.0,,,0.01,0.99,1.0,True,132,wegstein,8.866210572930894e-09,4069.0446601444064,1077.0855502522415,1.3599934058895147,0.9698161069695568,527191.2162245206,527174.5458248609,1.2593404712310256e-07,7.968905557372089e-10,10.770855502522451,5.899542738657404,537410.8240591951,0.9998376061322674,929.8421377384084,methanation (xi2>0),533755.758116626,1087.965202274991,1.2720609164260937e-07,8.049397460824951e-10,,,,47.397814924779055,0.0,47.397814924779055,35.93630788139952,8.732576794955843,2.7289302484237004,11.461507043379545,0.9998958563223601,0.9999968559051642,11.461507043170357,8.732576794796461,2.728930248373894,11,0.7581849065962236,0.18424007116478203,0.057575022238994376,0.08646400991403612,0.6960274210178772,0.2175085690680866,5325.163800247682,0.10879654760371493,0.00130675533326822,3.5424602492362454e-13,3.563043090826367e-11,0.0017454225740097746,10.735190751342621,0.00478802726349189,0.0011937678179850674,0.001193768027177297,0.0,10.735190751342621,False,32.344443640860625,2.0397222041863183,34.384165845046944,4122.053064124282,-2026.3796713362178,-61.72545582033511,2033.947936967729,-3.687474527217851e-15,-6.526532803730125e-07,6.42893034334217e-12,34.85150348488499,0.0,12.546311439894069,11.461507043379545,1091.1169976157694,0.884706275897102,4.211657101075167,66.3638063560976,27.85728430747986
T2_eq,equilibrium,equilibrium,650.0,,,1.0,0.0,0.35,True,1,once-through,0.0,2991.959109892165,0.0,1.0,0.9698161069695571,0.0,0.0,0.0,0.0,0.0,0.0,8097.950578294656,0.8137175990035082,197.6225935126161,methanation (xi2>0),3082.7385082968694,806.9327572388999,2.3319268618704583,112.50260835734483,,,,34.85150348488499,1.4761611489377178,36.32766463382271,34.851530918653594,1.1246733067955137,0.351460408373598,1.4761337151691116,0.12877713023156837,0.9698108513861593,1.348526336721254,1.027448637501908,0.32107769921934626,4,1.0,0.0,0.0,0.08646400991403458,0.6960274210178784,0.217508569068087,1203.7271163690464,921.7764587702804,11.071457046289837,4.951127291198389,0.06531727140099153,12.94562222438367,0.4922278229837842,40.56646017402127,9.986567096028788,10.114174474476625,7.448142203804828,7.940370026788613,False,16.672361365115467,12.9365293883747,29.608890753490165,3030.936066508513,-196.44509421947726,-1478.5168102374107,1355.974162051625,9.218686318044627e-16,-6.286321424573996e-16,-5.9562429062983335e-15,,,,,,,,,
T2_eq,equilibrium,equilibrium,650.0,,,0.2,0.9,0.35,True,27,direct,6.605681486448981e-09,4039.0852220796146,1047.1261121874495,1.3499800878713177,0.9698161069695568,535.7303131602363,382.80031813215436,0.771816890332592,22.797577535730998,93.0778766388843,36.27883473822694,10696.323653440646,0.8478916373466683,215.67028446925838,methanation (xi2>0),4044.038613306862,1163.4734577683255,0.9647711082011486,28.496971731421826,,,,47.04883573697259,0.0,47.04883573697259,35.91211379022763,8.485121483234252,2.651600463510705,11.136721946744958,0.9715617750282458,0.9993236088041202,11.142701995318008,8.489677710718482,2.653024284599526,30,0.7631673170912985,0.18044394888282012,0.05638873402588129,0.08646400991403862,0.6960274210178753,0.21750856906808602,133.93257829005907,29.16376222404083,0.3502859480729544,0.2508246474424964,0.005404647774553975,0.3733120937294052,0.1929313603386058,1.283468011717813,0.3259788691584701,0.319998820386026,10.472248150118242,10.665179510456849,False,18.490897151476265,15.522126183153972,34.01302333463024,4091.7033373975087,-222.11283400378827,-1804.2038910093036,2065.3866123844173,1.0407458965472278e-10,-4.271215946641103e-11,2.0326143504689756e-10,36.32766463382271,1.4761337151691116,10.721171103149885,9.660588231575845,1060.7672708889959,4.404132581140075,2.7248094836682357,1.3208679838218005,6.980540990829468
T2_eq,equilibrium,equilibrium,650.0,,,0.1,0.9,0.35,True,25,direct,9.029561560340465e-09,4054.053592382498,1062.0944824903333,1.3549829538040086,0.9698161069695572,614.0520073833446,441.03937401931444,0.8504955100330398,24.75683860157174,106.2094482490334,41.191455689958836,10804.130239984388,0.8481523564362019,211.48788252394598,methanation (xi2>0),4094.0599865179443,1180.1049802820803,0.9449950048519122,27.50759819780927,,,,47.2231931364602,0.0,47.2231931364602,35.92412970962359,8.60881022997076,2.6902531968658625,11.299063426836623,0.9857243605101138,0.9996579748624373,11.301983754886939,8.61103524181862,2.6909485130683186,32,0.7606687942039889,0.18234758536838944,0.05698362042762171,0.08646400991404665,0.6960274210178692,0.2175085690680841,68.22800082037162,14.647285810284187,0.17592854986732334,0.12105819000184122,0.0026469310262250494,0.18932424202880477,0.09879281978032645,0.6446124012247967,0.16363739030257757,0.16071706198743124,10.600542903921324,10.69933572370165,False,18.53617842063916,15.665797120268438,34.201975540907604,4106.866704188812,-210.46182877851626,-1822.0734413116663,2074.33143409863,1.3112117820965493e-10,-7.407952038432186e-11,2.6798113659272834e-10,36.32766463382271,1.4761337151691116,10.895528502637497,9.822929711667511,1075.9306376802992,4.593084787417439,2.7589656969130365,1.334180807295026,6.592112064361572
T2_eq,equilibrium,equilibrium,650.0,,,0.05,0.9,0.35,True,26,direct,9.318263925162837e-09,4061.595030491651,1069.6359205994859,1.3575035223786989,0.9698161069695566,654.8021658252568,471.7915049125812,0.8850212708831352,25.536617080270563,112.90601384105672,43.67836544917797,10859.735622214303,0.8483284820713214,209.39843991272124,methanation (xi2>0),4119.645834485139,1188.484355962426,0.9316013313741649,26.880649307698555,,,,47.31103874092489,0.0,47.31103874092489,35.93024029169206,8.67108453274883,2.7097139164840094,11.380798449232838,0.992854880947005,0.9998280135563506,11.38223387613709,8.672178191342546,2.7100556847945456,33,0.7594169525960703,0.18330136945061312,0.0572816779533166,0.08646400991403969,0.6960274210178745,0.21750856906808577,34.46327188553983,7.333523052779508,0.08808294538693467,0.05914952532029618,0.0013047076735492958,0.09533427263431964,0.050059561784408624,0.3227410160297734,0.08190236789467724,0.08046694072374093,10.667131094999254,10.717190656783664,False,18.557245705795925,15.737315068419676,34.2945607742156,4114.506386389946,-204.69166385299823,-1830.8039021788018,2079.010820358146,1.3078999690367917e-10,-8.268360851813629e-11,2.702870364714727e-10,36.32766463382271,1.4761337151691116,10.983374107102186,9.904664734063726,1083.570319881433,4.685670020725432,2.7768206299950515,1.3410474066515294,7.175939083099365
T2_eq,equilibrium,equilibrium,650.0,,,0.02,0.9,0.35,True,27,direct,6.747663868770292e-09,4066.130708690298,1074.171598798133,1.359019478323301,0.9698161069695568,679.853672441045,490.8746197253533,0.9037690760903291,25.92534603387158,116.96535186912992,45.17979631212583,10893.721567288121,0.8484520087203026,208.14886132724297,methanation (xi2>0),4135.197667910634,1193.5239984813409,0.92221333836671,26.454434549934756,,,,47.36387208481114,0.0,47.36387208481114,35.93394016117533,8.708519560865385,2.721412362770433,11.429931923635817,0.9971412594551993,0.9999309695378815,11.430499037253634,8.708951647431343,2.7215473898222933,33,0.7586662885841375,0.1838733039358952,0.05746040747996723,0.08646400991404057,0.696027421017874,0.21750856906808558,13.874564743694796,2.9347764300891623,0.03524959970180092,0.023284664359278662,0.0005166239147202065,0.03829541102115207,0.02019598435441454,0.12915657591179394,0.03276889177198138,0.03220177796371845,10.707988251720284,10.728184236074698,False,18.56926766303155,15.779965896568001,34.349233559599554,4119.101151937678,-201.2604084713664,-1835.9474309193872,2081.893312546925,9.283804813523715e-11,-6.240758166888683e-11,1.9266635104031594e-10,36.32766463382271,1.4761337151691116,11.036207450988435,9.953798208466704,1088.1650854291652,4.740342806109389,2.7878142092860854,1.3452442642076763,7.64638090133667
T2_eq,equilibrium,equilibrium,650.0,,,0.01,0.9,0.35,True,25,direct,9.40432052453811e-09,4067.64363616858,1075.6845262764152,1.3595251428135942,0.969816106969557,688.3141954592305,497.3523721436952,0.909648485547396,26.04027894793591,118.32529789040552,45.68176038826075,10905.162274714055,0.8484964773266288,207.73339132836975,methanation (xi2>0),4140.416784624503,1195.2050289425663,0.918836847726242,26.303311821257353,,,,47.38149525255679,0.0,47.38149525255679,35.935179095863774,8.721002786051821,2.7253133706411945,11.446316156693017,0.9985706113441707,0.999965445277493,11.446598435248557,8.721217855427472,2.725380579821085,33,0.7584162683293353,0.18406379555860178,0.05751993611206305,0.08646400991404063,0.6960274210178738,0.21750856906808558,6.952668641002329,1.4675242400995883,0.017626433647836157,0.011575824608279914,0.00025736620283012686,0.019174674283391674,0.010127902850926157,0.06458427428254278,0.016384660333581286,0.01610238151416047,10.721770743007925,10.73189864585885,False,18.57316150660589,15.794122577373379,34.367284083979264,4120.633788678861,-200.12314888396827,-1837.643182952314,2082.867456842578,1.2852807698196797e-10,-8.813271765538552e-11,2.6701265149616423e-10,36.32766463382271,1.4761337151691116,11.053830618734082,9.970182441523905,1089.6977221703478,4.758393330489099,2.7915286190702373,1.346657054680441,7.217001914978027
T2_eq,equilibrium,equilibrium,650.0,,,0.2,0.95,0.35,True,24,direct,5.416191736320864e-09,4054.139302817047,1062.1801929248818,1.3550116007311224,0.9698161069695572,525.9064452266066,431.90888301566315,0.5048630723822869,13.022045095642966,44.723376544205536,35.7440942673551,10716.15351136679,0.851371773374647,239.85087913157216,methanation (xi2>0),3990.771481940377,1118.0844134817166,0.6310788379873219,16.27755628139134,,,,47.22419152494034,0.0,47.22419152494034,35.92476724157697,8.609085168276854,2.6903391150865166,11.29942428336337,0.9857558414440307,0.9996757154147229,11.30289581869599,8.611730147577896,2.691165671118093,31,0.7606545405287324,0.18235844531144205,0.056987014159825634,0.08646400991403945,0.6960274210178746,0.21750856906808583,131.47661130665165,14.56416266285415,0.17493015774354118,0.14327179565353781,0.0035353036643569636,0.17937428247467235,0.21768207703989423,0.6409542346295483,0.1632765302772129,0.1598049948501391,10.486251555409321,10.703933632449214,False,18.811352939894686,15.293334130767686,34.104687070662365,4106.953531193394,-286.9498472099382,-1746.001381372262,2074.002302611194,5.4249433842955175e-11,-6.441782153403711e-11,9.69154578266777e-11,36.32766463382271,1.4761337151691116,10.896526891117631,9.823290568194258,1076.0174646848814,4.4957963171722,2.763563605660601,1.3233167340005552,7.034570932388306
T2_eq,equilibrium,equilibrium,650.0,,,0.1,0.95,0.35,True,21,direct,9.371928062255123e-09,4061.8018192882882,1069.8427093961232,1.357572637225875,0.9698161069695571,610.5712106963849,505.97747060953037,0.522029676255364,12.991026361001925,50.6767599187637,40.40043534137936,10815.912002371673,0.8520575488336555,238.94086868946536,methanation (xi2>0),4029.020974919145,1126.1502202359552,0.5800329696710845,14.434473599167733,,,,47.313447497262125,0.0,47.313447497262125,35.930562610356795,8.672674199546924,2.710210687358414,11.382884886905337,0.9930369006740192,0.9998369826928682,11.384434361742658,8.67385475180393,2.7105796099387285,33,0.7593826921531889,0.18332747264518948,0.05728983520162171,0.08646400991403586,0.6960274210178774,0.21750856906808672,67.84124563293165,7.132976995838405,0.08567418669701507,0.06352467545792596,0.001624672359101416,0.09033413993074732,0.11333895341653481,0.31391518460985235,0.07981592795080564,0.0782664529690674,10.60553136311342,10.718870316529953,False,18.88635994625205,15.36495889741278,34.251318843664826,4114.715869072983,-284.3242091008027,-1752.553988988704,2077.837670983476,8.115416986216842e-11,-1.3046254305275397e-10,1.4918053633058058e-10,36.32766463382271,1.4761337151691116,10.985782863439418,9.906751171736225,1083.7798025644702,4.642428090174661,2.7785002897413404,1.335635713974608,6.233787775039673
T2_eq,equilibrium,equilibrium,650.0,,,0.05,0.95,0.35,True,22,direct,6.033122639622474e-09,4065.5207480139206,1073.5616381217555,1.3588156116747359,0.9698161069695568,656.0662909082595,546.3379732824804,0.5246758642563563,12.790115820467687,53.67808190608782,42.73181894140438,10868.732677207718,0.8524659898386548,238.56753945607522,methanation (xi2>0),4049.010357352418,1130.0648821251862,0.5522903810136036,13.463279729793,,,,47.3567670255982,0.0,47.3567670255982,35.93348380707051,8.703453880783007,2.719829337744689,11.423283218527695,0.9965612299126305,0.9999182706075544,11.42400830995116,8.704006331391362,2.7200019785598,34,0.7587671408443902,0.1837964641185599,0.05743639503704997,0.08646400991403717,0.6960274210178765,0.2175085690680864,34.52980478464524,3.526322272842529,0.04235465681911161,0.02962527406015592,0.0007734826819905547,0.04532407726417721,0.057969334428288465,0.15518991690552686,0.03941759486242001,0.03869250335199831,10.66904726130272,10.72701659573101,False,18.923696937325477,15.396274362345878,34.31997129967135,4118.483245159783,-283.2623135003203,-1755.2879072377252,2079.933024421737,4.862568948821102e-11,-8.971800219223459e-11,8.981061303832879e-11,36.32766463382271,1.4761337151691116,11.029102391775496,9.947149503358583,1087.5471786512703,4.711080546181186,2.7866465689423974,1.3421584352885196,6.514236211776733
T2_eq,equilibrium,equilibrium,650.0,,,0.02,0.95,0.35,True,22,direct,6.578841024826823e-09,4067.7126499989986,1075.7535401068335,1.3595482092486235,0.9698161069695569,684.5612857483259,571.8056830177555,0.5242929282805114,12.611158228444664,55.486235226563025,44.1302154447971,10901.54530935229,0.8527342635114145,238.375583463267,methanation (xi2>0),4061.3371296035284,1132.3721473679038,0.5349927814126534,12.868528719875366,,,,47.38229915249757,0.0,47.38229915249757,35.935244131090734,8.72156573059569,2.725489290811154,11.447055021406843,0.9986350695138461,0.9999672550077161,11.447332826777133,8.7217773918302,2.7255554349469366,35,0.7584048678192152,0.18407248166155027,0.05752265051923444,0.08646400991403715,0.6960274210178764,0.2175085690680864,13.97063848465971,1.4005936241315387,0.01682253001944391,0.011326621683175941,0.000299702957574227,0.01816664636203573,0.02352571952987337,0.06163872480440489,0.015645792078096483,0.015367986617063524,10.708606323519284,10.732132043049155,False,18.946170598973954,15.413378358293459,34.359548957267414,4120.703701568716,-282.7196566576866,-1756.734518364144,2081.249526546885,5.0729163238830854e-11,-1.0161813437538166e-10,9.378700080257356e-11,36.32766463382271,1.4761337151691116,11.054634518674867,9.97092130623773,1089.7676350602028,4.750658203777249,2.7917620162605425,1.346210402737237,6.766924142837524
T2_eq,equilibrium,equilibrium,650.0,,,0.01,0.95,0.35,True,21,direct,5.612138737343931e-09,4068.43647554743,1076.477365655265,1.3597901328584878,0.9698161069695571,694.2770648082248,580.5212433797265,0.5238341478550568,12.541986865702881,56.090136420984905,44.59613887529214,10912.686889479548,0.8528277504299869,238.31750079288668,methanation (xi2>0),4065.5071192576283,1133.1340690158302,0.5291253997256771,12.668673530621728,,,,47.390730554029844,0.0,47.390730554029844,35.93583218039439,8.727541618007965,2.72735675562749,11.454898373635455,0.9993193194439279,0.9999836186101406,11.455035215523715,8.72764587849426,2.7273893370294555,35,0.7582853211671023,0.18416356482506493,0.05755111400783278,0.08646400991403674,0.6960274210178768,0.21750856906808652,7.012899644527523,0.6986202733563601,0.008391128103283243,0.005575356565380991,0.0001482080250648499,0.009089434935372332,0.011821523501550793,0.03074557961014005,0.00780243948431636,0.007665597519771008,10.722054254223325,10.733875777724876,False,18.953687230010186,15.41877716451027,34.372464394520456,4121.436956563195,-282.55583123017027,-1757.1827564911707,2081.698368841854,4.2629971140533774e-11,-8.777527741918424e-11,7.881824762989709e-11,36.32766463382271,1.4761337151691116,11.063065920207137,9.978764658466343,1090.5008900546823,4.763573641030291,2.793505750936263,1.3475862545678372,6.512736797332764
T2_eq,equilibrium,equilibrium,650.0,,,0.2,0.99,0.35,True,23,direct,3.8046125078595514e-09,4064.6458118892824,1072.6867019971176,1.3585231825029116,0.9698161069695568,526.1091299521278,473.4178787946069,0.36515395264514267,8.460592755542697,8.668175369673737,35.19460177050642,10737.052055587506,0.8538092840970939,258.2560626627505,methanation (xi2>0),3954.0203162603416,1083.5219211521178,0.4564424395544247,10.575740904191774,,,,47.34657542929728,0.0,47.34657542929728,35.93416107314678,8.69517284278133,2.717241513369166,11.412414356150498,0.9956130360658033,0.9999371168382001,11.414697919933587,8.69691270090178,2.717785219031806,31,0.7589118575855782,0.18368620374432137,0.057401938670100426,0.08646400991403742,0.6960274210178763,0.21750856906808635,131.52728248803191,4.374844059561488,0.05254625199939303,0.09308555664466964,0.002556990553397611,0.034765884363918934,0.2386026109124819,0.1925325122172415,0.050286456172062295,0.048002892345572,10.49700699640045,10.735609607312933,False,19.090648010663514,15.058230332329483,34.148878342992994,4117.596911036001,-335.39855827820526,-1701.1367628891494,2081.0615898686465,2.4982985622637867e-11,-6.263816393874021e-11,4.502752862360164e-11,36.32766463382271,1.4761337151691116,11.018910795474575,9.936280640981385,1086.6608445274883,4.539987589502829,2.7952395805243198,1.3258974541492716,7.266525030136108
T2_eq,equilibrium,equilibrium,650.0,,,0.1,0.99,0.35,True,20,direct,5.5592617692344476e-09,4067.0725404697096,1075.1134305775445,1.359334265974074,0.9698161069695567,617.219163972984,559.3955822255687,0.36446942063602666,8.048307750667025,9.773758459795932,39.63411168167246,10832.942291423085,0.8547058896886097,259.66303014400114,methanation (xi2>0),3985.18831449479,1085.9731621306248,0.40496602131234943,8.94256411769375,,,,47.374842907719035,0.0,47.374842907719035,35.93528978418886,8.71584999888013,2.723703124650039,11.439553123530168,0.9979806078821383,0.9999685253929418,11.440521278820759,8.716587641006294,2.7239336378144667,34,0.7585106234313931,0.18399190595703385,0.05749747061157308,0.08646400991403791,0.6960274210178758,0.21750856906808622,68.57990710810934,2.02137822312195,0.024278773837917742,0.039355330644345016,0.0011343098302239007,0.017422267441167347,0.1253046104185274,0.0889588342213739,0.02314768904043356,0.022179533696095335,10.609640992539568,10.734945602958094,False,19.199442259487355,15.073513238989205,34.27295549847656,4120.055253181697,-338.84470960861415,-1700.4796847686548,2080.7308588044275,3.04743265951391e-11,-1.0292908384526231e-10,5.6122817909454174e-11,36.32766463382271,1.4761337151691116,11.047178273896328,9.963419408361055,1089.1191866731838,4.664064744986398,2.794575576169481,1.33773875089571,6.198786020278931
T2_eq,equilibrium,equilibrium,650.0,,,0.05,0.99,0.35,True,20,direct,7.517848554541419e-09,4068.1565756019727,1076.1974657098078,1.3596965821329676,0.969816106969557,666.8947904024658,606.6254244115046,0.3599673507485597,7.738174483546156,10.32714739822536,41.841055703739436,10884.753264486826,0.8552236547740448,260.48232271840055,methanation (xi2>0),4001.947605550926,1087.0681470968052,0.3789129987467958,8.145446763549192,,,,47.38747017059335,0.0,47.38747017059335,35.935855021209996,8.725040113815895,2.726575035567468,11.451615149383365,0.9990328926841121,0.9999842541997472,11.452056737912706,8.725376562219205,2.7266801756935015,35,0.758331544252401,0.1841283472362659,0.057540108511333087,0.0864640099140372,0.6960274210178764,0.21750856906808638,35.099725810656096,0.9700700439710214,0.011651511298135936,0.017923648465599094,0.0005306676576035346,0.00871991714261734,0.06436615029545228,0.042691812565120675,0.011085663505284284,0.010644074909740392,10.670760609971651,10.735126760267104,False,19.25521976183606,15.075332367241806,34.330552129077866,4121.153410295167,-340.8778909044266,-1699.5796991002096,2080.6958202905307,3.753215284023407e-11,-1.470259941950785e-10,6.954592604794623e-11,36.32766463382271,1.4761337151691116,11.059805536770646,9.975481434214252,1090.2173437866545,4.721661375587701,2.794756733478491,1.3441367861223774,6.0399439334869385
T2_eq,equilibrium,equilibrium,650.0,,,0.02,0.99,0.35,True,20,direct,7.839473048752596e-09,4068.7665916935243,1076.8074818013592,1.3599004673029,0.9698161069695569,698.2258064822823,636.5241495854109,0.3560150124315634,7.523588285537217,10.659306385508357,43.15967988471817,10917.285898271795,0.8555585306058913,261.01709707055363,methanation (xi2>0),4012.448063342603,1087.6843249683734,0.3632806228921071,7.677130843424744,,,,47.39457587530376,0.0,47.39457587530376,35.9361944553565,8.730195367578865,2.7281860523683967,11.458381419947262,0.9996231785753122,0.9999936996074504,11.458548054900575,8.730322327543295,2.72822572735728,36,0.7582308134785659,0.18420509449252123,0.05756409202891289,0.08646400991403762,0.6960274210178762,0.2175085690680863,14.249506254740457,0.37847028218080253,0.004545806559273619,0.006757257078738927,0.00020350980608587943,0.00348994392536144,0.026188422154371196,0.01665609864849494,0.004319392914314845,0.004152757895865289,10.709206756447335,10.735395178601706,False,19.289309559446266,15.074399006587075,34.36370856603334,4121.77137321014,-342.2105744658004,-1698.8460430344207,2080.7147557099192,3.693167066019244e-11,-1.5835407112858934e-10,6.863962412732388e-11,36.32766463382271,1.4761337151691116,11.066911241481051,9.98224770477815,1090.8353067016274,4.754817812543173,2.7950251518130935,1.3481541771240177,5.862809181213379
T2_eq,equilibrium,equilibrium,650.0,,,0.01,0.99,0.35,True,19,direct,7.060279938046421e-09,4068.9633405568356,1077.0042306646708,1.3599662265115273,0.9698161069695568,708.9430062078707,646.7694551224803,0.35449773846450783,7.447758939480474,10.770042306646692,43.59817031648392,10928.390656491161,0.8556743727945746,261.20312315045715,methanation (xi2>0),4016.0288041887065,1087.8830612036847,0.358078521893112,7.522988774643648,,,,47.396867682592394,0.0,47.396867682592394,35.93630764963805,8.73185526320331,2.728704769751034,11.460560032954342,0.9998132396301164,0.9999968494559558,11.460641703341079,8.73191748825987,2.728724215081209,36,0.7581983311620767,0.18422984292413208,0.05757182591379128,0.0864640099140379,0.696027421017876,0.21750856906808627,7.161040466746169,0.18766123269621968,0.0022539990659142944,0.0033107921532080425,0.0001002977944887966,0.0017452907952074028,0.013170577995221418,0.008258783189727932,0.0021407797126431773,0.0020591092683328485,10.72234007978914,10.735510657784362,False,19.300793703172776,15.073737095100372,34.37453079827315,4121.970685167274,-342.674849037796,-1698.5683240286178,2080.7275121008597,3.261260088660955e-11,-1.4415100795476385e-10,6.066790774639231e-11,36.32766463382271,1.4761337151691116,11.069203048769687,9.98442631778523,1091.0346186587608,4.765640044782984,2.795140630995749,1.3495254818895877,5.735886812210083
T2_eq,equilibrium,equilibrium,650.0,,,1.0,0.0,0.5,True,1,once-through,0.0,2991.959109892165,0.0,1.0,0.9698161069695571,0.0,0.0,0.0,0.0,0.0,0.0,8097.950578294656,0.8137175990035082,197.6225935126161,methanation (xi2>0),3935.318888769034,1021.1498204522663,0.7595512782767966,22.76050243783325,,,,34.85150348488499,0.0,34.85150348488499,34.85150348488499,0.0,0.0,0.0,0.0,0.9698100879888052,0.0,0.0,0.0,4,1.0,0.0,0.0,0.08646400991403458,0.6960274210178784,0.217508569068087,1578.7740047009152,1044.6772288092227,12.547618195227573,1.0016669517866035,0.02127503130453307,16.38230656951571,0.9823020674703478,45.97520016266508,11.462700811197918,11.462700811197896,5.7293401567729445,6.711642224243293,False,16.672361365115467,16.035177094931996,32.707538460047466,3030.936066508513,-196.44509421947726,-1789.7456969966527,1044.745275292383,1.3828029477066941e-15,8.800849994403594e-16,-2.2633723043933667e-15,,,,,,,,,
T2_eq,equilibrium,equilibrium,650.0,,,0.2,0.9,0.5,True,26,direct,5.136015813306905e-09,4045.0027343408956,1053.0436244487307,1.3519578930631455,0.9698161069695572,2191.789642151896,2063.4883872074174,0.015138629321637937,0.07911958408252667,93.60387772877603,34.602389461728855,12364.039375767012,0.873269069753147,266.8904868239521,methanation (xi2>0),5989.498745938456,1170.0484716090787,0.018923286589636806,0.09889947959520905,,,,47.117765221508016,0.0,47.117765221508016,35.912115550625174,8.537637844482173,2.668011826400678,11.205649670882849,0.9775749934898633,0.9993236577905663,11.205671560219189,8.537654522071763,2.6680170381474255,22,0.762177354814271,0.18119820585579363,0.0566244393299355,0.08646400991403733,0.6960274210178763,0.21750856906808635,547.947410537974,23.42489872773776,0.2813564586188582,0.0008704934439719792,0.00010600825182476965,0.37542175260068844,1.0399981471525384,1.0309063681090112,0.25705114032868875,0.2570292509914588,9.60137435272237,10.64137249987491,False,19.423769429401283,14.804848591404083,34.22861802080537,4097.69793848595,-353.18387153216077,-1688.9118316986219,2055.6022352551668,3.031795462846927e-13,-5.393227511577623e-10,7.809230074447745e-12,34.85150348488499,0.0,12.26626173662303,11.205649670882849,1066.7618719774368,1.5210795607579044,3.9297302756316173,1.526810920395954,6.603762149810791
T2_eq,equilibrium,equilibrium,650.0,,,0.1,0.9,0.5,True,25,direct,7.987363383740489e-09,4056.946087907717,1064.9869780155516,1.3559497101729896,0.9698161069695566,2721.8463847309904,2576.920837764019,0.013979433371353198,0.06483602884513162,106.49869780155511,38.34727748360126,12917.622292988981,0.8785850083242394,275.63201679838403,methanation (xi2>0),6256.272040008217,1183.3188644610107,0.015532703667131156,0.07204003147473632,,,,47.25688604942275,0.0,47.25688604942275,35.92413069096871,8.634480273107838,2.6982750853461988,11.332755358454037,0.9886636269336517,0.999658002170252,11.332763443489089,8.634486433134546,2.6982770103545453,22,0.7601881039805092,0.18271382553865964,0.05709807048083113,0.08646400991404628,0.6960274210178695,0.2175085690680842,302.42737608122115,11.842113954394542,0.14223563070623282,0.00031704097704948856,4.3507103192400346e-05,0.18983984542559432,0.5772302676591403,0.5211595930189494,0.1299454527594953,0.12993736772271847,10.110728908880223,10.687959176539362,False,19.724084633130218,14.58410874042838,34.3081933735586,4109.796880935079,-373.83044937601795,-1669.0331651413169,2066.9332664177437,3.475444741902825e-13,-9.358867888298754e-10,1.2703474870553086e-11,34.85150348488499,0.0,12.40538256453776,11.332755358454037,1078.8608144265659,1.6006549135111356,3.9763169522960693,1.595171786749691,6.565145254135132
T2_eq,equilibrium,equilibrium,650.0,,,0.05,0.9,0.5,True,26,direct,7.424195179744652e-09,4063.0173555011643,1071.058245608999,1.3579789048813578,0.9698161069695568,3030.6556297510574,2877.41622948105,0.013272213916294606,0.05766383722485241,113.05614814761655,40.11155286079706,13238.390800615483,0.8815534831190325,281.0213048193809,methanation (xi2>0),6410.142125736956,1190.0647173427683,0.013970751425334613,0.06069877557552087,,,,47.32760653587295,0.0,47.32760653587295,35.930240813401696,8.68370721712095,2.713658505350299,11.39736572247125,0.9943002011652757,0.9998280280739242,11.397369153098564,8.68370983093224,2.713659322166325,22,0.7591813745227177,0.18348085750650078,0.057337767970781495,0.08646400991403817,0.6960274210178757,0.2175085690680862,159.50819103952938,5.954137395099521,0.07151514425254035,0.00013356462170676473,1.9566037462916414e-05,0.09546104130169539,0.3053090062438841,0.2620356326209348,0.06533508873895559,0.06533165811088483,10.406351614800489,10.711660621044372,False,19.89489287648231,14.452192488163082,34.34708536464539,4115.9472403626405,-386.67916571692325,-1656.6384993163329,2072.6295753293844,2.7414068438285213e-13,-9.225621762119198e-10,1.2114521571978307e-11,34.85150348488499,0.0,12.476103050987966,11.39736572247125,1085.0111738541277,1.6395469045979212,4.000018396801079,1.6347828592704687,7.1019110679626465
T2_eq,equilibrium,equilibrium,650.0,,,0.02,0.9,0.5,True,26,direct,9.475370998458355e-09,4066.692773279152,1074.7336633869866,1.3592073367024464,0.969816106969557,3232.783591602117,3074.5611673471917,0.012814781751382813,0.05342790523707076,117.02655445769415,41.128861789953994,13447.75864865485,0.8834459238461024,284.634007563366,methanation (xi2>0),6510.357002211655,1194.14851487378,0.013076307831622863,0.054518270133491364,,,,47.370419231766604,0.0,47.370419231766604,35.933940378010206,8.713507698100113,2.7229711556562846,11.436478853756396,0.9977124102012944,0.9999309755717289,11.436480091629905,8.713508641241834,2.722971450388073,22,0.7585733823533358,0.1839440896355537,0.05748252801111053,0.08646400991403844,0.6960274210178755,0.21750856906808608,65.97517533881873,2.389680156596958,0.02870244836088606,4.7985891460780556e-05,7.325347690943523e-06,0.03831544924826096,0.12649623088514161,0.10516743401167553,0.02622195745570168,0.026220719581253236,10.599517903790638,10.72601413467578,False,20.004979899366973,14.365094334783162,34.37007423415013,4119.670538674427,-395.3300637036516,-1648.286519921552,2076.053955049223,3.1620094070893075e-13,-1.2214397963804367e-09,1.571447478454502e-11,34.85150348488499,0.0,12.518915746881618,11.436478853756396,1088.7344721659142,1.6625357741026647,4.014371910432486,1.6606372833022163,7.369802951812744
T2_eq,equilibrium,equilibrium,650.0,,,0.01,0.9,0.5,True,25,direct,7.581817227618592e-09,4067.9234218001566,1075.9643119079913,1.3596186553320813,0.9698161069695569,3303.251926625002,3143.3699472181356,0.012657426640780853,0.05203281293940304,118.35607430987893,41.46044918541475,13520.651131289807,0.8840963995330633,285.90655203963536,methanation (xi2>0),6545.212556831056,1195.5159021194872,0.012785279374225215,0.05255839650999976,,,,47.38475430442072,0.0,47.38475430442072,35.935179205549844,8.723485789615903,2.726089309254971,11.449575098870874,0.9988549197485803,0.9999654483297189,11.449575696419892,8.723486244891346,2.726089451528546,22,0.7583700524674513,0.18409900764384665,0.05753093988870209,0.08646400991403932,0.6960274210178748,0.21750856906808588,33.36618107702022,1.1961848058762776,0.01436737570337997,2.313042489545645e-05,3.5811567697805217e-06,0.019179661617710987,0.06401044256153295,0.0526428971218091,0.013125712337990338,0.013125114788124196,10.666810490010123,10.730820932571655,False,20.04303739425504,14.33463620357935,34.37767359783439,4120.917219143815,-398.3835171784842,-1645.3375045383477,2077.196197426983,2.447561217440849e-13,-9.896196241121356e-10,1.2644627190638858e-11,34.85150348488499,0.0,12.53325081953573,11.449575098870874,1089.981152635302,1.6701351377869216,4.019178708328362,1.6696386327091064,7.166230916976929
T2_eq,equilibrium,equilibrium,650.0,,,0.2,0.95,0.5,True,26,direct,4.601417667944287e-09,4057.5706509880256,1065.6115410958607,1.3561584573708518,0.9698161069695567,2206.513355291987,2127.9393243989994,0.012905427229872701,0.0635654601130516,44.86785436193095,33.62905546158691,12403.519536104553,0.8755785169798428,290.272078588875,methanation (xi2>0),5950.601446643398,1121.6963590478697,0.01613178398998315,0.07945682477570046,,,,47.26416120311653,0.0,47.26416120311653,35.92476920903772,8.639536757393385,2.6998552366854325,11.339391994078818,0.9892426035408312,0.9996757701631006,11.339409558222686,8.639550139598237,2.6998594186244484,22,0.7600844007472839,0.18279283752587908,0.0571227617268372,0.08646400991403676,0.6960274210178767,0.21750856906808647,551.6283388229967,11.23640637797229,0.13496047700582517,0.0006993630835288219,9.037025417718359e-05,0.17995374688211455,1.0724814194970957,0.4945030082881825,0.12330881712841277,0.12329125298399038,9.618000308383287,10.690481727880382,False,19.844750278855656,14.388401556531837,34.233151835387496,4110.429580345863,-413.03876726856197,-1630.627030972898,2066.7637821044027,2.0788137647190636e-13,-5.006377349223618e-10,6.999895788339928e-12,34.85150348488499,0.0,12.412657718231543,11.339391994078818,1079.4935138373498,1.5256133753400292,3.978839503637089,1.531686247795872,7.472322225570679
T2_eq,equilibrium,equilibrium,650.0,,,0.1,0.95,0.5,True,25,direct,6.984817917577412e-09,4063.3350626152633,1071.375952723098,1.358085091865347,0.9698161069695568,2740.6446507175456,2652.696267163108,0.011835641242986144,0.05163918381791083,50.7493872342521,37.13485423595687,12949.005645226038,0.8810415392480669,301.6000251753127,methanation (xi2>0),6206.020974104019,1127.7641607607045,0.0131507124342557,0.05737687050802281,,,,47.33130731191554,0.0,47.33130731191554,35.93056372425947,8.686280828690334,2.714462758965729,11.400743587656063,0.9945948843503688,0.999837013689352,11.400749945204632,8.686285672536862,2.7144642726677692,22,0.759128775588784,0.18352093288473592,0.057350291526479975,0.08646400991403759,0.696027421017876,0.21750856906808627,304.5160723019495,5.646021830648556,0.0678143682079198,0.00025250987118249305,3.683514569067133e-05,0.09046360215545628,0.5942039638445363,0.24847577474501234,0.06195722355220542,0.06195086600287602,10.118724572517825,10.712928536362362,False,20.187673390053455,14.123003973202758,34.31067736325622,4116.269086322209,-440.34715586264485,-1604.2496384678607,2071.6722919917033,2.3104332584599346e-13,-8.464452590538935e-10,1.1119471632052108e-11,34.85150348488499,0.0,12.479803827030551,11.400743587656063,1085.333019813696,1.6031389032087517,4.00128631211907,1.5990472552319481,7.401908874511719
T2_eq,equilibrium,equilibrium,650.0,,,0.05,0.95,0.5,True,26,direct,6.523455980342153e-09,4066.238623933424,1074.279514041259,1.3590555467450816,0.9698161069695571,3051.697592999224,2959.1550138062084,0.011201126527641127,0.04573980250446204,53.71397570206302,38.770992483454485,13265.778060708875,0.8840873619522028,308.2527364357949,methanation (xi2>0),6354.241488068609,1130.8205410957048,0.011790659454551926,0.04814716021692679,,,,47.36512912353853,0.0,47.36512912353853,35.9334844053326,8.709824547204516,2.721820171001413,11.431644718205929,0.9972906827541516,0.9999182872553474,11.431647387372013,8.709826580854868,2.7218208065171456,22,0.7586484487869589,0.18388689616231702,0.05746465505072406,0.08646400991403749,0.6960274210178762,0.2175085690680863,160.61566278943286,2.8301187730096045,0.033992556582618356,0.00010594541939046684,1.651281863364358e-05,0.045354384852010377,0.3139819214649114,0.12455069708137968,0.031056093000145044,0.031053423833255364,10.410269013955288,10.724250935420201,False,20.379192417902402,13.969188585062923,34.348381002965326,4119.210473018117,-456.44786686114014,-1588.6836224223644,2074.078983734613,1.8241475551830808e-13,-8.375499885116928e-10,1.0651191814758933e-11,34.85150348488499,0.0,12.513625638653544,11.431644718205929,1088.2744065096044,1.6408425429178592,4.012608711176909,1.638164858188417,7.727017164230347
T2_eq,equilibrium,equilibrium,650.0,,,0.02,0.95,0.5,True,26,direct,8.355750631502665e-09,4067.9877772178907,1076.0286673257258,1.3596401647897212,0.9698161069695569,3255.227917777337,3159.964796709604,0.010795374042466731,0.0422802190025755,55.50042599890588,39.708949547793594,13472.753890588823,0.8860269118558647,312.6099895155105,methanation (xi2>0),6451.075329843027,1132.6617550792992,0.01101568774094579,0.04314308025438014,,,,47.38550394135859,0.0,47.38550394135859,35.935244381424,8.724007283759693,2.726252276174905,11.450259559934597,0.9989146317723867,0.9999672619737204,11.450260516741972,8.724008012755787,2.726252503986184,22,0.7583594229384557,0.18410710633260519,0.05753347072893912,0.08646400991403898,0.6960274210178751,0.21750856906808597,66.43322281178239,1.1337722724080994,0.013617738763893682,3.7973676695598886e-05,6.170988304683534e-06,0.018171292536743818,0.13000998020748086,0.04989618393640805,0.012441251272756576,0.012440294464405584,10.601065888889924,10.731075869097406,False,20.501444201071948,13.869161007505,34.37060520857694,4120.982412934744,-467.0145967067512,-1578.4636066754415,2075.504209552552,2.105317487883442e-13,-1.1121556187542157e-09,1.3860891992104979e-11,34.85150348488499,0.0,12.534000456473606,11.450259559934597,1090.0463464262316,1.6630667485294737,4.0194336448541135,1.6637238965992855,8.025974988937378
T2_eq,equilibrium,equilibrium,650.0,,,0.01,0.95,0.5,True,25,direct,6.71327176363289e-09,4068.5720123583615,1076.6129024661961,1.359835433213858,0.969816106969557,3326.1716594398786,3230.0082847000635,0.010656503441710914,0.04114463779578004,56.09719860218603,40.01370542623196,13544.848466300638,0.8866931493104204,314.1280649992097,methanation (xi2>0),6484.805135824729,1133.276739437781,0.0107641448455432,0.04156023991875243,,,,47.39230933952289,0.0,47.39230933952289,35.93583230747382,8.728744405370719,2.72773262667835,11.45647703204907,0.9994570407750188,0.9999836221463699,11.456477492891878,8.728744756489048,2.7277327364028277,22,0.7582629407059147,0.1841806166050174,0.057556442689067934,0.08646400991403899,0.6960274210178751,0.21750856906808594,33.59769352969574,0.5671751392340388,0.00681234059734004,1.8290246108631148e-05,3.0150369838618454e-06,0.009090579365402734,0.06577471416116494,0.024960810702550816,0.0062237791561262565,0.00622331831239382,10.667581375545785,10.733356089706952,False,20.54350567817291,13.834435509880699,34.377941188053605,4121.574259044111,-470.69974567623,-1574.8986987129406,2075.9758146549407,1.629402806714388e-13,-9.045551342176561e-10,1.1196307165543355e-11,34.85150348488499,0.0,12.540805854637902,11.45647703204907,1090.6381925355986,1.6704027280061382,4.021713865463659,1.6726267140485613,7.762995958328247
T2_eq,equilibrium,equilibrium,650.0,,,0.2,0.99,0.5,True,25,direct,9.687556318769568e-09,4066.900478836456,1074.9413689442908,1.3592767579577762,0.9698161069695569,2218.0125359156964,2176.3676599522855,0.011451855812820643,0.053942832551266376,8.686394900559936,32.892490697922405,12433.39673410187,0.8774117575677511,307.88122358969787,methanation (xi2>0),5921.599876834946,1085.7993625693155,0.014314819677988033,0.06742854003586518,,,,47.37283866688864,0.0,47.37283866688864,35.93416316916052,8.715181331602372,2.723494166125741,11.438675497728113,0.9979040442679856,0.999937175163812,11.43869033268983,8.715192634430347,2.723497698259483,22,0.7585390562485982,0.1839702428582109,0.0574907008931909,0.08646400991403584,0.6960274210178775,0.21750856906808672,554.5031339789241,2.188245211972862,0.026283013241006046,0.0005934925294371705,8.019162032927654e-05,0.03483895834742076,1.096889300615952,0.09630248353371369,0.02402531348611225,0.024010478523564967,9.630052980090175,10.726942280706128,False,20.16330464756631,14.073257714017492,34.23656236158381,4119.880950060987,-458.07940983715696,-1586.770904630624,2075.0306355932057,3.617182044042761e-13,-1.0817846397821e-09,1.4747061811704044e-11,34.85150348488499,0.0,12.521335182003654,11.438675497728113,1088.944883552474,1.5290239015363412,4.015300056462835,1.5353757242514827,7.71587610244751
T2_eq,equilibrium,equilibrium,650.0,,,0.1,0.99,0.5,True,25,direct,6.33081773057808e-09,4068.0297408449233,1076.0706309527584,1.3596541902578145,0.9698161069695569,2755.3698614572877,2709.3091383205074,0.010451988063844368,0.043553788142594224,9.782460281388671,36.223650205632104,12972.978494772182,0.8829931292143013,321.01380558707194,methanation (xi2>0),6169.015844825227,1086.9400312650907,0.011613320024796427,0.04839309762984792,,,,47.38599275000874,0.0,47.38599275000874,35.93529097187801,8.724344211909125,2.7263575662216017,11.450701778130727,0.9989532106556197,0.9999685584426757,11.4507070610366,8.724348236980266,2.7263588240563337,22,0.7583524920234053,0.18411238702978652,0.057535120946808294,0.0864640099140359,0.6960274210178774,0.21750856906808666,306.1522068285875,1.0930755234339338,0.013128930111964978,0.00021297318470749215,3.2528909518697855e-05,0.01743777892159094,0.6068852469837936,0.04810516071080399,0.01199903307493785,0.011993750168603354,10.124392581913321,10.731277828897115,False,20.536078533773825,13.776457894344171,34.312536428117994,4121.024923231839,-490.0299088926252,-1555.8661423060694,2075.1288720331445,1.7296560204231232e-13,-7.863010045507103e-10,1.0084395739795583e-11,34.85150348488499,0.0,12.534489265123753,11.450701778130727,1090.0888567233264,1.6049979680705277,4.019635604653822,1.6020076153026062,7.587912321090698
T2_eq,equilibrium,equilibrium,650.0,,,0.05,0.99,0.5,True,26,direct,5.934715857116257e-09,4068.5934726801097,1076.6343627879448,1.3598426058793123,0.9698161069695569,3068.2132747711617,3020.065923210217,0.009869681917106373,0.03846744802697613,10.33133984493479,37.76706735240387,13286.932354455425,0.8860999684522891,328.5344928552545,methanation (xi2>0),6313.341013106514,1087.5094573613057,0.010389138821659398,0.0404920503144029,,,,47.39255931769797,0.0,47.39255931769797,35.93585565944942,8.728917072951285,2.727786585297275,11.456703658248559,0.9994768115256667,0.9999842719599864,11.456705856952048,8.72891874815394,2.727787108798107,22,0.758259397215678,0.1841833164071025,0.05755728637721954,0.08646400991403576,0.6960274210178776,0.21750856906808674,161.4849091984822,0.5463627026082705,0.006562362421027936,8.910073264311542e-05,1.4549988973586815e-05,0.008723457112225731,0.3204448895364104,0.024044876179087373,0.00599715295548239,0.005994954251596681,10.413010634168984,10.733455523705393,False,20.74187357465969,13.60747436091979,34.34934793557949,4121.595998934531,-508.3617115281172,-1538.124844365431,2075.109443040983,1.372431925598894e-13,-7.803247244987963e-10,9.68961595996613e-12,34.85150348488499,0.0,12.541055832812987,11.456703658248559,1090.6599324260183,1.6418094755320212,4.0218132994621,1.6407771603433907,7.65804386138916
T2_eq,equilibrium,equilibrium,650.0,,,0.02,0.99,0.5,True,26,direct,7.622229189126404e-09,4068.931527979206,1076.9724180870408,1.3599555938202166,0.9698161069695566,3272.8690127663253,3223.5145532206666,0.009500117196925562,0.035499217520983534,10.660939088134464,38.647915336785104,13492.253998216584,0.8880761991123783,333.39854771501314,methanation (xi2>0),6407.873212767373,1087.850927360353,0.00969399709382142,0.0362236910718371,,,,47.39649711731413,0.0,47.39649711731413,35.93619472253985,8.731658967447059,2.7286434273272056,11.460302394774265,0.9997907634105657,0.9999937070423411,11.460303178623139,8.731659564665248,2.72864361395789,22,0.7582035830568448,0.1842258414804992,0.057570575462655996,0.08646400991403665,0.6960274210178768,0.21750856906808652,66.79324515849643,0.21851326333148963,0.002624562805874522,3.188336865063192e-05,5.4305771976711215e-06,0.0034904784855294122,0.13262459876107885,0.009616550205955527,0.002398416430725882,0.002397632581407375,10.602140317270297,10.734764916031375,False,20.872427607042372,13.49857315628845,34.37100076333082,4121.938458159696,-520.2307334023885,-1526.6352913153141,2075.0724334419933,1.5821570393344094e-13,-1.038465473118932e-09,1.2636407575428167e-11,34.85150348488499,0.0,12.54499363242914,11.460302394774265,1091.0023916511832,1.663462303283353,4.023122691788083,1.6661319265618328,7.69954776763916
T2_eq,equilibrium,equilibrium,650.0,,,0.01,0.99,0.5,True,25,direct,6.143020147133172e-09,4069.0441903685123,1077.085080476347,1.359993248876709,0.9698161069695571,3344.1955478553846,3294.4467754603056,0.009374060015370056,0.03452718059284669,10.77085080476349,38.93341532216975,13563.802457159081,0.8887546200278761,335.0829268466797,methanation (xi2>0),6440.841735534365,1087.964727753655,0.009468747454190383,0.03487593977853084,,,,47.39780945264675,0.0,47.39780945264675,35.936307785296144,8.732572698933796,2.728928968416812,11.461501667350609,0.9998953873204186,0.9999968532309028,11.461502044180532,8.732572986042308,2.7289290581382217,22,0.7581849841471838,0.1842400120783361,0.05757500377448003,0.08646400991403533,0.696027421017878,0.21750856906808685,33.77975300864025,0.10925214150682662,0.0013122274716384945,1.5348552431420104e-05,2.6521961720254066e-06,0.0017454218127355625,0.06708691615482804,0.004808077495573933,0.0011991438528204258,0.0011987670225212742,10.668114901238352,10.73520181739318,False,20.917207018808462,13.460933390995848,34.3781404098043,4122.052588228508,-524.3431625093758,-1522.653876703085,2075.0555490160477,1.241065645566758e-13,-8.471108547663274e-10,1.0237709432203701e-11,34.85150348488499,0.0,12.54630596776176,11.461501667350609,1091.1165217199955,1.6706019497568363,4.023559593149888,1.6749673051246845,7.171669006347656
T2_eq,equilibrium,equilibrium,650.0,,,1.0,0.0,0.75,True,1,once-through,0.0,2991.959109892165,0.0,1.0,0.9698161069695571,0.0,0.0,0.0,0.0,0.0,0.0,8097.950578294656,0.8137175990035082,197.6225935126161,methanation (xi2>0),5356.2861895559745,1044.3157344438175,0.038115462100448215,0.32131564721091443,,,,34.85150348488499,0.0,34.85150348488499,34.85150348488499,0.0,0.0,0.0,0.0,0.9698100879888052,0.0,0.0,0.0,4,1.0,0.0,0.0,0.08646400991403458,0.6960274210178784,0.217508569068087,2910.100240083589,1044.6772288092209,12.547618195227551,0.014140780318105133,0.0010676140934335544,16.753957327682166,3.661653963951657,45.975200162665004,11.462700811197893,11.462700811197875,2.8646700783864723,6.526324042338129,False,16.672361365115467,16.815583643059945,33.48794500817541,3030.936066508513,-196.44509421947726,-1838.4901967326127,996.0007755564229,9.218686318044627e-16,6.286321424573996e-16,-2.6207468787712667e-15,,,,,,,,,
T2_eq,equilibrium,equilibrium,650.0,,,0.2,0.9,0.75,True,38,direct,7.479373530075253e-09,4045.025788087699,1053.0666781955335,1.351965598297728,0.9698161069695567,7149.361085230221,7027.297346499219,0.001683726578177689,0.0021247934752100543,93.60592695071409,28.453789041087568,17321.65623041843,0.916256893646764,387.4565864842152,methanation (xi2>0),11799.367284193739,1170.0740868838907,0.002104658194143144,0.0026559917799721857,,,,47.118033760517925,0.0,47.118033760517925,35.91211742715468,8.537841015895797,2.6680753174674354,11.205916333363232,0.9775982569846343,0.9993237100086078,11.205916880269463,8.537841432586259,2.6680754476832056,14,0.7621735037326759,0.18120114001319926,0.05662535625412477,0.08646400991403859,0.6960274210178754,0.21750856906808605,1787.3402713075552,23.4025409704541,0.2810879195961242,2.337750901262982e-05,1.1790295363689267e-05,0.3754299715175765,3.5417578626356065,1.0299224255687145,0.2567844778332997,0.2567839309294484,7.099528834104791,10.641286696740398,False,22.082932469896086,12.174131440238137,34.257063910134214,4097.721292559345,-649.7227914161289,-1401.5337554569046,2046.4647456863113,3.261110285008287e-14,-9.067155165837109e-09,5.6980874262535514e-11,34.85150348488499,0.0,12.266530275632938,11.205916333363232,1066.785226050832,0.7691189019588052,4.114962654402269,2.1390172813411006,9.754993200302124
T2_eq,equilibrium,equilibrium,650.0,,,0.1,0.9,0.75,True,43,direct,9.393290601564326e-09,4056.9548597063467,1064.9957498141814,1.3559526419639356,0.9698161069695566,10024.549291084832,9888.724534515426,0.0012959835846448689,0.0011977149219409978,106.49957498141812,29.322490833689915,20220.34247814692,0.9314821006572656,435.8517295272749,methanation (xi2>0),13859.44696003399,1183.3286109046192,0.0014399817365209305,0.0013307943171477947,,,,47.256988226745115,0.0,47.256988226745115,35.924131556973244,8.634557462683329,2.6982992070885388,11.33285666977187,0.9886724652798233,0.9996580262684931,11.33285678615046,8.634557551352733,2.698299234797728,15,0.7601866472790446,0.18271493540644218,0.05709841731451316,0.08646400991404625,0.6960274210178695,0.21750856906808422,1113.838810120537,11.833606974310852,0.14213345336844765,5.856692888855708e-06,4.033388911766975e-06,0.1898414090474323,2.2150742957314558,0.5207852093324462,0.12984414142593043,0.12984402504728054,8.47285331810978,10.687927613841236,False,23.17470621941722,11.151831924442972,34.32653814386019,4109.805767005997,-769.5325434578496,-1285.3145251809442,2054.9586983672034,2.247054790023378e-14,-1.4247996416377644e-08,7.320532256471779e-11,34.85150348488499,0.0,12.405484741860128,11.33285666977187,1078.8697004974842,0.838593135684782,4.161603571503107,2.4969703485650454,11.674986839294434
T2_eq,equilibrium,equilibrium,650.0,,,0.05,0.9,0.75,True,48,direct,8.967182181337136e-09,4063.021141548293,1071.062031656128,1.3579801702887346,0.9698161069695571,12052.506740497472,11910.22229028171,0.0010940617225599287,0.0008367227071076532,113.05654778592455,29.225787270516097,22260.249369167235,0.9399110042758777,466.04649141675316,methanation (xi2>0),15319.070620825074,1190.068924062345,0.0011516439001381762,0.0008807607185781758,,,,47.32765063722258,0.0,47.32765063722258,35.93024122630184,8.683740503558658,2.713668907362081,11.39740941092074,0.9943040125226695,0.9998280395636646,11.39740944126866,8.683740526680886,2.713668914587777,15,0.7591807476641415,0.18348133511303508,0.057337917222823456,0.08646400991403726,0.6960274210178764,0.21750856906808638,634.3424600261828,5.950465647377657,0.07147104289065302,1.938069979847406e-06,1.6128773078370316e-06,0.0954613787436625,1.2637372703793648,0.26187404267544334,0.0652914002758937,0.06529136992958902,9.447909885464995,10.711647155844359,False,23.827474992340896,10.53005110793244,34.35752610027334,4115.9510757315,-844.7011936330365,-1212.348817064223,2058.9010650342407,1.555653316170031e-14,-1.5522553617172874e-08,6.988674226704462e-11,34.85150348488499,0.0,12.476147152337596,11.39740941092074,1085.0150092229874,0.8695810920979312,4.18532311350623,2.7488744410014676,13.709383010864258
T2_eq,equilibrium,equilibrium,650.0,,,0.02,0.9,0.75,True,51,direct,9.379205046734504e-09,4066.694154653615,1074.73504476145,1.3592077983980821,0.9698161069695569,13556.769230677348,13410.782235646077,0.0009730979194792355,0.0006548950025064956,117.02670487402455,28.958486718206697,23771.747008779632,0.945220182701486,486.5345651805989,methanation (xi2>0),16405.280827628132,1194.15004973493,0.0009929570442140869,0.0006682601861447549,,,,47.37043532255364,0.0,47.37043532255364,35.93394053813812,8.713519835745165,2.7229749486703634,11.436494784415526,0.9977137999836321,0.9999309800275957,11.436494791142984,8.713519840870847,2.7229749502721394,15,0.7585731540512585,0.18394426357999358,0.057482582368747995,0.08646400991403874,0.6960274210178753,0.217508569068086,276.6687598097418,2.3883404845100227,0.02868635755944988,5.881892686797626e-07,5.562545454002732e-07,0.03831549849579542,0.5517578976951529,0.10510847638280159,0.02620602678019821,0.026206020055031944,10.174251226856478,10.726009124551632,False,24.260249441357352,10.114342428387825,34.37459186974518,4119.67193804438,-895.8651112905872,-1162.6654851204285,2061.1413416333644,1.2445226529360248e-14,-1.7723555929197556e-08,7.269165617647863e-11,34.85150348488499,0.0,12.518931837668653,11.436494784415526,1088.7358715358673,0.8866468615697727,4.199685082213503,2.9355263135954717,14.849297046661377
T2_eq,equilibrium,equilibrium,650.0,,,0.01,0.9,0.75,True,49,direct,9.41083257965104e-09,4067.924091202768,1075.9649813106028,1.3596188790659585,0.9698161069695567,14118.906825801614,13971.71835010404,0.0009330488375674952,0.0006000700500318934,118.35614794416615,28.830622384630875,24336.30734906447,0.9470291946245172,493.8043552353389,methanation (xi2>0),16811.930250533147,1195.5166459006552,0.0009424735576271764,0.0006061313449967952,,,,47.384762101882686,0.0,47.384762101882686,35.93517928476109,8.723491670187876,2.7260911469337117,11.44958281712159,0.99885559308472,0.9999654505339239,11.44958281968204,8.723491672138696,2.7260911475433436,15,0.7583699419010667,0.18409909188490148,0.057530966214031726,0.0864640099140399,0.6960274210178743,0.21750856906808572,142.61522046264255,1.195535611568146,0.014359578230545,2.66752351836905e-07,2.639868478814701e-07,0.01917967355018442,0.2845149918566641,0.05261432672950254,0.013117994073961602,0.013117991516057723,10.44630338722621,10.730818379082875,False,24.412023469363827,9.967969228192391,34.37999269755622,4120.917897266891,-914.0487643690079,-1145.0046072222437,2061.864525675639,1.5326066003749195e-14,-1.8340661221238e-08,7.271881664413134e-11,34.85150348488499,0.0,12.5332586169977,11.44958281712159,1089.9818307583778,0.89204768938081,4.204494336744745,3.0052427603465866,14.774362325668335
T2_eq,equilibrium,equilibrium,650.0,,,0.2,0.95,0.75,True,38,direct,7.208997373108366e-09,4057.589522523157,1065.6304126309917,1.3561647647883126,0.9698161069695567,7167.321887378572,7094.830134761066,0.001526839662436998,0.0018525122295010939,44.86864895288382,27.619529308339498,17364.365241588777,0.9182329690018703,407.4821148084891,methanation (xi2>0),11774.518812662523,1121.7162238220692,0.001908549553186645,0.0023156402331104982,,,,47.26438102609813,0.0,47.26438102609813,35.924771082294995,8.639702814326192,2.699907129476934,11.339609943803126,0.98926161736034,0.9996758222900859,11.339610374427826,8.6397031424212,2.6999072320066246,13,0.7600812677909312,0.18279522454024283,0.05712350766882588,0.08646400991403694,0.6960274210178766,0.21750856906808644,1791.830471844643,11.218104572108428,0.13474065401559432,2.038180267702841e-05,1.0691694736215076e-05,0.17995693378777874,3.5757943879195775,0.49369756411391985,0.12309086739573344,0.12309043677096616,7.114619164123384,10.69041355204296,False,22.4436361651007,11.817188201366527,34.260824366467226,4110.448697724931,-700.9822204282575,-1351.6114625194573,2057.855014777216,2.5812321690524958e-14,-8.823736227634755e-09,5.404754375604171e-11,34.85150348488499,0.0,12.412877541213142,11.339609943803126,1079.512631216418,0.7728793582918172,4.164089509704831,2.1442913331838995,11.861387014389038
T2_eq,equilibrium,equilibrium,650.0,,,0.1,0.95,0.75,True,43,direct,9.018416732423052e-09,4063.3421557084885,1071.3830458163234,1.358087462583985,0.9698161069695567,10037.97301133302,9958.866214472193,0.0011694710545794415,0.0010377621860264733,50.749723222878586,28.354688678385013,20246.347977909667,0.9333758142856666,456.63307833480434,methanation (xi2>0),13818.756854584375,1127.7716271750587,0.0012994122619969662,0.0011530690618700083,,,,47.3313899350244,0.0,47.3313899350244,35.93056458914351,8.68634312067116,2.714482225209737,11.400825345880897,0.9946020168949741,0.9998370377564129,11.400825424388193,8.686343180486244,2.714482243901951,13,0.759127601364781,0.18352182753159552,0.0573505711036236,0.08646400991403781,0.696027421017876,0.21750856906808622,1115.3303345925578,5.639142876441314,0.06773174508893662,5.074541782759896e-06,3.639653804307795e-06,0.09046420107384903,2.2307860320417707,0.24817303884930578,0.061875465317414974,0.06187538681007172,8.482117435264781,10.712903467306553,False,23.544715616935658,10.783760637668454,34.32847625460411,4116.276271818832,-822.787691069493,-1233.4413680260743,2060.047212723265,1.7515504004284792e-14,-1.3776950030844323e-08,6.872039078113328e-11,34.85150348488499,0.0,12.47988645013941,11.400825345880897,1085.3402053103196,0.8405312464287036,4.186579424968424,2.5001817166156792,13.026997327804565
T2_eq,equilibrium,equilibrium,650.0,,,0.05,0.95,0.75,True,48,direct,8.62273454819034e-09,4066.2416679211024,1074.2825580289373,1.3590565641345467,0.969816106969557,12060.587432306334,11978.664220983836,0.0009850749137993442,0.0007229601801060951,53.71412790144691,28.207209862534043,22274.673896102875,0.94171629986266,486.8431891767686,methanation (xi2>0),15268.833601294178,1130.8237452936041,0.0010369209460782689,0.0007610106945306772,,,,47.36516458109101,0.0,47.36516458109101,35.93348481765389,8.709851248333035,2.721828515104073,11.431679763437106,0.9972937400817182,0.9999182987289801,11.431679779122323,8.709851260283676,2.721828518838648,13,0.7586479455898261,0.1838872795506088,0.057464774859565235,0.08646400991403781,0.696027421017876,0.21750856906808622,634.7677595950704,2.827166682377696,0.03395709902203851,1.6745660298046918e-06,1.4522078071326122e-06,0.04535451336436383,1.2709993194475482,0.12442077852476004,0.031021047760788727,0.031021032075545008,9.45324090030138,10.724240219748928,False,24.195434520678422,10.163057670721724,34.358492191400146,4119.213556660539,-898.0306138745857,-1160.39925677715,2060.7836860088037,1.1408124318580228e-14,-1.5012634505846414e-08,6.546530403284124e-11,34.85150348488499,0.0,12.513661096206022,11.431679763437106,1088.2774901520265,0.8705471832247369,4.197916177410799,2.7506556974806444,14.237600088119507
T2_eq,equilibrium,equilibrium,650.0,,,0.02,0.95,0.75,True,51,direct,9.028842383713117e-09,4067.988884188301,1076.0297742961363,1.359640534771519,0.9698161069695568,13559.972077807357,13476.552302097425,0.0008750859766979741,0.0005649953431015651,55.50048309527441,27.917695459718026,23777.500231143687,0.9469526215746041,507.1858050861846,methanation (xi2>0),16348.364074551564,1132.6629203117097,0.0008929448599761902,0.0005765258433048663,,,,47.3855168357805,0.0,47.3855168357805,35.93524454129603,8.724016986273883,2.7262553082105883,11.45027229448447,0.9989157427278311,0.9999672664224672,11.450272296260462,8.724016987627019,2.7262553086334433,13,0.7583592401040473,0.1841072456350116,0.057533514260941124,0.08646400991403924,0.696027421017875,0.2175085690680859,276.73412403688485,1.1326987205564678,0.013604844332603734,5.074465317256485e-07,5.002277185165358e-07,0.01817131123056097,0.554463866143437,0.0498489379929696,0.012428516713379379,0.012428514937350527,10.176607986796313,10.731071852939749,False,24.624149778032578,9.75082484378254,34.37497462181512,4120.983534325919,-948.8449634022525,-1111.0537431450653,2061.0848277786013,1.2790927266286922e-14,-1.7145772457752824e-08,6.800611813180998e-11,34.85150348488499,0.0,12.534013350895513,11.45027229448447,1090.0474678174064,0.8870296136397116,4.20474781060162,2.9362367677169723,14.103370666503906
T2_eq,equilibrium,equilibrium,650.0,,,0.01,0.95,0.75,True,49,direct,9.07792939264542e-09,4068.5725482112784,1076.6134383191131,1.359835612311532,0.9698161069695569,14120.111370616054,14036.228494733785,0.0008387444002867397,0.0005174513547611824,56.097226522943366,27.784139092859995,24338.78923300693,0.9487336414688231,514.3771979926402,methanation (xi2>0),16752.56709790963,1133.277303493792,0.0008472165524125575,0.0005226781206079455,,,,47.3923155813461,0.0,47.3923155813461,35.93583238655055,8.728749100796605,2.7277340939989405,11.456483194795544,0.9994575784097856,0.9999836243468323,11.45648319502202,8.728749100969159,2.7277340940528623,13,0.7582628522263773,0.1841806840179982,0.05755646375562444,0.08646400991403931,0.6960274210178747,0.21750856906808586,142.62738758198034,0.5666554630718814,0.006806098766956367,2.300254209261099e-07,2.3730536012153105e-07,0.009090583889975561,0.2858286529836698,0.02493794027433043,0.006217616402198951,0.006217616175694321,10.44752536627593,10.733354019259597,False,24.774027611901346,9.606155560972995,34.38018317287434,4121.574801877711,-966.8358242598938,-1093.5797195304806,2061.1592580873366,1.17538250555069e-14,-1.7774182944516794e-08,6.811202013068397e-11,34.85150348488499,0.0,12.54081209646111,11.456483194795544,1090.6387353691985,0.8922381646989308,4.207029976921468,3.005549243316378,13.696489334106445
T2_eq,equilibrium,equilibrium,650.0,,,0.2,0.99,0.75,True,38,direct,7.012937103563716e-09,4066.916720803946,1074.9576109117813,1.3592821864970355,0.9698161069695568,7180.929719110281,7145.248471344446,0.001417029280128276,0.001668326935245281,8.686526148782105,26.99145482806607,17396.345910937234,0.919764126925513,422.51684022354164,methanation (xi2>0),11755.870649931121,1085.815768597735,0.001771286577797866,0.002085408621988395,,,,47.37302785964353,0.0,47.37302785964353,35.93416504164559,8.715324051807952,2.7235387661899857,11.438862817997938,0.9979203859899682,0.999937227269309,11.438863167080504,8.715324317775623,2.723538849304881,13,0.7585363721953453,0.1839722878511655,0.05749133995348921,0.08646400991403592,0.6960274210178773,0.21750856906808666,1795.2324297775704,2.1724935867334203,0.02609382047025511,1.8355350023302395e-05,9.922747534098252e-06,0.03483948475122783,3.6012052295576007,0.0956092702585511,0.02383799320113413,0.023837644118419897,7.125679684401479,10.726884913959083,False,22.71519259953161,11.548462610916676,34.263655210448285,4119.897403616415,-739.4481914980502,-1314.1509995423528,2066.2982125760127,2.7079891059256095e-14,-8.645033711234105e-09,5.1895791443712376e-11,34.85150348488499,0.0,12.521524374758542,11.438862817997938,1088.9613371079026,0.7757102022728759,4.2005608716209535,2.1482405631821875,11.107323169708252
T2_eq,equilibrium,equilibrium,650.0,,,0.1,0.99,0.75,True,43,direct,8.74891377232925e-09,4068.035792885952,1076.0766829937868,1.3596562130264442,0.9698161069695569,10048.280507060808,10010.863435409108,0.0010815475966407578,0.0009304344328154862,9.782515299943453,27.632380135264906,20265.90106176557,0.9348318061822221,472.10226750895123,methanation (xi2>0),13788.717145705177,1086.9461444381511,0.0012017195331632626,0.0010338160071585263,,,,47.386063246536686,0.0,47.386063246536686,35.93529183666378,8.724397264665061,2.7263741452078323,11.450771409872894,0.9989592852922446,0.9999685825070025,11.450771462152055,8.724397304496804,2.726374157655251,12,0.7583514924509167,0.1841131486088253,0.05753535894025791,0.08646400991403576,0.6960274210178775,0.21750856906808672,1116.4756118956457,1.087206192384389,0.013058433576728895,4.5497209948640816e-06,3.366016464656403e-06,0.017437876995221424,2.2424334095316403,0.04784685732064457,0.011929401325787455,0.01192934904648883,8.48882331320553,10.731256722737172,False,23.82086801873367,10.509054662357821,34.32992268109149,4121.031054114233,-862.411685107209,-1194.8476837955495,2063.771685211474,1.924400768891816e-14,-1.3435429652197921e-08,6.547995639039074e-11,34.85150348488499,0.0,12.5345597616517,11.450771409872894,1090.0949876057198,0.8419776729160802,4.204932680399042,2.5025962885085127,12.373112916946411
T2_eq,equilibrium,equilibrium,650.0,,,0.05,0.99,0.75,True,48,direct,8.375282545181065e-09,4068.5960594749577,1076.6369495827928,1.3598434704615987,0.969816106969557,12067.044739868732,12029.26111903073,0.0009095887265852616,0.0006469198882785727,10.331364667713695,27.450547218595187,22285.768915055443,0.9430975076067121,502.2539328867547,methanation (xi2>0),15232.031389911901,1087.5120702856384,0.000957461803320152,0.0006809682848923438,,,,47.39258944969054,0.0,47.39258944969054,35.935856071673705,8.72893971658426,2.7277936614325804,11.456733378016839,0.9994794042626465,0.9999842834309195,11.456733383611711,8.728939720847016,2.7277936627646935,12,0.7582589700912298,0.18418364183525354,0.05755738807351674,0.08646400991403566,0.6960274210178775,0.21750856906808674,635.107617887828,0.5438540023946904,0.006532230422762626,1.4984367033290373e-06,1.3409252753501673e-06,0.008723478071796357,1.2763679166297872,0.02393447079138793,0.0059674331817544555,0.005967427586728113,9.457078567546313,10.733446484176103,False,24.468777720531293,9.89043212218938,34.359209842720674,4121.598619428164,-937.5318595464643,-1121.9220027226977,2062.1447571590024,1.6824102530431446e-14,-1.4643812256073804e-08,6.228383644687105e-11,34.85150348488499,0.0,12.541085964805553,11.456733378016839,1090.6625529196513,0.8712648345452649,4.207122441837973,2.7520257995633006,14.972923755645752
T2_eq,equilibrium,equilibrium,650.0,,,0.02,0.99,0.75,True,51,direct,8.777250384324165e-09,4068.9324665259946,1076.9733566338298,1.3599559075099277,0.969816106969557,13562.927004347079,13525.117807422048,0.0008073358325225636,0.000505039171230456,10.660948378799644,27.146791800335983,23782.313838559123,0.9482736697181331,522.4458066935414,methanation (xi2>0),16306.857750684989,1087.8518753876974,0.0008238120613035947,0.0005153460783306778,,,,47.39650804987221,0.0,47.39650804987221,35.936194882346584,8.731667175257622,2.7286459922680075,11.46031316752563,0.9997917032197382,0.9999937114892706,11.460313165908413,8.731667174025459,2.7286459918829555,12,0.7582034281122677,0.1842259595335104,0.057570612354222,0.08646400991403567,0.6960274210178776,0.21750856906808672,276.7944286601445,0.21760305061555202,0.002613630240943395,4.535973242179824e-07,4.6149952385626546e-07,0.003490481527369034,0.5564619897910786,0.00957649265453983,0.0023876436728113024,0.002387645289878842,10.178299516235919,10.734761506026997,False,24.893687105569082,9.481571010215523,34.3752581157846,4121.939408933157,-987.9779759873425,-1072.9330828667262,2061.0283500790883,1.3828029477066942e-14,-1.6728515358668155e-08,6.463512289656138e-11,34.85150348488499,0.0,12.545004564987224,11.46031316752563,1091.0033424246444,0.887313107609188,4.208437463688868,2.936831190635326,14.90003776550293
T2_eq,equilibrium,equilibrium,650.0,,,0.01,0.99,0.75,True,49,direct,8.8387062376978e-09,4069.0446443531864,1077.0855344610216,1.3599934006116283,0.9698161069695568,14121.633799238643,14083.851773512239,0.0007735994660046126,0.0004623909751626226,10.770855344610117,27.00979287482446,24341.24160280731,0.9500318014840935,529.5647804818964,methanation (xi2>0),16709.34159795923,1087.965186324256,0.0007814135899107154,0.00046706157758785873,,,,47.397814740836786,0.0,47.397814740836786,35.93630786433436,8.732576667811365,2.7289302086910516,11.461506876502417,0.9998958417640872,0.9999968554302934,11.461506875132471,8.732576666767596,2.728930208364874,12,0.7581849092030499,0.1842400691786287,0.05757502161832147,0.08646400991403616,0.6960274210178772,0.21750856906808666,142.64276564887518,0.10881186215368868,0.0013069392763279547,2.0554913561547333e-07,2.1887394992716365e-07,0.0017454225484200012,0.2867984361151583,0.004788701241521685,0.0011939346959812312,0.001193936065782491,10.448401605803566,10.735200041918727,False,25.04189288768971,9.338431224510508,34.38032411220021,4122.053048127346,-1005.789591487194,-1055.6329234644265,2060.6305331757258,1.2906160845262479e-14,-1.736496869078915e-08,6.479606057988955e-11,34.85150348488499,0.0,12.5463112559518,11.461506876502417,1091.1169816188335,0.8923791040248048,4.208875999580598,3.0058520816427756,15.138906955718994
T2_eq,equilibrium,equilibrium,650.0,,,1.0,0.0,1.0,True,1,once-through,0.0,2991.959109892165,0.0,1.0,0.9698161069695571,0.0,0.0,0.0,0.0,0.0,0.0,8097.950578294656,0.8137175990035082,197.6225935126161,methanation (xi2>0),6777.253490342915,1044.6035329293259,0.012650279833258853,0.059886978693046516,,,,34.85150348488499,0.0,34.85150348488499,34.85150348488499,0.0,0.0,0.0,0.0,0.9698100879888052,0.0,0.0,0.0,4,1.0,0.0,0.0,0.08646400991403458,0.6960274210178784,0.217508569068087,4329.972846633188,1044.677228809221,12.547618195227555,0.002635566045302284,0.0003543343381295804,16.75857447878517,6.524060956054782,45.97520016266501,11.462700811197898,11.462700811197879,0.0,6.524060956054782,False,16.672361365115467,16.82496777335078,33.49732913846624,3030.936066508513,-196.44509421947726,-1839.1016824195876,995.389289869448,9.218686318044627e-16,6.286321424573996e-16,-2.6207468787712667e-15,,,,,,,,,
T2_eq,equilibrium,equilibrium,650.0,,,0.2,0.9,1.0,True,77,direct,9.590884565162616e-09,4045.0267256645657,1053.0676157724008,1.351965911663263,0.9698161069695568,21226.557928201906,21113.658116671926,0.00029103342230578225,8.288587745679077e-05,93.60601029088012,19.293356024128254,31398.85492024133,0.9648283264865407,581.6881225729927,methanation (xi2>0),28789.843790013238,1170.0751286359998,0.0003637917719182622,0.00010360734356057743,,,,47.118044681777945,0.0,47.118044681777945,35.91211776835254,8.537849076895554,2.6680778365298603,11.205926913425413,0.9775991799837037,0.999323719503094,11.205926857233564,8.537849034082715,2.6680778231508486,14,0.7621733471132928,0.18120125934225312,0.056625393544454096,0.08646400991403841,0.6960274210178755,0.21750856906808608,5306.6394820504765,23.401631698824453,0.2810769983345805,9.119311452489762e-07,2.03796153969624e-06,0.37543030577414743,10.64128369080265,1.0298824094335652,0.2567738977696547,0.2567739539639712,0.0,10.64128369080265,False,26.043561962550598,8.254782913127961,34.298344875678566,4097.722242350247,-1135.4540216922726,-929.7785626391419,2032.4896580188329,4.6093431590223135e-16,-3.497289502951452e-08,6.929969496619986e-11,34.85150348488499,0.0,12.266541196892959,11.205926913425413,1066.7861758417343,0.8010157372123246,4.117222734747868,3.877382878132309,20.278347969055176
T2_eq,equilibrium,equilibrium,650.0,,,0.1,0.9,1.0,True,148,direct,9.440434417015914e-09,4056.95516480246,1064.996054910295,1.3559527439359553,0.9698161069695569,47834.923438302954,47713.955824801385,0.00010291176494703539,9.725615940437711e-06,106.49960549102937,14.467854535874261,58030.71722634737,0.9874336216538422,729.153088495389,methanation (xi2>0),54970.778633634196,1183.328949900328,0.00011434640370410474,1.0806239601353411e-05,,,,47.25699178062336,0.0,47.25699178062336,35.92413170532556,8.634560057369756,2.6983000179280476,11.332860075297804,0.9886727623761177,0.9996580303966813,11.332860032746122,8.634560024949428,2.698300007796696,15,0.7601865966129291,0.1827149740091969,0.05709842937787402,0.08646400991404544,0.6960274210178702,0.21750856906808444,5314.991493144773,11.833311088945102,0.1421298994893196,4.7557181324747034e-08,3.2028428179627346e-07,0.18984146343250935,10.687926104755512,0.5207721877133851,0.12984073589913378,0.1298407784507928,0.0,10.687926104755512,False,28.853913137571894,5.502366179820422,34.356279317392314,4109.80607607667,-1509.7888339702465,-565.5642432228477,2034.4529988835757,3.687474527217851e-15,-6.917393238085701e-08,4.7580016958666724e-11,34.85150348488499,0.0,12.405488295738373,11.332860075297804,1078.8700095681575,0.8589501789260723,4.163865148700729,7.1660992080996415,43.15360903739929
T2_eq,equilibrium,equilibrium,650.0,,,0.05,0.9,1.0,True,289,direct,9.625315506491372e-09,4063.0212612905157,1071.0621513983506,1.3579802103100778,0.9698161069695566,101076.3977605839,100953.00422527168,3.5813352405125586e-05,1.1429049219114518e-06,113.05656042538146,10.336916179925597,111284.14062512346,0.996191509380536,829.9356728399981,methanation (xi2>0),107922.88246526587,1190.069057109278,3.769826512752242e-05,1.2030577769902236e-06,,,,47.32765203202654,0.0,47.32765203202654,35.93024130017074,8.683741509985367,2.7136692218704286,11.397410731855796,0.9943041277603504,0.9998280416192087,11.397410715472278,8.683741497502687,2.713669217969589,15,0.759180727838354,0.18348135021839695,0.05733792194324903,0.0864640099140385,0.6960274210178754,0.21750856906808605,5319.8104084517845,5.950349520096116,0.07146964808587444,2.6472685636000574e-09,5.279642109829303e-08,0.0954613894160208,10.711645079902512,0.26186893202990996,0.06529007934005375,0.06529009572522454,0.0,10.711645079902512,False,30.651047438070524,3.7243908809575834,34.375438319028106,4115.95119703363,-1768.2275109030745,-313.81271656663256,2033.910969563923,-1.8437372636089254e-15,-1.4138843572578625e-07,2.857733871527065e-11,34.85150348488499,0.0,12.476148547141555,11.397410731855796,1085.015130525117,0.8781091805618644,4.18758412384773,13.742259791434629,84.4905321598053
T2_eq,equilibrium,equilibrium,650.0,,,0.02,0.9,1.0,True,93,wegstein,5.1004948518100316e-09,4066.6941956137834,1074.7350857216184,1.359207812088165,0.9698161069695569,260825.77153720404,260701.56059563873,9.815995186279008e-06,8.430693848637995e-08,117.02670933413185,7.184213306110304,271040.7493959902,0.9993145178656097,901.5304466507346,methanation (xi2>0),267468.4546261067,1194.1500952462409,1.001632083615687e-05,8.602747780508998e-08,,,,47.37043579967363,0.0,47.37043579967363,35.933940569909346,8.713520175058504,2.7229750547057816,11.436495229764287,0.9977138388356239,0.9999309809116914,11.436495227009257,8.713520172959434,2.722975054049823,15,0.758573147281705,0.1839442687377486,0.057482583980546446,0.08646400991403877,0.6960274210178752,0.217508569068086,5322.974929330695,2.38830076087739,0.02868588043889833,7.57196746091244e-11,5.611143370768878e-09,0.03831549995607097,10.72600706450628,0.10510672818545307,0.026205581430899908,0.026205584188236496,0.0,10.72600706450628,False,31.873364980882993,2.509233100958772,34.38259808184176,4119.671979538148,-1953.025650188802,-133.65879700948645,2032.9875323398592,5.761678948777892e-16,-1.5396640208336942e-07,1.959270366569399e-11,34.85150348488499,0.0,12.518932314788643,11.436495229764287,1088.735913029635,0.8852689433755216,4.201946108451498,33.47028939920606,28.043346166610718
T2_eq,equilibrium,equilibrium,650.0,,,0.01,0.9,1.0,True,132,wegstein,8.869905884338734e-09,4067.924110598685,1075.9650007065195,1.3596188855486395,0.9698161069695568,527083.745419536,526959.375225853,4.090469394125466e-06,1.454974527921814e-08,118.35615007771717,6.014034933018332,537301.1459810052,0.9998217762253377,927.428447784416,methanation (xi2>0),533653.1056813014,1195.5166674516888,4.131786721693566e-06,1.4696708533452083e-08,,,,47.38476232781387,0.0,47.38476232781387,35.935179301037465,8.723491829924868,2.726091196851521,11.449583026776388,0.9988556113748948,0.9999654509868455,11.44958302607831,8.723491829392996,2.726091196685312,15,0.7583699386974102,0.18409909432578267,0.05753096697680709,0.08646400991403969,0.6960274210178745,0.21750856906808574,5324.07823656097,1.1955168011704778,0.014359352298858607,6.467876161546578e-12,1.1573136134288313e-09,0.01917967389592744,10.73080909550828,0.05261349890271155,0.01311778441868134,0.01311778511933091,0.0,10.73080909550828,False,32.30483799761057,2.079307012621264,34.38414501023183,4120.917916915481,-2020.1147995907481,-68.22825808102077,2032.5748592437124,4.609343159022314e-15,-6.526587375286411e-07,7.046950107299684e-12,34.85150348488499,0.0,12.53325884292888,11.449583026776388,1089.9818504069685,0.8868158717655916,4.206748139453497,66.35026242579949,37.09106111526489
T2_eq,equilibrium,equilibrium,650.0,,,0.2,0.95,1.0,True,77,direct,9.546810441388432e-09,4057.5903633716425,1065.6312534794772,1.3561650458244012,0.9698161069695567,21274.711243305785,21211.132745254872,0.00026796957157411265,7.366734506426679e-05,44.86868435703073,18.709406833726053,31471.75625383038,0.9659629975267315,595.9421983567399,methanation (xi2>0),28820.223273911717,1121.7171089257658,0.0003349619590161175,9.208417844918395e-05,,,,47.26439082062836,0.0,47.26439082062836,35.92477142996719,8.639710011932321,2.699909378728851,11.339619390661172,0.9892624414992756,0.9996758319647329,11.33961932208369,8.639709959682811,2.6999093624008794,12,0.7600811281982172,0.18279533089659636,0.05712354090518637,0.08646400991403683,0.6960274210178767,0.21750856906808647,5318.677810826446,11.217289108665938,0.13473085948418656,8.105065472333292e-07,1.8764569249477237e-06,0.179957075784961,10.690410903608456,0.49366167638327924,0.12308142053484938,0.12308148911401916,0.0,10.690410903608456,False,26.296038419832694,8.004936603844357,34.30097502367705,4110.449549527349,-1172.0458968662397,-894.1290114582383,2044.2746412028705,9.218686318044627e-16,-3.4973504174060566e-08,6.698438422366356e-11,34.85150348488499,0.0,12.41288733574337,11.339619390661172,1079.5134830188358,0.8036458852108055,4.166349947553673,3.8863853205261227,18.031198978424072
T2_eq,equilibrium,equilibrium,650.0,,,0.1,0.95,1.0,True,148,direct,9.413474673293062e-09,4063.34242753747,1071.3833176453047,1.3580875534371588,0.9698161069695569,47890.21939902028,47825.4555668925,9.454178105029104e-05,8.634134077155984e-06,50.74973609898819,14.013955846617568,58098.59490104922,0.9879487320464897,739.2555644589683,methanation (xi2>0),55008.81946602771,1127.7719133108467,0.00010504642175489626,9.593482014813918e-06,,,,47.33139310139411,0.0,47.33139310139411,35.930564739601415,8.686345418508719,2.714482943283974,11.400828361792694,0.9946022800015357,0.9998370419431936,11.400828316980887,8.686345384366392,2.714482932614497,13,0.7591275563650146,0.18352186181713173,0.05735058181785365,0.0864640099140371,0.6960274210178765,0.21750856906808638,5321.135488780032,5.638879253903744,0.06772857871863787,4.221995628906197e-08,2.9423503191318357e-07,0.09046422402622971,10.71290204698392,0.24816143708504984,0.061872449405071056,0.061872494216845916,0.0,10.71290204698392,False,29.027446947686947,5.329740944636135,34.35718789232308,4116.276547188995,-1535.8355986139495,-540.1753999886577,2040.265548586388,5.185511053900103e-15,-6.913810173172765e-08,4.5561207988005967e-11,34.85150348488499,0.0,12.479889616509126,11.400828361792694,1085.3404806804824,0.859858753856841,4.188841090929138,7.1744812887317195,30.34950304031372
T2_eq,equilibrium,equilibrium,650.0,,,0.05,0.95,1.0,True,289,direct,9.612798123846351e-09,4066.241774315461,1074.2826644232962,1.3590565996946444,0.969816106969557,101135.45882195885,101071.68908551401,3.302430796768426e-05,1.0240081011453963e-06,53.71413322116492,10.055549559443117,111349.54549533238,0.9963685810790408,835.9874310927996,methanation (xi2>0),107970.54222137263,1130.8238572876796,3.4762428925843353e-05,1.077903232777595e-06,,,,47.36516582041386,0.0,47.36516582041386,35.93348489435642,8.709852134138998,2.7218287919184383,11.431680926057437,0.9972938415081053,0.9999183008633753,11.431680911288371,8.709852122886378,2.721828788401994,13,0.7586479280019444,0.18388729295089953,0.05746477904715612,0.08646400991403777,0.696027421017876,0.21750856906808624,5322.918885366255,2.8270635000123123,0.03395585969864789,2.371872238068829e-09,4.868478243025453e-08,0.045354517856165726,10.724238168231382,0.12441623757204186,0.031019885139965175,0.031019899909024314,0.0,10.724238168231382,False,30.752690613353515,3.623014488480668,34.37570510183418,4119.213664440922,-1783.8816804323915,-298.54815139171455,2036.783832616816,1.1523357897555784e-16,-1.4137091788532523e-07,2.722729669812907e-11,34.85150348488499,0.0,12.51366233552887,11.431680926057437,1088.2775979324092,0.8783759633679367,4.2001772121766,13.750336510300292,59.37496900558472
T2_eq,equilibrium,equilibrium,650.0,,,0.02,0.95,1.0,True,93,wegstein,4.934597044234507e-09,4067.9889205280488,1076.029810635884,1.3596405469173225,0.9698161069695566,260887.1704253061,260824.61304774758,9.136802104814746e-06,7.704624582284595e-08,55.50048496964029,7.056875259516882,271104.69865022495,0.9993488770624974,904.2265977673098,methanation (xi2>0),267524.54043516744,1132.6629585640883,9.323266732208703e-06,7.861860869237106e-08,,,,47.385517259080025,0.0,47.385517259080025,35.935244573645164,8.724017284140848,2.7262554012940146,11.450272685434863,0.9989157768341379,0.9999672673226441,11.450272682959799,8.724017282255085,2.726255400704715,13,0.7583592341019408,0.18410725020804508,0.0575335156900141,0.08646400991403967,0.6960274210178745,0.21750856906808577,5324.22796786339,1.1326634778284599,0.013604421032197632,6.919853535546178e-11,5.222894427670634e-09,0.018171311844243657,10.731069793964473,0.049847386995752696,0.012428125762117513,0.012428128237194924,0.0,10.731069793964473,False,31.91788720819993,2.4647576900861177,34.382644898286046,4120.9835711390715,-1960.0171570968741,-126.83933671114886,2034.1270773310484,-5.87691252775345e-15,-1.5396286124996383e-07,1.8621121322818608e-11,34.85150348488499,0.0,12.534013774195039,11.450272685434863,1090.0475046305587,0.8853157598198038,4.20700883790969,33.478186366916155,18.993718147277832
T2_eq,equilibrium,equilibrium,650.0,,,0.01,0.95,1.0,True,132,wegstein,8.867766952383481e-09,4068.572565411036,1076.613455518871,1.3598356180601927,0.969816106969557,527145.9381010648,527083.8930746154,3.832982883584393e-06,1.3480508408430817e-08,56.097227419141184,5.947791080517907,537364.615997336,0.9998309320113526,928.824987946468,methanation (xi2>0),533712.5107362114,1133.2773215988118,3.871699375457417e-06,1.3616671601236931e-08,,,,47.39231578169558,0.0,47.39231578169558,35.935832403019035,8.728749240896411,2.7277341377801285,11.45648337867654,0.999457594451467,0.9999836248050994,11.456483378048478,8.728749240417889,2.7277341376305904,13,0.7582628493863696,0.18418068618181366,0.05755646443181677,0.08646400991403898,0.6960274210178751,0.21750856906808594,5324.706445465301,0.5666387825314246,0.006805898416984941,5.992562571178099e-12,1.0844631370626146e-09,0.009090584035204869,10.733344731701258,0.024937206180425466,0.0062174325207275255,0.006217433148784813,0.0,10.733344731701258,False,32.327753361942776,2.0564037026978763,34.384157064640654,4121.574819301534,-2023.739592594062,-64.69228449889006,2033.1429422085823,1.2675693687311363e-15,-6.526556017857882e-07,6.692315404658682e-12,34.85150348488499,0.0,12.540812296810593,11.45648337867654,1090.6387527930215,0.8868279261744121,4.209283775646476,66.35810021336279,26.992756128311157
T2_eq,equilibrium,equilibrium,650.0,,,0.2,0.99,1.0,True,77,direct,9.514351107447616e-09,4066.917494480829,1074.9583845886639,1.3592824450824152,0.969816106969557,21310.45699728127,21283.497032978314,0.0002515476173320029,6.731032597113132e-05,8.686532400716533,18.273052136934712,31525.874713107103,0.9668211594805051,606.5836912782798,methanation (xi2>0),28842.5870068668,1085.8165500895595,0.00031443451657579873,8.413790484296284e-05,,,,47.37303687173282,0.0,47.37303687173282,35.934165394235606,8.715330649521688,2.723540827975527,11.438871477497216,0.9979211414401383,0.9999372370808042,11.438871399948404,8.71533059043688,2.7235408095115243,11,0.7585362443425301,0.1839723852628342,0.05749137039463567,0.08646400991403543,0.6960274210178777,0.21750856906808683,5327.614249320318,2.1717432669870127,0.02608480837978101,7.405650339158795e-07,1.7614621903673502e-06,0.034839509826173835,10.72688250462107,0.09557624943683145,0.023829333700628588,0.023829411249425905,0.0,10.72688250462107,False,26.484700866559916,7.818239520745541,34.30294038730546,4119.8981873721705,-1199.3595784494019,-867.5192082039492,2053.0194007188193,2.189438000535599e-15,-3.497396395560956e-08,6.524003892612503e-11,34.85150348488499,0.0,12.521533386847835,11.438871477497216,1088.9621208636577,0.8056112488392202,4.202821548566288,3.893068302689756,15.79561996459961
T2_eq,equilibrium,equilibrium,650.0,,,0.1,0.99,1.0,True,148,direct,9.393707095448396e-09,4068.0360418493456,1076.0769319571807,1.3596562962372718,0.9698161069695571,47930.85166675857,47907.390006377966,8.862470826883679e-05,7.886792544961625e-06,9.782517563247007,13.679011989130123,58148.472711874696,0.9883316591200039,746.707748823075,methanation (xi2>0),55036.68525258115,1086.9463959163425,9.847189655341595e-05,8.763102561388712e-06,,,,47.386066146559145,0.0,47.386066146559145,35.93529198870631,8.724399358364062,2.72637479948877,11.450774157852832,0.9989595250245715,0.9999685867378779,11.450774111426949,8.724399322991962,2.7263747884349874,11,0.7583514513314707,0.18411317993792714,0.05753536873060222,0.08646400991403518,0.696027421017878,0.21750856906808685,5325.650185195396,1.0869647451161315,0.013055533553589856,3.856553923457958e-08,2.7581978651223535e-07,0.01743788102968575,10.731255361428664,0.04783623146781583,0.011926653345114765,0.011926699770979243,0.0,10.731255361428664,False,29.155502138849556,5.202356214213033,34.35785835306259,4121.031306320932,-1555.048114898433,-521.4483070776225,2044.5348843448771,4.955043895948987e-15,-6.9111501288346e-08,4.406773964168072e-11,34.85150348488499,0.0,12.534562661674158,11.450774157852832,1090.0952398124195,0.8605292145963475,4.2071944053738815,7.180640601553308,30.08292508125305
T2_eq,equilibrium,equilibrium,650.0,,,0.05,0.99,1.0,True,289,direct,9.603660653096023e-09,4068.5961567373597,1076.6370468451946,1.3598435029695304,0.9698161069695569,101178.63543706867,101158.45462489375,3.105351777684744e-05,9.423486590481733e-07,10.331365601039726,9.849396451489195,111397.35980384416,0.9964988360487085,840.4209608064772,methanation (xi2>0),108005.35593844032,1087.512168530499,3.268791296937611e-05,9.919459280118753e-07,,,,47.392590582640835,0.0,47.392590582640835,35.935856150398685,8.728940519803537,2.7277939124386057,11.456734432242143,0.9994794962327084,0.9999842856215936,11.456734418602576,8.728940509411485,2.727793909191089,11,0.7582589540315402,0.1841836540712075,0.05755739189725234,0.08646400991403574,0.6960274210178775,0.21750856906808674,5325.191338793089,0.5437596762603745,0.006531097471563357,2.1827274808447924e-09,4.5779422785762996e-08,0.008723478859867385,10.733444448620306,0.02393031959254282,0.005966378955460517,0.00596639259503257,0.0,10.733444448620306,False,30.827163045187067,3.548737524333337,34.375900569520404,4121.598717957628,-1795.349767000628,-287.36550832214635,2038.8834426348533,-2.189438000535599e-15,-1.4135804299614201e-07,2.6234510130507263e-11,34.85150348488499,0.0,12.541087097755849,11.456734432242143,1090.662651449115,0.8785714310541621,4.209383492565523,13.756241005277076,59.14344596862793
T2_eq,equilibrium,equilibrium,650.0,,,0.02,0.99,1.0,True,93,wegstein,4.8092896077146255e-09,4068.932499713177,1076.9733898210122,1.359955918602052,0.9698161069695569,260931.9170785975,260914.29212266277,8.653796411620862e-06,7.198804865593329e-08,10.660948707319221,6.96399101806903,271151.3039781821,0.9993739809630757,906.193208680481,methanation (xi2>0),267565.41000625567,1087.851908910112,8.830403822866707e-06,7.345718367290608e-08,,,,47.3965084364494,0.0,47.3965084364494,35.9361949151099,8.731667444830094,2.728646076509405,11.4603135213395,0.9997917340862743,0.999993712400973,11.4603135190606,8.73166744309379,2.728646075966809,11,0.758203422633401,0.18422596370788497,0.05757061365871405,0.08646400991403576,0.6960274210178775,0.21750856906808674,5325.141164869337,0.21757086529110142,0.0026132436630114187,6.465555169997895e-11,4.946792601826538e-09,0.0034904816349290257,10.734759447332413,0.009575076210596082,0.002387289858130795,0.0023872921370250086,0.0,10.734759447332413,False,31.950363073990022,2.4323159736285653,34.38267904761859,4121.939442552675,-1965.1168540703554,-121.8651345979083,2034.9574538844113,-1.8437372636089254e-15,-1.5396026235896047e-07,1.7909588545232208e-11,34.85150348488499,0.0,12.545004951564415,11.4603135213395,1091.0033760441625,0.885349909152346,4.210698491277631,33.48394156726055,19.097142934799194
T2_eq,equilibrium,equilibrium,650.0,,,0.01,0.99,1.0,True,132,wegstein,8.866210791617541e-09,4069.044660055768,1077.0855501636026,1.3599934058598893,0.9698161069695571,527191.2162264534,527174.5458209285,3.6486143007257076e-06,1.2725805894867032e-08,10.770855501636008,5.899542580795321,537410.8240609532,0.9998376061304468,929.842146016295,methanation (xi2>0),533755.7581087867,1087.965202185458,3.685468510775031e-06,1.2854346047850114e-08,,,,47.397814923746594,0.0,47.397814923746594,35.93630788094174,8.732576794517973,2.728930248286867,11.46150704280484,0.9998958562722232,0.9999968558924256,11.461507042227145,8.732576794077826,2.7289302481493207,11,0.7581849066108558,0.18424007115363353,0.05757502223551048,0.08646400991403522,0.696027421017878,0.21750856906808685,5325.163800267206,0.10879663357249418,0.0013067563658392277,5.657070622497003e-12,1.032299864276031e-09,0.001745422573866126,10.735190751262547,0.0047880310468918965,0.0011937683927736586,0.001193768970468076,0.0,10.735190751262547,False,32.344443694823724,2.0397221496066944,34.38416584443042,4122.0530640344905,-2026.379682007989,-62.11688624111599,2033.5564957853858,-1.498036526682252e-15,-6.526532999863354e-07,6.432623213944075e-12,34.85150348488499,0.0,12.546311438861608,11.46150704280484,1091.1169975259777,0.8868367059641784,4.211129795207764,66.3638063563147,27.96241807937622
