tier,value_type,mode,T3_K,phi,k2_uncalibrated,purge_p,r_CH4,h_H2_to_CFR,converged,iterations,method,tear_rel_err,S1_inlet_CH4_kmol_d,S1_recycle_CH4_kmol_d,S1_inlet_CH4_ratio_vs_fresh,S1_X_CH4,recycle_to_S2_total_kmol_d,recycle_to_S2_H2,recycle_to_S2_CO,recycle_to_S2_CO2,recycle_to_S2_CH4,recycle_to_S2_H2O,S2_inlet_total_kmol_d,S2_X_CO2_per_pass,S2_xi2_CH4_kmol_d,S2_character,S3_inlet_total_kmol_d,S3_CH4_out_kmol_d,S3_CO_out_kmol_d,S3_CO2_out_kmol_d,S3_ext_CO2_meth,S3_ext_CO_carb,S3_ext_CH4_crack,C_stage1_tpd,C_stage3_tpd,C_total_tpd,C_from_wasteCH4_tpd,C_from_biogasCO2_tpd,C_from_DACCO2_tpd,C_from_CO2_total_tpd,fresh_CO2_carbon_fixed_fraction,fresh_CH4_carbon_fixed_fraction,C_from_CO2_total_tpd_mixing_tracer_upper,C_from_biogasCO2_tpd_mixing,C_from_DACCO2_tpd_mixing,tracer_netconv_iterations,f1_wasteCH4,f1_biogasCO2,f1_DACCO2,f2_wasteCH4,f2_biogasCO2,f2_DACCO2,purge_total_kmol_d,purge_carbon_kmol_d,purge_carbon_tpd,purge_CO2_tpd,purge_CO_tpd,purge_CH4_tpd,purge_H2_tpd,purge_carbon_as_CO2_if_oxidised_tpd,purge_CO2origin_carbon_tpd,purge_CO2origin_carbon_tpd_mixing,H2_permeate_tpd,H2_net_exportable_tpd,external_H2_required,water_stage2_tpd,water_stage3_tpd,water_total_tpd,Q1_kW,Q2_kW,Q3_kW,Q_total_kW,closure_C_rel,closure_H_rel,closure_O_rel,once_C_total_tpd,once_C_from_CO2_total_tpd,delta_C_total_vs_once_tpd,delta_C_from_CO2_vs_once_tpd,delta_Q1_vs_once_kW,delta_water_vs_once_tpd,delta_H2_export_vs_once_tpd,S2_inlet_ratio_vs_once,wall_s
T3_kin,kinetic,kinetic,650.0,0.0,0.0,1.0,0.0,0.35,True,1,once-through,0.0,2991.959109892165,0.0,1.0,0.8728806831856022,0.0,0.0,0.0,0.0,0.0,0.0,7807.932668338708,0.7035036006698712,0.0,reforming (xi2<0),3398.9057124384035,383.9873891757455,668.5350013583536,282.16365399248764,1.4311623316501303,5.119728516138511,-24.851402724641876,31.36820759930369,0.0,31.36820759930369,31.36820759930369,0.0,0.0,0.0,0.0,0.8728806831856026,0.0,0.0,0.0,4,1.0,0.0,0.0,0.28496274426920465,0.5447902900806059,0.17024696565018935,3355.4846788624973,1334.6860445265866,16.03091408080883,12.417740248555388,18.725665388047485,6.160309684546484,4.070097752715279,58.73819813357055,11.462700811197713,11.462700811197708,7.6027544467982535,11.672852199513533,False,11.490316364973124,0.6506630893072898,12.140979454280414,2727.980709243213,274.069072042296,-8.901866643807095,2993.147914641702,4.6093431590223135e-16,-3.771792854744397e-16,-2.3824971625193333e-16,,,,,,,,,
T3_kin,kinetic,kinetic,650.0,0.0,0.0,0.2,0.9,0.35,True,76,direct,8.629888352431299e-09,3434.5611317741063,442.6020218819413,1.147930504938583,0.8728806831856023,6251.462925632193,2455.828226996462,3113.6081528945947,640.4384447329323,39.34240194506147,2.2456990631429163,14888.336371092486,0.4977059277536615,5.684341886080802e-14,methanation (xi2>0),8341.943186597005,491.7800245030441,3892.0102247058567,800.5480615325655,0.6118684537305757,18.583970097203068,-23.583295241972074,36.008522388487016,0.0,36.008522388487016,35.82300837552236,0.14134400987783288,0.04417000308682277,0.18551401296465564,0.016184145082407658,0.9968440793309348,3.3179979525829104,2.5279984400631696,0.7899995125197405,117,0.9078552039212869,0.07020555891711473,0.021939237161598353,0.2849627442694825,0.5447902900803943,0.1702469656501232,1562.8657314080483,948.3472498931471,11.39059881846659,7.046263878562905,21.8030410906444,0.15779253860115527,1.2377374264062169,41.73581412054751,11.277186327228868,8.144702520283625,11.673064921356291,12.910802347762509,False,13.62262611638784,0.9608363822114692,14.583462498599308,3131.5322730242774,324.0125823208053,-39.92389452435811,3415.6209608207246,-9.982440190530833e-09,1.1464867287709562e-11,-2.3485881167914615e-08,31.36820759930369,0.0,4.640314789183325,0.18551401296465564,403.5515637810645,2.4424830443188945,1.2379501482489754,1.9068218187209693,26.210339784622192
T3_kin,kinetic,kinetic,650.0,0.0,0.0,0.1,0.9,0.35,True,54,wegstein,2.1759547600670043e-09,3446.9299635267907,454.9708536346258,1.1520645292679228,0.8728806831856024,11323.550601188264,2882.7710934643746,7101.996174442517,1290.4638775817211,45.497085363462595,2.822370336188116,19983.589392711714,0.3611795244618967,-5.684341886080802e-14,reforming (xi2<0),13139.986504890709,505.5231705655491,7891.106843320994,1433.8487521122227,0.21283093512622228,24.994981640183582,-25.995439291178002,36.138199321870225,0.0,36.138199321870225,35.87900187005146,0.19748377281429746,0.061713679004467954,0.2591974518187654,0.02261224959876472,0.9984022059661206,3.410721791159519,2.598645174216776,0.8120766169427429,238,0.9056200404236686,0.07190854062958582,0.02247141894674558,0.28496274426976714,0.5447902900801774,0.17024696565005548,1258.1722890209182,937.5507930430779,11.260922575240407,6.310224976499329,22.10299031623721,0.0811010822762256,0.64574072493602,41.260672851032815,11.20350357471413,8.051979175190528,12.238490442605839,12.88423116754186,False,13.924209732654841,1.0733944764938257,14.997604209148667,3142.809811646253,330.97060422600924,-55.316109850466695,3418.4643060217954,4.57810448809783e-09,1.5055651803354775e-10,9.791392188503778e-09,31.36820759930369,0.0,4.769991722566534,0.2591974518187654,414.82910240304,2.8566247548682533,1.2113789680283258,2.5593957122280893,19.616201162338257
T3_kin,kinetic,kinetic,650.0,0.0,0.0,0.05,0.9,0.35,True,287,direct,9.799555653129864e-09,3447.333795060926,455.3746851687612,1.1521995015450508,0.8728806831856022,20726.28103670597,3113.2395593625047,15006.985745109703,2554.603115316158,48.06732787892475,3.385289038679094,29387.076156508978,0.23364392784737353,0.0,reforming (xi2<0),22389.956322845286,505.9718721991409,15796.827254917363,2689.055935797037,0.051779962170029704,30.004136289784192,-19.630047498714262,36.142433160279396,0.12460318046954019,36.26703634074894,35.90752980160175,0.27390974411214747,0.08559679503504607,0.3595065391471935,0.031363161707579246,0.9991960505076888,3.502845059571211,2.6688343311018747,0.8340107284693362,468,0.9055473346740578,0.07196393548643217,0.02248872983951006,0.2849627442705235,0.5447902900796011,0.17024696564987538,1090.8568966687353,926.8240099107784,11.132083183038358,5.917133079049938,22.123456353711727,0.040586533745346834,0.3303311027197268,40.78859785216345,11.103192113141786,7.959854209752003,12.529541697693306,12.859872800413033,False,14.088980031653149,1.2197196415152316,15.30869967316838,3143.178013414545,334.67094449135107,-66.06672398106328,3411.782233924833,-4.5492935927852766e-08,2.5406545216701276e-11,-1.072354152303016e-07,31.36820759930369,0.0,4.8988287414452465,0.3595065391471935,415.19730417133223,3.1677202188879665,1.1870206008994995,3.763746103456302,123.97528910636902
T3_kin,kinetic,kinetic,650.0,0.0,0.0,0.02,0.9,0.35,True,91,wegstein,8.220484241570283e-09,3436.5011550776326,444.5420451854673,1.1485789173106344,0.8728806831856027,48416.934971274066,3276.962287086286,38756.024466583054,6331.836349782089,48.40568936463979,3.7061784579941808,57057.44184890445,0.11324492925494745,0.0,reforming (xi2<0),49964.30626825563,493.93560444166354,39546.96406650647,6461.05755248461,0.005358199064548659,34.184085715473415,-8.678877812603515,36.028861922383406,0.3063430521213708,36.33520497450478,35.92482043720053,0.3126739331841838,0.097710604120058,0.4103845373042418,0.03580173155207405,0.9996771956852191,3.551588172368638,2.705971940852296,0.8456162315163421,1137,0.9075035596670283,0.07047347834893081,0.022022961984040867,0.28496274427258117,0.5447902900780335,0.17024696564938538,988.1007136994707,921.1482960353018,11.06391218368001,5.686893590154286,22.154209087938597,0.015848417846467677,0.1348235912401215,40.5388153602176,11.052311736008745,7.911109405427707,12.712386374869626,12.847209966109748,False,14.184801501620194,1.2944584671537342,15.479259968773931,3133.3011294668627,336.82550430002846,-61.838128796273686,3408.2885049706174,-9.54010866506731e-08,2.079390658084871e-10,-2.2555765008816783e-07,31.36820759930369,0.0,4.966997375201085,0.4103845373042418,405.32042022364976,3.3382805144935173,1.1743577665962146,7.307624728921304,40.56779885292053
T3_kin,kinetic,kinetic,650.0,0.0,0.0,0.01,0.9,0.35,True,131,wegstein,9.734373510320666e-09,3431.9506126704196,439.99150277825464,1.1470579933139904,0.8728806831856024,94318.30505061604,3334.0405458590203,78311.37477385021,12620.660372554055,48.399065305607984,3.8302930471382277,102950.28930527392,0.06091103201226211,-5.684341886080802e-14,reforming (xi2<0),95824.57538607373,488.8794468707041,79102.39953147716,12748.141913208958,0.0007994991522738977,35.84314875955836,-4.2123648425268545,35.98115326271391,0.3799173456274665,36.36107060834137,35.93061327933733,0.32796748876498677,0.10248984023905819,0.430457329004045,0.03755287136025908,0.9998383926546652,3.570083064187882,2.7200632870002908,0.8500197771875914,2212,0.9083290081369763,0.06984456522897058,0.021826426634053316,0.28496274427597357,0.5447902900754487,0.17024696564857777,952.7101520264247,918.9942849667666,11.038040356735834,5.6103297205629445,22.156581893086308,0.00784309297674615,0.06789318929749279,40.44401948710243,11.0322327583718,7.892610085251444,12.77448606955233,12.842379258849824,False,14.216776659656512,1.324294807297831,15.541071466954342,3129.152078143793,337.5375163815195,-60.072064344369394,3406.6175301809435,-2.2605978583829963e-07,2.953263514693467e-11,-5.32049630919668e-07,31.36820759930369,0.0,4.992863009037681,0.430457329004045,401.1713689005801,3.4000920126739285,1.169527059336291,13.185345427316374,57.38349390029907
T3_kin,kinetic,kinetic,650.0,0.0,0.0,0.2,0.95,0.35,True,76,direct,8.631230058925136e-09,3440.4673659191544,448.50825602698916,1.1499045406550206,0.8728806831856024,6234.616595387887,2459.6013049817266,3114.434182742443,639.4485079019576,18.884558148504812,2.2480416132546566,14882.551712688808,0.49816697577952096,0.0,reforming (xi2<0),8326.929096973898,472.1139538921746,3893.042762029801,799.3106404892795,0.6191809718005132,18.651579540981317,-23.716965057100186,36.07044435064866,0.0,36.07044435064866,35.88198790955218,0.14358585988302935,0.04487058121344666,0.188456441096476,0.016440840967634457,0.9984852982560182,3.362274462476632,2.5617329237917197,0.8005415386849122,117,0.906785887365533,0.07102027629292712,0.022193836341539718,0.28496274426944884,0.5447902900804199,0.1702469656501312,1558.6541488469718,943.1918121982264,11.328676856312898,7.035372346064312,21.808825364653956,0.07574124159411567,1.2396390577107903,41.50892846303175,11.27424389898698,8.100426010396182,11.691203259366596,12.930842317077383,False,13.626809915413073,0.9618386569141811,14.588648572327255,3136.917404378076,324.11141878278096,-40.02538147131178,3421.003441689545,-9.982272410439844e-09,1.42222993173847e-11,-2.3488491193556157e-08,31.36820759930369,0.0,4.702236751344966,0.188456441096476,408.93669513486293,2.447669118046841,1.2579901175638497,1.9060809493193753,31.713326692581177
T3_kin,kinetic,kinetic,650.0,0.0,0.0,0.1,0.95,0.35,True,54,wegstein,5.810112891246997e-09,3449.8737841782895,457.9146742861243,1.1530484399910894,0.8728806831856023,11303.025973152078,2885.3760913420388,7103.765578434587,1289.3743521451704,21.69069509776379,2.8192561325177006,19968.5781895085,0.36140865480065776,0.0,reforming (xi2<0),13119.908348795103,482.01544671976234,7893.072859885809,1432.6381641530393,0.21468745158701458,25.060660604578697,-26.111882561110825,36.16906283769379,0.0,36.16906283769379,35.90904126704636,0.19811167287423323,0.061909897773197844,0.26002157064743103,0.022684145292653946,0.9992381099395429,3.4327903548158716,2.6154593179549495,0.8173310368609218,238,0.9050904257536259,0.07231205656866602,0.022597517677708134,0.2849627442698124,0.5447902900801429,0.17024696565004466,1255.8917747946753,934.9811806308358,11.230058960556967,6.304897318172979,22.10849709466142,0.0386648690503805,0.6463242444606166,41.147586778382454,11.202679359778562,8.029910540844856,12.248480427888266,12.894804672348885,False,13.926220261599122,1.0722100885690267,14.998430350168148,3145.493901118675,331.01983097614146,-55.124393652623496,3421.3893384421926,2.492414505254137e-09,-1.8281439924446374e-10,7.782243290838172e-09,31.36820759930369,0.0,4.8008552383900955,0.26002157064743103,417.51319187546187,2.857450895887734,1.2219524728353512,2.5574731542552107,22.45088791847229
T3_kin,kinetic,kinetic,650.0,0.0,0.0,0.05,0.95,0.35,True,287,direct,9.801120742660586e-09,3448.9438339625513,456.98472407038633,1.1527376235054418,0.8728806831856024,20701.279038765686,3114.318525527023,15007.408033360818,2553.315612458778,22.849236203519325,3.387631215546107,29365.089569326734,0.23374892656037793,0.0,reforming (xi2<0),22365.41895422191,481.03655145287513,15797.271768894987,2687.7006696289122,0.05206009678020467,30.04939373938359,-19.707871248027864,36.15931308164675,0.12421202664367383,36.283525108290426,35.92268992260321,0.2749220462378769,0.08591313944933646,0.36083518568721334,0.03147907213409251,0.9996179100205426,3.5146351426646607,2.6778172515540275,0.8368178911106333,468,0.9052576328463608,0.072184660688487,0.022557706465152184,0.2849627442704736,0.5447902900796392,0.17024696564988726,1089.5410020402992,925.4512043170062,11.11559441505156,5.9141508836157035,22.12407889549666,0.01929317349542424,0.33044558670855156,40.728182050787126,11.101863466276217,7.948064126340919,12.534550343562557,12.864995930271109,False,14.090175040200732,1.2205635278369285,15.310738568037658,3144.645999741716,334.69849194297507,-66.21372633763632,3413.130765347055,-4.550233080631307e-08,2.2334922842225932e-11,-1.0724808129996671e-07,31.36820759930369,0.0,4.915317508986735,0.36083518568721334,416.66529049850305,3.1697591137572445,1.192143730757575,3.760930174052684,117.18527698516846
T3_kin,kinetic,kinetic,650.0,0.0,0.0,0.02,0.95,0.35,True,91,wegstein,9.619644305508798e-09,3437.151148867587,445.1920389754216,1.1487961641933895,0.8728806831856024,48390.778874390824,3277.3634159334833,38756.2012778636,6330.544281978785,22.962536747153344,3.707361867803527,57032.50311283461,0.1132686326473149,5.684341886080802e-14,methanation (xi2>0),49938.36019008942,468.623197316549,39547.14448726466,6459.739115031518,0.005371262473973719,34.20683282427548,-8.726983475051393,36.03567656770199,0.3060384705335299,36.34171503823552,35.930918585159034,0.3129877737725583,0.09780867930392502,0.4107964530764834,0.03583766686775804,0.9998468883761179,3.556243110473517,2.7095185603607748,0.8467245501127424,1137,0.9073858320354821,0.07056317559201354,0.02205099237250424,0.2849627442725313,0.5447902900780714,0.17024696564939737,987.5669158038945,920.6062876855009,11.05740212139055,5.685733128685803,22.15431015903999,0.007518121980297574,0.13484009482697762,40.51496211475121,11.05189981833391,7.906454468354191,12.714364431935232,12.84920452676221,False,14.185272828000198,1.2948717803204568,15.480144608320655,3133.893774772164,336.83626337848807,-61.920497561848954,3408.809540588803,-9.537067927478734e-08,1.0413304012449672e-10,-2.251367390794599e-07,31.36820759930369,0.0,4.973507438931829,0.4107964530764834,405.91306552895094,3.3391651540402414,1.1763523272486758,7.3044307034181175,38.47441291809082
T3_kin,kinetic,kinetic,650.0,0.0,0.0,0.01,0.95,0.35,True,131,wegstein,9.735760227626468e-09,3432.294012088088,440.3349021959228,1.1471727674151915,0.8728806831856022,94291.80748138698,3334.2039308750996,78311.45316669841,12619.375687931806,22.943765956524437,3.830929925131952,102924.43488218084,0.06091775286973655,0.0,reforming (xi2<0),95798.22059426895,463.5104227079988,79102.47871628277,12746.844251973193,0.0008005013492203933,35.85533241329437,-4.254986327340098,35.984753520547436,0.37955175683839515,36.36430527738583,35.933668067600074,0.3281045407891423,0.10253266899660707,0.43063720978574943,0.037568564065204216,0.9999233980110385,3.572395973064838,2.7218255032874965,0.8505704697773417,2212,0.9082666406325397,0.06989208332758881,0.02184127603987148,0.28496274427592394,0.5447902900754866,0.17024696564858943,952.4424998119896,918.7249759655226,11.034805686321892,5.609758632830211,22.156604072719418,0.0037180488610153687,0.06789651641054749,40.43216746726669,11.03205287627588,7.890297175396036,12.77546874223572,12.843365258646267,False,14.217009627200884,1.3245150040746958,15.54152463127558,3129.4651796777916,337.54281318352594,-60.13257491694698,3406.875417944371,-2.2608867835355616e-07,2.8882000879491255e-11,-5.32107977560429e-07,31.36820759930369,0.0,4.9960976780821404,0.43063720978574943,401.4844704345787,3.4005451769951662,1.170513059132734,13.182034125312207,54.33821678161621
T3_kin,kinetic,kinetic,650.0,0.0,0.0,0.2,0.99,0.35,True,76,direct,8.632216677418964e-09,3444.8630089086123,452.9038990164474,1.1513736927483513,0.8728806831856024,6222.078401015828,2462.408846041054,3115.0466503548632,638.7132815297191,3.659829487001616,2.249793603189386,14878.246033161879,0.49850973566185663,0.0,reforming (xi2<0),8315.754986124866,457.4786860473351,3893.8083465557756,798.3916075205989,0.6246817103234437,18.702052571661337,-23.8167959455242,36.11652901850717,0.0,36.11652901850717,35.92587257074348,0.1452620554389985,0.04539439232468706,0.1906564477636856,0.016632768394115,0.999706473323824,3.3952267169135997,2.5868394033627427,0.8083873135508569,117,0.9059924414338436,0.07162480652659535,0.02238275203956104,0.28496274426942647,0.5447902900804369,0.1702469656501365,1555.519600253957,939.354940342896,11.282592188458525,7.027283201710352,21.81311416910993,0.014678661114991732,1.2410540584046912,41.34007156955051,11.272043892238283,8.067473755962588,11.704702360693503,12.945756419098194,False,13.629916575519752,0.9625882567550508,14.592504832274802,3140.9252229476238,324.18480420929944,-40.10138316353268,3425.0086439933903,-9.98218517862056e-09,1.6221223803970737e-11,-2.349041887201035e-08,31.36820759930369,0.0,4.7483214192034815,0.1906564477636856,412.94451370441084,2.451525377994388,1.2729042195846603,1.9055294999524528,31.493584871292114
T3_kin,kinetic,kinetic,650.0,0.0,0.0,0.1,0.99,0.35,True,51,wegstein,5.133214584771031e-09,3452.0402121172638,460.08110222509845,1.1537725233957763,0.8728806831856026,11287.916792284193,2887.2881438673026,7105.055913110251,1288.5731573780413,4.182555474773642,2.817022453824236,19957.526469679015,0.361577282958203,0.0,reforming (xi2<0),13105.130975394251,464.7283857581882,7894.506529598305,1431.7479505272056,0.21606418184543877,25.10907026627061,-26.19770306794347,36.19177603625112,0.0,36.19177603625112,35.931140628330105,0.19857935841600932,0.062056049505002896,0.2606354079210122,0.022737696134091028,0.9998530671542403,3.4490311379813865,2.6278332479858184,0.8211978899955683,238,0.9047012466443564,0.07260857398525225,0.022690179370391327,0.2849627442697813,0.5447902900801666,0.17024696565005204,1254.212976920466,933.090180662563,11.207346159938043,6.300979564783358,22.112512902913128,0.00745563749797706,0.6467525442262758,41.064365760778735,11.202065915551506,8.013670042220701,12.25582581927316,12.902578363499435,False,13.927699405826768,1.0713605841686447,14.999059989995413,3147.469186678537,331.0560236024249,-54.98655237147296,3423.538657909489,1.0887894951346016e-08,1.7365673764600133e-10,2.345578427250909e-08,31.36820759930369,0.0,4.823568436947429,0.2606354079210122,419.48847743532406,2.8580805357149988,1.2297261639859016,2.5560577066202304,21.17964792251587
T3_kin,kinetic,kinetic,650.0,0.0,0.0,0.05,0.99,0.35,True,287,direct,9.802313108553927e-09,3450.122006918512,458.16289702634685,1.1531314032707016,0.8728806831856024,20682.983074670738,3115.1078515216823,15007.715257338887,2552.374105173386,4.396512648232609,3.389347988549366,29349.00018260243,0.23382575701923747,0.0,reforming (xi2<0),22347.46314485049,462.79080488458726,15797.595162578116,2686.7096093268246,0.05226618975294231,30.0825709579937,-19.76487360080197,36.17166524707168,0.12392586295723039,36.29559111002891,35.933779222268235,0.2756662001986137,0.08614568756206686,0.3618118877606805,0.03156427911014069,0.9999264911033795,3.5232627834356496,2.6843906921414473,0.8388720912942024,468,0.9050458100003884,0.07234604952351363,0.022608140476098017,0.2849627442704386,0.5447902900796657,0.17024696564989558,1088.5780565616178,924.4466250084477,11.103528412976464,5.91197010497766,22.124531808319066,0.0037122764429260925,0.33052933835093223,40.683971519996774,11.10088676395391,7.939436485329902,12.538215254427152,12.868744592778084,False,14.09104895707246,1.2211820811474292,15.312231038219887,3145.7202233450253,334.7186359562683,-66.32144479835227,3414.1174145029413,-4.550943242131817e-08,2.0084168319371457e-11,-1.0725787717530012e-07,31.36820759930369,0.0,4.9273835107252175,0.3618118877606805,417.73951410181235,3.1712515839394726,1.1958923932645504,3.7588695278601847,122.68318486213684
T3_kin,kinetic,kinetic,650.0,0.0,0.0,0.02,0.99,0.35,True,91,wegstein,8.247573577278952e-09,3437.6250726146295,445.6659627224646,1.148954563332427,0.8728806831856023,48371.70743034699,3277.6558559329396,38756.32923325146,6329.602472982819,4.411642863313295,3.708225316463401,57014.31927142192,0.1132859156254794,5.684341886080802e-14,methanation (xi2>0),49919.44189655792,450.16763752833964,39547.27505397667,6458.778085508487,0.005380810924635022,34.22343247874721,-8.762063159286287,36.04064526477888,0.3058165068960444,36.346461771674925,35.935363861254764,0.31321745555821984,0.09788045486194383,0.4110979104201637,0.035863965848133235,0.9999705867297167,3.5596372017258817,2.7121045346482915,0.8475326670775908,1137,0.907300022479238,0.07062855430153303,0.022071423219229065,0.284962744272495,0.5447902900780991,0.1702469656494059,987.1777026601428,920.2110887570938,11.052655387061451,5.684887249663283,22.154383302517825,0.0014444078868599021,0.1348521266440981,40.49756980511094,11.05159836033355,7.903060376466247,12.715806640863583,12.850658767507683,False,14.185616386767103,1.29517337572449,15.480789762491593,3134.3258845678197,336.8441055331986,-61.98058138154206,3409.1894087194764,-9.538944944199951e-08,9.173830017166418e-11,-2.252271960639784e-07,31.36820759930369,0.0,4.9782541723712335,0.4110979104201637,406.34517532460677,3.339810308211179,1.1778065679941498,7.302101810203346,38.281726121902466
T3_kin,kinetic,kinetic,650.0,0.0,0.0,0.01,0.99,0.35,True,131,wegstein,9.738142137792276e-09,3432.5440951337473,440.5849852415821,1.1472563524631396,0.8728806831856025,94272.51010707242,3334.322909327146,78311.50970859718,12618.440245359141,4.405849852415821,3.831393936542111,102905.6058835717,0.060922647461268964,0.0,reforming (xi2<0),95779.02720393574,445.0353377228617,79102.5358295008,12745.89936046381,0.0008012321520319316,35.864209299990286,-4.286026329598154,35.98737543368364,0.3792855556573806,36.36666098934102,35.93589230540717,0.32820471156864006,0.1025639723651992,0.4307686839338392,0.03758003380084988,0.9999852917042144,3.5740803948762583,2.7231088722866734,0.8509715225895851,2212,0.9082212289109639,0.0699266827345036,0.02185208835453237,0.28496274427598584,0.5447902900754393,0.17024696564857478,952.2475768391155,918.5288465031185,11.032449975348957,5.60934279553546,22.15662007007886,0.0007139701937606769,0.06789893924448007,40.42353600575574,11.031921400155158,7.888612754285984,12.776184372072876,12.844083311317355,False,14.217179267366584,1.3246754323554026,15.541854699721988,3129.6931980761738,337.5466700557906,-60.17664909175166,3407.063219040213,-2.260679554381147e-07,4.536222112615444e-11,-5.321838343640859e-07,31.36820759930369,0.0,4.99845339003733,0.4307686839338392,401.71248883296084,3.400875245441574,1.171231111803822,13.179622603670184,53.704094886779785
T3_kin,kinetic,kinetic,650.0,0.0,0.0,1.0,0.0,0.5,True,1,once-through,0.0,2991.959109892165,0.0,1.0,0.8728806831856022,0.0,0.0,0.0,0.0,0.0,0.0,7807.932668338708,0.7035036006698712,0.0,reforming (xi2<0),4269.18438079901,384.76309189822035,668.2520832986299,281.67086932973695,2.39595344616896,5.823538348091211,-40.597613314052914,31.36820759930369,0.0,31.36820759930369,31.36820759930369,0.0,0.0,0.0,0.0,0.8728806831856026,0.0,0.0,0.0,4,1.0,0.0,0.0,0.28496274426920465,0.5447902900806059,0.17024696565018935,4223.006878762182,1334.6860445265872,16.030914080808838,12.396053288332395,18.717740853194623,6.172754283323149,5.8188946441846126,58.73819813357058,11.462700811197719,11.462700811197715,5.848272651383272,11.667167295567886,False,11.490316364973124,0.6723722995398931,12.162688664513018,2727.980709243213,274.069072042296,-10.649282421157624,2991.400498864351,6.914014738533471e-16,-1.382990713406279e-15,3.5737457437790004e-16,,,,,,,,,
T3_kin,kinetic,kinetic,650.0,0.0,0.0,0.2,0.9,0.5,True,76,direct,8.970718415315293e-09,3436.8876273399605,444.92851744779557,1.1487080876128122,0.8728806831856026,8007.502217166743,4219.846038945998,3174.278481452912,571.4382987253642,39.549201550915136,2.3901964915545704,16648.732911231837,0.5310636381230025,-5.684341886080802e-14,reforming (xi2<0),10546.915517772333,494.3650195497739,3967.8481374105877,714.2978784646247,1.8423927275930045,25.675586524156333,-55.277981969920226,36.03291376323784,0.0,36.03291376323784,35.82300837582929,0.15992791421604172,0.04997747319251306,0.20990538740855483,0.018312035781611082,0.9968440793394757,3.335438694248331,2.541286624189205,0.7941520700591264,117,0.9074335559937073,0.07052681448098497,0.022039629525307795,0.2849627442694684,0.544790290080405,0.17024696565012656,2001.8755542916858,946.3164954322979,11.36620742663733,6.287107022151139,22.22788506637401,0.1586219601203329,2.126802403628783,41.64644264748,11.252794935392897,8.127261766406741,10.744817190367698,12.87161959399648,False,13.90842601555686,1.0226605096585175,14.931086525215377,3133.6535035594156,330.7705468045016,-44.89389164630466,3419.5301587176123,-1.0342751392935817e-08,1.334045414794546e-11,-2.395146959728815e-08,31.36820759930369,0.0,4.664706163934152,0.20990538740855483,405.6727943162027,2.7683978607023594,1.2044522984285937,2.1322843854356885,26.757285118103027
T3_kin,kinetic,kinetic,650.0,0.0,0.0,0.1,0.9,0.5,True,143,direct,9.039584763214663e-09,3460.9152846826446,468.9561747904796,1.1567388315034097,0.8728806831856024,13448.255119263033,5116.712331902807,7180.579624026585,1100.6133414174697,46.895617479047964,3.454204437123316,22134.486748627445,0.40450971041114114,5.684341886080802e-14,methanation (xi2>0),15552.819263677851,521.0624168896055,7978.421876595604,1222.903722519715,0.9160724585699864,37.91829045269885,-43.8336629203081,36.284823804774945,0.0,36.284823804774945,35.87900186352856,0.30919766952105726,0.09662427172533045,0.40582194124638765,0.03540369306768851,0.9984022057846084,3.515563759038134,2.6785247687909592,0.837038990247175,234,0.9031120068832883,0.07381942332701848,0.02306856978969328,0.2849627442698322,0.5447902900801278,0.17024696565003994,1494.2505688070037,925.3431758803448,11.11429688549882,5.381876949160158,22.34755947433163,0.08359404346848517,1.1461435623462286,40.7234278273181,11.056877885049072,7.947136344377427,11.67001093673359,12.816154499079817,False,14.285383082013979,1.3136915234976332,15.599074605511612,3155.5612179738387,339.32745292026664,-86.37748568690265,3408.5111852072027,-2.0883060616470276e-08,5.881545188045676e-11,-4.8098907091059575e-08,31.36820759930369,0.0,4.916616205471254,0.40582194124638765,427.58050873062575,3.436385940998594,1.1489872035119308,2.834871622085465,55.24515986442566
T3_kin,kinetic,kinetic,650.0,0.0,0.0,0.05,0.9,0.5,True,72,wegstein,4.834644445496421e-09,3477.3544827766614,485.3953728844961,1.162233290983041,0.8728806831856029,22923.465186765803,5610.574708302106,15138.902138522048,2118.539659642696,51.236178248919046,4.212502050033138,31640.485472687546,0.2741935731225431,0.0,reforming (xi2<0),24791.7256865495,539.3281925687924,15935.686493606314,2230.0417491209005,0.3036127931729941,49.407416235932246,-50.111145937389,36.45717515037791,0.00012868381453278924,36.457303834192444,35.90752979415933,0.4188754590728454,0.13089858096026424,0.5497740400331096,0.047961998580303616,0.9991960503005892,3.638893405938114,2.772490214048087,0.8664031918900268,460,0.900189705395241,0.07604593874648295,0.023764355858275917,0.28496274427042667,0.5447902900796749,0.17024696564989839,1206.498167724516,910.9830513901928,10.941817430247605,4.907095362169232,22.317928889473816,0.04326221092881096,0.5953115058914237,40.09145310863099,10.912926360404906,7.82380710801826,12.185348271589337,12.780659777480759,False,14.49199032868463,1.5177644959647907,16.00975482464942,3170.5499974419863,343.9459394685929,-116.62863527145385,3397.8673016391253,-8.769623480682038e-09,8.31769967414654e-10,-1.9009143745070864e-08,31.36820759930369,0.0,5.089096234888753,0.5497740400331096,442.5692881987734,3.847066160136402,1.113492481912873,4.052351219803703,30.995889902114868
T3_kin,kinetic,kinetic,650.0,0.0,0.0,0.02,0.9,0.5,True,132,wegstein,3.985112897478091e-09,3460.567799514757,468.60868962259184,1.1566226918253175,0.8728806831856022,49815.7105958337,5958.311551361258,38683.432987956316,5117.881305149138,51.02627953668218,5.058471830302691,58501.291426939475,0.1399586372040944,0.0,reforming (xi2<0),51489.22975422653,520.6763214900196,39472.890961340985,5222.327872140278,0.04242678715509937,60.40327937748724,-29.702600701965054,36.28118071124204,0.36874585157169726,36.64992656281374,35.92482042523017,0.5524618191112789,0.17264431847227457,0.7251061375835535,0.06325787870823692,0.9996771953521211,3.7766258331917233,2.8774292062413127,0.8991966269504105,1102,0.903174076957907,0.07377213184159463,0.023053791200498334,0.28496274427247936,0.5447902900781109,0.17024696564940972,1016.6471550170143,894.9457259722885,10.749193114653156,4.596588537924662,22.112713428421557,0.01670642046136719,0.24514196097029178,39.385666454314446,10.737592667022923,7.686073545986754,12.498974075649741,12.744116036620035,False,14.631309896606973,1.7667745242006507,16.398084420807624,3155.244391172426,346.92367947844326,-123.32020980854175,3378.8478608423275,-4.2250690301591414e-08,6.67538185754088e-11,-9.262853824126675e-08,31.36820759930369,0.0,5.281718963510048,0.7251061375835535,427.2636819292129,4.235395756294606,1.0769487410521492,7.492545583053392,63.49113082885742
T3_kin,kinetic,kinetic,650.0,0.0,0.0,0.01,0.9,0.5,True,131,wegstein,9.232109422171691e-09,3445.3883765958353,453.42926670367007,1.1515492859526455,0.8728806831856022,94159.46569878592,6094.881886015554,77900.93939648212,10108.40866605615,49.87721933740368,5.358530894690667,102816.61728192495,0.07703664179680603,0.0,reforming (xi2<0),95748.16576652914,503.8102943093171,78687.8182986587,10210.513896895078,0.007220067418646662,65.3588934576334,-15.950438311365039,36.12203706259257,0.5934449547618277,36.7154820173544,35.93061329487875,0.5979952171242962,0.18687350535134245,0.7848687224756385,0.06847153523442871,0.9998383930871353,3.8235004254871083,2.913143181323511,0.9103572441635969,2136,0.9058977441465803,0.07169695684070068,0.02240529901271895,0.28496274427572166,0.5447902900756407,0.17024696564863762,951.1057141291508,889.4871240593502,10.683629847076855,4.493545020045103,22.040457701974386,0.008082628584141084,0.12411395840613494,39.14543884272794,10.67782224872828,7.639193367027825,12.607529770469956,12.73164372887609,False,14.677117931295884,1.8526714709997354,16.52978940229562,3141.4042378216172,347.893813126605,-117.60010593618888,3371.6979450120334,-2.0708572018308077e-07,-1.8013441469473936e-10,-4.778523079057588e-07,31.36820759930369,0.0,5.347274418050706,0.7848687224756385,413.42352857840433,4.367100737782602,1.0644764333082044,13.16822539964362,58.61466908454895
T3_kin,kinetic,kinetic,650.0,0.0,0.0,0.2,0.95,0.5,True,76,direct,8.968632351869038e-09,3442.8356169577214,450.8765070655563,1.1506960792260983,0.8728806831856026,7993.299759588691,4226.408243405052,3174.9805001061623,570.5336667383916,18.984273981707656,2.3930753573767105,16645.67032851268,0.5315201905214855,0.0,reforming (xi2<0),10535.280115145755,474.6068496974413,3968.7256607267436,713.1670884745186,1.859267323198802,25.750258143374907,-55.53032967687467,36.095273496869076,0.0,36.095273496869076,35.881987909844035,0.16250330440003424,0.05078228262501072,0.21328558702504494,0.018606922621297945,0.9984852982641396,3.3800282270522937,2.575259601563652,0.8047686254886411,117,0.9063581488765979,0.07134617228449679,0.022295678838905243,0.28496274426943624,0.5447902900804295,0.17024696565013414,1998.3249398971727,941.1246102065654,11.303847693191058,6.27715403487247,22.232800951993397,0.07614117687213398,2.1301097546761465,41.417952970580735,11.249414735862727,8.082672233735593,10.761681234676669,12.891790989352813,False,13.912168065481723,1.0238922503927501,14.936060315874473,3139.0767063305975,330.85862765769394,-45.017676797105295,3424.917657191186,-1.0338849123017388e-08,1.5728879109998102e-11,-2.394454915778018e-08,31.36820759930369,0.0,4.727065897565385,0.21328558702504494,411.0959970873846,2.7733716513614546,1.2246236937849275,2.1318921455369537,34.277509689331055
T3_kin,kinetic,kinetic,650.0,0.0,0.0,0.1,0.95,0.5,True,143,direct,9.043952604245794e-09,3464.093305832065,472.13419593990017,1.1578010188638295,0.8728806831856021,13427.490615976469,5120.911450626912,7181.229892391652,1099.5281395553704,22.364251386626847,3.4568820159077505,22119.674299762377,0.40477957827037947,0.0,reforming (xi2<0),15533.078792996299,496.98336457866486,7979.144397042616,1221.6979426715743,0.9229039455195985,38.00183822047645,-43.982964251841835,36.318142718405916,0.0,36.318142718405916,35.90904126348376,0.31169634660735157,0.09740510831479733,0.4091014549221489,0.03568979611877377,0.9992381098404066,3.5393880236050115,2.6966765894133418,0.8427114341916694,234,0.9025449056949914,0.07425150042286373,0.023203593882144918,0.2849627442697869,0.5447902900801623,0.17024696565005076,1491.9434017751632,922.5691425926277,11.080977971680051,5.3765704326324775,22.349583253987795,0.03986552055507272,1.1470841649404284,40.60134539635896,11.053598370916916,7.923312079677047,11.679719876003187,12.826804040943614,False,14.287402198141889,1.3147098513314173,15.602112049473305,3158.458844602663,339.37452021752534,-86.49764017424972,3411.3357246459386,-2.0887022807849773e-08,6.546864302336889e-11,-4.811912794010217e-08,31.36820759930369,0.0,4.949935119102225,0.4091014549221489,430.4781353594499,3.4394233849602873,1.1596367453757281,2.832974519549587,60.95606803894043
T3_kin,kinetic,kinetic,650.0,0.0,0.0,0.05,0.95,0.5,True,75,wegstein,5.66811515501004e-09,3479.169992019696,487.21088212753085,1.1628400871244162,0.8728806831856022,22895.048608975736,5612.4333329646615,15136.887060518276,2117.146353933619,24.360544106376565,4.221317452802885,31615.46912708892,0.2743411106371888,0.0,reforming (xi2<0),24764.154924561833,512.853560393495,15933.565363430811,2228.575111517573,0.3052382685056919,49.47555794813954,-50.153813449013576,36.476209257711126,0.000238805387323979,36.476448063098445,35.922689917559836,0.42191096802941824,0.13184717750919323,0.5537581455386116,0.048309569852652445,0.9996179098802009,3.652582242837853,2.7829198040669363,0.8696624387709176,460,0.8998686661137376,0.07629054010381897,0.023840793782443432,0.2849627442704636,0.5447902900796467,0.17024696564988964,1205.002558367144,909.3891557135933,10.922673149275969,4.903868099487613,22.314958240269313,0.02056927416308417,0.5955087157503558,40.02130735379952,10.908942200523008,7.810118233888981,12.190344872205287,12.785853587955645,False,14.493358457345767,1.5209406868657434,16.01429914421151,3172.205325610107,343.9749737626365,-117.07344060373943,3399.1068587690042,-9.868075011806435e-09,3.7760637815202527e-10,-2.1387421505115376e-08,31.36820759930369,0.0,5.108240463794754,0.5537581455386116,444.2246163668942,3.8516104796984916,1.1186862923877587,4.0491472544698235,31.18355417251587
T3_kin,kinetic,kinetic,650.0,0.0,0.0,0.02,0.95,0.5,True,125,wegstein,8.358803802947657e-09,3461.2733762513917,469.31426635922645,1.1568585161500224,0.8728806831856026,49787.705424523236,5959.129041360871,38682.660533264374,5116.6485743711,24.206735843791716,5.060539683102212,58474.60771666955,0.1399911806363875,0.0,reforming (xi2<0),51461.508182274054,494.01501658530145,39472.10291490321,5221.069994389641,0.04253394041049096,60.44391094267338,-29.771039904159814,36.288578097616245,0.36841185404358534,36.65698995165983,35.930918573414694,0.5531972405677135,0.1728741376774108,0.7260713782451242,0.06334208579672936,0.9998468880493089,3.781676419368732,2.881277271899986,0.9003991474687453,1102,0.9030480552637853,0.07386814837044924,0.023083796365765376,0.2849627442724241,0.544790290078153,0.17024696564942277,1016.0756209086377,894.3574661934546,10.74212752644958,4.595481369581587,22.112271868096634,0.007925482921264295,0.24517559484456158,39.359777729707744,10.736625223417844,7.681021387188162,12.501014488188146,12.746190083032708,False,14.631773824084975,1.7674967670342328,16.399270591119205,3155.887715380984,346.9339010366256,-123.45049308950918,3379.3711233281006,-8.865149697747617e-08,5.219444670323844e-10,-1.9439477994643542e-07,31.36820759930369,0.0,5.28878235235614,0.7260713782451242,427.9070061377711,4.236581926606187,1.0790227874648224,7.489128070197764,52.00894379615784
T3_kin,kinetic,kinetic,650.0,0.0,0.0,0.01,0.95,0.5,True,131,wegstein,9.231027574204631e-09,3445.7481895913406,453.78907969917543,1.151669545950289,0.8728806831856029,94131.34118963736,6095.248373439339,77899.88747078866,10107.200851722866,23.644799415904426,5.359694270595954,102789.16665958521,0.0770461554996621,0.0,reforming (xi2<0),95720.21123579954,477.6727134862496,78686.75574735826,10209.293882611335,0.007229667786040358,65.38170941482237,-15.99952862726131,36.12580940316446,0.5931293734393986,36.718938776603856,35.93366808272547,0.5983014810501981,0.1869692128281873,0.7852706938783852,0.06850660300853952,0.9999233984319316,3.8259721371343534,2.915026390197603,0.9109457469367511,2136,0.9058329046777613,0.07174635834075323,0.022420736981485386,0.2849627442757662,0.5447902900756068,0.17024696564862715,950.8216281781553,889.1993244639135,10.680173086136065,4.493008103873451,22.040160081381725,0.0038316516871651986,0.12412142142276472,39.13277307033237,10.677420276116418,7.636721654170554,12.60852007472786,12.732641496150624,False,14.677346470301668,1.853073704551525,16.53042017485319,3141.7323047752775,347.8987893754973,-117.68353332795319,3371.9475608228217,-2.0712140295221201e-07,7.686838402111987e-11,-4.780139874987034e-07,31.36820759930369,0.0,5.350731177300165,0.7852706938783852,413.7515955320646,4.367731510340173,1.065474200582738,13.164709664620563,56.537615060806274
T3_kin,kinetic,kinetic,650.0,0.0,0.0,0.2,0.99,0.5,True,76,direct,8.967086230458479e-09,3447.2624362232345,455.3033263310697,1.1521756513401946,0.8728806831856026,7982.729228432471,4231.291903317462,3175.5010784760275,569.8618034973417,3.6792187986349294,2.395224343004884,16643.39070164677,0.5318595709007246,0.0,reforming (xi2<0),10526.620451308918,459.9023499778698,3969.3763836887742,712.3272594184691,1.8719223090391182,25.805937619513195,-55.718658403674624,36.14168502210209,0.0,36.14168502210209,35.925872571024215,0.16442853415456882,0.05138391692330275,0.21581245107787153,0.01882736491447532,0.999706473331636,3.4132141966889,2.600544149858209,0.8126700468306904,117,0.905560180865901,0.07195414791169455,0.022485671222404552,0.2849627442694886,0.5447902900803897,0.1702469656501218,1995.6823071081178,937.2605251930011,11.257436168093134,6.269762027528628,22.23644630202838,0.014756426796625043,2.132571119272001,41.24789845321878,11.246887871873358,8.04948626419472,10.774232499062405,12.906803618334406,False,13.914946183542114,1.024811707324399,14.939757890866513,3143.11295051578,330.9240145823528,-45.110088838674756,3428.9268762594584,-1.0335999166142165e-08,1.746176647389617e-11,-2.393944287073661e-08,31.36820759930369,0.0,4.773477422798397,0.21581245107787153,415.13224127256717,2.777069226353495,1.2396363227665201,2.1316001826112037,32.355345010757446
T3_kin,kinetic,kinetic,650.0,0.0,0.0,0.1,0.99,0.5,True,143,direct,9.047143006380308e-09,3466.4319719464675,474.47286205430225,1.1585826692903578,0.8728806831856024,13412.209553105104,5124.000797521121,7181.705982452443,1098.7305228407113,4.31338965503914,3.458860635789307,22108.77327948111,0.4049780962863384,1.1368683772161603e-13,methanation (xi2>0),15518.55172154976,479.2655176402913,7979.673386029293,1220.8117018765095,0.9279659434071872,38.06344605961152,-44.09307719854512,36.3426616912554,0.0,36.3426616912554,35.93114062005908,0.31353986376862514,0.0979812074276954,0.41152107119632053,0.03590088217205433,0.9998530669240832,3.5569200026647736,2.710034287744589,0.8468857149201845,234,0.9021282471580604,0.07456895454623964,0.023302798295699898,0.28496274426975465,0.5447902900801868,0.17024696565005842,1490.245505900567,920.5277661053549,11.056458998691417,5.372670175521873,22.35106495205477,0.007688856692865881,1.1477761786447311,40.51150645853057,11.051178754308456,7.9057801005182835,11.686863960367486,12.834640139012217,False,14.28888588695661,1.3154623534462464,15.604348240402858,3160.591171887608,339.4091017306886,-86.5864611605948,3413.413812457702,-2.0889958498507755e-08,7.029892667958306e-11,-4.81339303949729e-08,31.36820759930369,0.0,4.97445409195171,0.41152107119632053,432.6104626443953,3.4416595758898403,1.1674728434443313,2.8315783727403976,60.54188418388367
T3_kin,kinetic,kinetic,650.0,0.0,0.0,0.05,0.99,0.5,True,76,wegstein,1.9388936226413425e-09,3480.483674557198,488.52456466503287,1.16327915814419,0.872880683185602,22874.592564087114,5613.846990643963,15135.679640459999,2116.1510397854536,4.687861984159403,4.227031213537611,31597.47345284862,0.2744466042120435,5.684341886080802e-14,methanation (xi2>0),24744.27741714257,493.45915713303975,15932.294389269971,2227.527412893117,0.3064357093258739,49.52627167379128,-50.19131944539263,36.4899821286102,0.0002947063079921819,36.49027683491819,35.93377921038315,0.4239981901219343,0.1324994344131045,0.5564976245350389,0.04854856056187092,0.9999264907726544,3.662470329890192,2.7904535846782412,0.8720167452119507,460,0.8996365744715161,0.07646737183122584,0.02389605369725808,0.2849627442704233,0.5447902900796775,0.17024696564989925,1203.9259244256377,908.237818012085,10.908844432143152,4.901562689995687,22.31317824890972,0.003958282621677332,0.5956587122704332,39.97063813289385,10.906202783135083,7.800230185940513,12.194030292908431,12.789689005178865,False,14.494326718787516,1.5229993480720325,16.017326066859546,3173.4031028820364,343.99573648047556,-117.36211985924615,3400.036719503266,-8.714320927160825e-09,8.106372406816636e-10,-1.8903791388292272e-08,31.36820759930369,0.0,5.1220692356145,0.5564976245350389,445.42239363882345,3.854637402346528,1.1225217096109787,4.046842460742122,32.783681869506836
T3_kin,kinetic,kinetic,650.0,0.0,0.0,0.02,0.99,0.5,True,130,wegstein,5.664445130421599e-09,3461.787872343468,469.8287624513027,1.1570304757501302,0.8728806831856024,49767.29560637788,5959.725063754077,38682.106462050186,5115.751201508554,4.650830173760374,5.062048891299853,58455.161488316604,0.1400148814227592,5.684341886080802e-14,methanation (xi2>0),51441.30520642533,474.5745069724107,39471.53742975801,5220.154301329426,0.04261224691268779,60.47356676491038,-29.82095526306782,36.293972162051084,0.3681685167486289,36.66214067879971,35.93536384883143,0.5537347275948792,0.17304210237339981,0.726776829968279,0.06340362903464285,0.9999705863840137,3.7853593811675443,2.884083338032414,0.90127604313513,1102,0.9029561945002801,0.0739381375235961,0.023105667976123793,0.28496274427248186,0.544790290078109,0.17024696564940917,1015.6590940077117,893.928744770051,10.736978153433082,4.594675400554897,22.11195514289848,0.0015227197648497487,0.2452001169087392,39.34091012858518,10.735921126719015,7.677339393637107,12.502502263834076,12.747702380742815,False,14.632111849337338,1.7680238857666861,16.400135735104023,3156.356817852844,346.9413475980405,-123.54554785990398,3379.7526175909807,-6.008296369383022e-08,7.676621872532769e-10,-1.318937798361996e-07,31.36820759930369,0.0,5.293933079496018,0.726776829968279,428.37610860963105,4.237447070591005,1.0805350851749296,7.4866374969335,58.38111400604248
T3_kin,kinetic,kinetic,650.0,0.0,0.0,0.01,0.99,0.5,True,131,wegstein,9.24030297134178e-09,3446.010234899068,454.0511250069032,1.1517571291351196,0.8728806831856026,94110.85808506056,6095.515251703913,77899.12044562443,10106.321334551585,4.5405112500690255,5.360541930563129,102769.17433460338,0.07705308460698101,0.0,reforming (xi2<0),95699.85193739751,458.6374972176282,78685.98097518778,10208.405481275011,0.007236669148454876,65.39833358453895,-16.035282502618518,36.12855673068839,0.5928996065449467,36.72145633723333,35.93589232683382,0.5985249603043905,0.1870390500951212,0.7855640103995117,0.06853219178782964,0.999985292300452,3.8277722867782145,2.916397932783403,0.9113743539948121,2136,0.9057856917848304,0.07178233006870066,0.02243197814646893,0.28496274427572743,0.5447902900756363,0.17024696564863614,950.6147281319248,888.9897201154149,10.677655528306248,4.492617127396776,22.03994306749434,0.0007357921412611856,0.12412685603469786,39.123548592559295,10.677126953145626,7.634921506529206,12.609241268160638,12.733368124195337,False,14.677512903364347,1.8533667760473598,16.530879679411704,3141.9712300139463,347.9024131414795,-117.744306289492,3372.1293368659335,-2.0706233733093578e-07,1.7361625373602706e-10,-4.782314075187628e-07,31.36820759930369,0.0,5.353248737929636,0.7855640103995117,413.9905207707334,4.368191014898686,1.0662008286274514,13.16214915009885,55.73938488960266
T3_kin,kinetic,kinetic,650.0,0.0,0.0,1.0,0.0,0.75,True,1,once-through,0.0,2991.959109892165,0.0,1.0,0.8728806831856022,0.0,0.0,0.0,0.0,0.0,0.0,7807.932668338708,0.7035036006698712,0.0,reforming (xi2<0),5719.648828066686,385.7356336872265,667.965613248238,280.9847975911204,3.7648806435722,6.520267408680542,-68.43357054988532,31.36820759930369,0.0,31.36820759930369,31.36820759930369,0.0,0.0,0.0,0.0,0.8728806831856026,0.0,0.0,0.0,4,1.0,0.0,0.0,0.28496274426920465,0.5447902900806059,0.17024696565018935,5669.950559600611,1334.686044526585,16.03091408080881,12.365859957187618,18.709716827083145,6.188356771244175,8.735765916511305,58.73819813357048,11.462700811197692,11.462700811197696,2.924136325691636,11.659902242202941,False,11.490316364973124,0.7007582261049973,12.19107459107812,2727.980709243213,274.069072042296,-12.80980743500427,2989.2399738505046,0.0,-3.771792854744397e-16,-1.3103734393856334e-15,,,,,,,,,
T3_kin,kinetic,kinetic,650.0,0.0,0.0,0.2,0.9,0.75,True,76,direct,8.497161218769286e-09,3443.025066543549,451.06595665138417,1.150759398803295,0.8728806831856022,13250.196175934316,9483.619331561056,3280.97949906931,442.76273185682635,40.09475170234528,2.7398617447787843,21902.921561328032,0.6017783004630353,0.0,reforming (xi2<0),17125.712232039037,501.184396468895,4101.224408685402,553.4534182485353,5.194872373525957,36.6435390642397,-171.9152243614129,36.09725971851165,0.0,36.09725971851165,35.82300837556487,0.208953404149928,0.06529793879685249,0.2742513429467805,0.02392554315636235,0.9968440793321177,3.381448449524892,2.5763416758284894,0.8051067736964028,116,0.9063239571121574,0.07137222315264201,0.022303819735200625,0.2849627442694361,0.5447902900804297,0.17024696565013422,3312.549043983579,940.9592456571204,11.301861499587673,4.8713862665717675,22.97505894223284,0.16081002539018133,4.779744143106773,41.410675442124216,11.188449008345582,8.081252031312085,8.015397870052766,12.79514201315954,False,14.435735278946485,1.1722669740215794,15.608002252968065,3139.2494409157052,343.20528365314203,-58.061027634869326,3424.393696933978,-9.747294088338992e-09,3.497671522704424e-11,-2.185294143769549e-08,31.36820759930369,0.0,4.72905211920796,0.2742513429467805,411.2687316724923,3.416927661889945,1.1352397709565984,2.8052139396827447,26.80489706993103
T3_kin,kinetic,kinetic,650.0,0.0,0.0,0.1,0.9,0.75,True,143,direct,9.937799784036566e-09,3469.0166595639425,477.0575496717776,1.15944654727884,0.8728806831856029,21289.11061691424,13020.723933515612,7461.579862814189,755.1590967843748,47.705754967177754,3.9419688328850273,29990.51515480107,0.507637579428701,0.0,reforming (xi2<0),24297.602655600407,530.0639444830567,8290.64437440653,839.0656699981705,4.336914184876052,63.833506294047496,-181.06779054428907,36.36975999533853,0.0,36.36975999533853,35.87900186417399,0.3739109570777429,0.11684717408679461,0.49075813116453754,0.04281348167834274,0.9984022058025688,3.5762962996510645,2.7247971806865254,0.8514991189645393,233,0.9016684107866142,0.07491930606734164,0.023412283146044266,0.28496274426980367,0.5447902900801495,0.17024696565004674,2365.4567352126933,918.2716349517492,11.029360607405458,3.6926440767092834,23.22209466193616,0.08503815854871474,2.916642161107497,40.41221638259153,10.97194160694844,7.886403741177929,9.80732995806023,12.723972119167726,False,14.919401413945899,1.4991964517929148,16.41859786573881,3162.947814375325,354.2510597273735,-103.72012518782157,3413.478748914877,-2.272971467243023e-08,1.2071308715538215e-10,-5.0408480899553375e-08,31.36820759930369,0.0,5.0015523960348425,0.49075813116453754,434.967105132112,4.22752327466069,1.0640698769647852,3.8410314776935883,55.193196058273315
T3_kin,kinetic,kinetic,650.0,0.0,0.0,0.05,0.9,0.75,True,270,direct,9.764000039252078e-09,3508.148579753913,516.1894698617479,1.1725255763540006,0.8728806831856022,32158.679406830674,15354.83468278893,15435.712926166352,1307.967465950165,54.48666626318453,5.677665662040058,40933.37336213727,0.390548551238866,0.0,reforming (xi2<0),34627.19191101632,573.5438562195443,16248.119028295425,1376.8078711469263,2.7173101237304924,98.37701889337683,-159.41738184131066,36.78002569456551,0.0,36.78002569456551,35.90752979103574,0.6647587836417274,0.20773711988804003,0.8724959035297675,0.07611608449881566,0.9991960502136693,3.8696515593432754,2.9483059499758295,0.921345609367446,447,0.8947893187601813,0.08016051903986193,0.025050162199956833,0.28496274427040097,0.5447902900796946,0.1702469656499044,1692.5620740437198,884.1140557041948,10.619093923063083,3.029596853105306,22.75549047694313,0.046006820361066805,1.6292287747632888,38.90897547748591,10.590202853239777,7.593047777081888,11.010222738022074,12.639451512785364,False,15.218377380898279,2.045662948774108,17.26404032967239,3198.6271533879944,360.6737552158836,-184.43313900027522,3374.867769603603,-4.3513124977276975e-08,2.8576284495971373e-10,-9.597212951765263e-08,31.36820759930369,0.0,5.411818095261818,0.8724959035297675,470.6464441447815,5.07296573859427,0.9795492705824227,5.2425366740318795,124.37751984596252
T3_kin,kinetic,kinetic,650.0,0.0,0.0,0.02,0.9,0.75,True,136,wegstein,9.579544226904632e-09,3561.2075014294646,569.2483915372994,1.190259415529852,0.872880683185602,57978.22562884701,16918.003839861507,38123.43844503139,2866.779691365579,61.98482485628365,8.01882773224814,66852.2926136304,0.23426827804800443,0.0,reforming (xi2<0),60121.80047738701,632.4982138739754,38901.46785617859,2925.285402357179,0.8370738609861693,145.24435217187528,-157.88337405247734,37.33630444336631,1.4064140477221265e-20,37.33630444336631,35.92482041213305,1.0754164047491472,0.33606762648410876,1.4114840312332557,0.12313712575088781,0.9996771949876685,4.267411589295517,3.2513612108918224,1.0160503784036945,1033,0.8857034285284299,0.08708310207357721,0.02721346939799288,0.28496274427222557,0.5447902900783043,0.1702469656494701,1183.2290944662655,837.8000604337399,10.062816525869648,2.574777702802199,21.792602262149575,0.02029433765651752,0.6960550151257308,36.87074285962846,10.05121607831092,7.195288713549931,11.838885802499693,12.534940817625422,False,15.45739136417076,2.8007392618630234,18.258130626033783,3247.0047245605397,365.41906853120025,-298.34197134488704,3314.0818217468527,-1.499767335038465e-08,1.8123577820832471e-09,-3.2070849221232345e-08,31.36820759930369,0.0,5.968096844062618,1.4114840312332557,519.0240153173268,6.067056034955662,0.8750385754224812,8.562099015622602,60.551135778427124
T3_kin,kinetic,kinetic,650.0,0.0,0.0,0.01,0.9,0.75,True,194,wegstein,5.581524163311549e-09,3581.1969367709353,589.2378268787701,1.196940467846169,0.8728806831856026,94887.69804564667,17336.94374970223,72218.7301977662,5256.436672039748,64.81616095666473,10.771265181826719,103799.20285774888,0.14507264527146224,0.0,reforming (xi2<0),96948.54470275807,654.7086929182788,72948.21272813817,5309.532015079349,0.23961600506854944,171.53275712367528,-134.41360797641212,37.54587707940629,0.44583810040778094,37.99171517981407,35.93061330363882,1.5703633342287646,0.4907385419464891,2.061101876175254,0.1798094454460331,0.9998383933309007,4.736054683641373,3.6084226161077124,1.127632067533661,1881,0.8823502292279386,0.08963792058823716,0.028011850183824134,0.28496274427498497,0.5447902900762018,0.17024696564881323,958.4615964206735,783.232151825885,9.407401375580704,2.336671934341387,20.432794271105365,0.010503491618462346,0.35304321817575446,34.46926376970537,9.40159377738373,6.726642463098958,12.064673234773151,12.417716452948905,False,15.604543009163516,3.724083335491525,19.32862634465504,3265.230506396894,367.8053773936067,-399.1801782623969,3233.8557055281035,-1.0811841123399527e-07,6.652494492771863e-09,-2.3754409516455632e-07,31.36820759930369,0.0,6.623507580510381,2.061101876175254,537.2497971536809,7.137551753576918,0.7578142107459644,13.294069924380407,82.50635719299316
T3_kin,kinetic,kinetic,650.0,0.0,0.0,0.2,0.95,0.75,True,76,direct,8.493519239697427e-09,3449.0515674270964,457.0924575349313,1.1527736311715189,0.8728806831856026,13244.375947438595,9498.837933570074,3281.496223761402,442.0530959213715,19.245998211997133,2.742695973751529,21908.3882499243,0.6022009005267517,0.0,reforming (xi2<0),17124.627215867287,481.14995547964827,4101.870314541066,552.5663733235035,5.221443153393065,36.710862583671044,-172.49730923153217,36.160442577591304,0.0,36.160442577591304,35.881987909589,0.21215593752556336,0.06629873047673855,0.2784546680023019,0.02429223902714834,0.9984852982570427,3.426626547690159,2.6107630839544065,0.8158634637357525,116,0.9052382575147561,0.07219942284590015,0.02256231963934381,0.28496274426947776,0.5447902900803978,0.17024696565012434,3311.093986859649,935.6988294736926,11.238678640808521,4.86357867460091,22.978677306889214,0.0771908873287675,4.787414318519317,41.179169786307746,11.18424568347887,8.036073933360958,8.02828835437973,12.81570267289905,False,14.438574718938456,1.173479616603496,15.612054335541954,3144.7442279601514,343.27185351479,-58.1769116937814,3429.8391697811603,-9.740954282524494e-09,3.7818383963808666e-11,-2.1842005894844383e-08,31.36820759930369,0.0,4.792234978287613,0.2784546680023019,416.7635187169385,3.4209797444638337,1.1558004306961092,2.8059140851410214,31.255740880966187
T3_kin,kinetic,kinetic,650.0,0.0,0.0,0.1,0.95,0.75,True,143,direct,9.934239579401376e-09,3472.2601302641806,480.3010203720155,1.1605306097880883,0.8728806831856025,21274.71823644919,13031.808704104944,7461.8439937784915,754.369154032612,22.751100964990236,3.9452835681502534,29982.197407956977,0.5079170465444034,-5.684341886080802e-14,reforming (xi2<0),24285.041417270895,505.5800218263219,8290.937853229152,838.1879558221646,4.356305328604948,63.92392683839345,-181.49275930369575,36.40376509317927,0.0,36.40376509317927,35.90904126409534,0.3769324412067946,0.11779138787712325,0.49472382908391777,0.04315944708254366,0.9992381098574252,3.600611211492187,2.743322827803571,0.8572883836886162,233,0.9010923402489813,0.07535821695315713,0.023549442797861607,0.28496274426975915,0.5447902900801834,0.17024696565005737,2363.8575818276877,915.4404720862326,10.99535551022774,3.6887813444245805,23.222916696192836,0.04055510142014871,2.9191251497195077,40.287619736043006,10.967975909461869,7.862088829811624,9.815731925428292,12.7348570751478,False,14.92076783263118,1.500457100860433,16.42122493349161,3165.905115988168,354.28229867400137,-103.86322487356964,3416.3241897885996,-2.2715726813979126e-08,1.266975394251481e-10,-5.038680863323938e-08,31.36820759930369,0.0,5.035557493875576,0.49472382908391777,437.9244067449549,4.230150342413491,1.0749548329448597,3.8399661833067884,60.03750801086426
T3_kin,kinetic,kinetic,650.0,0.0,0.0,0.05,0.95,0.75,True,270,direct,9.762770437448219e-09,3509.9453644920445,517.9862545998793,1.1731261142197056,0.8728806831856022,32135.907480071863,15361.858497023297,15435.359701652938,1307.1088502955922,25.899312729993994,5.681118370041132,40913.96659880635,0.3907138008561085,0.0,reforming (xi2<0),34605.2148628042,545.248689826815,16247.74721299454,1375.904065187775,2.727499847952106,98.48337012724492,-159.68994595449905,36.79886349100822,0.0,36.79886349100822,35.92268991255698,0.6675608216771293,0.20861275677410265,0.8761735784512319,0.07643692292791186,0.9996179097409869,3.8831212856154247,2.9585685985641335,0.9245526870512917,447,0.8944771409431093,0.08039836880525014,0.025124490251640666,0.28496274427043805,0.5447902900796662,0.17024696564989567,1691.3635515827298,882.5456770883435,10.600256127508093,3.0276080732978277,22.754969749647305,0.021868561796173348,1.6299740384209986,38.83995270298091,10.586525178769124,7.57957805144386,11.015324325543771,12.64529836396477,False,15.219093216206241,2.046906959464874,17.266000175671117,3200.2654091008094,360.68942000978825,-184.59178619396351,3376.363042916634,-4.34943965246204e-08,2.9782076381061763e-10,-9.595243448573381e-08,31.36820759930369,0.0,5.430655891704529,0.8761735784512319,472.2846998575965,5.074925584592997,0.9853961217618288,5.240051155245375,114.90617203712463
T3_kin,kinetic,kinetic,650.0,0.0,0.0,0.02,0.95,0.75,True,142,wegstein,6.637547980489279e-09,3561.9426010357024,569.9834911435372,1.1905051072586619,0.8728806831856024,57950.55638822435,16921.77864474023,38125.33734439351,2866.023484679622,29.39914849056138,8.017765920423273,66826.00012686047,0.23431842188438723,0.0,reforming (xi2<0),60094.23438192539,599.9826233599297,38903.405549846,2924.513760873994,0.8391255913487996,145.350093880588,-158.0647611423956,37.344011352520965,0.0,37.344011352520965,35.930918556270065,1.0766421304768752,0.33645066577402266,1.4130927962508977,0.12327747356630582,0.9998468875722266,4.2729223164674295,3.255559860165661,1.0173624563017687,1033,0.8855794500453691,0.08717756187019499,0.027242988084435923,0.28496274427226237,0.5447902900782764,0.17024696564946132,1182.6644160862113,837.158366889055,10.055109144704439,2.5740985211686835,21.79368773502984,0.0096255212088587,0.6962103213835981,36.84250256842042,10.049606841730709,7.189777648872342,11.841427827508644,12.537638148892242,False,15.457619859009322,2.8003683941713278,18.25798825318065,3247.6749668571492,365.4249520752688,-298.28230504121,3314.817613891208,-2.4955886372337345e-08,3.145578431506889e-09,-5.1569741584652704e-08,31.36820759930369,0.0,5.975803753217274,1.4130927962508977,519.6942576139363,6.066913662102529,0.8777359066893009,8.558731608667806,64.11848020553589
T3_kin,kinetic,kinetic,650.0,0.0,0.0,0.01,0.95,0.75,True,194,wegstein,5.8947657112945555e-09,3581.7456874176205,589.7865775254553,1.1971238763175183,0.8728806831856025,94847.89251944628,17338.358643852196,72212.76085544178,5255.267142481082,30.73098482895793,10.774892842260446,103760.42507603455,0.1451018024895938,0.0,reforming (xi2<0),96909.16228241385,620.827972682949,72942.18308903334,5308.350672068737,0.24004103507797867,171.60444232639207,-134.54788203146904,37.551630274411046,0.445086345702325,37.99671662011337,35.933668092371235,1.5718464973273327,0.49120203041479527,2.063048527742128,0.17997927030659064,0.9999233987003436,4.7396308997875165,3.611147352219061,1.1284835475684565,1881,0.8822587049274199,0.0897076533886324,0.02803364168394763,0.284962744275006,0.5447902900761858,0.17024696564880812,958.0595203984473,782.8157473005234,9.402399940826585,2.3361520371055553,20.431105369302262,0.004979971612232041,0.3530720305657174,34.450938222948736,9.399647130964956,6.723066250917488,12.06586342745018,12.418935458015897,False,15.604799998151032,3.7253375715611825,19.330137569712214,3265.7308411686467,367.81002628564903,-399.42369426730687,3234.117173186989,-1.0800142207144402e-07,6.580592554129013e-09,-2.3731467164729265e-07,31.36820759930369,0.0,6.628509020809677,2.063048527742128,537.7501319254338,7.139062978634094,0.7590332158129556,13.28910346483708,82.43549489974976
T3_kin,kinetic,kinetic,650.0,0.0,0.0,0.2,0.99,0.75,True,76,direct,8.490814822461544e-09,3453.536653295205,461.5775434030398,1.1542726776836452,0.8728806831856026,13240.04461880071,9510.164272935914,3281.8794446604684,441.52617449851925,3.7299195426508507,2.7448071631581,21912.45695197123,0.6025149294220404,5.684341886080802e-14,methanation (xi2>0),17123.820131951896,466.23994300389785,4102.349340657874,551.907721540705,5.241277133787543,36.76097036230574,-172.93114781358358,36.207464979784724,0.0,36.207464979784724,35.92587257077641,0.21454659733967033,0.06704581166864697,0.2815924090083172,0.024565973904966155,0.9997064733247404,3.4602493171125426,2.636380432085747,0.8238688850267959,116,0.9044327096899918,0.07281317356953007,0.02275411674047815,0.2849627442694521,0.5447902900804173,0.17024696565013045,3310.0111547001775,931.7838846754096,11.191656238836343,4.857781353376334,22.98136081123493,0.014959774805686898,4.793122793559701,41.0068769806801,11.181107942612744,8.002451164097204,8.0378820931759,12.831004886735602,False,14.440682238956043,1.1743829021875098,15.615065141143555,3148.8335979274925,343.3212606443984,-58.2632249023501,3433.891633669541,-9.736286515940932e-09,3.988570362749407e-11,-2.1833900043873203e-08,31.36820759930369,0.0,4.839257380481033,0.2815924090083172,420.8528886842796,3.423990550065435,1.1711026445326613,2.8064351836468306,31.528815269470215
T3_kin,kinetic,kinetic,650.0,0.0,0.0,0.1,0.99,0.75,True,143,direct,9.931628900348827e-09,3474.6469258691104,482.68781597694516,1.1613283464941278,0.8728806831856021,21264.12688293585,13039.96539729596,7462.037091339635,753.7885967408889,4.388071054335876,3.9477265050274397,29976.07623782682,0.5081225785459614,-5.684341886080802e-14,reforming (xi2<0),24275.79771758852,487.563450848433,8291.152406055353,837.5428921592807,4.370626304289386,63.990517250826834,-181.8059196601342,36.42878866378388,0.0,36.42878866378388,35.93114062064591,0.3791604138193997,0.11848762931856235,0.49764804313796207,0.04341455398118902,0.999853066940413,3.618503996745569,2.7569554260918623,0.8615485706537068,233,0.9006691100782346,0.07568067803563074,0.0236502118861346,0.28496274426981316,0.5447902900801423,0.17024696565004446,2362.6807647706496,913.3570843483177,10.970331940107643,3.68594248377442,23.223517658713686,0.00782198043607894,2.920952248994295,40.19593192508511,10.965051695724963,7.844196044903786,9.821914627742826,12.74286687673712,False,14.92177150102816,1.5013861904708508,16.42315769149901,3168.081326333298,354.3052411148453,-103.96866414309466,3418.4179033050486,-2.2705504788888942e-08,1.3105119419095106e-10,-5.037091785366481e-08,31.36820759930369,0.0,5.060581064480186,0.49764804313796207,440.10061709008505,4.2320831004208905,1.0829646345341786,3.839182215207911,60.514041900634766
T3_kin,kinetic,kinetic,650.0,0.0,0.0,0.05,0.99,0.75,True,270,direct,9.761869879284815e-09,3511.260075146205,519.3009652540402,1.1735655288660534,0.8728806831856026,32119.244593251948,15366.997204030271,15435.099492003244,1306.4810574708881,4.983191080720599,5.683648666824735,40899.76600817458,0.39083469667113535,0.0,reforming (xi2<0),34589.13377246603,524.5464302923722,16247.47330808282,1375.2432306303665,2.7349812798025734,98.5612600777088,-159.8896186012191,36.812647140856924,0.0,36.812647140856924,35.933779212602566,0.6696136596223675,0.20925426863199004,0.8788679282543577,0.07667197659000288,0.9999264908344139,3.8929771087774907,2.9660777971638024,0.9268993116136881,447,0.894248922282559,0.0805722496894788,0.025178828027962126,0.28496274427039664,0.5447902900796977,0.17024696564990555,1690.4865575395763,881.3980916081501,10.58647247830549,3.0261539399071746,22.754586145842676,0.0042076491846316086,1.6305192822802645,38.78944861358308,10.583830829294653,7.569722228744529,11.019056869081432,12.649576151361698,False,15.219616364929372,2.0478186253945396,17.267434990323913,3201.4641237793985,360.70086534842034,-184.70803426504347,3377.4569548627755,-4.348076531409622e-08,3.06572957677195e-10,-9.593806743221953e-08,31.36820759930369,0.0,5.444439541553233,0.8788679282543577,473.4834145361856,5.076360399245793,0.989673909158757,5.238232416376205,98.16816186904907
T3_kin,kinetic,kinetic,650.0,0.0,0.0,0.02,0.99,0.75,True,140,wegstein,6.0854942917072356e-09,3562.478595664236,570.5194857720708,1.1906842522966943,0.8728806831856026,57930.38095816813,16924.529145363726,38126.71500713169,2865.4722391722366,5.6475666268346165,8.0169998736437,66806.82855079032,0.23435498633730778,0.0,reforming (xi2<0),60074.13462684559,576.2823091165203,38904.81133009479,2923.951265506781,0.840624819484201,145.42721936871388,-158.19707205766912,37.34963081126435,0.0,37.34963081126435,35.935363840342845,1.0775367397497218,0.3367302311717865,1.4142669709215083,0.12337990794804102,0.9999705861478022,4.276940438826247,3.25862128672476,1.0183191521014876,1033,0.885489083936638,0.08724641223875194,0.027264503824609987,0.2849627442722184,0.5447902900783097,0.17024696564947184,1182.2526726156761,836.690506386342,10.049489672206352,2.573603423953693,21.794475252035888,0.001849059416210362,0.696323484837822,36.821912495556525,10.048432645530973,7.185759516679115,11.843280388673254,12.539603873511076,False,15.457786495246918,2.800100835152372,18.25788733039929,3248.1636710650578,365.429239422014,-298.2392165303774,3315.3536939566948,-2.5246075522030542e-08,1.9992557757251143e-09,-5.263689529958053e-08,31.36820759930369,0.0,5.9814232119606565,1.4142669709215083,520.1829618218449,6.066812739321168,0.8797016313081354,8.556276211460311,48.8792998790741
T3_kin,kinetic,kinetic,650.0,0.0,0.0,0.01,0.99,0.75,True,196,wegstein,5.241826718846189e-09,3582.1454624662597,590.1863525740947,1.197257492798879,0.8728806831856022,94818.89926206764,17339.38908324819,72208.41513606768,5254.4156420650515,5.901863525740922,10.777537160981277,103732.18054962214,0.14512303837975038,0.0,reforming (xi2<0),96880.47734999326,596.1478277580203,72937.7934107465,5307.4905670723465,0.24035119021929885,171.656695664322,-134.64572912355425,37.55582158393705,0.44453871912116233,38.000360303058216,35.93589232248847,1.5729279851960105,0.4915399953737513,2.064467980569762,0.1801031026259553,0.9999852921795342,4.742236268841514,3.6131323953078196,1.1291038735336936,1881,0.8821920454284529,0.08975844157832168,0.02804951299322552,0.28496274427495005,0.5447902900762286,0.17024696564882139,957.7666592128045,782.5124509258432,9.398757048070301,2.3357735150670793,20.429875837992483,0.0009563999650854708,0.3530930140588722,34.43759045279543,9.39822847307477,6.72046144687866,12.066730336080367,12.41982335013924,False,15.604987206549831,3.72625182481504,19.331239031364873,3266.0953443522344,367.8134121706588,-399.6011723376239,3234.3075841852697,-9.133046842447847e-08,5.522141985116361e-09,-2.0069850756226516e-07,31.36820759930369,0.0,6.6321527037545245,2.064467980569762,538.1146351090215,7.140164440286753,0.7599211079362984,13.285486050649206,52.72673988342285
T3_kin,kinetic,kinetic,650.0,0.0,0.0,1.0,0.0,1.0,True,1,once-through,0.0,2991.959109892165,0.0,1.0,0.8728806831856022,0.0,0.0,0.0,0.0,0.0,0.0,7807.932668338708,0.7035036006698712,0.0,reforming (xi2<0),7170.113275334363,386.42917943935544,667.7931306273705,280.4637344598618,4.8171571405302895,6.934893496963134,-97.21663158905613,31.36820759930369,0.0,31.36820759930369,31.36820759930369,0.0,0.0,0.0,0.0,0.8728806831856026,0.0,0.0,0.0,4,1.0,0.0,0.0,0.28496274426920465,0.5447902900806059,0.17024696565018935,7117.874036924808,1334.6860445265877,16.03091408080884,12.342928489844057,18.704885588872646,6.19948332574558,11.654657214221436,58.7381981335706,11.462700811197728,11.462700811197719,0.0,11.654657214221436,False,11.490316364973124,0.7215453461875134,12.211861711160637,2727.980709243213,274.069072042296,-14.33640955531756,2987.7133717301913,6.914014738533471e-16,-1.1315378564233193e-15,2.3824971625193333e-16,,,,,,,,,
T3_kin,kinetic,kinetic,650.0,0.0,0.0,0.2,0.9,1.0,True,77,direct,8.666821703985328e-09,3448.9593201746975,457.0002102825324,1.1527427994492223,0.8728806831856022,28963.42280208622,25217.22893211506,3407.3869196482483,295.10829078749856,40.6222409140029,3.0764186214098688,37627.262336474836,0.7013926205755496,0.0,reforming (xi2<0),36791.796790877364,507.77801164047554,4259.233675874,368.8853628770176,8.073493913831857,46.9866797225745,-564.1618255038346,36.15947544172569,0.0,36.15947544172569,35.823008375310465,0.25635586012588896,0.08011120628934028,0.3364670664152292,0.02935321020387626,0.9968440793250384,3.425935009514868,2.610236197725614,0.8156988117892542,116,0.9052548476529734,0.07218678274059172,0.022558369606434904,0.28496274426947893,0.544790290080397,0.170246965650124,7240.855700521555,935.7793628374374,11.23964592704046,3.246855192316756,23.860226904836857,0.16292565274583715,12.70948338178599,41.18271397911278,11.126233435808047,8.03676557905374,0.0,12.70948338178599,False,15.050911803938169,1.3162649376085223,16.36717674154669,3144.660119616495,357.7411970706682,-70.94593182129894,3431.4553848658643,-6.568610151904764e-09,-3.782606044235307e-08,-1.3154087518387315e-08,31.36820759930369,0.0,4.791267842421998,0.3364670664152292,416.6794103732823,4.155315030386053,1.0548261675645545,4.819106917898253,27.01232600212097
T3_kin,kinetic,kinetic,650.0,0.0,0.0,0.1,0.9,1.0,True,147,direct,9.720268361357758e-09,3484.0235564904597,492.0644465982944,1.1644622899328425,0.8728806831856024,64422.71846991365,56271.44095396841,7751.79186008192,345.55378925005385,49.20644465982943,4.7254219534309545,73152.22913516872,0.701126583538731,0.0,reforming (xi2<0),72281.91257254807,546.7382743328244,8613.102106936572,383.94865352921477,8.729217155249778,95.9218223143995,-1129.92425432772,36.52709485217399,0.0,36.52709485217399,35.87900186501818,0.4937851330710882,0.154307854084715,0.6480929871558032,0.05653929190254122,0.9984022058260599,3.688796583913569,2.810511682981767,0.878284900931802,230,0.8990120457473495,0.07694320324011461,0.02404475101253581,0.2849627442697675,0.5447902900801772,0.17024696565005534,7158.0798299904045,905.1724548879781,10.872026355659504,1.6897196345672914,24.125298888988283,0.08771322129751594,12.604802773688924,39.835734567165034,10.814607355187263,7.773903889577534,0.0,12.604802773688924,False,15.678752875611625,1.7971567303346832,17.475909605946306,3176.630663577973,372.0434309365496,-136.49193413857708,3412.1821603759454,-9.963876752359344e-09,-8.410802395238122e-08,-1.980700833246374e-08,31.36820759930369,0.0,5.158887252870297,0.6480929871558032,448.64995433475997,5.264047894785669,0.9501455594674884,9.368962597718367,56.763654947280884
T3_kin,kinetic,kinetic,650.0,0.0,0.0,0.05,0.9,1.0,True,287,direct,9.523496530996115e-09,3541.4614345804957,549.5023246883309,1.1836597040619767,0.8728806831856024,133869.2837154363,117616.28448925112,15822.18826316484,365.4936858663841,58.00302316154603,7.31425399241681,142706.36867304938,0.7049175662407585,0.0,reforming (xi2<0),141815.5580177393,610.558138846274,16654.935044099846,384.73019387549266,9.072774825294571,187.17492227528885,-2257.9766605640043,37.12928332394643,0.0,37.12928332394643,35.90752979636988,0.930859830534524,0.29089369704203866,1.2217535275765627,0.10658513623447742,0.9991960503621019,4.119383776198497,3.1385781151988543,0.9808056609996422,435,0.8890529682391766,0.08453107181777023,0.026415959943053204,0.2849627442703873,0.5447902900797048,0.17024696564990785,7045.751774496649,855.0360511680408,10.269838010579337,0.8465795590154579,23.32523648690775,0.048975921083193846,12.479706817385805,37.62928157585431,10.240946940723488,7.343316787872314,0.0,12.479706817385805,False,16.04795395541293,2.6353257174508085,18.683279672863737,3229.000838989602,379.7928881733647,-257.3813404357091,3351.4123867272574,-7.2909944781372695e-09,-1.630776913745792e-07,-1.3992313156336424e-08,31.36820759930369,0.0,5.76107572464274,1.2217535275765627,501.0201297463891,6.4714179617031,0.8250496031643699,18.277100320258395,131.74914979934692
T3_kin,kinetic,kinetic,650.0,0.0,0.0,0.02,0.9,1.0,True,98,wegstein,4.079309390688882e-09,3678.42291969754,686.4638098053748,1.2294362270980754,0.8728806831856026,333159.3405604557,297107.19999476295,35606.98882736155,357.0289508100702,74.74828151214082,13.374506008993368,342252.9380378849,0.7185478291582179,1.1368683772161603e-13,methanation (xi2>0),341345.05801548995,762.737566315024,36333.66209397315,364.3152544424884,9.197793539035496,415.30507935640384,-5623.104462507703,38.5652108017171,0.0,38.5652108017171,35.924820422846494,2.011726002949032,0.6286643759215733,2.640390378870605,0.23034627025170673,0.9996771952857906,5.146125419319293,3.9208574623385086,1.225267956980784,920,0.8665604229216306,0.10166824920256716,0.03177132787580224,0.2849627442719039,0.5447902900785494,0.17024696564954667,6799.170215519505,735.4850216261992,8.833910594752279,0.3206630019632731,20.35411749090606,0.024473197557128065,12.223839085498819,32.3679603167474,8.822310147232331,6.316575189019022,0.0,12.223839085498819,False,16.35545860344689,4.67131918291178,21.02677778635867,3353.8783107683075,384.6536753602939,-556.5328901326554,3181.999095995946,-5.984143019435576e-09,-5.606264369164225e-08,-1.1680314203980895e-08,31.36820759930369,0.0,7.197003202413409,2.640390378870605,625.8976015250946,8.814916075198035,0.5691818712773831,43.834002235409386,43.784324169158936
T3_kin,kinetic,kinetic,650.0,0.0,0.0,0.01,0.9,1.0,True,132,wegstein,7.286185659366537e-09,3839.04744186813,847.0883319759649,1.2831216272893835,0.872880683185602,645130.9679392951,586177.8949173987,58510.765307481655,328.6830713110751,93.17971651735607,20.44492658633836,654525.3959815436,0.737590959482293,0.0,reforming (xi2<0),653606.9372141227,941.2092519811803,59101.783073727776,332.0031041700271,9.065096883879276,688.8080056750917,-11195.501223757621,40.24922557996977,0.0,40.24922557996977,35.93061330728165,3.2903712553814413,1.0282410173066938,4.318612272688136,0.3767534670772668,0.9998383934322693,6.350258724951573,4.838292361867865,1.5119663630837084,1466,0.8422265612953355,0.1202083342511729,0.03756510445349155,0.28496274427358065,0.5447902900772718,0.1702469656491475,6516.474423629244,595.2790716697989,7.149896929825954,0.14611124530635458,16.554409457197586,0.015099820122100439,11.936713496499756,26.197636665116182,7.1440893318887015,5.112442679429502,0.0,11.936713496499756,False,16.546034695085822,7.068678487520535,23.61471318260636,3500.3310468581985,386.3130987299375,-910.4947724644858,2976.14937312365,1.75041896800995e-08,-5.947841860298033e-07,3.219657466862221e-08,31.36820759930369,0.0,8.881017980666076,4.318612272688136,772.3503376149856,11.402851471445722,0.2820562822783206,83.82825823225328,56.57827305793762
T3_kin,kinetic,kinetic,650.0,0.0,0.0,0.2,0.95,1.0,True,77,direct,8.653685345077053e-09,3455.040399173016,463.0812892808506,1.1547752734152643,0.8728806831856024,28983.913951815197,25258.95074376138,3407.696982377207,294.69008388900534,19.498159548667402,3.0779822389366815,37659.14262159269,0.7017054808711163,5.684341886080802e-14,methanation (xi2>0),36823.58301505883,487.45398892058853,4259.6212542844505,368.36260425932124,8.087667861727422,47.02812940265515,-565.5577986441758,36.223230507032696,0.0,36.223230507032696,35.88198790934827,0.2599943601405183,0.08124823754391199,0.3412425976844303,0.029769825044292923,0.9984852982503437,3.4715222564511157,2.64496933824847,0.8265529182026463,116,0.9041630962269606,0.07301859335088713,0.02281831042215222,0.2849627442694443,0.5447902900804233,0.17024696565013228,7245.978487953799,930.47130645372,11.17589086181563,3.242253975467809,23.86239811909639,0.07820224340981778,12.730511174855735,40.949111725721764,11.121457904492065,7.991178332176842,0.0,12.730511174855735,False,15.052606311707425,1.3169339411373029,16.36954025284473,3150.2046693878983,357.7809764840811,-71.01130864420149,3436.974337227778,-6.566876462709077e-09,-3.782802240326968e-08,-1.3159385119953035e-08,31.36820759930369,0.0,4.855022907729005,0.3412425976844303,422.2239601446854,4.157678541684092,1.0758539606342996,4.823189981427621,32.221736907958984
T3_kin,kinetic,kinetic,650.0,0.0,0.0,0.1,0.95,1.0,True,147,direct,9.710030959434023e-09,3487.3308375593115,495.37172766714633,1.1655676797284173,0.872880683185603,64447.6791098184,56322.3818759839,7751.853300158469,345.2520614972972,23.46497657370698,4.726895605022583,73183.38391790116,0.7013116779533206,0.0,reforming (xi2<0),72313.03840552048,521.4439241769949,8613.170373693878,383.6134004754006,8.738237566679546,95.9681703220284,-1131.5034297188301,36.561768948759635,0.0,36.561768948759635,35.9090412649029,0.4973163305575035,0.15541135329922004,0.6527276838567236,0.05694362040916968,0.999238109879897,3.713589854780905,2.829401794118785,0.8841880606621202,230,0.8984296996136755,0.07738689553243766,0.024183404853886765,0.2849627442698076,0.5447902900801466,0.17024696565004577,7160.853234424267,902.2855931366082,10.8373522591638,1.688244219381617,24.12549010415986,0.04182762435244234,12.616213540220395,39.708686668348996,10.809972658388523,7.7491106187738845,0.0,12.616213540220395,False,15.679274405537488,1.7977171845931028,17.47699159013059,3179.6461456164893,372.0552689987341,-136.55760077317697,3415.1438138420463,-9.961979316247932e-09,-8.409058117059803e-08,-1.981495991674365e-08,31.36820759930369,0.0,5.193561349455944,0.6527276838567236,451.6654363732764,5.2651298789699545,0.9615563259989592,9.372952742620457,60.71289396286011
T3_kin,kinetic,kinetic,650.0,0.0,0.0,0.05,0.95,1.0,True,287,direct,9.51847882163591e-09,3543.32636718226,551.3672572900949,1.184283018931354,0.8728806831856026,133898.53638447105,117676.46518048517,15821.887395909736,365.29980409808064,27.56836286450475,7.315641113555928,142739.1141383294,0.7050268038442883,5.684341886080802e-14,methanation (xi2>0),141848.29505474665,580.3865869086175,16654.61834174415,384.5261078066871,9.078200455757852,187.224001631568,-2259.7894430184497,37.14883559416879,0.0,37.14883559416879,35.92268991762613,0.9342062297467864,0.2919394467958706,1.226145676542657,0.10696830500407524,0.9996179098820455,4.133364377841347,3.1492300021648356,0.9841343756765115,435,0.8887350219264973,0.08477331662743064,0.026491661446072085,0.2849627442704227,0.5447902900796779,0.17024696564989944,7047.291388656372,853.408187519596,10.250285740297867,0.8461304778185491,23.32479294523325,0.023277855022907884,12.486092305466219,37.5576409245499,10.236554791544838,7.329336186186607,0.0,12.486092305466219,False,16.048105790744195,2.635825497194903,18.683931287939096,3230.701229929047,379.79594353703885,-257.4461381473259,3353.05103531876,-7.292241651162522e-09,-1.6307062441776012e-07,-1.4005007696842616e-08,31.36820759930369,0.0,5.780627994865096,1.226145676542657,502.7205206858339,6.472069576778459,0.8314350912447832,18.281294191628827,122.01403880119324
T3_kin,kinetic,kinetic,650.0,0.0,0.0,0.02,0.95,1.0,True,98,wegstein,9.290934934354354e-09,3679.3692684292746,687.4101585371095,1.2297525244460592,0.8728806831856022,333196.16255798226,297184.49712956813,35605.90841447193,356.92535874343815,35.45589238770354,13.37576281105052,342291.53243367065,0.7186051530318451,0.0,reforming (xi2<0),341383.6505223483,723.5896395363989,36332.559633963436,364.209546354355,9.20056443662324,415.3536599087407,-5625.424411849277,38.57513248259182,0.0,38.57513248259182,35.930918574232244,2.014639168273966,0.6295747400856136,2.6442139083595797,0.23067983295668804,0.9998468880720587,5.153219790784697,3.9262626977407207,1.2269570930439766,920,0.8664108336345898,0.10178222199269345,0.031806944372716736,0.2849627442718277,0.5447902900786074,0.17024696564956496,6799.921684856781,734.6589727674095,8.823988921909354,0.3205699614885708,20.353499891619567,0.011608548603590367,12.227019310473661,32.331606732520925,8.818486618980613,6.309480823297859,0.0,12.227019310473661,False,16.35549263247257,4.671758112728416,21.027250745200988,3354.7411638319963,384.65397398483276,-556.5935247889767,3182.8016130278525,-5.8146926177199134e-09,-5.5948649550551885e-08,-1.0751940591395246e-08,31.36820759930369,0.0,7.206924883288128,2.6442139083595797,626.7604545887834,8.81538903404035,0.5723620962522258,43.838945207822846,41.531200885772705
T3_kin,kinetic,kinetic,650.0,0.0,0.0,0.01,0.95,1.0,True,139,wegstein,5.368072302075544e-09,3839.637573102209,847.678463210044,1.2833188663599735,0.8728806831856024,645176.1465904216,586274.0740435641,58508.83829708928,328.61977828404036,44.168509398839205,20.445962085277174,654571.6798780588,0.7376272038671124,0.0,reforming (xi2<0),653653.2203016237,892.2931143785735,59099.83665107183,331.93917096990384,9.066751897239355,688.8496545370215,-11198.419274635904,40.2554126160827,0.0,40.2554126160827,35.93366808957346,3.2927577344832373,1.0289867920260098,4.321744526509248,0.3770267232559548,0.9999233986224902,6.354682686274859,4.841662999066559,1.5130196872083,1466,0.8421409129033234,0.12027359016889655,0.03758549692778018,0.2849627442735811,0.5447902900772714,0.17024696564914737,6516.930773640623,594.7639048966885,7.143709261714125,0.14608310931820537,16.553864249509804,0.007157529255409873,11.938672053250762,26.174964690598365,7.140956452117308,5.108018266203469,0.0,11.938672053250762,False,16.546049269473144,7.069036502135775,23.615085771608914,3500.869111237876,386.3130236574074,-910.5452360590621,2976.6368988362215,4.17063267592773e-09,-3.0814256312259975e-07,5.589487130218155e-09,31.36820759930369,0.0,8.88720501677901,4.321744526509248,772.8884019946631,11.403224060448277,0.2840148390293269,83.83418603651099,62.94913911819458
T3_kin,kinetic,kinetic,650.0,0.0,0.0,0.2,0.99,1.0,True,77,direct,8.643923480081497e-09,3459.5656103969873,467.6065005048221,1.156287730991643,0.8728806831856027,28999.163527284163,25289.999035371853,3407.927019719084,294.37968986838507,3.778638387917772,3.0791439369236286,37682.86737775037,0.701937816497084,-5.684341886080802e-14,reforming (xi2<0),36847.2379643008,472.3297986852448,4259.9088009613,367.9746117375713,8.098201917329162,47.05892759185368,-566.5970913918164,36.27067359027367,0.0,36.27067359027367,35.92587257054555,0.262705538840469,0.08209548088764657,0.34480101972811555,0.03008025991494828,0.9997064733183162,3.5054458284952936,2.6708158693297475,0.8346299591655459,116,0.9033531643747771,0.07363568428588413,0.02301115133933879,0.2849627442694209,0.5447902900804412,0.1702469656501379,7249.790881821041,926.5213369938467,11.128447778633092,3.2388389428544397,23.864008955582886,0.015155173914341203,12.746159513827413,40.775277519762206,11.117899482413193,7.957254760174865,0.0,12.746159513827413,False,15.05386388329436,1.317430980879646,16.371294864174004,3154.3306244798073,357.81049808628774,-71.05988666187216,3441.081235904223,-6.5656435786476175e-09,-3.782946649702733e-08,-1.3163330773503883e-08,31.36820759930369,0.0,4.902465990969976,0.34480101972811555,426.34991523659437,4.159433153013367,1.0915022996059776,4.826228526605385,31.925646781921387
T3_kin,kinetic,kinetic,650.0,0.0,0.0,0.1,0.99,1.0,True,147,direct,9.702490684782356e-09,3489.7641769359516,497.80506704378644,1.1663809727204888,0.8728806831856024,64466.04469217752,56359.862509331324,7751.898302835349,345.03040039484347,4.525500609488961,4.727979006516757,73206.30685457445,0.7014477080564814,5.684341886080802e-14,methanation (xi2>0),72335.94007666687,502.8334013581904,8613.220376672352,383.36711036509365,8.74487053157303,96.00224411319239,-1132.6656520469176,36.58728049217407,0.0,36.58728049217407,35.9311406214265,0.4999160919981409,0.15622377874941906,0.65613987074756,0.05724129780187481,0.9998530669621343,3.731831558773563,2.843300235256048,0.888531323517515,230,0.8980019419707406,0.07771280611753102,0.024285251911728443,0.2849627442697736,0.5447902900801724,0.1702469656500539,7162.893854686392,900.161578204409,10.811840715813156,1.6871603212196296,24.1256301624909,0.0080669562531146,12.624609202090218,39.61521089519784,10.80656047142499,7.730868914827365,0.0,12.624609202090218,False,15.679657504006046,1.7981292202360035,17.47778672424205,3181.8647932098274,372.06396447400334,-136.60587836670203,3417.3228793171284,-9.960633503279076e-09,-8.407758394959987e-08,-1.9820829317628373e-08,31.36820759930369,0.0,5.219072892870376,0.65613987074756,453.8840839666145,5.265925013081414,0.9699519878687823,9.375888594868035,61.89679718017578
T3_kin,kinetic,kinetic,650.0,0.0,0.0,0.05,0.99,1.0,True,287,direct,9.514800597780946e-09,3544.6906427864274,552.7315328942624,1.1847389996296385,0.8728806831856023,133919.93651975528,117720.49044814557,15821.66732957555,365.1580971623404,5.303989457066121,7.316655414758548,142763.06939903923,0.7051066643509805,0.0,reforming (xi2<0),141872.2441559242,558.3146799668597,16654.386692984503,384.37694261343137,9.082168340795848,187.25988908947795,-2261.115806267813,37.16313889137387,0.0,37.16313889137387,35.93377921747808,0.9366549896348914,0.2927046842609035,1.2293596738957946,0.10724869244557576,0.9999264909700845,4.143591768223011,3.1570222995984842,0.9865694686245262,435,0.8885026428920728,0.08495036732032549,0.02654698978760171,0.2849627442703799,0.5447902900797106,0.17024696564990952,7048.417711566068,852.2173376944714,10.235982443048295,0.8458022472640759,23.324468521126903,0.004478521203142725,12.49076361807692,37.50523281459599,10.233340794035755,7.3191087957738254,0.0,12.49076361807692,False,16.048216754717178,2.6361909499164997,18.684407704633678,3231.945136477755,379.7981762194061,-257.4935198056666,3354.249792891495,-7.293180113429699e-09,-1.6306542864737627e-07,-1.4014301580023888e-08,31.36820759930369,0.0,5.794931292070178,1.2293596738957946,503.9644272345422,6.472545993473041,0.8361064038554851,18.28436225864828,114.46533989906311
T3_kin,kinetic,kinetic,650.0,0.0,0.0,0.02,0.99,1.0,True,98,wegstein,8.69296388167062e-09,3680.0591557337757,688.1000458416106,1.2299831049049366,0.8728806831856026,333223.0058046696,297240.84703291,35605.12072587556,356.84987190846994,6.811495403280628,13.376678572260966,342319.6677569641,0.7186469288426232,0.0,reforming (xi2<0),341411.78447101027,695.0505498813498,36331.75587636976,364.1325191901907,9.202584086846928,415.3890637565011,-5627.115818900184,38.582365378294156,0.0,38.582365378294156,35.935363853931314,2.0167630661812055,0.6302384581816283,2.647001524362834,0.23092302311310658,0.9999705865259277,5.158391580678408,3.930203109088311,1.2281884715900966,920,0.8663018316761771,0.10186527110386506,0.031832897219957815,0.28496274427186713,0.5447902900785776,0.17024696564955538,6800.469506217746,734.056777411986,8.816755953495363,0.32050216352693583,20.353049623097437,0.002230139199078186,12.229337706496867,32.305104717124095,8.815698926883877,6.304308981412004,0.0,12.229337706496867,False,16.355517396461263,4.67207799150129,21.027595387962553,3355.370182875736,384.6541908350881,-556.6377133273471,3183.386660383477,-7.348722352795182e-09,-5.7533753292796785e-08,-1.4317763579110004e-08,31.36820759930369,0.0,7.214157778990465,2.647001524362834,627.3894736325233,8.815733676801916,0.5746804922754318,43.842548635834916,34.81829571723938
T3_kin,kinetic,kinetic,650.0,0.0,0.0,0.01,0.99,1.0,True,131,wegstein,8.443102283350525e-09,3840.067316866409,848.1082069742439,1.2834624992601624,0.8728806831856024,645208.6267022066,586343.6801005153,58507.444944720555,328.5738569955628,8.48108206974247,20.446717905419696,654604.9648486384,0.7376535003180977,5.684341886080802e-14,methanation (xi2>0),653686.5046837935,856.6749532383329,59098.429125538285,331.8927853910467,9.067958056504933,688.8800301820025,-11200.535196917577,40.25991812271389,0.0,40.25991812271389,35.9358923152519,3.2944958533043875,1.029529954157619,4.324025807462007,0.37722574100843176,0.9999852919781628,6.35790429137184,4.844117555330925,1.5137867360409152,1466,0.842078558828841,0.12032109803516874,0.03760034313599026,0.2849627442736088,0.5447902900772504,0.17024696564914085,6517.258855577845,594.3888877150087,7.1392049303449685,0.14606269568199717,16.55347002930932,0.00137436363277655,11.940089485683222,26.158460559449818,7.138676355612461,5.104797501462189,0.0,11.940089485683222,False,16.54605986968588,7.069297822276949,23.615357691962824,3501.2609390188018,386.3129679607815,-910.5820727711372,2976.991834208446,2.8965649860708562e-08,-6.90356042667114e-07,5.786238379855983e-08,31.36820759930369,0.0,8.8917105234102,4.324025807462007,773.2802297755889,11.403495980802187,0.2854322714617865,83.83844900495518,46.98681378364563
T3_kin,kinetic,kinetic,650.0,0.1,1.2451962043106057,1.0,0.0,0.35,True,1,once-through,0.0,2991.959109892165,0.0,1.0,0.8728806831856022,0.0,0.0,0.0,0.0,0.0,0.0,7807.932668338708,0.7161022285533695,46.34828495760871,methanation (xi2>0),3348.9503763927887,430.0811465061154,634.3945097365197,270.2103882839511,1.3087377900486046,4.802255431594616,-23.88092507845591,31.36820759930369,0.0,31.36820759930369,31.36820759930369,0.0,0.0,0.0,0.0,0.8728806831856026,0.0,0.0,0.0,4,1.0,0.0,0.0,0.28496274426920465,0.5447902900806059,0.17024696565018935,3303.574265381732,1334.686044526586,16.030914080808824,11.891688977988403,17.769390217719916,6.899791833397608,3.965184901690569,58.73819813357053,11.462700811197708,11.462700811197706,7.404794469820493,11.36997937151106,False,12.489305747751935,0.6950544397110123,13.184360187462946,2727.980709243213,158.5547694116179,-8.287876351751045,2878.24760230308,3.4570073692667354e-16,6.286321424573996e-16,-8.338740068817667e-16,,,,,,,,,
T3_kin,kinetic,kinetic,650.0,0.1,1.2451962043106057,0.2,0.9,0.35,True,78,direct,8.363803144159303e-09,3481.1353585279626,489.1762486357973,1.1634969699346687,0.872880683185602,6071.814641315141,2438.7345226476577,2967.1474573557234,620.1442501177526,43.482333212070856,2.306077981936153,14795.916056397042,0.5073434326226203,42.56404819277873,methanation (xi2>0),8163.640408608954,543.5291650457607,3708.9343527154506,775.1803179793334,0.6270233026331333,17.96118069770372,-23.70401849780334,36.49681449407156,0.0,36.49681449407156,35.82300837872584,0.5133760878824482,0.16043002746326507,0.6738061153457132,0.05878249170452779,0.9968440794200779,3.667144999755081,2.794015237908633,0.8731297618464479,117,0.899521504805556,0.07655504395767158,0.02392345123677237,0.2849627442694524,0.5447902900804171,0.17024696565013034,1517.9536603287852,907.6935101713867,10.902306750668526,6.822982075858044,20.77745007013345,0.1743967679303132,1.2291221994144197,39.946683689132556,10.788894259350839,7.795555500130644,11.583234353548432,12.812356552962852,False,14.438943059560602,0.9866698795202488,15.425612939080853,3173.9972892447104,215.49349891358128,-37.70514485085523,3351.7856433074367,-9.185242422119288e-09,7.761922225207099e-11,-2.1842512294616276e-08,31.36820759930369,0.0,5.1286068947678665,0.6738061153457132,446.01658000149746,2.241252751617907,1.442377181451791,1.8949850984748777,27.48883295059204
T3_kin,kinetic,kinetic,650.0,0.1,1.2451962043106057,0.1,0.9,0.35,True,67,wegstein,8.080624062210021e-09,3475.622955451294,483.6638455591288,1.161654564048023,0.8728806831856029,11085.275813325858,2869.8509257191913,6895.016413949861,1269.1589936392847,48.36638455591286,2.883095461607393,19799.053155167516,0.36570052045461343,25.416857306069176,methanation (xi2>0),12905.107327739775,537.4042725640858,7661.129364871449,1410.176659582951,0.2206360802991613,24.589355850446537,-25.56190048923731,36.43902152373698,6.693351345146419e-06,36.43902821708833,35.87900187143373,0.42668673954635844,0.13333960610823703,0.5600263456545955,0.048856404339500496,0.9984022060045848,3.6258256588403857,2.7625338353069604,0.8632918235334254,237,0.9004962065053561,0.07581241409115724,0.023691379403486642,0.2849627442697979,0.544790290080154,0.17024696565004813,1231.697312591762,912.5046435716732,10.960093273939366,6.206046461230144,21.458823306081733,0.08621576749227888,0.6428466073610989,40.15841685894577,10.902674273390993,7.836875017144652,12.18419112080095,12.827037728162047,False,14.400587807001394,1.096489264500635,15.497077071502028,3168.9712415273398,265.89474152197096,-55.179659023615514,3379.6863240256953,-3.989204896013347e-09,-4.653096143276839e-10,-8.399250850876192e-09,31.36820759930369,0.0,5.070820617784637,0.5600263456545955,440.99053228412686,2.312716884039082,1.457058356650986,2.5357612566836023,24.907347917556763
T3_kin,kinetic,kinetic,650.0,0.1,1.2451962043106057,0.05,0.9,0.35,True,293,direct,9.516513267711336e-09,3458.947187610343,466.9880777181778,1.1560810360590152,0.8728806831856022,20532.60445169449,3107.793313136931,14832.220456367651,2539.893032007612,49.29318598136319,3.4044642009331003,29215.150070069554,0.23484876579210878,10.115222053730179,methanation (xi2>0),22198.026697591104,518.8756415007387,15612.863786861762,2673.57163649784,0.05292070586013765,29.86016879652992,-19.715309373676714,36.2641899407173,0.12184990652789035,36.38603984724519,35.907529803730505,0.3645790807730903,0.11393096274159076,0.478510043514681,0.04174496494292454,0.9991960505669255,3.5879370002788535,2.7336662859267453,0.8542707143521082,468,0.9034637259724488,0.0735514468781342,0.022984827149416943,0.28496274427044965,0.5447902900796574,0.17024696564989295,1080.663392194447,916.916140755612,11.013079766615654,5.88306065503279,21.865815525413574,0.04162160961573735,0.3297532273307397,40.35256243851373,10.984188696708728,7.8747623334514945,12.508194265362196,12.837947492692935,False,14.275653242252119,1.2266284523191535,15.502281694571272,3153.7667646909017,308.70508149647463,-65.92728269403528,3396.5445634933412,-4.3592614828558e-08,6.958505201860844e-11,-1.028441369085537e-07,31.36820759930369,0.0,5.017832247941502,0.478510043514681,425.7860554476888,2.3179215071083252,1.4679681211818743,3.741726691437473,130.4509871006012
T3_kin,kinetic,kinetic,650.0,0.1,1.2451962043106057,0.02,0.9,0.35,True,90,wegstein,9.026099302303934e-09,3438.345027417702,446.3859175255368,1.1491951932262956,0.8728806831856027,48338.47590709949,3276.081348912342,38683.34934276548,6326.729334539231,48.6064665750029,3.7094143074292028,56982.43613761786,0.11333867081578497,1.6070650201854733,methanation (xi2>0),49886.13944413727,495.98435072349304,39472.805808086974,6455.84631749744,0.0053817587169491185,34.16435148205517,-8.685366512068429,36.048193393244375,0.30602808847451074,36.35422148171889,35.92482044603325,0.3271626938557242,0.10223834182991431,0.4294010356856386,0.03746072088579372,0.9996771959310066,3.5651856835007516,2.716331949333906,0.8488537341668457,1137,0.9071697113240205,0.07072783899122252,0.02210244968475704,0.28496274427253104,0.5447902900780714,0.17024696564939737,986.4995083081528,919.5650029363208,11.044895250268148,5.682306760892593,22.112665614099207,0.015914153944138195,0.1347873469266792,40.46913621422454,11.033294802575847,7.897511589549091,12.708995887418759,12.843783234345437,False,14.214143832830935,1.295588653521552,15.509732486352487,3134.982318276362,332.69255071185074,-61.813677657606334,3405.8611913306067,-1.043927670817783e-07,3.930250901629349e-10,-2.4719697623464753e-07,31.36820759930369,0.0,4.986013882415197,0.4294010356856386,407.0016090331492,2.3253722988895404,1.4738038628343766,7.2980183818288475,40.305099964141846
T3_kin,kinetic,kinetic,650.0,0.1,1.2451962043106057,0.01,0.9,0.35,True,131,wegstein,9.86438695521942e-09,3432.262372684377,440.3032627922122,1.1471621926036553,0.8728806831856026,94291.55935149988,3333.891510130566,78286.29616531383,12619.107463484876,48.4333589071433,3.830853663464492,102924.12749546571,0.06091915617960375,0.2720852238755356,methanation (xi2>0),95797.8793584731,489.22584769421206,79077.06761369713,12746.573319741947,0.0008001491550463646,35.840056527025574,-4.212755470637961,35.98442180766387,0.37987551298827216,36.36429732065214,35.930613269752236,0.3304259435427818,0.10325810735712003,0.4336840508999018,0.03783436888418509,0.9998383923879415,3.5723902837033057,2.721821168535851,0.8505691151674543,2212,0.9082723863948137,0.0698877056039515,0.021839908001234865,0.2849627442760223,0.5447902900754114,0.17024696564856623,952.439993449494,918.7256261384431,11.034813495548839,5.609639397580867,22.14948642010546,0.00784865027219495,0.06789015438811334,40.43219608072674,11.029005897197532,7.890302759283154,12.773913796172184,12.8418039505603,False,14.221711204308356,1.3244886355384202,15.546199839846775,3129.436331795919,336.8369849189589,-60.06761725278501,3406.205699462093,-2.2920069263530474e-07,-1.6691817825814347e-11,-5.389326323437256e-07,31.36820759930369,0.0,4.996089721348451,0.4336840508999018,401.45562255270625,2.3618396523838285,1.4718245790492386,13.18199475679711,58.6094229221344
T3_kin,kinetic,kinetic,650.0,0.1,1.2451962043106057,0.2,0.95,0.35,True,78,direct,8.402764054533756e-09,3488.153528135913,496.1944182437476,1.1658426469142593,0.8728806831856023,6051.307248571884,2442.727977123385,2966.560400022576,618.8171447419526,20.892396557631493,2.3093301263393187,14788.552857943829,0.5079784706149716,43.00587884679828,methanation (xi2>0),8145.174995609097,522.3099138376546,3708.200531187353,773.5214362780229,0.6355678879412109,18.028326501027564,-23.855780081720827,36.57039417652822,0.0,36.57039417652822,35.88198791265966,0.5245000105665195,0.16390625330203726,0.6884062638685569,0.06005620099549881,0.9984852983424897,3.719757213976696,2.8341007344584344,0.885656479518261,117,0.8982850117496374,0.07749713390503814,0.024217854345324422,0.28496274426941537,0.5447902900804453,0.1702469656501392,1512.826812142971,901.56748533054,10.828727066305115,6.8083809307371475,20.773339201158084,0.0837941794935205,1.2311349004701861,39.67708346191173,10.774294108943328,7.742943284546313,11.602358709870924,12.83349361034111,False,14.452134820385496,0.9880613298304377,15.440196150215934,3180.3962507951474,214.47849540138102,-37.79550972320415,3357.0792364733243,-9.225469773138182e-09,7.707683843955874e-11,-2.1934302881921516e-08,31.36820759930369,0.0,5.202186577224527,0.6884062638685569,452.41554155193444,2.255835962752988,1.463514238830049,1.8940420577538595,32.81350302696228
T3_kin,kinetic,kinetic,650.0,0.1,1.2451962043106057,0.1,0.95,0.35,True,66,wegstein,4.541077754621908e-09,3479.687083904999,487.72797401283384,1.163012914314331,0.8728806831856024,11054.271212941385,2870.745647616859,6890.2401866396485,1267.276175394832,23.10290403218689,2.906299257857784,19775.66018245797,0.36610199023120094,25.670974185322848,methanation (xi2>0),12876.183865848063,513.3978673670075,7655.822450286298,1408.0846397876965,0.2227927185471083,24.64277918912049,-25.48182819922193,36.481630536883095,0.0,36.481630536883095,35.909041268365456,0.43625849029915237,0.1363307782184851,0.5725892685176374,0.04995238713360513,0.9992381099762492,3.656287904674506,2.7857431654662896,0.870544739208216,237,0.8997772892585494,0.07636016056491472,0.023862550176535862,0.2849627442697428,0.5447902900801959,0.17024696565006128,1228.2523569934872,908.9576962296297,10.917490889414083,6.196839689216795,21.443958625308507,0.04118220993204158,0.6430470250661764,40.00231925336977,10.89011128862469,7.806412725026729,12.193395372302344,12.83644239736852,False,14.408814437467942,1.1053140511035957,15.51412848857154,3172.676794850223,265.3175106324514,-56.408961814267194,3381.5853436684074,-5.354852905584371e-09,-7.290642994328211e-10,-1.132791726179979e-08,31.36820759930369,0.0,5.113422937579404,0.5725892685176374,444.69608560701,2.3297683011085937,1.4664630258574594,2.532765204629465,27.723477840423584
T3_kin,kinetic,kinetic,650.0,0.1,1.2451962043106057,0.05,0.95,0.35,True,293,direct,9.547379464004868e-09,3460.6965938606104,468.7374839684454,1.1566657386522035,0.8728806831856022,20505.329241531774,3108.8524387375915,14831.21598743726,2538.4169017516965,23.436874198422288,3.407039406805789,29191.151289080004,0.23497017483842841,10.200111903658183,methanation (xi2>0),22171.243803017926,493.40787747106475,15611.806451617376,2672.017815244309,0.053225543728744606,29.905531420338534,-19.79627911178046,36.28253101304425,0.12142222947809052,36.40395324252234,35.92268992465781,0.36667681361106974,0.11458650425345945,0.4812633178645292,0.041985159151531865,0.9996179100777156,3.600745745278429,2.743425329735946,0.8573204155424828,468,0.9031510694150711,0.07378966139804115,0.023059269186887853,0.2849627442704897,0.544790290079627,0.17024696564988337,1079.227854817462,915.4247243888094,10.99516636463399,5.879641548904758,21.86433472674303,0.019789356461330992,0.329865606131315,40.286926695627116,10.98143541585567,7.8619535836573045,12.513149039423878,12.843014645555192,False,14.2784745471677,1.2275562989924313,15.506030846160133,3155.3618220857616,308.51611005597715,-66.07756290165653,3397.800369240082,-4.3734062894414706e-08,6.420961856845522e-11,-1.031630919293131e-07,31.36820759930369,0.0,5.03574564321865,0.4812633178645292,427.38111284254865,2.3216706586971867,1.4730352740441308,3.738653050563639,123.12767004966736
T3_kin,kinetic,kinetic,650.0,0.1,1.2451962043106057,0.02,0.95,0.35,True,90,wegstein,9.04938911480918e-09,3439.014217834252,447.0551079420871,1.1494188561815604,0.8728806831856026,48311.507999681104,3276.475965142305,38682.89975065301,6325.363017628922,23.058631883328705,3.7106343735409513,56956.721544003994,0.11336377174255363,1.6214104118596993,methanation (xi2>0),49859.38512381303,470.5843220435465,39472.34704154043,6454.452116195977,0.005395142885070683,34.18705153129487,-8.733746719383563,36.05520929925738,0.3057196440958654,36.36092894335324,35.93091859093268,0.3276269351775712,0.10238341724299084,0.430010352420562,0.03751387735781192,0.9998468885367804,3.5699817684604587,2.7199861093032065,0.8499956591572522,1136,0.9070486374019409,0.07082008578899744,0.022131276809061705,0.2849627442725767,0.5447902900780368,0.17024696564938652,985.9491428506348,919.006559187046,11.038187782395608,5.681079613119005,22.112408612567158,0.007549584312331477,0.13480358256585484,40.44455966326271,11.032685479324144,7.89271550012813,12.710950946330367,12.845754528896222,False,14.214887215348686,1.29601477508514,15.510901990433826,3135.5924665036955,332.6666556967728,-61.89624082086634,3406.362881379602,-1.0452437673512923e-07,2.7755378926421955e-10,-2.472686182816991e-07,31.36820759930369,0.0,4.992721344049546,0.430010352420562,407.6117572604826,2.3265418029708798,1.4757751573851614,7.294724988467743,38.44512581825256
T3_kin,kinetic,kinetic,650.0,0.1,1.2451962043106057,0.01,0.95,0.35,True,131,wegstein,9.868948642392527e-09,3432.6102238273916,440.6511139352266,1.147278454601309,0.8728806831856026,94264.68129590058,3334.0529057729855,78286.05118326501,12617.785465274656,22.96024225241449,3.8314993355135174,102897.90092355278,0.06092607385185178,0.2757533742129681,methanation (xi2>0),95771.14486977612,463.8432767412068,79076.82015744044,12745.237967948891,0.0008011608762922915,35.85221515577928,-4.2554134106494255,35.98806873814211,0.37950918576075515,36.367577923902864,35.933668072685954,0.33059798187954453,0.10331186933735863,0.4339098512169031,0.03785406758527836,0.9999233981525629,3.574736037249123,2.723608409332665,0.8511276279164582,2212,0.9082092219347242,0.0699358309068768,0.02185494715839901,0.2849627442759716,0.5447902900754501,0.17024696564857822,952.1684979383898,918.4524938463848,11.031532903588927,5.609051722639114,22.149417107507606,0.003720718853085713,0.06789344099028626,40.420175801685545,11.02878009354037,7.887957013811548,12.774889131749825,12.842782572740113,False,14.222013551383291,1.3247118733340157,15.546725424717307,3129.7534922827317,336.83290498639144,-60.128124249990954,3406.4582730191323,-2.2896248558355456e-07,6.906152717036992e-11,-5.39054001990678e-07,31.36820759930369,0.0,4.999370324599173,0.4339098512169031,401.7727830395188,2.3623652372543607,1.472803201229052,13.178635791879382,55.63573098182678
T3_kin,kinetic,kinetic,650.0,0.1,1.2451962043106057,0.2,0.99,0.35,True,78,direct,8.432223217516098e-09,3493.3877232783016,501.42861338613653,1.1675920675948706,0.872880683185602,6036.01031661399,2445.7039196061323,2966.113673817493,617.8290073059368,4.051948390999087,2.3117674934287495,14783.05894896014,0.5084519654718915,43.33703136559416,methanation (xi2>0),8131.401039938528,506.49354877334895,3707.6421235355315,772.2862644969774,0.6420187367189929,18.07853326838914,-23.969410000143654,36.62527036761617,0.0,36.62527036761617,35.92587257377829,0.5328745095907605,0.1665232842471127,0.6993977938378733,0.06101509629865275,0.9997064734082737,3.75899573505683,2.8639967505194894,0.8949989845373406,117,0.8973660618112321,0.07819728623906125,0.024436651949706643,0.2849627442694606,0.544790290080411,0.17024696565012848,1509.0025791534974,896.9986573786073,10.773850873774451,6.797509195631743,20.77021100090699,0.016251352009199586,1.2326347754814908,39.476013912575134,10.763302577548815,7.703704762433759,11.616612814329521,12.849247589811013,False,14.461993589063704,0.9891041725742874,15.451097761637993,3185.168636664207,213.71707024329575,-37.86334919890792,3361.022357708595,-9.255907455455206e-09,7.664396234626258e-11,-2.200372134437127e-08,31.36820759930369,0.0,5.257062768312476,0.6993977938378733,457.18792742099413,2.266737574175046,1.4792682182999517,1.893338426047868,33.284127950668335
T3_kin,kinetic,kinetic,650.0,0.1,1.2451962043106057,0.1,0.99,0.35,True,70,wegstein,4.7548220242279784e-09,3482.6906096899856,490.7314997978207,1.1640167802345092,0.8728806831856026,11031.2181441917,2871.380300957333,6886.578404895432,1265.8741259043925,4.461195452707443,2.924116981835933,19758.23235913244,0.36640132077084475,25.86009171986251,methanation (xi2>0),12854.683851592785,495.68838363129055,7651.753792476644,1406.5268064964016,0.2244366470716815,24.682980599374588,-25.40588423630365,36.51312001146911,0.00014702867353447944,36.51326704014264,35.93114062464112,0.44352488800116396,0.13860152750036372,0.5821264155015278,0.05078440282876953,0.9998530670515869,3.678909183145851,2.8029784252539818,0.8759307578918691,237,0.8992470637674604,0.07676414189145875,0.02398879434108086,0.28496274426978563,0.5447902900801633,0.17024696565005104,1225.6909049101891,906.3237473613924,10.885854529557685,6.189983822991824,21.432562346791226,0.007952328738642834,0.6431891874144428,39.88640179762752,10.880574285173497,7.78379154909325,12.200156318418701,12.843345505833144,False,14.414945157314602,1.1120904287630258,15.527035586077627,3175.415321715135,264.88790164972096,-57.34191850735699,3382.961304857499,-2.329414072654473e-09,-3.5518583561199666e-10,-4.79220041751205e-09,31.36820759930369,0.0,5.145059440838946,0.5821264155015278,447.43461247192226,2.3426753986146807,1.4733661343220827,2.5305331383366543,33.38920497894287
T3_kin,kinetic,kinetic,650.0,0.1,1.2451962043106057,0.05,0.99,0.35,True,293,direct,9.570898132510371e-09,3461.977524827055,470.0184149348899,1.1570938631416758,0.8728806831856026,20485.35747273029,3109.62736558728,14830.474239315005,2537.3366619855146,4.51027771907219,3.4089281234209547,29173.57855114206,0.235059087256824,10.262513640241593,methanation (xi2>0),22151.632647683913,474.76607531453874,15611.025664479961,2670.880720805993,0.05345001527966198,29.938798899492365,-19.855616157129646,36.29596051090834,0.12110910791851823,36.41706961882686,35.93377922426739,0.36822125299768904,0.11506914156177783,0.48329039455946693,0.04216200025803248,0.9999264911590101,3.610124442996553,2.75057100418785,0.8595534388087032,468,0.9029223398629255,0.07396393153300926,0.023113728604065395,0.2849627442704501,0.5447902900796571,0.17024696564989283,1078.176709091068,914.3326936326101,10.982049983221279,5.87713942933266,21.863241233853334,0.0038083360761618492,0.32994782994862937,40.23886751407754,10.979408334200828,7.852574882287293,12.516775297856327,12.846723127804957,False,14.280544013466773,1.2282368035869755,15.508780817053749,3156.5297374341953,308.3770945566135,-66.18773307292797,3398.7190989178807,-4.384183279448002e-08,6.024156675883562e-11,-1.0340644817085831e-07,31.36820759930369,0.0,5.048862019523167,0.48329039455946693,428.5490281909824,2.3244206295908025,1.4767437562938959,3.7364024243499676,124.25924921035767
T3_kin,kinetic,kinetic,650.0,0.1,1.2451962043106057,0.02,0.99,0.35,True,90,wegstein,9.054863878527027e-09,3439.5021947836685,447.5430848915035,1.1495819523107165,0.8728806831856022,48291.8423144935,3276.7636617237763,38682.569956958185,6324.366946638156,4.430224476703795,3.711524696680396,56937.9697814188,0.1133820766881316,1.6318923605944633,methanation (xi2>0),49839.875205897966,452.0637201171946,39472.010517575094,6453.435717263092,0.005404927320067766,34.203618010628205,-8.769029170054301,36.06032533249538,0.3054948465641335,36.36582017905951,35.935363865971375,0.3279667147338193,0.10248959835431846,0.4304563130881377,0.037552782732288764,0.9999705868609656,3.573479184217181,2.7226508070226143,0.8508283771945668,1136,0.9069603794043499,0.07088732997763819,0.022152290618011935,0.2849627442725395,0.5447902900780651,0.1702469656493954,985.5478023366021,918.599329144348,11.033296542352762,5.680184999073441,22.11222009172242,0.0014504916587705916,0.1348154192252068,40.426637876313606,11.032239515615963,7.889218081271197,12.71237643074742,12.847191849972628,False,14.215429573282231,1.296325750757284,15.511755324039516,3136.037389597785,332.647715541834,-61.9564706805759,3406.728634459043,-1.0461586735702551e-07,2.5582147319375327e-10,-2.4743798333399053e-07,31.36820759930369,0.0,4.99761257975582,0.4304563130881377,408.0566803545721,2.3273951365765697,1.477212478461567,7.292323358819829,37.63122820854187
T3_kin,kinetic,kinetic,650.0,0.1,1.2451962043106057,0.01,0.99,0.35,True,131,wegstein,9.868292558747818e-09,3432.863554866263,440.90444497409754,1.1473631252233218,0.8728806831856024,94245.10623127218,3334.170437790237,78285.87196371636,12616.822815544057,4.409044449740998,3.8319697717890415,102878.80031773355,0.0609311119826077,0.278427787460771,methanation (xi2>0),95751.6743638539,445.35802444041826,79076.63912753965,12744.265594604614,0.0008018986527393976,35.86107397053136,-4.286480492918443,35.99072470379104,0.37924244225961,36.36996714605065,35.935892303986584,0.3307236891916656,0.10335115287239698,0.43407484206406266,0.03786846130015211,0.9999852916646835,3.5764444200971273,2.7249100343597155,0.8515343857374118,2212,0.9081632289393282,0.0699708731890833,0.021865897871588547,0.2849627442759353,0.5447902900754779,0.1702469656485869,951.9707700128504,918.2535739768704,11.029143677036188,5.6086237908007925,22.149366401047427,0.0007144878798706548,0.06789583436954665,40.41142153714809,11.02861510184303,7.886248627814377,12.775599422855777,12.843495257225324,False,14.222233772851803,1.324874521630793,15.547108294482596,3129.984472106227,336.8299253027796,-60.17219657556604,3406.6422008334403,-2.2905541869939245e-07,7.465911921966759e-11,-5.39150440353448e-07,31.36820759930369,0.0,5.001759546746957,0.43407484206406266,402.0037628630139,2.36274810701965,1.4735158857142636,13.176189484177897,49.760536193847656
T3_kin,kinetic,kinetic,650.0,0.1,1.2451962043106057,1.0,0.0,0.5,True,1,once-through,0.0,2991.959109892165,0.0,1.0,0.8728806831856022,0.0,0.0,0.0,0.0,0.0,0.0,7807.932668338708,0.7161022285533695,46.34828495760871,methanation (xi2>0),4196.568790978468,430.81656122876564,634.1205418354176,269.7489414624007,2.2115784830060887,5.4751890845056925,-39.13403223316473,31.36820759930369,0.0,31.36820759930369,31.36820759930369,0.0,0.0,0.0,0.0,0.8728806831856026,0.0,0.0,0.0,4,1.0,0.0,0.0,0.28496274426920465,0.5447902900806059,0.17024696565018935,4148.584832055117,1334.6860445265838,16.0309140808088,11.871381164818793,17.761716376810046,6.911590091793086,5.6686055604604615,58.73819813357043,11.462700811197681,11.462700811197687,5.695995746015764,11.364601306476226,False,12.489305747751935,0.7155378273938767,13.20484357514581,2727.980709243213,158.5547694116179,-9.947086900586728,2876.588391754244,-2.3046715795111567e-16,7.543585709488794e-16,-1.1912485812596667e-15,,,,,,,,,
T3_kin,kinetic,kinetic,650.0,0.1,1.2451962043106057,0.2,0.9,0.5,True,78,direct,8.589027128729469e-09,3493.3110526897676,501.3519427976027,1.167566442047957,0.8728806831856024,7773.200614434194,4182.4713773045505,2995.886966635037,547.8107418612212,44.56461713756467,2.466911495820955,16520.105651916103,0.5433508181858959,51.456331514433145,methanation (xi2>0),10310.38079745246,557.0577140862964,3744.858740458489,684.7634320676276,1.864226129349235,24.560811305084265,-55.469038289503544,36.62446654014069,0.0,36.62446654014069,35.82300837897911,0.610634789456444,0.1908233717051387,0.8014581611615826,0.06991878915470362,0.9968440794271256,3.758420968464715,2.863558833115974,0.8948621353487416,117,0.8973795027336314,0.07818704553628082,0.024433451730087753,0.2849627442694603,0.5447902900804112,0.17024696565012845,1943.3001536085485,897.0655814084557,10.774654698296962,6.027150734642621,20.978698483861844,0.17873753818448748,2.1079655741614935,39.478959172204725,10.661242206974325,7.704279526914425,10.644872572826937,12.752838146988429,False,14.891513593242587,1.0554835033097456,15.946997096552332,3185.0987306665606,199.4887060831847,-42.483043249737776,3342.1043935000075,-9.318207452826132e-09,7.40023243572281e-11,-2.1821990536182058e-08,31.36820759930369,0.0,5.256258940836997,0.8014581611615826,457.1180214233477,2.7421535214065216,1.388236840512203,2.115810465285567,27.491716861724854
T3_kin,kinetic,kinetic,650.0,0.1,1.2451962043106057,0.1,0.9,0.5,True,148,direct,9.07420705271943e-09,3499.0216378623045,507.0625279701394,1.169475086171353,0.8728806831856024,13122.080724759593,5089.882506922158,6903.839399857919,1074.1822622739658,50.70625279701392,3.4703029085363837,21879.68100690082,0.4112226577277702,35.2484605983546,methanation (xi2>0),15225.723961767735,563.402808905271,7670.93273611643,1193.5358565715226,0.9515173464308956,37.02660616377634,-44.23937337227389,36.68433728523649,0.0,36.68433728523649,35.87900186798848,0.6135888893318132,0.1917465279161917,0.8053354172480048,0.07025703893983581,0.9984022059087142,3.8012307817351885,2.8961758337030004,0.9050549480321879,234,0.8963800067538638,0.07894856628277046,0.024671426963365776,0.28496274426973206,0.5447902900802041,0.1702469656500638,1458.0089694177325,892.0808794365443,10.714783442912331,5.252631908934995,21.486282398891145,0.09038671262472159,1.1401336815505634,39.25958742312287,10.657364442408575,7.661469348764145,11.600482714170477,12.74061639572104,False,14.9389824979018,1.3198140397802245,16.258796537682027,3190.305475015989,248.93900113240844,-82.4112771927982,3356.8331989555995,-2.0083994105108488e-08,1.2370562760633636e-10,-4.653635907338109e-08,31.36820759930369,0.0,5.316129685932797,0.8053354172480048,462.3247657727761,3.0539529625362167,1.376015089244813,2.8022374085810546,57.33826684951782
T3_kin,kinetic,kinetic,650.0,0.1,1.2451962043106057,0.05,0.9,0.5,True,59,wegstein,4.252222088116394e-09,3495.6920649583144,503.7329550661495,1.1683622457942966,0.8728806831856021,22604.68111736939,5596.056381639236,14854.174070659037,2097.045970769622,53.171811923649074,4.232882377844992,31356.04550673549,0.27649297315837496,16.582466646815305,methanation (xi2>0),24473.969097567984,559.7032843895386,15635.972732263781,2207.4168142176322,0.31350370633025104,48.99386305732531,-49.795827262170626,36.64942947726418,0.0002312851712114243,36.649660762435396,35.90752978913404,0.5654331225153205,0.1766978507860379,0.7421309733013585,0.06474311643695559,0.9991960501607509,3.776435776029523,2.877284400784398,0.8991513752451245,460,0.8969623687905415,0.07850486187387325,0.02453276933558539,0.28496274427041574,0.5447902900796832,0.170246965649901,1189.7200588089154,894.9679922817005,10.749460555295503,4.8573103225052785,21.898179774692615,0.04489659887847906,0.5937710350202475,39.38664637232535,10.720569485489937,7.686264776031908,12.151705633225307,12.745476668245553,False,14.79535403620383,1.5251075272226475,16.32046156342648,3187.269667934918,301.3196584977581,-115.4366023044897,3373.1527241281865,-7.64532321405616e-09,4.655414538618222e-10,-1.6811565767568484e-08,31.36820759930369,0.0,5.2814531631317045,0.7421309733013585,459.2889586917049,3.11561798828067,1.380875361769327,4.015921606737819,25.4169979095459
T3_kin,kinetic,kinetic,650.0,0.1,1.2451962043106057,0.02,0.9,0.5,True,130,wegstein,5.835208378817893e-09,3464.4086105458714,472.4495006537065,1.157906402895571,0.8728806831856025,49654.57852351958,5954.976629131973,38534.5597817944,5108.534308311881,51.44450118229247,5.063303099030415,58347.35273541329,0.14020581032432822,3.30571672233458,methanation (xi2>0),51328.72239998631,524.9438889668376,39320.97959862407,5212.790125404509,0.04278753192603637,60.32610836401585,-29.757627791777455,36.32144842659124,0.3671580201531555,36.6886064467444,35.924820428899636,0.5819322040722007,0.1818538137725636,0.7637860178447643,0.06663229115241631,0.9996771954542308,3.804283391249423,2.8985016314281316,0.9057817598212913,1102,0.9024886979587573,0.07429432536475634,0.023216976676486357,0.28496274427247137,0.5447902900781171,0.17024696564941158,1013.3587453779506,891.7252773732362,10.710512306529939,4.588193599479543,22.027612642613494,0.016843349642194246,0.24500475274142977,39.24393773191875,10.698911858893954,7.658415327097091,12.492182855037091,12.737187607778521,False,14.69122581013749,1.7684619436122695,16.45968775374976,3158.746330208317,338.4124620042137,-123.25401586397525,3373.9047763485555,-6.174878480561047e-08,8.916554769280018e-10,-1.3581008459575137e-07,31.36820759930369,0.0,5.3203988474407105,0.7637860178447643,430.76562096510406,3.254844178603948,1.3725863013022952,7.472829904388487,62.72870993614197
T3_kin,kinetic,kinetic,650.0,0.1,1.2451962043106057,0.01,0.9,0.5,True,208,wegstein,7.074940004393494e-09,3446.1435235666613,454.18441367449606,1.1518016780954154,0.8728806831856023,94095.56484310479,6094.220028734608,77841.0468590029,10104.978110208025,49.96028550419458,5.3595596550572635,102754.13072641844,0.0770636738421614,0.6537625026410296,methanation (xi2>0),95684.38644851453,504.6493479954424,78627.3203955522,10207.048649582905,0.007233767782846026,65.34517434602542,-15.95665586066926,36.12995415172335,0.5932054955276124,36.72315964725095,35.93061327764176,0.6038448530355767,0.1887015165736167,0.7925463696091934,0.06914132913902533,0.9998383926074825,3.8289902168984264,2.9173258795416577,0.9116643373567686,2136,0.9057616798239573,0.07180062489603253,0.02243769528001018,0.28496274427580015,0.5447902900755808,0.1702469656486191,950.4602509404524,888.8483359062134,10.675957362569529,4.4920200166883335,22.023512348693647,0.008096089498422158,0.1241004805851411,39.117326414896546,10.67014976424439,7.6337072547602824,12.606179538195804,12.730280018780944,False,14.688917676586273,1.8530271349013339,16.541944811487607,3142.092758718254,346.2093586386221,-117.5847631318947,3370.7173542249816,-9.85311931804887e-08,-2.4990532809258675e-09,-2.319594984671388e-07,31.36820759930369,0.0,5.354952047947261,0.7925463696091934,414.1120494750412,3.3371012363417965,1.3656787123047174,13.160222441861992,93.5236177444458
T3_kin,kinetic,kinetic,650.0,0.1,1.2451962043106057,0.2,0.95,0.5,True,78,direct,8.618569921368249e-09,3500.5115515423895,508.5524416502242,1.169973058779053,0.8728806831856025,7755.1402310588355,4189.547810308048,2995.1320737031156,546.5768116464372,21.4127343852726,2.4708010159622122,16515.530943751128,0.5439951677525618,51.90560858534792,methanation (xi2>0),10295.194050512528,535.3183595028102,3743.9151243960882,683.2210193093811,1.8838561006803465,24.633088707586047,-55.76008961956122,36.69995779337373,0.0,36.69995779337373,35.881987912893834,0.6232151470322957,0.1947547334475923,0.817969880479888,0.07135926287815414,0.9984852983490061,3.8124000270083602,2.9046857348635124,0.9077142921448476,117,0.896119770805385,0.07914684129113525,0.024733387903479766,0.2849627442694213,0.5447902900804409,0.17024696565013778,1938.7850577647089,890.7804049337063,10.699163443658746,6.013574725937015,20.973412346106066,0.08588112443573208,2.1115320963952557,39.20235484072748,10.644730486295645,7.650300467366678,10.66301888094383,12.77455097733909,False,14.904346393548206,1.057147658814214,15.961494052362418,3191.6639346835364,198.44249334527052,-42.5992856081899,3347.507142420617,-9.347853134754857e-09,7.281068926798585e-11,-2.1886418977449772e-08,31.36820759930369,0.0,5.331750194070036,0.817969880479888,463.68322544032344,2.756650477216608,1.4099496708628632,2.115224560109473,33.38146209716797
T3_kin,kinetic,kinetic,650.0,0.1,1.2451962043106057,0.1,0.95,0.5,True,148,direct,9.121914847453234e-09,3502.7649463581415,510.8058364659763,1.1707262090504928,0.8728806831856023,13097.000304326453,5094.206148929995,6902.341212739956,1072.7834776719694,24.19606593786208,3.47339904666988,21861.611356640744,0.4115801181988631,35.52921819556292,methanation (xi2>0),15201.747755264847,537.6903542183358,7669.268084113916,1191.9816515004982,0.9595882026738448,37.10915267649087,-44.40742441323318,36.723582767441634,0.0,36.723582767441634,35.90904126776679,0.6206030473713061,0.19393845230353318,0.8145414996748395,0.07106017273687615,0.9992381099595902,3.829292763630727,2.9175563913376963,0.9117363722930301,234,0.8957266019527458,0.07944639851219368,0.024826999535060523,0.2849627442697651,0.544790290080179,0.17024696565005595,1455.2222560362725,888.8134173721987,10.675537956057479,5.245792007651745,21.481619707649575,0.0431308317601246,1.1411021773603187,39.115789685133095,10.64815835527131,7.6334073635432995,11.610428533561246,12.751530710921564,False,14.946397451909847,1.3209915527296259,16.267389004639472,3193.718514095179,248.2705250147558,-82.51285900066235,3359.4761801092727,-2.018209106808743e-08,1.254861652866327e-10,-4.676447543357654e-08,31.36820759930369,0.0,5.355375168137943,0.8145414996748395,465.7378048519663,3.062545429493662,1.386929404445338,2.7999231403838722,62.10344910621643
T3_kin,kinetic,kinetic,650.0,0.1,1.2451962043106057,0.05,0.95,0.5,True,67,wegstein,8.189171521947218e-10,3497.3133987805213,505.3542888883563,1.1689041428465812,0.8728806831856022,22580.87674977093,5599.148222686953,14856.25408987871,2095.981109757237,25.26771444441782,4.225613003611492,31335.277703933647,0.2766078484615043,16.689974177093518,methanation (xi2>0),24450.06597173617,531.9518830532642,15638.162209857623,2206.2959050415916,0.31519755344411404,49.072586847104326,-49.932561367387336,36.66642781649776,0.00023124306458279574,36.66665905956234,35.922689920195076,0.566833629994115,0.17713550937316094,0.7439691393672759,0.06490347707937258,0.9996179099535313,3.788590191758972,2.8865449080068353,0.9020452837521364,460,0.8966786493815987,0.07872102904259143,0.024600321575809832,0.2849627442704581,0.544790290079651,0.170246965649891,1188.467197356365,893.5527849515984,10.732462500053646,4.854843824174013,21.901246160921197,0.021335260149041843,0.5940990956282578,39.32436451293489,10.7187315512962,7.674110533258578,12.157293782873156,12.751392878501413,False,14.798027612494558,1.5224883664480096,16.320515978942566,3188.7479526399507,301.0631838556756,-115.02867622125696,3374.7824602743694,-2.542167640079045e-09,-5.50134595375887e-10,-5.268982890678824e-09,31.36820759930369,0.0,5.298451460258651,0.7439691393672759,460.76724339673774,3.115672403796756,1.3867915720251869,4.013261772991294,27.784471035003662
T3_kin,kinetic,kinetic,650.0,0.1,1.2451962043106057,0.02,0.95,0.5,True,129,wegstein,6.358571796841408e-09,3465.14241549233,473.183305600165,1.158151661911322,0.8728806831856022,49625.410971777004,5955.78082028545,38532.93767894085,5107.220755123909,24.40629681516644,5.0654206116308,58319.55951278017,0.14024059708259096,3.3249026358994342,methanation (xi2>0),51299.84471382464,498.0876893815229,39319.32441219928,5211.449766408239,0.042898724213364665,60.366700637522015,-29.82705468426807,36.32914176231292,0.36681168754453075,36.695953449857456,35.93091857433858,0.5828837146810476,0.18215116083782756,0.7650348755188753,0.06674124084016277,0.9998468880750176,3.8095367721935047,2.9025042073855274,0.9070325648079778,1102,0.9023579259600704,0.07439396117327973,0.02324811286664993,0.2849627442724149,0.54479029007816,0.17024696564942507,1012.763489219939,891.113565936325,10.703165040461199,4.587013841066288,22.02668539565578,0.007990820812361535,0.24503783946317284,39.21701692329172,10.697662737431967,7.6531617581308025,12.494199850056829,12.739237689520001,False,14.692047260630627,1.769201528398984,16.46124878902961,3159.4153920720537,338.37351009376806,-123.38520754601373,3374.403694619808,-6.72964758048658e-08,9.7933457362939e-10,-1.4805345340115159e-07,31.36820759930369,0.0,5.3277458505537645,0.7650348755188753,431.4346828288408,3.2564052138838004,1.3746363830437751,7.469270290875704,54.40716910362244
T3_kin,kinetic,kinetic,650.0,0.1,1.2451962043106057,0.01,0.95,0.5,True,203,wegstein,6.474629636333112e-09,3446.509166717895,454.55005682573005,1.1519238867011496,0.8728806831856024,94066.93534962145,6094.582335449264,77839.57603426739,10103.731796434105,23.684450329340713,5.3607331413415675,102726.18603892998,0.07707349932824092,0.6582779691306655,methanation (xi2>0),95655.9281101058,478.47374261605137,78625.83488712103,10205.789720565834,0.0072434979034818395,65.3679480880171,-16.00588015193711,36.13378761663847,0.5928877979802567,36.72667541461873,35.93366807606868,0.6041960674667032,0.18881127108334528,0.7930073385500485,0.0691815438273826,0.9999233982466937,3.831504121549118,2.9192412354659956,0.9122628860831233,2136,0.9056958187256339,0.07185080478046942,0.022453376493896688,0.2849627442757457,0.5447902900756224,0.170246965648632,950.1710641375904,888.5554775861701,10.672439841287488,4.491465986154227,22.023096209291207,0.0038380771377132627,0.12410785846733047,39.10443801308976,10.669687031273407,7.631192095996402,12.60716181452922,12.731269672996552,False,14.689230772647104,1.8534328782656895,16.542663650912793,3142.4261414372027,346.2027722450765,-117.6682552710413,3370.960658411238,-1.3553428953087188e-07,-4.0085212610545775e-09,-2.952205623456621e-07,31.36820759930369,0.0,5.358467815315041,0.7930073385500485,414.44543219398975,3.3378200757669827,1.3666683665203259,13.156643429506802,86.79685282707214
T3_kin,kinetic,kinetic,650.0,0.1,1.2451962043106057,0.2,0.99,0.5,True,78,direct,8.640908209834309e-09,3505.881365416652,513.922255524487,1.171767807195403,0.8728806831856023,7741.668705897717,4194.822203120149,2994.5616297889883,545.6582552639725,4.152907115349353,2.4737106092573757,16512.116439267415,0.544475459619848,52.242009275383964,methanation (xi2>0),10283.865259462526,519.1133892928952,3743.2020695809,682.0728238390811,1.8986235024226403,24.687047589613194,-55.97782417204265,36.756255834286286,0.0,36.756255834286286,35.92587257399837,0.6326729602193618,0.1977103000685505,0.8303832602879123,0.07244219961466025,0.9997064734143977,3.8526552236851557,2.935356360902976,0.9172988627821796,117,0.8951836867972991,0.07986004815443884,0.02495626504826213,0.28496274426946744,0.5447902900804058,0.17024696565012679,1935.4171764744292,886.0931980420776,10.642865401683393,6.003468538978042,20.96941781259739,0.016656272212887416,2.114190390372555,38.99607555263379,10.632317105458753,7.610045269929126,10.676545084462775,12.790735474835332,False,14.91393143350627,1.058392546492401,15.972323979998672,3196.5599737412813,197.65856818958423,-42.6862104233551,3351.53233150751,-9.370275399785501e-09,7.190709342641757e-11,-2.1935167966641227e-08,31.36820759930369,0.0,5.388048234982595,0.8303832602879123,468.57926449806837,2.7674804048528614,1.4261341683591056,2.1147872478747556,33.18393874168396
T3_kin,kinetic,kinetic,650.0,0.1,1.2451962043106057,0.1,0.99,0.5,True,148,direct,9.157478100600309e-09,3505.523660301143,513.564550408978,1.171648251712734,0.8728806831856025,13078.513748480733,5097.389557408727,6901.226189129105,1071.7535429796678,4.668768640081658,3.4756903231515666,21848.291542849303,0.411843615838007,35.73710092736627,methanation (xi2>0),15184.07511463373,518.7520711596575,7668.029169252147,1190.8372796517247,0.9655828669586327,37.17007570897652,-44.53156712104348,36.7525055930862,0.0,36.7525055930862,35.9311406242103,0.6258018810483031,0.1955630878275947,0.8213649688758978,0.07165544860714859,0.999853067039599,3.8499736615078297,2.933313265910727,0.9166603955971024,234,0.8952459540001518,0.0798126064760748,0.02494143952377338,0.2849627442697277,0.5447902900802075,0.1702469656500649,1453.168194275637,886.4053889720949,10.64661512694383,5.240755741443578,21.478149506389578,0.008322339476981114,1.141815260859555,39.00981476327292,10.641334882558885,7.6127264631863225,11.617752503892985,12.75956776475254,False,14.951876526525218,1.3218629633747079,16.273739489899928,3196.2338286908707,247.77529490832293,-82.5880510174391,3361.4210725817543,-2.0255279716802917e-08,1.2673601171226648e-10,-4.693452009318359e-08,31.36820759930369,0.0,5.384297993782507,0.8213649688758978,468.2531194476578,3.0688959147541173,1.394966458276313,2.7982172068983733,66.61059188842773
T3_kin,kinetic,kinetic,650.0,0.1,1.2451962043106057,0.05,0.99,0.5,True,65,wegstein,1.484823603138317e-09,3498.5011630601775,506.5420531680125,1.1693011283119672,0.8728806831856022,22563.428004094163,5601.403722838523,14857.742814134552,2095.2003425946396,4.860757075854664,4.220367450594999,31320.053499032427,0.2766921231531805,16.768925391906862,methanation (xi2>0),24432.549279152365,511.6586400045511,15639.72930125861,2205.474046806375,0.3164434953827736,49.130204154710775,-50.03271530662753,36.67888053898989,0.00023121173250853668,36.67911175072239,35.93377921552473,0.5678724077696515,0.1774601274280163,0.7453325351976678,0.06502241901573196,0.9999264909157286,3.7974943298727157,2.893329013236355,0.9041653166363611,460,0.8964709677866688,0.07887926263872853,0.02464976957460267,0.28496274427042106,0.5447902900796792,0.17024696564989972,1187.5488423207457,892.5159954634236,10.72000962151118,4.853035361960395,21.903440853889936,0.004104269777259809,0.5943384160653928,39.27873644434981,10.717367972502432,7.665206261160036,12.161377358088497,12.75571577415389,False,14.799991289088194,1.5205983908436393,16.32058967993183,3189.8309213313732,300.87480266722787,-114.73403637956972,3375.9716876190314,-6.4954564189637114e-09,5.158433406369784e-10,-1.4228214206885545e-08,31.36820759930369,0.0,5.3109041514187005,0.7453325351976678,461.85021208816033,3.1157461047860213,1.3911144676776637,4.011311934852582,27.23593807220459
T3_kin,kinetic,kinetic,650.0,0.1,1.2451962043106057,0.02,0.99,0.5,True,131,wegstein,3.9115374195093256e-09,3465.6775794933847,473.71846960121957,1.1583305293294244,0.8728806831856019,49604.144096986434,5956.367132580031,38531.75701984177,5106.263644032243,4.689334345547452,5.066966186843308,58299.29493630951,0.14026595494278182,3.33892380201155,methanation (xi2>0),51278.78929163458,478.50350404035817,39318.1195617961,5210.473115656825,0.0429800152378994,60.39632914437143,-29.877699673383763,36.33475251261671,0.3665592585760326,36.70131177119274,35.93536384936797,0.5835793690093527,0.18236855281542205,0.7659479218247748,0.06682089452047234,0.9999705863989439,3.813368171576087,2.905423368819876,0.9079448027562109,1102,0.9022625888526628,0.07446659896939979,0.023270812177937424,0.28496274427247154,0.544790290078117,0.17024696564941144,1012.32947136707,890.6675509840726,10.697807954869695,4.586154218575817,22.02601049236261,0.0015353263450126075,0.24506196202614983,39.197388251258054,10.696750928159105,7.64933124235015,12.495670581594569,12.740732543620718,False,14.692646689120544,1.7697413519666614,16.462388041087205,3159.903338938149,338.345023342839,-123.48093604642516,3374.7674262345627,-4.1225448852628186e-08,-1.6314688830911304e-10,-9.053704583404473e-08,31.36820759930369,0.0,5.333104171889051,0.7659479218247748,431.92262969493595,3.257544465941395,1.3761312371444916,7.466674907778609,55.686347007751465
T3_kin,kinetic,kinetic,650.0,0.1,1.2451962043106057,0.01,0.99,0.5,True,131,wegstein,9.521467962307292e-09,3446.775473251626,454.8163633594611,1.1520128941119965,0.8728806831856022,94046.0638700473,6094.846292502599,77838.48668034685,10102.821145479355,4.548163633594587,5.361588084917684,102705.81331971868,0.07708067206291169,0.6615708653891375,methanation (xi2>0),95635.18126624738,459.4104648536105,78624.73476917525,10204.869939409577,0.007250598554931167,65.38454231799824,-16.04173638370194,36.1365796195798,0.5926564420768314,36.72923606165663,35.935892331345826,0.6044523659510872,0.1888913643597152,0.7933437303108025,0.06921089046796014,0.9999852924260072,3.833335079580184,2.920636251108712,0.9126988284714723,2136,0.9056478593285889,0.07188734527345614,0.02246479539795504,0.2849627442757067,0.544790290075652,0.17024696564864128,949.960241111589,888.341979691513,10.669875518074761,4.491061169610109,22.022787999156716,0.0007370322138763431,0.1241132335927802,39.095042184243795,10.669346942915189,7.629358509364001,12.60787735635449,12.73199058994727,False,14.689457894843944,1.8537284752206384,16.543186370064582,3142.6689519369734,346.1979407791251,-117.72908131128382,3371.137811404815,-2.1309215755827433e-07,2.0112670500710477e-10,-4.922944781009544e-07,31.36820759930369,0.0,5.361028462352937,0.7933437303108025,414.68824269376046,3.3383427949187716,1.3673892834710433,13.154034196041726,56.65626502037048
T3_kin,kinetic,kinetic,650.0,0.1,1.2451962043106057,1.0,0.0,0.75,True,1,once-through,0.0,2991.959109892165,0.0,1.0,0.8728806831856022,0.0,0.0,0.0,0.0,0.0,0.0,7807.932668338708,0.7161022285533695,46.34828495760871,methanation (xi2>0),5609.266148621266,431.7451797404206,633.8421709562326,269.09869382993423,3.5075773008993063,6.144487334934274,-66.15183426107714,31.36820759930369,0.0,31.36820759930369,31.36820759930369,0.0,0.0,0.0,0.0,0.8728806831856026,0.0,0.0,0.0,4,1.0,0.0,0.0,0.28496274426920465,0.5447902900806059,0.17024696565018935,5557.925029837703,1334.6860445265875,16.03091408080884,11.842764416761577,17.753919208484078,6.9264879185755674,8.509676249482819,58.738198133570585,11.462700811197722,11.462700811197717,2.847997873007882,11.357674122490701,False,12.489305747751935,0.7425589373009028,13.231864685052837,2727.980709243213,158.5547694116179,-12.012184357913334,2874.523294296918,6.914014738533471e-16,1.7601699988807188e-15,5.956242906298334e-16,,,,,,,,,
T3_kin,kinetic,kinetic,650.0,0.1,1.2451962043106057,0.2,0.9,0.75,True,77,direct,9.312939299044884e-09,3520.245055666876,528.285945774711,1.1765685714179934,0.8728806831856021,12863.168778138137,9366.116715942499,3033.987066413705,413.2758161971817,46.95875073552989,2.8304288492211187,21660.51798951675,0.6202076978529776,70.67892052635716,methanation (xi2>0),16718.180775054778,586.984384131695,3792.4838683363027,516.5947739145313,5.075192289287717,34.271489819438344,-171.62217435454622,36.90684720305585,0.0,36.90684720305585,35.8230083782447,0.8257819617608763,0.25805686305027387,1.0838388248111501,0.09455352998068023,0.9968440794066893,3.9603336627468324,3.0173970763785394,0.9429365863682936,116,0.8926937963311339,0.08175710755723134,0.025549096111634792,0.284962744269464,0.5447902900804085,0.17024696565012762,3215.7921945345342,873.5554083366042,10.492274009530952,4.546963848755442,21.24549443256197,0.1883398095125265,4.72052282483502,38.44429996548561,10.378861518223719,7.502366814147841,7.913493282649084,12.634016107484104,False,15.774573229962256,1.211016675647264,16.98558990560952,3209.6563659301355,162.61204829016086,-54.14818509094379,3318.120229129353,-9.863594269321548e-09,6.757556651202912e-11,-2.2351377474573536e-08,31.36820759930369,0.0,5.538639603752156,1.0838388248111501,481.6756566869226,3.7537252205566816,1.2763419849934028,2.774168132539167,26.688703060150146
T3_kin,kinetic,kinetic,650.0,0.1,1.2451962043106057,0.1,0.9,0.75,True,148,direct,9.998032112650862e-09,3536.280442005252,544.321332113087,1.1819280652310469,0.872880683185603,20630.146252267237,12890.135696814716,6964.945765301626,716.6475596137919,54.4321332113087,3.985097325793376,29457.527828966377,0.5218884850158245,61.82449959420154,methanation (xi2>0),23628.86655965622,604.8014800769498,7738.828705485975,796.2750729561294,4.415672975669991,60.63889094721135,-182.32590447897215,37.07496491761073,0.0,37.07496491761073,35.879001868944016,0.9112099418413074,0.2847531068254085,1.1959630486667159,0.10433518839629845,0.9984022059353038,4.080544092000463,3.1089859748574957,0.9715581171429675,233,0.889938018793318,0.08385674758604336,0.02620523362063855,0.28496274426972795,0.5447902900802073,0.17024696565006475,2292.2384724741373,859.558384236303,10.324155753062236,3.5043269390048195,21.676458987344283,0.0970283014565584,2.887390396086497,37.82830493185546,10.266736752550695,7.3821559974015205,9.70506908825345,12.592459484339948,False,16.051183137074087,1.5155989359107458,17.566782072984832,3224.276961663443,195.3585487442723,-97.72112498366603,3321.9143854240497,-2.129658737704765e-08,1.199640090944299e-10,-4.758404873949e-08,31.36820759930369,0.0,5.706757318307037,1.1959630486667159,496.2962524202303,4.334917387931995,1.2347853618492461,3.7727691925952596,56.00165390968323
T3_kin,kinetic,kinetic,650.0,0.1,1.2451962043106057,0.05,0.9,0.75,True,282,direct,9.891734944526628e-09,3552.663870397702,560.7047605055369,1.1874038848497985,0.8728806831856024,31324.85739934878,15259.3289749793,14732.095368797842,1268.612093438364,59.185502497806695,5.635459635469579,40182.923182608516,0.39837289625310246,42.25234602416373,methanation (xi2>0),33786.85869584881,623.0052897240616,15507.468962656658,1335.3811629699221,2.8327426386710393,95.59798741142764,-161.2270887240579,37.24673156418816,0.0,37.24673156418816,35.90752979669958,1.0203442038008221,0.31885756368775686,1.339201767488579,0.11683125901535672,0.9991960503712765,4.203363643591034,3.20256277606936,1.0008008675216749,447,0.8871481210009722,0.08598238399925934,0.026869494999768543,0.284962744270411,0.5447902900796868,0.17024696564990213,1648.6767052288835,845.2575244596849,10.152388126285274,2.9384394536909975,21.718210067369874,0.04997436929327962,1.619095116503067,37.19893839394627,10.123497056434092,7.259335744920686,10.936350091251132,12.555445207754197,False,15.97539509166171,2.030456116539399,18.005851208201108,3239.214891950699,251.71923977209303,-176.43075997402616,3314.503371748766,-4.1976285617079126e-08,2.555427377017877e-10,-9.293704029397532e-08,31.36820759930369,0.0,5.878523964884469,1.339201767488579,511.23418270748607,4.77398652314827,1.1977710852634953,5.1464228611436305,127.26030898094177
T3_kin,kinetic,kinetic,650.0,0.1,1.2451962043106057,0.02,0.9,0.75,True,168,wegstein,5.5217361360154695e-09,3574.009224729504,582.0501148373388,1.1945381248403213,0.8728806831856026,57408.60160543203,16896.08007466995,37595.38299956674,2845.888858643828,63.37879028228799,7.870882269220583,66306.64469049555,0.2356686637305574,14.983910516971491,methanation (xi2>0),59542.92283339541,646.7223529031085,38362.635925671966,2903.968227394286,0.858009585505255,144.3749948818361,-158.87526297038045,37.47051988527414,0.0,37.47051988527414,35.9248203941919,1.1776758027293284,0.36802368835291543,1.5456994910822437,0.13484601199503327,0.9996771944884214,4.363380630554032,3.3244804804221197,1.0389001501319128,1035,0.8835516388906888,0.08872256084518955,0.027725800264121744,0.2849627442721555,0.5447902900783577,0.17024696564948683,1171.604114396572,826.6255234386298,9.928599162021381,2.5560147506133926,21.490748526895192,0.020750733316300944,0.6951530087864208,36.378962661010654,9.916998714509525,7.099318298033546,11.816228742661075,12.511381751447496,False,15.718618245923109,2.749066263089589,18.4676845090127,3258.6769610199576,326.66237501248395,-288.7581748967828,3296.581161135659,-5.554569118734017e-08,4.773227871426877e-09,-1.1547431580252503e-07,31.36820759930369,0.0,6.102312285970452,1.5456994910822437,530.6962517767447,5.2358198239598615,1.153707628956795,8.49221522610845,72.91978693008423
T3_kin,kinetic,kinetic,650.0,0.1,1.2451962043106057,0.01,0.9,0.75,True,189,wegstein,7.536557934602437e-09,3587.1302061279494,595.1710962357843,1.1989235395189726,0.8728806831856022,94435.3774263496,17323.141269200045,71796.30591425869,5239.694253753804,65.4688205859362,10.767168551126355,103357.9945440187,0.14549159329223083,4.768140351267448,methanation (xi2>0),96497.59519303245,661.3012132807393,72521.52167207647,5292.620489108582,0.24260791489561198,171.19750510192654,-134.828103301364,37.60808248332309,0.43683288502655865,38.04491536834965,35.930613313364134,1.6108968037984892,0.5034052511870297,2.1143020549855187,0.18445060111139733,0.9998383936015264,4.7740948004561465,3.637405562252302,1.1366892382038452,1880,0.8813621243488068,0.09039076240090906,0.0282471132502841,0.28496274427494855,0.5447902900762295,0.17024696564882183,953.8927012762587,778.8027170565499,9.35419943456622,2.329229337509608,20.313278067256423,0.01060925544101186,0.35276214948189183,34.27432877494171,9.348391836364504,6.688601093197056,12.055644102537919,12.408406252019809,False,15.68891899130995,3.7226669562711545,19.411585947581106,3270.640287665348,355.48457178474706,-399.06634942988643,3227.0585100202084,-1.4509122523692587e-07,9.105514676349146e-09,-3.1859524403226186e-07,31.36820759930369,0.0,6.676707769045958,2.1143020549855187,542.6595784221349,6.179721262528268,1.0507321295291074,13.23756222477904,77.76161003112793
T3_kin,kinetic,kinetic,650.0,0.1,1.2451962043106057,0.2,0.95,0.75,True,77,direct,9.325627464818535e-09,3527.769635583729,535.8105256915638,1.17908350549312,0.8728806831856022,12854.048209682194,9383.264643925668,3033.107602403128,412.28134576468375,22.560443187013245,2.8341744017013184,21665.490061436158,0.6208293759446513,71.10256713706912,methanation (xi2>0),16714.483275238756,564.0110796151765,3791.384538360949,515.3516858731524,5.104883272550711,34.33227330379476,-172.31089196277873,36.98573617722293,0.0,36.98573617722293,35.881987912171574,0.8409510590867484,0.2627972059646089,1.1037482650513573,0.09629041909330176,0.9984852983289078,4.016742218343001,3.06037502349943,0.9563671948435718,116,0.8913975323055312,0.0827447372910239,0.025857730403444967,0.2849627442694222,0.5447902900804403,0.17024696565013758,3213.5120524205486,866.9873478387063,10.413385034890702,4.536022436439492,21.239335985827903,0.09048429751231338,4.729165380538537,38.155246191033626,10.358952077533003,7.445958258214117,7.9279985449611585,12.657163925499697,False,15.785872380689622,1.212619233690979,16.9984916143806,3216.5170575720967,161.60636934723112,-54.25482608550107,3323.868600833827,-9.873576839034622e-09,6.69339845474371e-11,-2.237043495025167e-08,31.36820759930369,0.0,5.617528577919241,1.1037482650513573,488.53634832888383,3.7666269293277637,1.2994898030089956,2.7748049300284143,31.16620683670044
T3_kin,kinetic,kinetic,650.0,0.1,1.2451962043106057,0.1,0.95,0.75,True,149,direct,9.026719791533067e-09,3540.326770272772,548.3676603806069,1.18328046615596,0.8728806831856025,20610.35825141055,12902.131330597133,6962.699121357842,715.5634442298671,25.975310228555067,3.9890449971548665,29445.318118159783,0.5222915227957136,62.141482170913775,methanation (xi2>0),23611.115771876284,577.2291161467455,7736.332426897973,795.070499648823,4.438914409250055,60.72211518388479,-182.82813768546634,37.11738731058103,0.0,37.11738731058103,35.90904126861765,0.9206446034006622,0.2877014385627069,1.2083460419633694,0.10541547422950773,0.999238109983267,4.110877683451165,3.1320972826294593,0.978780400821706,233,0.889246577377517,0.08438356009332033,0.026369862529162607,0.28496274426975793,0.5447902900801843,0.17024696565005765,2290.039805712284,856.0264306462517,10.281733458492129,3.499025735234692,21.669466932137016,0.046302433555189884,2.890077418053758,37.67286718631089,10.254353857705228,7.351822476310023,9.714141773011102,12.604219191064862,False,16.058511137506628,1.5171003006742485,17.575611438180875,3227.9662852977776,194.57874351320902,-97.84988434740985,3324.695144463577,-1.9220595567444117e-08,1.0769348685294694e-10,-4.294338216988081e-08,31.36820759930369,0.0,5.749179711277339,1.2083460419633694,499.9855760545647,4.343746753128038,1.2465450685741608,3.77120543541071,61.359736919403076
T3_kin,kinetic,kinetic,650.0,0.1,1.2451962043106057,0.05,0.95,0.75,True,282,direct,9.923082133991353e-09,3554.809615845545,562.8505059533799,1.18812105556271,0.8728806831856025,31296.492454008352,15266.547070215222,14728.647875484374,1267.5159398270412,28.142525297669025,5.639043184046046,40158.576962468374,0.39859180924525994,42.43585711074172,methanation (xi2>0),33759.32953102151,592.474217050559,15503.840022776796,1334.2273170937603,2.8449987140767377,95.69985638100177,-161.5384089075357,37.26922792399485,0.0,37.26922792399485,35.92268991795227,1.0259337188895958,0.32060428715299855,1.3465380060425944,0.11747126861473917,0.999617909891121,4.219449378971574,3.2148185744545326,1.0046308045170411,447,0.8867846313431412,0.08625932850046386,0.02695604015639495,0.28496274427034396,0.544790290079738,0.1702469656499181,1647.1838133688607,843.3845442425834,10.129891760897667,2.9359004734656984,21.71312773643775,0.023762659650026538,1.6198609943975733,37.11651040757186,10.116160812150653,7.243250005550721,10.941573448464569,12.561434442862142,False,15.979447953508766,2.031747269117072,18.011195222625837,3241.1713198207513,251.26273524650856,-176.56822520402133,3315.865829863238,-4.209402852247046e-08,2.6016771010027526e-10,-9.320484286240572e-08,31.36820759930369,0.0,5.901020324691157,1.3465380060425944,513.1906105775383,4.779330537572999,1.2037603203714404,5.143304722044037,117.03372097015381
T3_kin,kinetic,kinetic,650.0,0.1,1.2451962043106057,0.02,0.95,0.75,True,169,wegstein,7.745674965523427e-09,3574.8065689966384,582.8474591044733,1.1948046205502723,0.8728806831856024,57378.260680089275,16899.84306476856,37595.44693356591,2845.0384450468537,30.06265841696756,7.869578290985153,66277.79709582856,0.23572569375781283,15.030758346774064,methanation (xi2>0),59512.67328717,613.5236457161722,38362.70113383984,2903.1004728086073,0.8602494098775704,144.4801518971062,-159.0659601509378,37.47887937802821,0.0,37.47887937802821,35.93091852558838,1.1793987447160694,0.36856210772377057,1.5479608524398398,0.13504329197248735,0.9998468867184496,4.369357979311969,3.329034650904357,1.0403233284076119,1035,0.8834181263735041,0.08882428466780638,0.027757588958689506,0.284962744272188,0.544790290078333,0.1702469656494791,1170.9849118385566,825.9295517761169,9.92023984638294,2.555250957715653,21.490785073656756,0.009842759775171645,0.6953078289504778,36.34833364411513,9.914737543447407,7.09334107591935,11.818747813296087,12.514055642246563,False,15.719676030757297,2.748610800475308,18.468286831232604,3259.4039561758,326.54729356790614,-288.6796715610871,3297.271578182619,-5.1809005238352175e-08,-8.984670456528846e-09,-1.1448510190852328e-07,31.36820759930369,0.0,6.1106717787245195,1.5479608524398398,531.4232469325871,5.236422146179766,1.1563815197558611,8.488520574029293,74.16053915023804
T3_kin,kinetic,kinetic,650.0,0.1,1.2451962043106057,0.01,0.95,0.75,True,191,wegstein,7.818841017467417e-09,3587.702036498934,595.742926606769,1.1991146619073414,0.8728806831856024,94393.8669467478,17324.52939520828,71789.06639023706,5238.4589915652705,31.041341965300102,10.770827771893416,103317.55503447278,0.1455225570217047,4.781726289648304,methanation (xi2>0),96456.51729427368,627.0978125776313,72514.20902425698,5291.372749845521,0.2430527834459086,171.26907516728346,-134.96545972587052,37.61407765007831,0.4360427250668115,38.05012037514513,35.933668102956915,1.612535064524354,0.5039172076638601,2.116452272188214,0.1846381849311368,0.9999233989949105,4.7778165742311005,3.640241199414171,1.1375753748169293,1880,0.8812670664885714,0.09046318743727895,0.02826974607414969,0.284962744274966,0.5447902900762164,0.17024696564881775,953.473403502503,778.3693608461376,9.34899439312296,2.328680219795919,20.311229793843836,0.005030265142922318,0.3527904167751504,34.255257201477676,9.34624158326261,6.684879294647371,12.05682024467777,12.40961066145292,False,15.689420051456308,3.7239321044526856,19.413352155908992,3271.161665853923,355.45418439579714,-399.3127271689634,3227.3031230807564,-1.4582220460534702e-07,8.917695736618577e-09,-3.203509242983008e-07,31.36820759930369,0.0,6.681912775841436,2.116452272188214,543.1809566107099,6.181487470856155,1.0519365389622184,13.232382939651506,78.79944705963135
T3_kin,kinetic,kinetic,650.0,0.1,1.2451962043106057,0.2,0.99,0.75,True,77,direct,9.335253334290275e-09,3533.378895240451,541.4197853482858,1.180958283673803,0.8728806831856024,12847.246916395552,9396.045414255155,3032.447711123321,411.5417131297117,4.375109376551791,2.8369685108118805,21669.19424220756,0.6212922875095626,71.419019395629,methanation (xi2>0),16711.72413579249,546.8886720105266,3790.559674289985,514.4271450789348,5.127086456078306,34.37752839430422,-172.8251951869164,37.04454460839724,0.0,37.04454460839724,35.92587257328604,0.8523215505609117,0.266350484550285,1.118672035111197,0.09759236095723497,0.9997064733945756,4.0587924375833415,3.0924132857777846,0.9663791518055577,116,0.8904348135335615,0.08347823730776265,0.02608694915867583,0.28496274426946716,0.544790290080406,0.1702469656501269,3211.811729098888,862.0911334073961,10.354576603356234,4.527884813281371,21.234715097141052,0.017547469932005094,4.735606888784599,37.939768690126094,10.344028307129935,7.403908038715424,7.938809718344066,12.674416607128665,False,15.794298545480881,1.2138147107411428,17.00811325622202,3221.63141628311,160.8548229848007,-54.334318550142356,3328.1519207177685,-9.881175225998691e-09,6.645924155345326e-11,-2.2384994033037253e-08,31.36820759930369,0.0,5.676337009093547,1.118672035111197,493.65070703989704,3.7762485711691838,1.3167424846379632,2.775279342517449,32.68467569351196
T3_kin,kinetic,kinetic,650.0,0.1,1.2451962043106057,0.1,0.99,0.75,True,149,direct,9.044915197925534e-09,3543.3084784813004,551.3493685891353,1.1842770400057396,0.8728806831856024,20595.77214720345,12910.966393839635,6961.036084632956,714.7654435206989,5.012266987173928,3.9919582229852795,29436.316397659317,0.5225884971662019,62.37576819337232,methanation (xi2>0),23598.03052409918,556.9185540875193,7734.484608438819,794.1838322021442,4.456112482035333,60.78342695924409,-183.19880827226064,37.14864804598887,0.0,37.14864804598887,35.93114062501841,0.9276247016917772,0.2898827192786802,1.2175074209704573,0.106214708123682,0.999853067062086,4.13323027390962,3.1491278277406627,0.9841024461689568,233,0.8887380701232301,0.08477099419182471,0.026490935684945212,0.28496274426971724,0.5447902900802155,0.17024696565006728,2288.4191274670497,853.4237550156477,10.250472721492942,3.495123600433604,21.664291192285454,0.008934644363914591,2.8920564722200783,37.558326034483635,10.245192477111475,7.329469884714437,9.720824137951295,12.612880610171372,False,16.063920863348834,1.5182082490191977,17.58212911236803,3230.6849195353075,194.0022260393948,-97.9448149573305,3326.742330617372,-1.9254168755445067e-08,1.0743097007025674e-10,-4.3016741878261657e-08,31.36820759930369,0.0,5.78044044668518,1.2175074209704573,502.70421029209456,4.350264427315192,1.2552064876806703,3.770052541183411,58.693106174468994
T3_kin,kinetic,kinetic,650.0,0.1,1.2451962043106057,0.05,0.99,0.75,True,282,direct,9.946229413166974e-09,3556.3810879269795,564.4219780348143,1.1886462873669277,0.8728806831856026,31275.7155590911,15271.829998663194,14726.114110872631,1266.7136078584615,5.416170496293625,5.641671200520084,40140.743247256614,0.3987521686977028,42.57066662402917,methanation (xi2>0),33739.16469639807,570.1232103821998,15501.172902465201,1333.382757149367,2.8540099250774107,95.77448607301368,-161.7666951277734,37.28570350426734,0.0,37.28570350426734,35.93377921780089,1.030037551593489,0.3218867348729653,1.3519242864664542,0.11794116489071961,0.9999264909790672,4.2312300326758665,3.223794310610185,1.0074357220656827,447,0.886518701941842,0.08646194137764418,0.027019356680513806,0.28496274427038754,0.5447902900797046,0.1702469656499077,1646.0902925837422,842.0128362751257,10.113416176500534,2.9340420614864757,21.709392433975914,0.004573243330107297,1.6204215409107894,37.05614291163201,10.110774527494964,7.23146934889641,10.945396565424506,12.565818106335295,False,15.98242246427954,2.032694143471525,18.015116607751068,3242.604142050541,250.92731710543598,-176.6689772724208,3316.8624818835565,-4.218104808150248e-08,2.6350813557886535e-10,-9.340262086110822e-08,31.36820759930369,0.0,5.917495904963648,1.3519242864664542,514.6234328073283,4.783251922698231,1.208143983844593,5.14102067119866,96.58517694473267
T3_kin,kinetic,kinetic,650.0,0.1,1.2451962043106057,0.02,0.99,0.75,True,171,wegstein,8.669857457231111e-09,3575.3880470117156,583.4289371195504,1.1949989674626864,0.8728806831856026,57356.12538934788,16902.586053581523,37595.47740076928,2844.4179447475753,5.775357155324814,7.8686330941728215,66256.75084402929,0.23576732690591495,15.06499536125557,methanation (xi2>0),59490.60476343846,589.3221633391038,38362.73237420073,2902.4672975553926,0.8618870857725613,144.55685667147094,-159.2051250192183,37.48497569232304,0.0,37.48497569232304,35.935363801152086,1.180656678987387,0.36895521218355803,1.549611891170945,0.1351873277244711,0.9999705850572442,4.373717071155119,3.3323558637372344,1.041361207417885,1035,0.8833207974561696,0.0888984400333946,0.0277807625104358,0.2849627442722377,0.5447902900782952,0.17024696564946715,1170.5331712111813,825.4218510749425,9.914141853261134,2.554693659804001,21.490802489705054,0.0018908990784260405,0.6954206833473541,36.32599024395714,9.913084826596,7.088980783651593,11.820584143751534,12.516004827098888,False,15.720449229174674,2.748280698296586,18.468729927471262,3259.9341308037624,326.4631910562529,-288.62270545719855,3297.7746164028167,-8.722795239128761e-08,7.025758280083792e-09,-1.815945459098695e-07,31.36820759930369,0.0,6.116768093019349,1.549611891170945,531.9534215605495,5.236865242418425,1.1583307046081863,8.485825077962247,52.11977982521057
T3_kin,kinetic,kinetic,650.0,0.1,1.2451962043106057,0.01,0.99,0.75,True,191,wegstein,7.658368359124676e-09,3588.1186736862414,596.1595637940765,1.1992539142072576,0.8728806831856024,94363.62657288718,17325.540333267254,71783.7917665519,5237.559382194007,5.961595637940774,10.773495236068843,103288.09497235215,0.14554511518566604,4.791640558641689,methanation (xi2>0),96426.59217961959,602.1813729580474,72508.88107950617,5290.4640511203725,0.24337748072344675,171.32124662061975,-135.06556483276543,37.61844574513075,0.435466993953916,38.05391273908465,35.93589233525901,1.613729831486205,0.5042905723394422,2.1180204038256476,0.18477498791180094,0.9999852925348991,4.780528255735549,3.6423072424651797,1.1382210132703685,1880,0.8811978261489349,0.09051594198176391,0.028286231869301223,0.28496274427490687,0.5447902900762613,0.17024696564883168,953.1679451806785,778.0536640846855,9.345202559321157,2.328280311626021,20.30973744829413,0.0009660795840351902,0.35281100315016956,34.24136370270293,9.344673984331772,6.682167992212117,12.057676933646949,12.41048793679712,False,15.689785378907624,3.7248543600212654,19.414639738928887,3271.5415434418105,355.43200291094746,-399.4923054875127,3227.4812408652456,-1.3463765705286305e-07,8.178421822560106e-09,-2.9582137083099274e-07,31.36820759930369,0.0,6.685705139780961,2.1180204038256476,543.5608341985976,6.18277505387605,1.0528138143064183,13.228609845879822,46.73732304573059
T3_kin,kinetic,kinetic,650.0,0.1,1.2451962043106057,1.0,0.0,1.0,True,1,once-through,0.0,2991.959109892165,0.0,1.0,0.8728806831856022,0.0,0.0,0.0,0.0,0.0,0.0,7807.932668338708,0.7161022285533695,46.34828495760871,methanation (xi2>0),7021.9635062640655,432.4117879104651,633.6740541052692,268.60020251085217,4.512850633950774,6.544282794590956,-94.12452701464312,31.36820759930369,0.0,31.36820759930369,31.36820759930369,0.0,0.0,0.0,0.0,0.8728806831856026,0.0,0.0,0.0,4,1.0,0.0,0.0,0.28496274426920465,0.5447902900806059,0.17024696565018935,6968.1823266257425,1334.6860445265863,16.030914080808827,11.820826312300092,17.749210255488588,6.9371823134475905,11.352637517779007,58.738198133570535,11.462700811197712,11.462700811197708,0.0,11.352637517779007,False,12.489305747751935,0.7624987412326675,13.251804488984602,2727.980709243213,158.5547694116179,-13.480529061116112,2873.054949593715,4.6093431590223135e-16,1.8858964273721986e-15,-5.956242906298334e-16,,,,,,,,,
T3_kin,kinetic,kinetic,650.0,0.1,1.2451962043106057,0.2,0.9,1.0,True,77,direct,8.631496518153517e-09,3552.955662009815,560.99655211765,1.1875014101171555,0.8728806831856027,28175.164702668328,24791.992406373356,3069.435851730781,260.70969525819123,49.86636018823556,3.1603891177652486,37033.776976801906,0.7286528971926174,95.83774927095101,methanation (xi2>0),35906.964147279155,623.329502700647,3836.7948294704706,325.8871179731051,7.340427253420765,42.628733786081604,-558.442959993854,37.24979075702079,0.0,37.24979075702079,35.82300837457187,1.0870722913896498,0.33971009105926564,1.4267823824489156,0.12447174587817186,0.9968440793044858,4.205551080444647,3.2042293946244937,1.0013216858201541,116,0.8870986656575516,0.08602006426091306,0.02688127008153533,0.2849627442694325,0.5447902900804323,0.17024696565013514,7043.791175667082,845.002976794302,10.14933075427636,2.8683932446544347,21.49372455174479,0.20000150412496578,12.495164172812173,37.18773600574043,10.035918263066353,7.257149610039619,0.0,12.495164172812173,False,16.846499017620218,1.3521922382514309,18.19869125587165,3239.4809389987126,112.40713267059908,-64.15033367012413,3287.7377379991876,-3.5615713559313674e-09,-3.707404930955056e-08,-6.608127842298473e-09,31.36820759930369,0.0,5.881583157717099,1.4267823824489156,511.50022975549973,4.946886766887049,1.1425266550331656,4.743096354682266,27.083013772964478
T3_kin,kinetic,kinetic,650.0,0.1,1.2451962043106057,0.1,0.9,1.0,True,147,direct,9.63946061145324e-09,3597.382278374285,605.4231684821198,1.2023500810824719,0.8728806831856024,62561.93719696546,55301.22503371822,6895.589082919334,299.8830984946759,60.54231684821195,4.697664985022217,71503.75522270735,0.7310675079538187,105.93975094769826,methanation (xi2>0),70315.68739202581,672.6924098255299,7661.76567124666,333.2034412776672,7.886100565579165,86.18135412922273,-1121.3017275581574,37.715566950434585,0.0,37.715566950434585,35.87900186510917,1.3992876840574644,0.43727740126795756,1.8365650853254218,0.16022097371077804,0.9984022058285917,4.538598411565852,3.4579797421454104,1.0806186694204412,230,0.879662463578224,0.09168574203563881,0.02865179438613714,0.28496274426973695,0.5447902900802004,0.17024696565006267,6951.326355218384,806.2238331402468,9.683554459847505,1.466395031294688,21.4606055791745,0.10792004324398491,12.387474407552881,35.48110467266912,9.626135459384539,6.9241022066839095,0.0,12.387474407552881,False,17.586032743082438,1.7866002910237915,19.372633034106233,3279.9878269499955,99.04823598557508,-122.16652222906042,3256.86954070651,-5.692730204367236e-09,-8.199074689233473e-08,-1.0781322975901732e-08,31.36820759930369,0.0,6.347359351130894,1.8365650853254218,552.0071177067825,6.120828545121631,1.0348368897738744,9.157834507545925,56.817931175231934
T3_kin,kinetic,kinetic,650.0,0.1,1.2451962043106057,0.05,0.9,1.0,True,287,direct,9.523592808813455e-09,3656.0891351901582,664.130025297993,1.2219716249136605,0.8728806831856022,129978.01057291882,115626.37249740309,13961.56302461413,312.94989807683316,70.10261378145478,7.022539043313902,139029.77953676172,0.7367277027285699,112.07907011424868,methanation (xi2>0),137805.50249983263,737.9222506569092,14696.382142017987,329.4209434158893,8.133751061746246,167.05701896761332,-2244.792903916636,38.331059610750124,0.0,38.331059610750124,35.907529796687996,1.8464989059521066,0.5770309081100331,2.4235298140621397,0.21142746844571192,0.9991960503709542,4.978698594316354,3.793294167098174,1.1854044272181796,435,0.8701132020644674,0.09896136985564383,0.030925428079888698,0.28496274427025303,0.5447902900798072,0.17024696564993977,6840.947924890465,754.9797650774957,9.068061958345801,0.7248743191822817,20.582283174707463,0.05919243331030943,12.26856668182972,33.22590448129551,9.039170888510279,6.484002137482896,0.0,12.26856668182972,False,18.017141924061438,2.5302208192571545,20.547362743318594,3333.515020007046,89.9247199119794,-228.74570110829248,3194.694038810733,-2.3421652443360132e-09,-1.6032706240194973e-07,-3.664617282803799e-09,31.36820759930369,0.0,6.962852011446433,2.4235298140621397,605.5343107638332,7.295558254333992,0.9159291640507128,17.80622162644021,132.0921070575714
T3_kin,kinetic,kinetic,650.0,0.1,1.2451962043106057,0.02,0.9,1.0,True,99,wegstein,9.932623096669027e-09,3782.7258446424,790.7667347502348,1.2642973067832919,0.8728806831856026,324145.1777454044,292555.2034454222,31191.24634067879,300.25812488238023,86.10571111724782,12.364123303811814,333434.1221561626,0.7524519921518202,117.20760241101118,methanation (xi2>0),332179.7828718865,878.6297079038658,31827.80240170865,306.38583867349945,8.104536446387916,368.03343500909057,-5600.493429242298,39.65874038641881,0.0,39.65874038641881,35.92482040451859,2.8448914147811246,0.8890285671191003,3.733919981900225,0.32574521863578826,0.9996771947757814,5.928039812624956,4.516601761999967,1.411438050624989,918,0.8505237494972225,0.11388666704973521,0.03558958345304224,0.2849627442715248,0.5447902900788384,0.1702469656496369,6615.2077090898865,644.4410240138453,7.740381139430296,0.2696746901622178,17.82993489800843,0.028191712723551157,12.036556941754514,28.361205025825317,7.728780691994022,5.534660888230687,0.0,12.036556941754514,False,18.373932291367232,4.318422415184927,22.69235470655216,3448.9786636529666,80.83592962262755,-491.0600207158505,3038.754572559744,-3.254562136883001e-09,-4.7074130406826566e-08,-3.792922736370959e-09,31.36820759930369,0.0,8.290532787115122,3.733919981900225,720.9979544097537,9.440550217567557,0.6839194239755066,42.70453349428118,44.17567992210388
T3_kin,kinetic,kinetic,650.0,0.1,1.2451962043106057,0.01,0.9,1.0,True,133,wegstein,8.07383178074384e-09,3926.2216596708613,934.2625497786963,1.3122577934604087,0.8728806831856026,629976.6145123782,578558.6175957521,51025.30703706645,271.39153402615045,102.7688804756566,18.529465057811077,639534.3094632211,0.7730793443096716,120.19884243659703,methanation (xi2>0),638261.9040168158,1038.0694992189904,51540.71395278503,274.13286114419145,7.808288601718565,607.0158955083498,-11164.953439908137,41.163174889070206,0.0,41.163174889070206,35.93061327468281,3.986713610961817,1.2458480034255703,5.232561614387388,0.4564859277558559,0.9998383925251443,7.003766530809432,5.336203071092902,1.6675634597165307,1462,0.8298535875893019,0.1296353618367224,0.04051105057397573,0.28496274427300305,0.544790290077712,0.17024696564928493,6363.400146589679,519.1865399148309,6.235949530917034,0.1206431315248167,14.436554041497283,0.01665374898455514,11.781557303768045,22.84888043511179,6.230141933075502,4.458936239438968,0.0,11.781557303768045,False,18.591619824006855,6.406422155677165,24.99804197968402,3579.813946114055,74.5185625314331,-799.2330806133948,2855.099428032093,5.7804335709802595e-08,-6.521027878344948e-07,1.2004297949588743e-07,31.36820759930369,0.0,9.794967289766515,5.232561614387388,851.833236870842,11.74623749069942,0.4289197859890379,81.90827670127625,57.15674185752869
T3_kin,kinetic,kinetic,650.0,0.1,1.2451962043106057,0.2,0.95,1.0,True,77,direct,8.618219070926021e-09,3560.737720577825,568.7786106856597,1.1901024010672925,0.8728806831856023,28197.98518841215,24841.982132272373,3068.774804772293,260.1172944340893,23.948573081501493,3.1623838518941856,37071.17232971317,0.7291250623829832,96.12933599877545,methanation (xi2>0),35943.362738361044,598.7143273644158,3835.968520901325,325.14661695772213,7.353254766769763,42.66228061329291,-560.1488528973078,37.33137918110858,0.0,37.33137918110858,35.881987908661465,1.1042981123406599,0.34509316010645624,1.4493912724471163,0.1264441335702692,0.9984852982312322,4.263889843304083,3.24867797585073,1.0152118674533532,116,0.8857826863931721,0.08702271512901169,0.027194598477816155,0.2849627442693941,0.5447902900804615,0.17024696565014427,7049.496297103037,838.2101680719709,10.067742328712441,2.8618755026874587,21.48909557041798,0.09605173948663212,12.520358994665276,36.88879128667937,10.01330937140078,7.1988108461254035,0.0,12.520358994665276,False,16.85394981217254,1.3530456977225453,18.206995509895084,3246.576392135601,111.70740412793813,-64.20272051708433,3294.0810757464546,-3.5927138068174068e-09,-3.7085858290073043e-08,-6.691161084783441e-09,31.36820759930369,0.0,5.96317158180489,1.4493912724471163,518.5956828923881,4.9551910209104815,1.1677214768862694,4.7478857598295345,32.24129891395569
T3_kin,kinetic,kinetic,650.0,0.1,1.2451962043106057,0.1,0.95,1.0,True,147,direct,9.629116256016787e-09,3601.641715954586,609.6826060624209,1.2037737093554044,0.8728806831856026,62589.58126664044,55362.329352980254,6894.211566398274,299.46140091190506,28.8797023924305,4.699243957576127,71539.3767107477,0.7313475702182155,106.11979863488256,methanation (xi2>0),70350.7355262333,641.7711646546495,7660.235097511845,332.7348884189802,7.894209301291819,86.21642592339748,-1123.2447996800709,37.76022361764414,0.0,37.76022361764414,35.90904126500014,1.4104246496335258,0.44075770301047695,1.851182352644003,0.16149617643650055,0.9992381098826028,4.570529592337887,3.4823082608288667,1.0882213315090208,230,0.8789591492195977,0.09222160059459225,0.028819250185810077,0.2849627442696784,0.544790290080245,0.1702469656500766,6954.397918515605,802.5058521891789,9.638897790644227,1.4643329769702256,21.456318441646186,0.05147967394241806,12.401161775067578,35.31748004899357,9.611518189878813,6.8921710244873085,0.0,12.401161775067578,False,17.58987459421247,1.787200800613672,19.37707539482614,3283.871457415687,98.59792911761743,-122.21509996183678,3260.2542865714677,-5.734792765364895e-09,-8.198705204405422e-08,-1.0885903880099098e-08,31.36820759930369,0.0,6.3920160183404455,1.851182352644003,555.8907481724741,6.125270905841537,1.0485242572885713,9.1623967251717,60.83261322975159
T3_kin,kinetic,kinetic,650.0,0.1,1.2451962043106057,0.05,0.95,1.0,True,287,direct,9.518578411130364e-09,3658.447885009668,666.488775117503,1.2227599879002105,0.8728806831856024,130009.8447596478,115697.32470325356,13959.485043270655,312.6868155554582,33.32443875587522,7.023758812260078,139066.03138046412,0.7368897785379547,112.18484139414505,methanation (xi2>0),137841.4302003968,701.5671320107042,14694.194793403234,329.14401445203805,8.138443519960559,167.09115297335833,-2246.9902124618993,38.355789144575866,0.0,38.355789144575866,35.92268991793114,1.8537898869674128,0.5793093396773168,2.4330992266447296,0.21226229897476506,0.999617909890533,4.996381132318417,3.8067665770045083,1.1896145553139088,435,0.8697359318176097,0.09924881385324977,0.03101525432914055,0.284962744270272,0.5447902900797927,0.17024696564993522,6842.623408402516,752.9208577674732,9.04333242264512,0.7242649508305349,20.579219792737426,0.028138103734763487,12.276095084303115,33.13529402948873,9.029601473913534,6.466319598139839,0.0,12.276095084303115,False,18.0191704234808,2.5306603020186955,20.549830725499493,3335.6656590262387,89.6546133067675,-228.78888858184038,3196.5313837511662,-2.3817217054581108e-09,-1.603360285821976e-07,-3.75886398643388e-09,31.36820759930369,0.0,6.987581545272175,2.4330992266447296,607.6849497830258,7.298026236514891,0.9234575665241085,17.810864576788564,122.48502326011658
T3_kin,kinetic,kinetic,650.0,0.1,1.2451962043106057,0.02,0.95,1.0,True,99,wegstein,9.860392248126233e-09,3783.8597203381573,791.9006104459922,1.2646762811121885,0.872880683185602,324183.8335870965,292642.3554846788,31188.142050884217,300.1257058343059,40.84539990721442,12.364945791917958,333474.9016117424,0.752532734279356,117.26070564235647,methanation (xi2>0),332220.4033239933,833.5795906805909,31824.6347578371,306.25071721933546,8.106682909136842,368.0614948023911,-5603.178983297373,39.67062813184252,0.0,39.67062813184252,35.93091856154459,2.8493025297508012,0.8904070405471252,3.739709570297926,0.32625029928764004,0.9998468877190003,5.936539993489432,4.523078090277663,1.4134619032117692,918,0.8503542728448926,0.11401579211817704,0.03562993503693032,0.28496274427153,0.5447902900788343,0.17024696564963573,6615.996603818296,643.4512889107293,7.728493431106769,0.26955575894004025,17.828160384597282,0.013373117361457977,12.040142625655356,28.317647773672288,7.722991128230371,5.526160733894091,0.0,12.040142625655356,False,18.374883429506944,4.318709667036086,22.69359309654303,3450.0124983114993,80.69863001317907,-491.0923876841446,3039.6187406405334,-2.4718436981368943e-09,-4.536701909811854e-08,-3.1473416496131302e-09,31.36820759930369,0.0,8.302420532538829,3.739709570297926,722.0317890682863,9.441788607558427,0.6875051078763494,42.709756317954486,42.29915714263916
T3_kin,kinetic,kinetic,650.0,0.1,1.2451962043106057,0.01,0.95,1.0,True,138,wegstein,4.460508103863812e-09,3926.8928631178474,934.9337532256824,1.3124821292291586,0.8728806831856024,630022.8906513931,578662.9094055999,51021.42155889917,271.3147674025887,48.71496924702248,18.529950244358588,639581.8426862065,0.7731279509592182,120.23111677535519,methanation (xi2>0),638309.3413522346,984.1407926649528,51536.78936720016,274.05532018702183,7.809406718379273,607.0340422041453,-11168.18888319753,41.17021190003639,0.0,41.17021190003639,35.9336680611467,3.9897476867730988,1.2467961521165913,5.23654383888969,0.4568333349304733,0.9999233978314607,7.008798255819285,5.340036766338504,1.668761489480781,1462,0.8297604522212069,0.1297063221171758,0.040533225661617406,0.284962744272991,0.5447902900777213,0.17024696564928776,6363.867582337304,518.6005181368563,6.228910823341781,0.12060900604667198,14.435454725906723,0.007894285369999815,11.78368106425949,22.823090202684906,6.226158013816349,4.4539033012905715,0.0,11.78368106425949,False,18.592184394090165,6.406589916097527,24.998774310187688,3580.425929763603,74.43480050585711,-799.2521218405251,2855.6086084289354,2.2010232042949912e-08,-3.60356196558911e-07,4.562470380075941e-08,31.36820759930369,0.0,9.802004300732701,5.23654383888969,852.4452205203902,11.746969821203086,0.43104354648048293,81.91436451286536,62.57713603973389
T3_kin,kinetic,kinetic,650.0,0.1,1.2451962043106057,0.2,0.99,1.0,True,77,direct,8.608334883285328e-09,3566.5341396207127,574.5750297285476,1.1920397333736477,0.8728806831856025,28214.98676791411,24879.220558808243,3068.281890153895,259.6774223625376,4.643030543261012,3.1638660461743258,37099.02991047221,0.7294759545948617,96.34636365837133,methanation (xi2>0),35970.47867189242,580.3788182194854,3835.352377725225,324.5967768792762,7.362780949680265,42.68719314985559,-561.4203010493231,37.3921498230832,0.0,37.3921498230832,35.9258725698962,1.117163621475806,0.3491136317111893,1.4662772531869954,0.12791725766362283,0.999706473300247,4.307343116370246,3.2817852315201876,1.0255578848500586,116,0.8848062190392914,0.087766690255778,0.027427090704930632,0.2849627442694333,0.5447902900804318,0.17024696565013495,7053.746691978527,833.1505857649233,10.006971685622494,2.8570359201882294,21.485643935802646,0.018622034751384103,12.539127161639355,36.66612412892851,9.99642338940773,7.155357572260992,0.0,12.539127161639355,False,16.85949108040369,1.3536798638142922,18.21317094421798,3251.861397294734,111.18649426508816,-64.24161995618609,3298.806271603636,-3.616244503644216e-09,-3.709465901434102e-08,-6.753447422852333e-09,31.36820759930369,0.0,6.02394222377951,1.4662772531869954,523.8806880515212,4.961366455233376,1.186489643860348,4.751453616001245,31.982059001922607
T3_kin,kinetic,kinetic,650.0,0.1,1.2451962043106057,0.1,0.99,1.0,True,147,direct,9.621488248518948e-09,3604.7772546249043,612.8181447327393,1.2048216978322361,0.8728806831856021,62609.93332645208,55407.31281340082,6893.197498219096,299.1515361046364,5.571074043024919,4.700404684500367,71565.60126036638,0.7315534805186114,106.2523054697682,methanation (xi2>0),70376.53816244655,619.0082273648931,7659.108355221558,332.3905941968182,7.900169315709735,86.24219721380985,-1124.6757452389056,37.79309713774718,0.0,37.79309713774718,35.93114062152764,1.418633536167273,0.4433229800522727,1.8619565162195455,0.16243610880959514,0.9998530669649485,4.594035383938178,3.5002174353814692,1.0938179485567088,230,0.8784424741059466,0.09261525782404069,0.028942268070012708,0.28496274426972,0.5447902900802133,0.1702469656500666,6956.659258494676,799.7689009296396,9.6060242690659,1.462817772492105,21.453162436124092,0.00993074898580542,12.411238070201785,35.19702956101251,9.600744024688087,6.868665231831349,0.0,12.411238070201785,False,17.59270114295114,1.787642244416872,19.380343387368015,3286.7303497639996,98.26650354183037,-122.2507946827288,3262.7460586231014,-5.7659173550461924e-09,-8.198413619672465e-08,-1.0963073201442817e-08,31.36820759930369,0.0,6.424889538443491,1.8619565162195455,558.7496405207867,6.128538898383413,1.058600552422778,9.165755431084344,62.272244930267334
T3_kin,kinetic,kinetic,650.0,0.1,1.2451962043106057,0.05,0.99,1.0,True,287,direct,9.514904441578206e-09,3660.173863632323,668.214753740158,1.2233368602969448,0.8728806831856026,130033.14038582507,115749.24433444277,13957.964728079747,312.49451096292785,6.4121617783146005,7.0246505613117876,139092.55955866334,0.7370082929603529,112.26223032779438,methanation (xi2>0),137867.72122359855,674.9643980125402,14692.59446174624,328.9415885695611,8.141874204139553,167.11610226841506,-2248.598443170356,38.37388459767497,1.1251312381777012e-19,38.37388459767497,35.9337792177733,1.8591279084965195,0.5809774714051624,2.4401053799016816,0.212873512106151,0.9999264909782993,5.009320055443981,3.816624804147795,1.1926952512961857,435,0.8694601782445688,0.09945891181366193,0.031080909941769347,0.28496274427021806,0.5447902900798338,0.17024696564994804,6843.849493990795,751.4142842537364,9.025236968171626,0.7238195227877628,20.576978528079668,0.005414226916289533,12.28160403043351,33.068991235722685,9.022595319181306,6.453380674032415,0.0,12.28160403043351,False,18.0206544474843,2.5309815992095435,20.551636046693844,3337.2393557962278,89.45698291032438,-228.82045449773153,3197.8758842088205,-2.4107177004685724e-09,-1.6034252096923847e-07,-3.827867298753063e-09,31.36820759930369,0.0,7.005676998371282,2.4401053799016816,609.2586465530148,7.299831557709242,0.9289665126545028,17.81426216989369,114.26394605636597
T3_kin,kinetic,kinetic,650.0,0.1,1.2451962043106057,0.02,0.99,1.0,True,98,wegstein,8.508115670328704e-09,3784.686384154639,792.7272742624743,1.2649525762706848,0.8728806831856021,324212.01051171747,292705.8899673378,31185.878589836062,300.0292104909176,7.847199280577993,12.365544772154104,333504.62677905674,0.7525915798183859,117.29941945914925,methanation (xi2>0),332250.01257772284,800.7346224442149,31822.325114894924,306.152256319254,8.108247059971589,368.0819317028713,-5605.137052404274,39.67929501573284,0.0,39.67929501573284,35.9353638296701,2.852518998904938,0.8914121871577935,3.7439311860627313,0.3266185908302999,0.9999705858508129,5.942737138361874,4.52779972446619,1.414937413895684,918,0.8502307781424651,0.11410988332002667,0.03565933853750833,0.284962744271559,0.5447902900788123,0.17024696564962877,6616.571643096275,642.7296938695421,7.719826353067069,0.2694690923366284,17.826866516353228,0.002569237103230872,12.042756615799039,28.285891097504678,7.718769326498263,5.519963450197176,0.0,12.042756615799039,False,18.375576753920242,4.318918906477255,22.694495660397497,3450.766226173929,80.59853283620764,-491.1159598059541,3040.248799204183,-6.567897893153117e-09,-6.338308460388152e-08,-1.297506751546962e-08,31.36820759930369,0.0,8.31108741642915,3.7439311860627313,722.7855169307163,9.442691171412894,0.6901190980200322,42.713563365040706,35.024163007736206
T3_kin,kinetic,kinetic,650.0,0.1,1.2451962043106057,0.01,0.99,1.0,True,131,wegstein,8.379262198421505e-09,3927.3816249489137,935.4225150567488,1.3126454876886544,0.8728806831856029,630056.2138157006,578738.4728797659,51018.597403284584,271.25900327681114,9.354225150567538,18.5303042227212,639616.081243106,0.7731632604952127,120.25461135452571,methanation (xi2>0),638343.5101091007,944.8712270000256,51533.93672506402,273.99899522134336,7.8102220805572085,607.047267037366,-11170.537079213014,41.17533616210684,0.0,41.17533616210684,35.93589229669922,3.9919572307867455,1.2474866346208644,5.23944386540761,0.4570863317211674,0.999985291461899,7.0124622941076575,5.342828414558214,1.6696338795494434,1462,0.8296926522591177,0.12975797923114843,0.04054936850973392,0.28496274427300794,0.5447902900777081,0.17024696564928393,6364.204179956572,518.1738447647673,6.22378604946962,0.12058421692130489,14.434655689555568,0.0015158569100056063,11.78521981136978,22.804312734252647,6.223257474793515,4.450238897044692,0.0,11.78521981136978,False,18.59259533199963,6.406712305318173,24.999307637317802,3580.871568489792,74.37382321699354,-799.2660204781723,2855.979371228613,1.121252753302859e-08,-6.77050619045307e-07,2.1952916498378276e-08,31.36820759930369,0.0,9.807128562803147,5.23944386540761,852.8908592465791,11.7475031483332,0.43258229359077305,81.91874961175824,46.99956917762756
T3_kin,kinetic,kinetic,650.0,1.0,12.451962043106056,1.0,0.0,0.35,True,1,once-through,0.0,2991.959109892165,0.0,1.0,0.8728806831856022,0.0,0.0,0.0,0.0,0.0,0.0,7807.932668338708,0.7226050931935409,188.13704920805708,methanation (xi2>0),3205.29980900057,571.0767969780575,499.4848226992361,264.124424849296,1.110131129071389,3.6484811468964007,-21.146086614437767,31.36820759930369,0.0,31.36820759930369,31.36820759930369,0.0,0.0,0.0,0.0,0.8728806831856026,0.0,0.0,0.0,4,1.0,0.0,0.0,0.28496274426920465,0.5447902900806059,0.17024696565018935,3155.3476765227783,1334.6860445265895,16.030914080808866,11.623851813192669,13.990569883805602,9.161785053918974,3.6657062514966023,58.738198133570684,11.462700811197749,11.462700811197736,6.839262123675876,10.50496837517248,False,15.022125321055313,0.8060673558737919,15.828192676929106,2727.980709243213,-207.3084348686123,-6.330781516356292,2514.3414928582442,1.1523357897555784e-15,-1.257264284914799e-16,1.1912485812596667e-15,,,,,,,,,
T3_kin,kinetic,kinetic,650.0,1.0,12.451962043106056,0.2,0.9,0.35,True,78,direct,9.023171553194093e-09,3786.1316255315564,794.1725156393915,1.2654356180917241,0.8728806831856024,4895.165339258629,2326.576076307677,1999.080535341779,496.199030413624,70.59311250127921,2.7165846942698977,14190.488371255264,0.5720442988815386,320.80263390502137,methanation (xi2>0),6997.103491150216,882.4139060745011,2498.850691724782,620.2487926048401,0.7612908640888221,13.424549400096497,-24.78220330239127,39.69444717185435,0.0,39.69444717185435,35.82300837885591,2.9496676518083373,0.921771141190106,3.871438792998443,0.33774228750841195,0.9968440794236973,5.953571494511965,4.536054472009115,1.417517022502849,117,0.850015004145633,0.11427428255570818,0.03571071329865882,0.2849627442693508,0.5447902900804945,0.1702469656501546,1223.7913348146571,641.4681695641706,7.704674184635253,5.459305782368295,13.998561448730806,0.2831313259645056,1.1725943424590692,28.23037267434958,7.5912616933246815,5.509129085280367,10.99959201473078,12.17218635718985,False,19.737824524336254,1.1623077411556018,20.900132265491855,3452.083954943483,-494.7860458829117,-24.42623291835714,2932.8716761422143,-6.827613753353387e-09,7.733457761796627e-11,-1.6621916491809922e-08,31.36820759930369,0.0,8.326239572550659,3.871438792998443,724.1032457002702,5.071939588562749,1.6672179820173696,1.8174450234180324,27.72320580482483
T3_kin,kinetic,kinetic,650.0,1.0,12.451962043106056,0.1,0.9,0.35,True,179,direct,9.829565968650619e-09,3749.302449708759,757.343339816594,1.2531262333474502,0.8728806831856024,8825.256232263795,2759.501703524274,4935.929357955165,1050.8540895995832,75.73433398165939,3.2367472031141857,18051.60261228428,0.4175799641029637,273.1666504026532,methanation (xi2>0),10663.483209433936,841.4925982639588,5484.366007192453,1167.6156648706362,0.33196881484038043,20.435252786179007,-24.029563610292076,39.30832383577637,3.0312008874007696e-05,39.30835414778524,35.879001878809326,2.6128398239816466,0.8165124449942647,3.4293522689759115,0.2991748912809308,0.9984022062098251,5.677500598122827,4.325714741426916,1.3517858566959111,237,0.8555654790159269,0.11004534932119861,0.03438917166287457,0.2849627442695909,0.5447902900803117,0.17024696565009742,980.5840258070884,673.6130868373787,8.090766786003755,5.13855973657645,15.36170903514713,0.13500065778530684,0.6181283815894375,29.645038338626197,8.033347785386441,5.785199679418867,11.66001253673822,12.278140918327658,False,19.060765790375548,1.2309889103003642,20.291754700675913,3418.5041908184585,-367.933971069514,-40.4043212645015,3010.165898484443,-1.574551346561433e-08,4.4869034065110916e-10,-3.847548536013316e-08,31.36820759930369,0.0,7.940146548481547,3.4293522689759115,690.5234815752456,4.463562023746807,1.7731725431551784,2.311956746948372,71.07722187042236
T3_kin,kinetic,kinetic,650.0,1.0,12.451962043106056,0.05,0.9,0.35,True,364,direct,9.848641561218945e-09,3582.6574451316305,590.6983352394655,1.1974286123384739,0.8728806831856026,18472.859891275522,3049.462656391971,12983.02193651842,2374.417263635597,62.351490941943574,3.6065437875919897,27387.10006127411,0.24913525231910516,117.73698502059972,methanation (xi2>0),20157.089911108284,656.331481269988,13666.339015140578,2499.386614331123,0.06756228559656012,28.259269916649014,-20.750476216701795,37.561189297179354,0.09018812113006579,37.65137741830942,35.907529819589364,1.3286457895010049,0.41520180921906397,1.7438475987200688,0.15213234886289062,0.9991960510082287,4.492700504664822,3.4230099083160543,1.069690596348767,467,0.8821066978737785,0.08982346828664496,0.028069833839576553,0.28496274427032137,0.5447902900797551,0.1702469656499235,972.2557837513434,811.5679311103138,9.747742420565979,5.499775229228368,19.13970760220426,0.05264762995692636,0.3235640376466429,35.716293080233804,9.718851350583433,6.969998989961271,12.280286916324906,12.603850953971547,False,16.269779206773848,1.2994377262022423,17.56921693297609,3266.5621551552244,32.63069976215787,-64.4655465931306,3234.7273083242517,-3.88453844365029e-08,4.898069060135348e-10,-9.255220922667226e-08,31.36820759930369,0.0,6.283169819005732,1.7438475987200688,538.5814459120115,1.741024256046984,2.098882578799067,3.507599415185692,167.40618801116943
T3_kin,kinetic,kinetic,650.0,1.0,12.451962043106056,0.02,0.9,0.35,True,89,wegstein,9.242874190721217e-09,3455.560750799006,463.6016409068411,1.1549491901055928,0.8728806831856026,47606.07000250717,3267.8514889692956,38005.33370885364,6278.664144052657,50.481067565411564,3.7395930661628225,56282.27322879344,0.11422742418338838,16.61026546242408,methanation (xi2>0),49156.464403581645,515.1129295798105,38780.95296111902,6406.800178891158,0.005608783143000978,33.979085191081396,-8.747465916617282,36.22868596187985,0.30305697910558854,36.53174294098544,35.92482047521429,0.4624171167780105,0.1445053489931283,0.6069224657711388,0.05294759723452322,0.9996771967430252,3.6921201405675186,2.8130439166228713,0.8790762239446472,1136,0.9040698546572826,0.07308963454683229,0.02284051079588509,0.2849627442725197,0.5447902900780801,0.1702469656494001,971.5524490307586,904.7852840912594,10.867376047220116,5.639137353379866,21.725089738469194,0.016527913611263215,0.13444874697473674,39.818695567572234,10.855775599457811,7.770578745762824,12.677329235918384,12.811777982893119,False,14.488213148826482,1.3061291964065975,15.79434234523308,3150.679110764126,294.1114711497554,-61.58529243462456,3383.205289479257,-5.679233817130461e-08,7.904054695352431e-10,-1.3662667072672247e-07,31.36820759930369,0.0,5.163535341681747,0.6069224657711388,422.6984015209132,-0.03385033169602636,2.3068096077206395,7.20834510484689,38.31084489822388
T3_kin,kinetic,kinetic,650.0,1.0,12.451962043106056,0.01,0.9,0.35,True,132,wegstein,9.920142098502506e-09,3435.0857142197733,443.1266043276084,1.1481058356922462,0.8728806831856022,94049.36271966732,3332.5417677314445,78059.20559327285,12605.035502677842,48.743926476036926,3.835929509135675,102687.21864545681,0.06099286064834386,2.7360931367252306,methanation (xi2>0),95556.1325980791,492.3628919720605,78847.68319962754,12732.35921766989,0.0008060692336895462,35.812025987712765,-4.216317099550484,36.01402219996639,0.37949605945571724,36.3935182594221,35.93061329182303,0.3526894991231057,0.11021546847597084,0.4629049675990765,0.04038358631387054,0.9998383930021038,3.593284343571372,2.7377404522448545,0.8555438913265173,2212,0.9077600801094866,0.07027803420229592,0.02196188568821748,0.284962744275966,0.5447902900754544,0.17024696564857955,949.9935628249224,916.2927780043104,11.005592556609772,5.603383913508577,22.085235845127,0.007898977903586468,0.06786266872471304,40.3251288671917,10.999784958234976,7.869408699295106,12.768731136776912,12.836593805501625,False,14.266400260849428,1.3262435693434578,15.592643830192888,3132.0105719380026,330.4930034540247,-60.0273253193721,3402.476250072655,-2.292042602669098e-07,1.6362842053023541e-10,-5.397896980544867e-07,31.36820759930369,0.0,5.025310660118411,0.4629049675990765,404.0298626947897,-0.23554884673621856,2.3316254303291455,13.151652685461176,55.57766008377075
T3_kin,kinetic,kinetic,650.0,1.0,12.451962043106056,0.2,0.95,0.35,True,78,direct,8.96549401830173e-09,3804.2757331345247,812.3166232423598,1.2714999080557745,0.8728806831856023,4835.7566529135165,2330.5024227710464,1978.3701875192962,489.9491231016395,34.20280518915206,2.732114332382116,14165.061433553392,0.575593794525902,327.5829830599995,methanation (xi2>0),6941.274999441013,855.070129550184,2472.9627565704527,612.4364083995875,0.7813784917875984,13.414822312731394,-25.094719164082797,39.88467307838908,0.0,39.88467307838908,35.881987912720824,3.0496648881281856,0.9530202775400581,4.002685165668244,0.3491921521460363,0.9984852983441919,6.0895901046888135,4.639687698810525,1.449902405878289,117,0.8473200446517295,0.1163275850272538,0.03635237032101681,0.28496274426939566,0.5447902900804604,0.1702469656501439,1208.9391632283791,625.6305289525219,7.51444828324874,5.390542739645013,13.85353723810387,0.1371789009123916,1.1745732210766076,27.533373948671535,7.46001532589689,5.3731104787837305,11.017556642929785,12.192129864006393,False,19.88068040827353,1.168952193859425,21.049632602132952,3468.627220980671,-511.7695333886394,-24.319157945259942,2932.5385296467716,-6.71899988255566e-09,7.326833346769483e-11,-1.635637979730594e-08,31.36820759930369,0.0,8.516465479085387,4.002685165668244,740.6465117374582,5.221439925203846,1.6871614888339135,1.81418847155188,32.560163736343384
T3_kin,kinetic,kinetic,650.0,1.0,12.451962043106056,0.1,0.95,0.35,True,55,wegstein,1.91518781973379e-09,3761.23336690937,769.274257017205,1.2571138938609796,0.8728806831856023,8732.883578685183,2760.8488691261314,4890.721894874735,1041.630493972507,36.43930691134127,3.2430138004685745,17981.57514306337,0.42002150652913095,279.4437645284635,methanation (xi2>0),10572.451962995625,809.7623755288355,5434.135448058977,1157.3672164981147,0.341028655243844,20.429521622862524,-24.296201729265686,39.43340959860024,2.784383019364713e-05,39.43343744243043,35.90904127008019,2.6852542265525634,0.8391419457976762,3.5243961723502397,0.3074664715062021,0.999238110023965,5.766939813863621,4.393858905800854,1.3730809080627666,237,0.8537554839109729,0.11142439321068735,0.03482012287833979,0.2849627442695942,0.5447902900803092,0.1702469656500966,970.3203976316871,663.1990773065093,7.965684117528482,5.093457378804008,15.221013363937926,0.06495508897540535,0.6184301466842534,29.186728193182166,7.938304516752782,5.695760911412845,11.663056169546778,12.28148631623103,False,19.185786475983267,1.2333722009103427,20.419158676893606,3429.3824517743733,-383.82615014601674,-39.82221742664055,3005.734084201716,-2.5349326998230645e-09,1.623316781467743e-11,-5.900548223128984e-09,31.36820759930369,0.0,8.06522984312674,3.5243961723502397,701.4017425311604,4.590965999964499,1.7765179410585503,2.3029879875858748,23.130143880844116
T3_kin,kinetic,kinetic,650.0,1.0,12.451962043106056,0.05,0.95,0.35,True,366,direct,9.87523539676681e-09,3586.806452242761,594.8473423505964,1.198815331527721,0.872880683185602,18406.23382704616,3049.862902122548,12953.805116526806,2369.210318686936,29.742367117529795,3.6131225923395167,27328.244592317602,0.24960778617904644,119.51388636654434,methanation (xi2>0),20091.401088198527,626.1550949607151,13635.584467840717,2493.90561964647,0.06835066255212909,28.293357237943784,-20.87810505951473,37.604688192589705,0.0890645939151117,37.69375278650481,35.922689940004666,1.3493812163810677,0.42168163011908355,1.771062846500151,0.15450659278919948,0.9996179105047713,4.523000471649942,3.4460955974475747,1.0769048742023672,467,0.8814159568084668,0.09034974719354918,0.028234295997984122,0.2849627442702899,0.5447902900797792,0.170246965649931,968.7491487919033,808.0398843332249,9.705367050726363,5.4877145744785985,19.096635858627153,0.025113515561396342,0.32360650582521355,35.561027269620894,9.691636101927692,6.939699021800931,12.282959420328408,12.60656592615362,False,16.304978795156746,1.3018080695204828,17.60678686467723,3270.3450983526336,28.125490683992172,-64.64464389439335,3233.8259451422323,-3.8880073316015494e-08,4.65234681376303e-10,-9.258153633724458e-08,31.36820759930369,0.0,6.325545187201119,1.771062846500151,542.3643891094207,1.7785941877481228,2.1015975509811398,3.500061508359834,156.43087887763977
T3_kin,kinetic,kinetic,650.0,1.0,12.451962043106056,0.02,0.95,0.35,True,89,wegstein,9.238798615117748e-09,3456.4277074624883,464.46859757032325,1.1552389523087645,0.8728806831856029,47570.73549502981,3268.176130878558,37998.333910860914,6276.527462451028,23.956801348364092,3.7411894909438455,56248.562427704266,0.1142672058486689,16.774636648719138,methanation (xi2>0),49121.37984620317,488.9143087149384,38773.81031196101,6404.6198917765905,0.005625575056871157,34.00115389094804,-8.79851635181365,36.23777528282334,0.302708879482544,36.54048416230589,35.93091861711073,0.4644308915772632,0.14513465361789452,0.6095655451951577,0.053178178095661714,0.9998468892652351,3.6983704394725767,2.817806049121964,0.8805643903506131,1136,0.903914567441632,0.07320794861589945,0.022877483942468562,0.2849627442724517,0.5447902900781321,0.17024696564941616,970.8313366332615,904.0575137685778,10.858634797874387,5.6372183080613745,21.72108842537172,0.007843652327179696,0.1344621036704321,39.78666712344134,10.853132494785095,7.764328426819762,12.679034641687176,12.813496745357607,False,14.491799548283531,1.306686780388171,15.7984863286717,3151.4695764646444,293.70219421256735,-61.66947576012505,3383.502294917087,-5.738359970605735e-08,7.663899615233716e-10,-1.3784388781230445e-07,31.36820759930369,0.0,5.172276563002196,0.6095655451951577,423.4888672214315,-0.029706348257406034,2.308528370185128,7.204027598213428,40.786083936691284
T3_kin,kinetic,kinetic,650.0,1.0,12.451962043106056,0.01,0.95,0.35,True,132,wegstein,9.928893549544568e-09,3435.4746569666286,443.5155470744634,1.1482358317024086,0.8728806831856017,94018.97076500338,3332.6847723330056,78055.9705214404,12603.3693205876,23.109494294932592,3.836656347452635,102657.55513415037,0.0610015976135323,2.7736736286377095,methanation (xi2>0),95525.89146356608,466.85847339598007,78844.41545095941,12730.67620636731,0.0008071697163420685,35.82395044361394,-4.259306975916631,36.0180999418004,0.37912293269051256,36.397222874490915,35.933668026913715,0.35318464577309766,0.11037020180409372,0.4635548475771913,0.040440281501926044,0.9999233968788623,3.595933281363873,2.7397586905629496,0.8561745908009232,2212,0.9076895709278611,0.07033175548353444,0.02197867358860455,0.28496274427591006,0.5447902900754968,0.17024696564859307,949.6865733838725,915.9843367305346,11.001887868470451,5.602643236664037,22.084320548540862,0.0037449052219555913,0.06786558081841756,40.3115546751741,10.999135058454206,7.866759709255269,12.769638505219485,12.837504086037901,False,14.267343862589234,1.326494865217723,15.593838727806956,3132.365198546014,330.4022309927255,-60.08778990327058,3402.679639635469,-2.3074586096335735e-07,-3.8983251896425075e-10,-5.410828265029106e-07,31.36820759930369,0.0,5.0290152751872235,0.4635548475771913,404.3844893028013,-0.23435394912215024,2.3325357108654217,13.147853534960465,56.412837982177734
T3_kin,kinetic,kinetic,650.0,1.0,12.451962043106056,0.2,0.99,0.35,True,78,direct,8.914930934195913e-09,3818.077631772282,826.118521880117,1.27611290513589,0.8728806831856022,4790.518759615368,2333.442277250848,1962.4888582133235,485.1679109016581,6.67570522731412,2.7440080222243637,14145.672849605202,0.5783299160345621,332.77968177565214,methanation (xi2>0),6898.749880278082,834.4631532454122,2453.11109463597,606.4598930966234,0.7969765899788107,13.405974182462206,-25.334704692392297,40.029374528453204,0.0,40.029374528453204,35.92587257378786,3.1264776797450216,0.9770242749203194,4.103501954665341,0.35798735588184444,0.9997064734085398,6.1930570324428516,4.7185196437659815,1.4745373886768693,117,0.8452871895852189,0.11787642698269041,0.03683638343209075,0.2849627442693941,0.5447902900804616,0.17024696565014424,1197.629689903842,613.583118585574,7.369746837331329,5.337938647717768,13.742328229638797,0.026774584740450105,1.1760549077344273,27.003179465832524,7.359198541116529,5.269643553994706,11.030998620298165,12.207053528032594,False,19.99013036565478,1.174040983376593,21.164171349031378,3481.211388027027,-524.7872236269965,-24.23657998948839,2932.1875844105425,-6.631514549397416e-09,7.018816169608206e-11,-1.6142597969538507e-08,31.36820759930369,0.0,8.661166929149513,4.103501954665341,753.2306787838143,5.3359786721022715,1.7020851528601142,1.8117052810875447,33.830501317977905
T3_kin,kinetic,kinetic,650.0,1.0,12.451962043106056,0.1,0.99,0.35,True,58,wegstein,9.952738575889357e-09,3770.277591356781,778.318481464616,1.260136737461184,0.8728806831856025,8662.78350002185,2761.793520853606,4856.084344629259,1034.5819796828202,7.075622558769237,3.2480322973951163,17928.413817661978,0.42190252342243495,284.24584574440735,methanation (xi2>0),10503.372671466524,786.1802821833312,5395.649325511775,1149.5355377782485,0.34806641046050524,20.423105627730475,-24.499398896644667,39.528230784191614,2.593837770629398e-05,39.528256722569324,35.93114063886113,2.740659873301484,0.8564562104067135,3.5971160837081975,0.31381051838971835,0.9998530674472863,5.834739131724062,4.445515528932619,1.3892236027914435,237,0.8523910514317501,0.1124639608139046,0.03514498775434519,0.2849627442696365,0.5447902900802769,0.17024696565008654,962.5315000024277,655.3046607634276,7.870864280429529,5.058990927095693,15.113213610340615,0.01261269030114832,0.6186417486712078,28.839302815537685,7.865584036052238,5.627961195304472,11.66508306767685,12.283724816348057,False,19.28141726374324,1.2352808125626404,20.516698076305882,3437.6287108027855,-395.9842655012541,-39.38947679765066,3002.2549685038807,-1.4285362743626187e-08,7.230118291652412e-10,-3.315577362512083e-08,31.36820759930369,0.0,8.160049123265633,3.5971160837081975,709.6480015595725,4.688505399376776,1.7787564411755774,2.2961793574837017,24.20262098312378
T3_kin,kinetic,kinetic,650.0,1.0,12.451962043106056,0.05,0.99,0.35,True,368,direct,9.705809629172453e-09,3589.8829442145125,597.9238343223476,1.1998435848756963,0.8728806831856024,18356.82088266008,3050.146290490586,12931.979952650277,2365.3389775164055,5.737652955618546,3.6180090471896915,27284.59355031737,0.24996007255228936,120.84080342337529,methanation (xi2>0),20042.682301718396,603.9634668633527,13612.610608595383,2489.830523273764,0.06894148681054077,28.318299927800318,-20.972601685340933,37.636942657073575,0.0882291815901798,37.72517183866375,35.93377923885997,1.364870552231451,0.42652204757232837,1.7913925998037794,0.15628014979277832,0.9999264915650766,4.5454662644833554,3.4632123919873186,1.0822538724960369,467,0.880904802671016,0.09073919796494023,0.02835599936404382,0.28496274427028884,0.54479029007978,0.17024696564993122,966.1484675084253,805.4240306906477,9.673948032625368,5.478747529553658,19.064460972301802,0.004844692966683596,0.3236365748225801,35.44590616666471,9.671306383622808,6.9172332533202825,12.284886093124552,12.608522667947135,False,16.331248619361276,1.3035686591887146,17.634817278549992,3273.15015365012,24.760819539359765,-64.77680109221282,3233.134172097267,-3.816153790655435e-08,4.3820752249634656e-10,-9.083131044108465e-08,31.36820759930369,0.0,6.356964239360057,1.7913925998037794,545.1694444069071,1.8066246016208858,2.103554292774655,3.494470906614863,144.32190418243408
T3_kin,kinetic,kinetic,650.0,1.0,12.451962043106056,0.02,0.99,0.35,True,89,wegstein,9.196622286385522e-09,3457.0607080156074,465.1015981234423,1.155450519556133,0.8728806831856022,47544.934987203735,3268.4127454141817,37993.20858503735,6274.96726476446,4.604036021828034,3.7423559659158014,56223.94745438658,0.11429626913609392,16.894946266712225,methanation (xi2>0),49095.761813035504,469.7995897435137,38768.58038902075,6403.027853491056,0.0056378714923581465,34.017269692172874,-8.835774194640042,36.24441176816004,0.3024549424208678,36.54686671058091,35.93536389124161,0.465906909972798,0.14559590936649972,0.6115028193392976,0.05334718487478374,0.9999705875641584,3.702934199275417,2.821283199447937,0.8816509998274805,1136,0.903801235082299,0.0732942970801531,0.022904467837547852,0.28496274427250073,0.5447902900780945,0.1702469656494046,970.3047956572191,903.5261201188498,10.852252228747505,5.635817027653452,21.71815862177339,0.0015073989775140236,0.13447183866846918,39.76328102031046,10.851195202018685,7.75976465210625,12.680278113386766,12.814749952055235,False,14.494423238033702,1.3070941956153337,15.801517433649037,3152.0467278341744,293.4025976091173,-61.73092975585938,3383.7183956874323,-5.78235206026655e-08,7.431672843695673e-10,-1.3873975320410637e-07,31.36820759930369,0.0,5.1786591112772165,0.6115028193392976,424.06601859096145,-0.026675243280068983,2.309781576882756,7.200875038584232,31.835406064987183
T3_kin,kinetic,kinetic,650.0,1.0,12.451962043106056,0.01,0.99,0.35,True,132,wegstein,9.940588629932972e-09,3435.758002036035,443.79889214387015,1.1483305338888357,0.8728806831856024,93996.82984556249,3332.788902178566,78053.61018078375,12602.15558762366,4.437988921438701,3.837186055077648,102635.94488621663,0.061007963464988935,2.801084000665412,methanation (xi2>0),95503.86041555366,448.2817115978598,78842.03126937636,12729.450213548003,0.0008079725247356638,35.83264005033534,-4.290620744809367,36.02107057964423,0.3788511938786725,36.39992177352291,35.93589226681654,0.3535462908239005,0.11048321588246994,0.46402950670637044,0.040481690515124354,0.9999852906303557,3.5978630947209735,2.741229024549313,0.8566340701716605,2212,0.9076382149895821,0.07037088381746132,0.021990901192956668,0.2849627442759656,0.5447902900754548,0.1702469656485797,949.4629277329547,915.7596339124128,10.99918896292199,5.602103689451814,22.08365273902781,0.0007191783461276877,0.06786770128072717,40.301665728851376,10.998660387737939,7.864829891237828,12.77029933018024,12.838167031460966,False,14.26803184058707,1.3266780076983666,15.594709848285436,3132.623544283703,330.3360174636954,-60.131838238163695,3402.8277235092346,-2.3088334153708992e-07,-3.2297849642533427e-10,-5.416308556477248e-07,31.36820759930369,0.0,5.031714174219221,0.46402950670637044,404.6428350404899,-0.23348282864366965,2.333198656288486,13.145085805159031,45.325199127197266
T3_kin,kinetic,kinetic,650.0,1.0,12.451962043106056,1.0,0.0,0.5,True,1,once-through,0.0,2991.959109892165,0.0,1.0,0.8728806831856022,0.0,0.0,0.0,0.0,0.0,0.0,7807.932668338708,0.7226050931935409,188.13704920805708,methanation (xi2>0),3988.1823781026624,571.7268847928136,499.25341127542157,263.70574845835176,1.929449131907626,4.189062692274721,-34.99279812430818,31.36820759930369,0.0,31.36820759930369,31.36820759930369,0.0,0.0,0.0,0.0,0.8728806831856026,0.0,0.0,0.0,4,1.0,0.0,0.0,0.28496274426920465,0.5447902900806059,0.17024696565018935,3935.9147439999406,1334.686044526587,16.030914080808834,11.605426283903604,13.984088049824557,9.17221441273111,5.239221728098632,58.73819813357057,11.462700811197719,11.462700811197713,5.260970864366059,10.50019259246469,False,15.022125321055313,0.824358453681226,15.846483774736539,2727.980709243213,-207.3084348686123,-7.7926982743213795,2512.879576100279,5.761678948777892e-16,0.0,5.956242906298334e-16,,,,,,,,,
T3_kin,kinetic,kinetic,650.0,1.0,12.451962043106056,0.2,0.9,0.5,True,75,direct,9.605044864566496e-09,3848.924497227613,856.9653873354475,1.2864228272713039,0.8728806831856024,6297.036975761156,3947.4552828944197,1867.2290679818898,403.2261718982831,76.17470109648421,2.9517518900794246,15709.96356419908,0.6278548798288341,375.6747050758596,methanation (xi2>0),8820.489150850664,952.1837637768563,2334.0363573958857,504.0327189021702,2.0172604334462987,16.84970536218333,-57.23676976453155,40.35277830632939,0.0,40.35277830632939,35.82300837724467,3.4512532793026467,1.078516649782077,4.529769929084724,0.3951747501478598,0.9968440793788613,6.424302782268665,4.894706881728507,1.5295959005401585,117,0.8407965188047286,0.12129789043449248,0.037905590760778894,0.2849627442693716,0.5447902900804789,0.17024696565014963,1574.259243940289,586.6574852441643,7.0463430552676565,4.436395149767885,13.075271548543181,0.30551768242272404,1.9895174625787875,25.818209268110426,6.932930564001158,5.038397801175158,10.016872868972774,12.006390331551561,False,21.067426726961227,1.2629254959065093,22.330352222867738,3509.3366567262265,-628.1365855691217,-27.51429946354336,2853.685771693561,-6.719859755521975e-09,1.6248883618238865e-11,-1.5969456897494186e-08,31.36820759930369,0.0,8.9845707070257,4.529769929084724,781.3559474830136,6.483868448131199,1.5061977390868702,2.012051618721462,26.274006128311157
T3_kin,kinetic,kinetic,650.0,1.0,12.451962043106056,0.1,0.9,0.5,True,173,direct,9.3687737110109e-09,3861.14747473057,869.1883648384049,1.2905081028563028,0.8728806831856026,10014.399245845545,4826.780639401536,4305.5995780481235,791.3759238890344,86.91883648384054,3.7242680230105507,19450.218012739773,0.49575633169525835,368.0861090445835,methanation (xi2>0),12114.789073600874,965.7648487186229,4783.999575984791,879.3065893654416,1.3939945695214162,27.407464327591114,-49.3725229201597,40.480926078980026,0.0,40.480926078980026,35.879001874954284,3.5062279649719876,1.0956962390537468,4.601924204025735,0.40146945120736266,0.9984022061025511,6.5159332139510315,4.96452054396269,1.5514126699883408,234,0.8390369528296322,0.122638512129804,0.038324535040563754,0.28496274426956036,0.544790290080335,0.17024696565010472,1112.7110273161716,575.9882598245554,6.9181949887527345,3.869740337159169,13.399982686791994,0.15493765485669486,1.081198863225944,25.34866732661886,6.860775988189772,4.9467671593658356,10.934491277926547,12.01569014115249,False,21.17486559764417,1.416401202014672,22.591266799658843,3520.4812097140475,-603.0747839018065,-50.099554804239624,2867.306871008001,-1.2919643289236198e-08,2.613797128709331e-10,-3.109880467390743e-08,31.36820759930369,0.0,9.112718479676335,4.601924204025735,792.5005004708346,6.744783024922304,1.515497548687799,2.491084239444164,66.70169496536255
T3_kin,kinetic,kinetic,650.0,1.0,12.451962043106056,0.05,0.9,0.5,True,100,wegstein,6.438821547467365e-09,3716.463702966793,724.504593074628,1.2421505663895052,0.8728806831856026,18760.040617957704,5412.318843920322,11462.17689605303,1804.46468212072,76.47548482454401,4.604711039086505,27924.883943545112,0.3113385902453668,213.46738209170724,methanation (xi2>0),20649.276468197924,805.005102290839,12065.449397365086,1899.436509906077,0.4654229690356932,43.347897332038585,-43.94727424565183,38.9640368360986,0.0001276392559337013,38.96416447535454,35.9075298072416,2.3288645090384246,0.7277701590745076,3.056634668112932,0.26665920348605454,0.9991960506646287,5.431392159293167,4.138203549937651,1.2931886093555156,454,0.8606073360592351,0.10620393443105902,0.033188729509705944,0.2849627442701305,0.5447902900799005,0.17024696564996888,987.3705588398792,702.2693191051735,8.434956791772239,4.1796150629184625,16.897661834655022,0.0645734843705347,0.5742755152285984,30.90617046449958,8.40606572188342,6.031308356588845,11.744258298361562,12.318533813590161,False,18.432006924857244,1.6590773980653697,20.09108432292261,3388.5627830860976,-204.00863053273235,-107.87012530915153,3076.6840272442137,-8.712940428884698e-09,4.870107502438843e-10,-1.9883245382667763e-08,31.36820759930369,0.0,7.5959568760508525,3.056634668112932,660.5820738428847,4.244600548186073,1.8183412211254701,3.5764760186497204,44.23160910606384
T3_kin,kinetic,kinetic,650.0,1.0,12.451962043106056,0.02,0.9,0.5,True,128,wegstein,6.683933356264447e-09,3501.880604507153,509.9214946149879,1.1704306362105885,0.8728806831856026,48083.953101760875,5922.393729464407,37085.71726781896,5015.207221729821,55.524784969187536,5.110097778499194,56846.90788730512,0.14271619550391457,35.53620063778908,methanation (xi2>0),49764.22636544086,566.5794354272699,37842.5688935688,5117.558405460366,0.046532096414312725,59.56470432580942,-30.315247713340685,36.71431117723882,0.35131522337236276,37.06562640061118,35.92482045273234,0.8691854840981682,0.2716204637806788,1.140805947878847,0.09952331188513741,0.9996771961174218,4.07386670441795,3.103898441461296,0.9699682629566548,1100,0.8958808402328878,0.07932888363208553,0.024790276135026726,0.2849627442722741,0.5447902900782674,0.17024696564945857,981.3051653420588,860.3356994799585,10.333492086453782,4.504372543287912,21.19940695248182,0.01817926786246277,0.24366419915510706,37.862513798413495,10.321891638774048,7.388831823582085,12.425898709557407,12.669562908712512,False,15.276159511434766,1.7848059404418486,17.060965451876616,3192.912197089746,255.44695594185157,-122.61560922904685,3325.743543802551,-6.736512044786154e-08,1.2298564264093704e-09,-1.4922617163423032e-07,31.36820759930369,0.0,5.697418801307489,1.140805947878847,464.93148784653295,1.2144816771400766,2.1693703162478215,7.280660618119857,60.839534759521484
T3_kin,kinetic,kinetic,650.0,1.0,12.451962043106056,0.01,0.9,0.5,True,133,wegstein,9.948340846200446e-09,3453.0597335320927,461.1006236399277,1.1541132771886533,0.872880683185602,93509.9545886363,6088.157095726249,77292.33270152687,10073.37475193988,50.721068600392044,5.368970842913037,102181.47370799507,0.07731345557692393,6.640848083740536,methanation (xi2>0),95099.89008177051,512.3340217876936,78073.06411157307,10175.126110705654,0.007360990191462379,65.21926865452515,-16.014149867461608,36.20246487196637,0.5910026817514203,36.79346755371778,35.93061332223597,0.6574127477956692,0.20544148368614748,0.8628542314818165,0.07527495009194601,0.9998383938484022,3.879262989394739,2.9556289443007526,0.9236340450939858,2135,0.9045182678600925,0.07274798639231042,0.022733745747597022,0.2849627442757,0.544790290075657,0.17024696564864297,944.5449958448111,882.9942274956277,10.605643666449984,4.477971206647698,21.86826504009866,0.008219374783394844,0.12397701722206181,38.859692957855074,10.599836068073024,7.5834303424481995,12.593812193688967,12.717789210911029,False,14.797003580837847,1.8562810032653676,16.653284584103215,3148.398756452109,330.7839118764468,-117.44438082544399,3361.7382875031117,-2.2067802877286394e-07,2.3485193936494483e-10,-5.103012235701007e-07,31.36820759930369,0.0,5.425259954414091,0.8628542314818165,420.41804720889604,0.8068008093666759,2.217596618446338,13.08687946584665,58.59054207801819
T3_kin,kinetic,kinetic,650.0,1.0,12.451962043106056,0.2,0.95,0.5,True,75,direct,9.310972499932998e-09,3867.784578461902,875.8254685697373,1.2927264165055061,0.8728806831856025,6238.944093825292,3955.1971796642742,1846.6192328641064,397.28344823686507,36.87686183451533,2.9673712255307465,15687.193364090237,0.631701343702287,382.3480413076892,methanation (xi2>0),8767.033696902272,921.9215459382677,2308.274062572409,496.60431416462626,2.0524541553263647,16.798268754131342,-57.84229909205602,40.55051060204864,0.0,40.55051060204864,35.88198791115753,3.5569696692503774,1.111553021640743,4.668522690891121,0.4072794682323493,0.9984852983006899,6.5656887403693975,5.002429516471922,1.5632592238974758,117,0.8380861635799552,0.12336292298670082,0.03855091343334401,0.28496274426934404,0.5447902900804998,0.17024696565015618,1559.736023456323,570.1948857338716,6.848610772549531,4.371011818364049,12.930951178130904,0.14790387360278237,1.993419378550794,25.093706726261956,6.794177815219567,4.897011852371225,10.036205550082851,12.029624928633648,False,21.20702420189725,1.2696083261612219,22.476632528058474,3526.5327265561277,-644.8761041318625,-27.417161987539927,2854.239460436725,-6.4455693827200336e-09,1.4318731488037665e-11,-1.5315663700391726e-08,31.36820759930369,0.0,9.182303002744948,4.668522690891121,798.5520173129148,6.630148753321935,1.5294323361689575,2.009135328190272,32.29230713844299
T3_kin,kinetic,kinetic,650.0,1.0,12.451962043106056,0.1,0.95,0.5,True,173,direct,9.821758647973777e-09,3875.1864753677983,883.2273654756333,1.2952003463401163,0.8728806831856029,9905.809980797749,4828.467533117579,4250.712416659939,781.055467170167,41.837085733056334,3.737478117008141,19367.92212079667,0.4993551485512906,375.48251140972206,methanation (xi2>0),12008.149990306942,929.7130151873848,4723.013842677122,867.8394155162905,1.4271326580451058,27.307071240125673,-49.877886938341554,40.62811334668674,0.0,40.62811334668674,35.90904127466303,3.595483483446636,1.1235885885770736,4.719072072023709,0.41168936970017855,0.9992381101514913,6.62117759393078,5.044706738232977,1.5764708556978049,234,0.8370296563507362,0.1241678808756296,0.03880246277363424,0.28496274426953544,0.544790290080354,0.17024696565011058,1100.6455534219722,563.733885507018,6.771007698824793,3.8192744505213203,13.229161643404984,0.07457692960171364,1.0815767274183377,24.809364567278358,6.743628098027245,4.841522763497528,10.937391753559778,12.018968480978115,False,21.32099712782511,1.421425220961317,22.74242234878643,3533.2815594209615,-621.831307463126,-49.70862805549763,2861.741623902338,-1.3388454165962146e-08,2.5782215785033817e-10,-3.221684662222894e-08,31.36820759930369,0.0,9.259905747383048,4.719072072023709,805.3008501777485,6.895938574049891,1.5187758885134244,2.4805442033758696,71.71850323677063
T3_kin,kinetic,kinetic,650.0,1.0,12.451962043106056,0.05,0.95,0.5,True,101,wegstein,7.398436053971149e-09,3722.330718855449,730.3716089632842,1.244111494220791,0.8728806831856022,18664.60777757862,5414.19659220942,11412.11579894958,1797.1830964844062,36.51858044816427,4.593709487050288,27840.439323891856,0.3123010034210896,216.90981670316717,methanation (xi2>0),20553.61920784959,768.8122188169579,12012.753511054569,1891.7716833247214,0.4726443367269977,43.368063843748864,-44.21393107408061,39.02554762739772,0.0001254808931715129,39.02567310829088,35.92268992847779,2.3641776608099727,0.7388055190031165,3.102983179813089,0.2707026233103668,0.999617910184014,5.475373123391587,4.1717128559173995,1.3036602674741875,455,0.8597000238880905,0.10689521989478822,0.03340475621712132,0.2849627442701329,0.5447902900798988,0.17024696564996838,982.347777767296,697.1482882043238,8.373448089622132,4.1627489943780125,16.823861238346193,0.030835136112099967,0.5744747542049574,30.680799015584086,8.359717140878795,5.987327342999909,11.745681373400938,12.320156127605895,False,18.497255112435255,1.655113540429471,20.152368652864727,3393.912156382069,-212.79722979851334,-106.7935427221934,3074.3213838613624,-1.0173173427648228e-08,5.439797837955152e-10,-2.312645895635039e-08,31.36820759930369,0.0,7.65746550898719,3.102983179813089,665.9314471388561,4.305884878128188,1.8199635351412038,3.5656607845486787,41.1011118888855
T3_kin,kinetic,kinetic,650.0,1.0,12.451962043106056,0.02,0.95,0.5,True,128,wegstein,5.675871977037485e-09,3502.9442328904483,510.9851229982832,1.1707861318387804,0.8728806831856024,48041.11216709276,5923.0194979542675,37073.716869841366,5012.906955499556,26.356074765174625,5.112769032399141,56806.05900169017,0.14277905045700545,35.78884273089119,methanation (xi2>0),49721.74625229299,537.8790744354599,37830.323551292895,5115.211191928415,0.04669297162966351,59.60379295755801,-30.395586243794202,36.72546243790459,0.3508197708390158,37.076282208743606,35.93091859092169,0.8726579945309828,0.27270562329093323,1.145363617821916,0.09992092061785568,0.9998468885364747,4.081486004222429,3.1097036222647074,0.9717823819577212,1100,0.8956953420395043,0.07947021558894918,0.024834442371546618,0.28496274427228885,0.5447902900782561,0.17024696564945505,980.4308605529136,859.4485693899204,10.322836766942332,4.502306575603672,21.192547133148096,0.008629194029748908,0.24368994505868985,37.82347209028101,10.317334463910335,7.381212873159565,12.427590029858202,12.671279974916892,False,15.281329722483175,1.7857389301274709,17.067068652610644,3193.881982305674,254.8096382505855,-122.75517701144747,3325.936443544812,-5.70564698974848e-08,1.043201839133063e-09,-1.2596229536391472e-07,31.36820759930369,0.0,5.708074609439915,1.145363617821916,465.90127306246086,1.2205848778741046,2.1710873824522015,7.27542890220348,53.58604979515076
T3_kin,kinetic,kinetic,650.0,1.0,12.451962043106056,0.01,0.95,0.5,True,213,wegstein,8.081480652329789e-09,3453.480970289594,461.52186039742895,1.1542540667990824,0.8728806831856024,93476.70908310737,6088.479836820572,77287.03305364994,10071.778233994863,24.047717989129207,5.370240652871466,102149.01712865231,0.07732611953625834,6.688655347781207,methanation (xi2>0),95066.82662464406,485.81248329891105,78067.71049165049,10173.513379695403,0.0073719319247034934,65.2416355599452,-16.0645964553395,36.20688118969416,0.5906654166854188,36.79754660637957,35.93366807490527,0.6581931668375672,0.20568536463673895,0.8638785314743063,0.07536430948545728,0.9999233982143194,3.882179664015768,2.957851172583442,0.924328491432326,2135,0.9044426978592512,0.07280556353580857,0.02275173860494019,0.284962744275735,0.5447902900756305,0.1702469656486346,944.2091826576503,882.6551414710499,10.60157090420878,4.477261497978585,21.86676561447207,0.0038969448454505037,0.1239835894043462,38.844770120999435,10.598818094200432,7.580518165711662,12.594717877693311,12.718701467097658,False,14.798120785343114,1.856720030820831,16.654840816163947,3148.782827793423,330.66631260735403,-117.52842985975478,3361.9207105410223,-8.796627455859464e-08,7.2347177415859165e-09,-1.8888318701232266e-07,31.36820759930369,0.0,5.429339007075878,0.8638785314743063,420.80211855021025,0.8083570414274082,2.218508874632967,13.0827225935065,89.23422813415527
T3_kin,kinetic,kinetic,650.0,1.0,12.451962043106056,0.2,0.99,0.5,True,75,direct,9.083960555689904e-09,3882.0846146137046,890.1255047215393,1.297505905671826,0.8728806831856022,6194.8394770413,3961.0095846537497,1830.8992792313345,392.7584323170213,7.1929333714871975,2.9792474677069096,15669.871008783815,0.6346529707278867,387.43684816643065,methanation (xi2>0),8726.429894714365,899.1166715142072,2288.624119828939,490.9480441425569,2.079269375783743,16.75739601532264,-58.30509788165544,40.7004346104364,0.0,40.7004346104364,35.9258725722649,3.6377615528925675,1.1368004852789273,4.774562038171494,0.4165302852105596,0.9997064733661607,6.672889991895149,5.084106660491542,1.588783331403607,116,0.836048679682057,0.12491529167081364,0.03903602864712927,0.28496274426934,0.544790290080503,0.17024696565015715,1548.709869260325,557.7126612299608,6.6986867740330585,4.321226461959947,12.82087220281742,0.028849057519692276,1.99634883066549,24.544376508069345,6.688138477820428,4.789810607903867,10.0507134232521,12.047062253917591,False,21.31344722899376,1.2746896505730858,22.588136879566843,3539.571080801886,-657.641617974393,-27.34127457100197,2854.5881882564913,-6.2373105010434036e-09,1.2997849630306177e-11,-1.4819448508243721e-08,31.36820759930369,0.0,9.332227011132712,4.774562038171494,811.5903715586733,6.741653104830304,1.5468696614529005,2.006916769700819,31.66856813430786
T3_kin,kinetic,kinetic,650.0,1.0,12.451962043106056,0.1,0.99,0.5,True,174,direct,9.306882184569213e-09,3885.8002233672514,893.8411134750863,1.2987477704891834,0.8728806831856027,9823.610548906694,4829.638843210699,4208.907936923685,773.1904128192672,8.125828304318953,3.74752764872362,19305.600972509994,0.50212657121952,381.11686919756954,methanation (xi2>0),11927.412155039328,902.8698105832905,4676.564417883884,859.1004657922657,1.4526560224309764,27.227506920452605,-50.263557500024056,40.739389683837494,0.0,40.739389683837494,35.931140630496685,3.6634278501644193,1.1448212031763811,4.808249053340801,0.4194691227257461,0.9998530672145296,6.700744320674519,5.105329006228205,1.5954153144463141,234,0.835521730377495,0.12531677685524184,0.03916149276726308,0.28496274426955515,0.5447902900803389,0.1702469656501059,1091.5122832118548,554.4693531163634,6.6597314002806405,3.7808152086403473,13.099056812581379,0.014484740387354329,1.0818391008791965,24.40164176129804,6.654451155919189,4.761956064358542,10.93934426768317,12.021183368562365,False,21.432320143239824,1.4252472252359962,22.85756736847582,3542.9588640671222,-636.1193550318245,-49.40976814186803,2857.42974089343,-1.2573953845200265e-08,2.3288004606048444e-10,-3.02495721373172e-08,31.36820759930369,0.0,9.371182084533803,4.808249053340801,814.9781548239093,7.011083593739281,1.5209907760976744,2.472562430103235,76.69640302658081
T3_kin,kinetic,kinetic,650.0,1.0,12.451962043106056,0.05,0.99,0.5,True,102,wegstein,7.947642635593509e-09,3726.719891462998,734.7607815708327,1.2455784837237682,0.8728806831856024,18593.13955658121,5415.5270784183485,11374.27235029189,1791.7036534143035,7.0507347726494,4.58573968401828,27777.19149948629,0.3130285805089079,219.50300940883739,methanation (xi2>0),20481.99332959616,742.1826065704745,11972.918305279856,1886.003848763429,0.4781159659159743,43.38134885091404,-44.41338060038318,39.0715644586731,0.0001238450234449148,39.07168830369655,35.93377922773493,2.3907878673993186,0.7471212085622873,3.137909075961606,0.27374954015167513,0.9999264912555009,5.508275702435915,4.196781487570221,1.3114942148656943,455,0.8590231226994671,0.10741095413373929,0.03356592316679353,0.28496274427017976,0.544790290079863,0.1702469656499572,978.5862924516427,693.3171967620444,8.327432850308915,4.150057162268952,16.76807202798294,0.00595341778724286,0.5746159257942839,30.51219651230081,8.324791201332403,5.954424732559241,11.746615412136745,12.321231337931032,False,18.546406438056145,1.6522420212832123,20.19864845933936,3397.914075446853,-219.41783468035945,-105.99942273828576,3072.4968180282076,-1.1099510356711047e-08,5.522075727288546e-10,-2.5138288520698402e-08,31.36820759930369,0.0,7.703480704392856,3.137909075961606,669.9333662036402,4.352164684602821,1.8210387454663408,3.557560327348012,42.45842099189758
T3_kin,kinetic,kinetic,650.0,1.0,12.451962043106056,0.02,0.99,0.5,True,131,wegstein,5.952212139790381e-09,3503.7214683667507,511.7623584745855,1.1710459066043286,0.872880683185603,48009.80306551287,5923.47535653967,37064.92153575806,5011.225521066915,5.0659304172232,5.114721730997926,56776.20556942012,0.14282502590395996,35.97397428226731,methanation (xi2>0),49690.70077270326,516.9316728254983,37821.348730996266,5113.495443143268,0.046810923572072664,59.63234402015212,-30.454277835719772,36.733611106679334,0.35045775294121667,37.08406885962055,35.935363867206675,0.875203803743905,0.2735011886699708,1.1487049924138757,0.10021242038278853,0.99997058689534,4.0870537496965955,3.1139457140545495,0.9731080356420466,1100,0.8955598623657386,0.07957343819753247,0.02486669943672889,0.28496274427232476,0.5447902900782288,0.17024696564944647,979.7918992961811,858.8002650457593,10.315049983464615,4.5007964072782425,21.1875194329915,0.0016586269731328938,0.24370870038334644,37.79494086439882,10.313992956767343,7.375645032870339,12.428822950137562,12.672531650520908,False,15.28511677485662,1.786420950087206,17.071537724943827,3194.5906428548356,254.34258752633554,-122.85713139135291,3326.076098989818,-5.9854006556698e-08,1.080497452607204e-09,-1.3207783334087253e-07,31.36820759930369,0.0,5.71586126031686,1.1487049924138757,466.60993361162264,1.225053950207288,2.1723390580562167,7.2716054275991056,55.38984775543213
T3_kin,kinetic,kinetic,650.0,1.0,12.451962043106056,0.01,0.99,0.5,True,134,wegstein,9.453661262631144e-09,3453.7879140200184,461.8288041278536,1.1543566563463157,0.8728806831856024,93452.40384888831,6088.714678231721,77283.09435241061,10070.605364353905,4.618288041278531,5.371165850791215,102125.28676341676,0.07733541265683408,6.723547898392042,methanation (xi2>0),95042.6541470607,466.4937371332126,78063.73236488411,10172.32873926853,0.007379934055809682,65.25793131972172,-16.101361207438178,36.21009923990923,0.5904195636186381,36.80051880352788,35.9358923446544,0.6587630162845552,0.20586344258892192,0.8646264588734771,0.07542955827904353,0.999985292796344,3.884304895708447,2.959470396730245,0.9248344989782017,2135,0.9043876436716083,0.0728475095835366,0.02276484674485519,0.2849627442756891,0.5447902900756654,0.17024696564864542,943.9636752412961,882.4072525737959,10.59859351066386,4.476740115958092,21.865651240515366,0.0007483959095578937,0.12398837162944597,38.83386077852018,10.598064935507834,7.5783892184025765,12.595377363186927,12.719365734816373,False,14.79893509046838,1.8570399096848014,16.65597500015318,3149.062690099242,330.5804562459084,-117.58967596758808,3362.0534703775625,-1.975969265863846e-07,4.945651484262233e-10,-4.5717825262892126e-07,31.36820759930369,0.0,5.432311204224188,0.8646264588734771,421.0819808560291,0.8094912254166413,2.219173142351682,13.079683329946791,54.4380898475647
T3_kin,kinetic,kinetic,650.0,1.0,12.451962043106056,1.0,0.0,0.75,True,1,once-through,0.0,2991.959109892165,0.0,1.0,0.8728806831856022,0.0,0.0,0.0,0.0,0.0,0.0,7807.932668338708,0.7226050931935409,188.13704920805708,methanation (xi2>0),5292.986659939482,572.5767660230393,499.0162731209817,263.0930053825649,3.1477365799409465,4.734460737251054,-59.67123019473402,31.36820759930369,0.0,31.36820759930369,31.36820759930369,0.0,0.0,0.0,0.0,0.8728806831856026,0.0,0.0,0.0,4,1.0,0.0,0.0,0.28496274426920465,0.5447902900806059,0.17024696565018935,5237.6297702855945,1334.686044526586,16.030914080808824,11.578460073881299,13.977445810118695,9.18584905730762,7.863331788560465,58.73819813357053,11.462700811197706,11.462700811197706,2.6304854321830295,10.493817220743495,False,15.022125321055313,0.8493901717103967,15.87151549276571,2727.980709243213,-207.3084348686123,-9.67486680267228,2510.9974075719283,3.4570073692667354e-16,-3.771792854744397e-16,-1.1912485812596666e-16,,,,,,,,,
T3_kin,kinetic,kinetic,650.0,1.0,12.451962043106056,0.2,0.9,0.75,True,69,direct,8.16242811653059e-09,3959.8553430896295,967.8962331974644,1.323499151441394,0.8728806831856022,10659.83286556679,8697.193062803912,1629.3879073195678,243.88927197466387,86.03522072866345,3.3274027399832677,20280.519692389145,0.743792054013714,473.3801893934643,methanation (xi2>0),14397.0146359497,1075.4402596146658,2036.7349007741618,304.86159207194333,4.0261269191211895,19.80920495579224,-170.93081796768163,41.515796139915984,0.0,41.515796139915984,35.82300837505231,4.337362106562797,1.3554256583008741,5.692787764863672,0.49663581547051194,0.9968440793178548,7.2559038623622225,5.528307704656933,1.7275961577052912,116,0.8252254674845095,0.1331615485832309,0.04161298393225966,0.28496274426935037,0.544790290080495,0.17024696565015465,2664.9582163916975,489.8281000057238,5.8833253091687485,2.6833307425832453,11.409788821005273,0.34506576153748686,4.383385303653172,21.556844853151897,5.769912817959132,4.206796783638697,7.332582063910935,11.715967367564108,False,23.411414752158493,1.4236500603229787,24.835064812481473,3610.4801538318893,-866.1243581840537,-31.11846868558672,2713.237326962249,-4.874093919988764e-09,-2.89654832280096e-11,-1.0916880393457027e-08,31.36820759930369,0.0,10.147588540612293,5.692787764863672,882.4994445886764,8.963549319715764,1.2221501468206135,2.59742502322375,24.53919792175293
T3_kin,kinetic,kinetic,650.0,1.0,12.451962043106056,0.1,0.9,0.75,True,137,direct,9.146892774211372e-09,4046.296852729967,1054.3377428378024,1.352390425173893,0.8728806831856022,15623.187899976405,11889.530779774928,3251.1277756521604,372.81307402756306,105.43377428378027,4.282496237973169,25405.769360429535,0.6860901185354024,531.1981758865168,methanation (xi2>0),18544.82757857098,1171.4863812684598,3612.364228210975,414.23675257183857,4.344826803501071,33.17591694061725,-196.31173038918593,42.42206361216522,0.0,42.42206361216522,35.87900186685179,4.9851899011911875,1.557871844122246,6.543061745313433,0.5708132710679872,0.9984022058770835,7.9039188686765245,6.022033423753544,1.8818854449229818,232,0.8136837721772229,0.1419552211983065,0.044361006624470775,0.2849627442694303,0.544790290080434,0.17024696565013564,1735.909766664045,414.3749582181671,4.977057623158404,1.8230145083198919,10.118232110668556,0.187941560092743,2.663254894669584,18.236227536223314,4.9196386227134825,3.5587816244760977,8.920422672616407,11.58367756728599,False,24.747792724982144,1.6287046969611996,26.37649742194334,3689.294991239604,-1008.4638201297781,-50.88976693275522,2629.9414041770706,-9.383905457973887e-09,5.938310670509579e-11,-2.1142397515556393e-08,31.36820759930369,0.0,11.053856012861527,6.543061745313433,961.314281996391,10.504981929177632,1.0898603465424959,3.253840733469736,53.017500162124634
T3_kin,kinetic,kinetic,650.0,1.0,12.451962043106056,0.05,0.9,0.75,True,334,direct,9.925448831614005e-09,4079.211877807347,1087.2527679151817,1.363391586576318,0.8728806831856024,21437.84056422149,14105.354339235786,6554.462010311903,658.0090107334294,114.76556994660244,5.249633993767298,31282.06793932862,0.5688693863300958,539.8397480200257,methanation (xi2>0),23828.206856341552,1208.0586302310203,6899.4337635451375,692.6410708043236,4.27663231162774,55.52355627079779,-193.56116348135006,42.76715032686999,0.0,42.76715032686999,35.9075298029471,5.226377542036485,1.633242981886402,6.859620523922888,0.5984296926970166,0.9991960505451258,8.150668726144607,6.210033315157795,1.9406354109868111,444,0.8094175397741276,0.1452056839816171,0.045376776244255346,0.2849627442697179,0.544790290080215,0.17024696565006717,1128.3073981169205,385.6440311048387,4.631970457600217,1.5241220291246047,9.66265688993876,0.09690442308701805,1.4966523340999656,16.971808164892845,4.60307938779749,3.3120314446261983,10.049731662834494,11.546383996934459,False,25.026359510098988,1.8914431317865297,26.917802641885515,3719.305947324694,-1028.1943815973027,-87.37392942178796,2603.7376363056032,-1.8895757293823075e-08,7.921205037462954e-11,-4.308687794885676e-08,31.36820759930369,0.0,11.398942727566297,6.859620523922888,991.3252380814811,11.046287149119806,1.0525667761909645,4.0064469390441735,153.28968977928162
T3_kin,kinetic,kinetic,650.0,1.0,12.451962043106056,0.02,0.9,0.75,True,225,wegstein,5.178671973724862e-09,3778.6660649820606,786.7069550898955,1.2629404100105666,0.8728806831856029,48181.80043080552,16423.637643386966,29232.010488387474,2432.9934473901612,85.66364622089971,7.495205420017853,57463.141358659836,0.2668037134899136,212.28016583201236,methanation (xi2>0),50288.80371618263,874.1188383458962,29828.58226623317,2482.6463767241507,1.2801079539995825,129.0374859400112,-157.3430149499778,39.61617696676108,0.00014168038707293643,39.61631864714816,35.92482042602438,2.8125700732371577,0.878928147886612,3.69149822112377,0.32204436650022406,0.9996771953742215,5.8977066885933285,4.493490810356822,1.4042158782365062,1025,0.8511313853735458,0.11342370638206033,0.035444908244393836,0.28496274427156487,0.5447902900788079,0.1702469656496274,983.302049608276,647.9728077958885,7.782801394436416,2.185175686248849,16.709971709790473,0.028046977067793754,0.675715377327921,28.516635298289255,7.771200946932892,5.5649929509572535,11.455764013082172,12.131479390410096,False,19.22839465525431,2.617853469874157,21.846248125128465,3445.277075432534,-182.62371366956924,-242.52248983725656,3020.130871925708,-3.456874032492503e-08,2.2218301521685805e-09,-7.279174500140092e-08,31.36820759930369,0.0,8.248111047844471,3.69149822112377,717.2963661893209,5.974732632362755,1.6376621696666014,7.3595846428945,98.30506181716919
T3_kin,kinetic,kinetic,650.0,1.0,12.451962043106056,0.01,0.9,0.75,True,222,wegstein,9.352219504401035e-09,3648.6755568699155,656.7164469777506,1.2194937908096677,0.8728806831856023,89771.77414664932,17180.21608561513,67448.99917246397,5059.5985433381675,72.23880916755249,10.721536064501416,98809.65836286295,0.15014538261834942,54.00430372862945,methanation (xi2>0),91848.60355812083,729.6849342622157,68130.3025091872,5110.705616455253,0.2765313198908846,167.65900165162276,-139.34814597944688,38.25333439617949,0.34004168747849794,38.593376083657986,35.93061332586443,2.0287716249855685,0.6339911328079905,2.6627627577935593,0.23229802484178544,0.9998383939493711,5.166264645205622,3.9362016344423787,1.230063010763244,1865,0.8713021427316294,0.09805551029971103,0.030642346968659712,0.2849627442746051,0.5447902900764913,0.17024696564890357,906.7855974409023,733.1397628784817,8.805741691933445,2.2491704272097923,19.083297644653697,0.011706335509848936,0.34985167301616266,32.264747824519105,8.799934093759127,6.296433374026785,11.96241649239784,12.312268165414004,False,16.561331058299142,3.706889874214122,20.268220932513266,3326.755536370652,228.287578991281,-398.0110846383215,3157.0320307236116,-8.237538871319463e-08,4.964394905948172e-09,-1.828665411319624e-07,31.36820759930369,0.0,7.225168484354295,2.6627627577935593,598.774827127439,4.3967054397475565,1.8184509446705093,12.65503463721424,93.07226538658142
T3_kin,kinetic,kinetic,650.0,1.0,12.451962043106056,0.2,0.95,0.75,True,68,direct,9.871581455401735e-09,3978.675151968459,986.7160420762939,1.3297892804797913,0.8728806831856022,10617.995802331427,8721.055222685387,1612.5357903884012,239.52086541311016,41.54593861373869,3.3379852307890476,20273.92988566418,0.7474259440828488,478.7469741122226,methanation (xi2>0),14363.66613848917,1038.6484659390353,2015.6697578833493,299.4010842779917,4.03485517331301,19.703613994549524,-172.2998251677825,41.7131062134188,0.0,41.7131062134188,35.8819879085134,4.442756803737451,1.3883615011679533,5.831118304905404,0.5087036991499498,0.9984852982271121,7.396987915848135,5.635800316836675,1.7611875990114607,116,0.8226699330900326,0.13510862240759428,0.0422214445023732,0.28496274426932267,0.544790290080516,0.17024696565016129,2654.4989505828567,473.4006486038125,5.686015190380392,2.635268441491391,11.291781872194779,0.16663037329505243,4.395411832233435,20.833889144405184,5.631582233083339,4.065712697772541,7.3525039192237145,11.74791575145715,False,23.52208537610249,1.4281778455323737,24.95026322163486,3627.6395045072845,-879.6237474496976,-30.96089313857396,2717.0548639190133,-5.829502782990589e-09,-2.7413013288996805e-11,-1.305982258865394e-08,31.36820759930369,0.0,10.344898614115106,5.831118304905404,899.6587952640716,9.07874772886915,1.2540985307136552,2.596581034551603,29.282126903533936
T3_kin,kinetic,kinetic,650.0,1.0,12.451962043106056,0.1,0.95,0.75,True,136,direct,9.493529815069907e-09,4059.5257054505964,1067.5665955584316,1.356811893594665,0.8728806831856027,15532.01617009139,11902.275840666991,3208.7961714371268,366.084610321469,50.56894400013628,4.290603665667047,25339.373693265687,0.6901455286821765,536.7953561245216,methanation (xi2>0),18456.633541885432,1123.7543114683638,3565.329113222143,406.76068187605637,4.367113179142025,32.93525597261362,-197.70903258762283,42.560757151481724,0.0,42.560757151481724,35.90904126649083,5.067974007612109,1.5837418773787841,6.651715884990894,0.5802922011619592,0.9992381099240841,8.003089916417172,6.097592317270227,1.905497599146946,232,0.8119608190255481,0.14326794740910626,0.04477123356534571,0.28496274426941476,0.5447902900804459,0.17024696565013933,1725.779574454599,402.82774730652574,4.83836407289868,1.79011306840417,9.986486751328211,0.09014195206602069,2.6661097883094063,17.72804633121289,4.810984472165092,3.459610568910929,8.929650593949374,11.595760382258781,False,24.856363133052785,1.6317880869452013,26.488151219997988,3701.356671797997,-1022.7049592877247,-50.51551029981401,2628.136202210458,-9.614779275225207e-09,6.675042396183954e-11,-2.1657679117746892e-08,31.36820759930369,0.0,11.192549552178033,6.651715884990894,973.3759625547841,10.616635727232278,1.1019431615152868,3.2453371167014864,58.617382764816284
T3_kin,kinetic,kinetic,650.0,1.0,12.451962043106056,0.05,0.95,0.75,True,333,direct,9.647314085326742e-09,4090.1650284865946,1098.2059185944295,1.3670524490002174,0.8728806831856026,21255.21168152007,14104.379347584463,6444.907881001141,645.7634027034652,54.91029592972156,5.25075430128234,31119.95300095438,0.5736121164544106,546.618563675424,methanation (xi2>0),23646.204881345187,1156.0062294101613,6784.113624072042,679.7509567719449,4.326061566141912,55.010072852941114,-195.05695606615137,42.881985019375286,0.0,42.881985019375286,35.922689923589374,5.302320072979744,1.65697502280617,6.959295095785913,0.6071252500097972,0.9996179100479843,8.232779809535971,6.2725941405988355,1.9601856689371362,444,0.8080130897434863,0.14627574114782002,0.04571116910869376,0.2849627442697365,0.5447902900802009,0.17024696565006278,1118.6953516589515,376.0832410333857,4.517135808051996,1.495757978398779,9.501151039307471,0.04636451987371174,1.4965488823542255,16.55104735463827,4.503404859377738,3.2299203919504063,10.048314108904961,11.544862991259187,False,25.153051025571827,1.8918467784339268,27.044897804005757,3729.292709396281,-1045.5529320917808,-86.43069138705077,2597.3090859174495,-1.7989473081706424e-08,6.636456955279918e-11,-4.099636736871541e-08,31.36820759930369,0.0,11.513777420071595,6.959295095785913,1001.3120001530683,11.173382311240047,1.0510457705156924,3.9856840885867637,146.09991216659546
T3_kin,kinetic,kinetic,650.0,1.0,12.451962043106056,0.02,0.95,0.75,True,223,wegstein,8.48589511221614e-09,3781.3118209193217,789.3527110271567,1.2638246988126807,0.8728806831856025,48070.35682715432,16425.354641527618,29168.57530554268,2428.2266815518315,40.71398193719023,7.486216595003764,57356.65294019598,0.26720728911848846,213.94689849147403,methanation (xi2>0),50177.007726743446,830.8975896127234,29763.85257439849,2477.7823310770573,1.2894256978544392,129.05409388603616,-157.76630474167393,39.64391552148362,0.00013807631041315254,39.64405359779404,35.93091857259879,2.8290552572916168,0.8840797679036299,3.7131350251952466,0.32393194992649127,0.9998468880266048,5.917538211591062,4.5086005421646185,1.4089376694264433,1025,0.8507352413593398,0.11372553039288409,0.035539228247776285,0.2849627442715428,0.5447902900788245,0.17024696564963265,981.0276903500883,645.6635912047286,7.755065393959995,2.1808944495594806,16.673710087923478,0.013330090045272304,0.6757860195371364,28.415008985328903,7.749563091057438,5.545160677291881,11.456390144317407,12.132176163854544,False,19.25836305248221,2.6147139479237564,21.873077000405967,3447.689398226107,-186.91612989739878,-241.82409277410434,3018.949175554604,-5.6717474372051556e-08,3.6257165979901433e-09,-1.193454114871694e-07,31.36820759930369,0.0,8.27584599849035,3.7131350251952466,719.7086889828943,6.0015615076402575,1.638358943111049,7.345946152017694,95.54093503952026
T3_kin,kinetic,kinetic,650.0,1.0,12.451962043106056,0.01,0.95,0.75,True,231,wegstein,5.067729170378263e-09,3649.5539574411137,657.5948475489487,1.2197873779005788,0.8728806831856024,89707.77035607092,17181.172210924295,67424.17360392516,5057.434924755209,34.26415258281363,10.725463883453756,98747.29971174644,0.15020293543776753,54.20999188724011,methanation (xi2>0),91785.15146436234,692.2050991751959,68105.22602748162,5108.520135407335,0.27725593850470626,167.72536450610568,-139.52489301944235,38.26254369699566,0.3387158630263109,38.601259560021965,35.93366808781564,2.03245064549054,0.6351408267157942,2.667591472206334,0.23271927935172237,0.9999233985735755,5.171901624510678,3.9404964758176604,1.2314051486930173,1865,0.8711610184001239,0.09816303359990561,0.030675947999970463,0.284962744274581,0.5447902900765098,0.17024696564890915,906.1390945057669,732.4835624370019,8.797860068430829,2.248208622258101,19.07627376410044,0.005552523231172515,0.3498711432042766,32.235869099290014,8.795107258623839,6.290797719587026,11.963349598385069,12.313220741589344,False,16.565280236930423,3.708247886236244,20.273528123166667,3327.55643629114,227.76178728385642,-398.2882546070014,3157.029968967995,-4.328476221494511e-08,2.3856308179058493e-09,-9.625444887954397e-08,31.36820759930369,0.0,7.233051960718274,2.667591472206334,599.5757270479271,4.402012630400957,1.8194035208458494,12.647048060771365,90.94988298416138
T3_kin,kinetic,kinetic,650.0,1.0,12.451962043106056,0.2,0.99,0.75,True,68,direct,9.4818197785529e-09,3992.836078631075,1000.8769687389098,1.3345222751974652,0.8728806831856024,10586.498004557314,8738.992704790222,1599.835808397002,236.23569834116927,8.087894696880085,3.345898332040963,20268.95381389248,0.7501766840197602,482.7907149515021,methanation (xi2>0),14338.547847984086,1010.9868376697015,1999.7947794579459,295.29462531533323,4.040556548442062,19.62284515725984,-173.33523512832613,41.86157177428915,0.0,41.86157177428915,35.92587256981003,4.522437489126944,1.41326171535217,5.935699204479115,0.5178272819160242,0.9997064732978491,7.503146323063463,5.716682912810258,1.7864634102532055,116,0.8207629096317925,0.13656159266149134,0.04267549770671604,0.2849627442693179,0.5447902900805197,0.1702469656501624,2646.6245011393285,461.0398503587628,5.5375496426590995,2.5991242120741296,11.202850248300004,0.0324385236555118,4.404452323214272,20.289902774438794,5.527001346457513,3.9595542999593816,7.367476894893915,11.771929218108188,False,23.60545277530694,1.4315635152832562,25.0370162905902,3640.5510227940454,-889.7956638521106,-30.839845575781222,2719.915513366154,-5.552091423935674e-09,-2.0719589688967397e-11,-1.2440637426209379e-08,31.36820759930369,0.0,10.493364174985462,5.935699204479115,912.5703135508325,9.165500797824489,1.278111997364693,2.595943724781774,24.416327953338623
T3_kin,kinetic,kinetic,650.0,1.0,12.451962043106056,0.1,0.99,0.75,True,136,direct,8.957428741206627e-09,4069.371105920389,1077.411996028224,1.360102513589183,0.872880683185602,15464.123953122893,11911.722375337158,3177.242517262937,361.0678374014842,9.794654509347561,4.2965686119656725,25289.920736655302,0.6931965937123375,540.9690193171782,methanation (xi2>0),18390.948510038754,1088.2949458191194,3530.2694952476227,401.186489496368,4.382938511613738,32.75351426365469,-198.75675211629684,42.66397800260025,0.0,42.66397800260025,35.931140622981296,5.1297808606620645,1.6030565189568953,6.73283737961896,0.5873691977585048,0.9998530670053992,8.07689667053471,6.153826034693113,1.9230706358415979,232,0.8106858045435322,0.14423938701445171,0.04507480844201616,0.2849627442694394,0.5447902900804271,0.17024696565013342,1718.2359947914326,394.2338899081966,4.735143251687349,1.7655816062446574,9.888284767614985,0.017459515810384768,2.668225812075524,17.349839260969823,4.729863007349102,3.3858038361776046,8.936485913593986,11.60471172566951,False,24.937326385886145,1.6340566552822993,26.571383041168446,3710.333419664495,-1033.3240256188951,-50.23317240726047,2626.7762216383394,-8.983814126070013e-09,6.694278539743149e-11,-2.0233338450092713e-08,31.36820759930369,0.0,11.295770403296562,6.73283737961896,982.3527104212822,10.699867548402736,1.1108945049260157,3.2390034354684354,49.49353218078613
T3_kin,kinetic,kinetic,650.0,1.0,12.451962043106056,0.05,0.99,0.75,True,331,direct,9.924293653567655e-09,4098.304137498128,1106.3450276059627,1.3697727766225511,0.8728806831856023,21119.432089160833,14103.583989220086,6363.359208075009,636.6209626458082,10.61644218409766,5.251487035833587,30999.416988641195,0.5772007984575392,551.6680327564364,methanation (xi2>0),23510.880252281393,1117.5202292509018,6698.272916499477,670.1273357513911,4.362493465513955,54.62217280406484,-196.18143352927387,42.96731682097086,0.0,42.96731682097086,35.93377922316255,5.3588857888063295,1.6746518090019782,7.033537597808307,0.6136021269034057,0.9999264911282657,8.29379522677626,6.319082077543817,1.9747131492324432,443,0.8069743274560645,0.14706717908109382,0.04595849346284183,0.28496274426966806,0.5447902900802528,0.17024696565007902,1111.5490573242546,368.9787691002587,4.431803995663207,1.4745816813199673,9.380931127272685,0.008964188524183094,1.4964644906456683,16.238386649333286,4.429162346741616,3.168904966993739,10.047205259062768,11.543669749708437,False,25.247444280735937,1.8921107827667252,27.139555063502662,3736.713710672835,-1058.4825674300102,-85.72337054276078,2592.5077727000644,-1.8217182123944758e-08,6.105237649617717e-11,-4.149748121327927e-08,31.36820759930369,0.0,11.599109221667167,7.033537597808307,1008.7330014296222,11.268039570736953,1.0498525289649425,3.9702464538845637,92.0410943031311
T3_kin,kinetic,kinetic,650.0,1.0,12.451962043106056,0.02,0.99,0.75,True,236,wegstein,5.5723613639923155e-09,3783.262910328397,791.3038004362322,1.2644768097999681,0.8728806831856026,47988.13492706269,16426.575029374577,29121.546453343082,2424.7007370508577,7.833108327550556,7.479598966623224,57278.08519776977,0.26750654345283287,215.1815346540733,methanation (xi2>0),50094.52511410977,799.2967675559025,29715.86387354753,2474.184427475923,1.2963376705645928,129.06500186849254,-158.07849011437807,39.664371074310615,0.00013540207806247824,39.664506476388674,35.93536384638911,2.8412515276187182,0.8878911023808488,3.7291426299995667,0.3253284449644393,0.9999705863160515,5.932162781773668,4.519743071827557,1.4124197099461113,1025,0.8504434634012044,0.11394783740860628,0.03560869919018946,0.28496274427148066,0.5447902900788719,0.17024696564964745,979.3496923890345,643.9608224228876,7.734613438121303,2.1777276476912495,16.6468268603702,0.002564623610181501,0.6758362297799826,28.340071834008864,7.733556411535563,5.530536766915184,11.45682034777594,12.132656577555922,False,19.280561195104198,2.612402598527284,21.89296379363148,3449.4683444197103,-190.0957883545939,-241.30887561663593,3018.0636804484807,-3.7249688488741074e-08,2.3604547292325727e-09,-7.833426346343231e-08,31.36820759930369,0.0,8.296298877084983,3.7291426299995667,721.4876351764974,6.021448300865771,1.6388393568124275,7.335883598232516,55.24028182029724
T3_kin,kinetic,kinetic,650.0,1.0,12.451962043106056,0.01,0.99,0.75,True,230,wegstein,6.1652891471700915e-09,3650.1950718443404,658.2359619521752,1.2200016570333072,0.8728806831856025,89661.04703188749,17181.867291194467,67406.01432685966,5055.8547253495335,6.582359619521791,10.728328864309853,98701.77711834451,0.15024499402268998,54.360453513938694,methanation (xi2>0),91738.83075430426,664.8848141519094,68086.88333897709,5106.923975623351,0.27778618990371234,167.77374444533976,-139.65391105641152,38.269265249315254,0.3377473188344152,38.60701256814966,35.93589226219518,2.0351392807272246,0.6359810252272612,2.671120305954486,0.23302713295501146,0.9999852905017574,5.176015239654426,3.943630658784324,1.2323845808701013,1865,0.8710580594762074,0.09824147849431815,0.030700462029474424,0.2849627442745898,0.5447902900765029,0.1702469656489072,905.6671417362373,732.0045597154417,8.79210676674217,2.247506167756643,19.071135972680192,0.0010666747007675565,0.34988529756614184,32.214788668516874,8.791578191806087,6.28668389453613,11.964028737387027,12.31391403495317,False,16.56816838187306,3.709238429568423,20.277406811441484,3328.140985631615,227.3771555832022,-398.49048283925373,3157.0276583755635,-4.947814602138377e-08,2.3274116864757273e-09,-1.0571619161315009e-07,31.36820759930369,0.0,7.238804968845972,2.671120305954486,600.160276388402,4.405891318675774,1.8200968142096752,12.641217760314687,53.51034498214722
T3_kin,kinetic,kinetic,650.0,1.0,12.451962043106056,1.0,0.0,1.0,True,1,once-through,0.0,2991.959109892165,0.0,1.0,0.8728806831856022,0.0,0.0,0.0,0.0,0.0,0.0,7807.932668338708,0.7226050931935409,188.13704920805708,methanation (xi2>0),6597.790941776302,573.2049132440403,498.87185381597055,262.60927746657455,4.119241846328549,5.064009371265264,-85.32503660236176,31.36820759930369,0.0,31.36820759930369,31.36820759930369,0.0,0.0,0.0,0.0,0.8728806831856026,0.0,0.0,0.0,4,1.0,0.0,0.0,0.28496274426920465,0.5447902900806059,0.17024696565018935,6540.121476300274,1334.6860445265852,16.030914080808813,11.557171692026479,13.973400625385334,9.195926423174138,10.489042990872251,58.73819813357049,11.462700811197701,11.462700811197697,0.0,10.489042990872251,False,15.022125321055313,0.8684190807736869,15.890544401829,2727.980709243213,-207.3084348686123,-11.052276299482982,2509.6199980751176,1.1523357897555784e-16,3.771792854744397e-16,7.147491487558001e-16,,,,,,,,,
T3_kin,kinetic,kinetic,650.0,1.0,12.451962043106056,0.2,0.9,1.0,True,80,direct,8.316215773258866e-09,4054.0961683230407,1062.1370584308754,1.3549971839251362,0.8728806831856025,24382.829284065014,22749.024169265547,1434.734491656371,101.12184707784508,94.41218297163341,3.5365930936168755,34180.01793203447,0.8786307961977604,558.1223005246637,methanation (xi2>0),31649.19561036641,1180.1522871863442,1793.418108480965,126.40230779611746,3.3327880648081827,20.717234390881796,-531.9393160841655,42.50383296183547,0.0,42.50383296183547,35.8230083774642,5.09015206428287,1.5906725200883973,6.680824584371267,0.5828316288116749,0.9968440793849702,7.962387000069487,6.066580571481513,1.8958064285879732,115,0.8126666127448087,0.14273019981347904,0.044603187441712204,0.2849627442692823,0.5447902900805467,0.17024696565017086,6095.707321016253,407.56713042646237,4.895288803552239,1.1125678420122211,10.046728277823737,0.3786636628534787,11.465508181309836,17.936621842938184,4.781876312281582,3.5003138721013007,0.0,11.465508181309836,False,25.48361763694648,1.5131534580284283,26.996771094974914,3696.4061788266436,-1071.5535127070625,-30.332065431681738,2594.5206006878993,1.79908840016474e-09,-1.8131255305188304e-08,4.293058684974464e-09,31.36820759930369,0.0,11.13562536253178,6.680824584371267,968.4254695834306,11.106226693145913,0.976465190437585,4.37760152192846,28.717322826385498
T3_kin,kinetic,kinetic,650.0,1.0,12.451962043106056,0.1,0.9,1.0,True,148,direct,9.082504585130329e-09,4136.095074132863,1144.1359642406983,1.3824036098815318,0.8728806831856022,53721.15459320251,50692.74006653018,2824.413967608178,85.09916613923521,114.4135964240697,4.487796500848248,63671.91740790556,0.9076701141174763,610.6926952244919,methanation (xi2>0),60969.80724164247,1271.2621825101905,3138.2377461024016,94.55462820253183,2.7864699697013067,37.26931710398222,-1083.8808323315075,43.36352342079073,2.812828095444253e-20,43.36352342079073,35.87900186839426,5.702492611349684,1.7820289410467767,7.48452155239646,0.6529457303016201,0.9984022059200058,8.57709770661656,6.53493158599357,2.04216612062299,229,0.8022047788094578,0.1507011209070798,0.04709410028346243,0.2849627442694227,0.5447902900804398,0.17024696565013744,5969.0171770225015,335.9918589079426,4.035598217343298,0.4161254669579558,8.790203914745009,0.2039485919368167,11.355173774902761,14.786665718679647,3.97817921688137,2.8856030745603616,0.0,11.355173774902761,False,26.67525683629097,1.7067838061707115,28.382040642461686,3771.1703801449994,-1201.5672607790573,-51.026021399669645,2518.577097966272,-8.856382727059156e-10,-7.072464969345663e-08,-1.3801323606799088e-09,31.36820759930369,0.0,11.995315821487036,7.48452155239646,1043.1896709017865,12.491496240632685,0.8661307840305099,8.154772858902357,58.428558111190796
T3_kin,kinetic,kinetic,650.0,1.0,12.451962043106056,0.05,0.9,1.0,True,288,direct,9.849777898336787e-09,4184.90019484724,1192.941084955075,1.3987157047069638,0.8728806831856022,112030.41001545516,106450.45034361834,5373.829805811808,74.67370290212824,125.92155896748004,5.534604155388923,122072.57899798467,0.9223914899281122,631.643046885372,methanation (xi2>0),119302.26934852211,1325.4900944009921,5656.662976242472,78.60389728384781,2.4750655722785906,68.29294539447409,-2192.794322186089,43.87520459765438,0.0,43.87520459765438,35.90752979918432,6.070609370262911,1.8970654282071608,7.967674798470072,0.6950957657977597,0.9991960504404193,8.942968811128255,6.813690522764383,2.1292782883638703,433,0.7961726015151995,0.155297065512229,0.04853033297257157,0.2849627442695762,0.5447902900803229,0.17024696565010092,5896.337369234482,293.3907930358641,3.5239168151537634,0.172963946895777,7.922156466357302,0.10632418792185697,11.29495304698603,12.911835410715343,3.4950257453895697,2.519731808929842,0.0,11.29495304698603,False,27.14902935578954,1.9941178794393641,29.143147235228906,3815.669460156122,-1253.67961402641,-90.55332134346784,2471.4365247862443,-5.639436863529041e-09,-1.5257527246961474e-07,-1.139372707492233e-08,31.36820759930369,0.0,12.50699699835069,7.967674798470072,1087.6887509129092,13.252602833399905,0.8059100561137793,15.63443028818511,134.2293508052826
T3_kin,kinetic,kinetic,650.0,1.0,12.451962043106056,0.02,0.9,1.0,True,97,wegstein,7.47831432759858e-09,4240.863740526993,1248.904630634828,1.4174203539432195,0.8728806831856026,284563.63667036867,272573.43803103967,11783.286029326218,63.24632696187626,135.99183755801468,7.674445482887149,294710.6186965644,0.9355073532826019,636.8795135983971,methanation (xi2>0),291920.1627849128,1387.6718106566195,12023.761262454891,64.5370686738691,2.151760862712872,147.23858822156595,-5521.651625242852,44.46193591796933,0.0,44.46193591796933,35.92482042659078,6.504468945812236,2.032646545566323,8.537115491378557,0.7447734728484584,0.9996771953899826,9.362503564250634,7.133336048952865,2.22916751529777,910,0.7894265427055601,0.16043691984338274,0.0501365374510571,0.2849627442700781,0.5447902900799405,0.1702469656499814,5807.421156538136,244.54131007849205,2.937185675352768,0.05680423680133086,6.735711054723008,0.04452483775394346,11.214450021848489,10.762018515244357,2.925585228038582,2.1001971848734806,0.0,11.214450021848489,False,27.323294373448235,2.680456726280014,30.00375109972825,3866.6953824457833,-1266.1395372334346,-191.4146874503863,2409.1411577619624,-1.8310551168411915e-09,-7.339646403695192e-08,-4.605093623600473e-09,31.36820759930369,0.0,13.093728318665637,8.537115491378557,1138.7146732025703,14.113206697899251,0.7254070309762373,37.745025631640075,44.0338978767395
T3_kin,kinetic,kinetic,650.0,1.0,12.451962043106056,0.01,0.9,1.0,True,147,wegstein,9.92266992525562e-09,4291.819212271334,1299.8601023791696,1.4344511588014377,0.8728806831856024,566443.1091193345,546626.6790181511,19610.38430627207,52.89411309198697,142.9846112617085,10.167070557545165,576685.5246642627,0.9460264275345307,630.9730730496005,methanation (xi2>0),573909.2595876988,1444.2889988988236,19808.469007889824,53.42839653246076,1.8516273326959969,244.9032150033532,-11067.006201528919,44.996161740345165,0.0,44.996161740345165,35.93061328658848,6.907084536195573,2.158463917561117,9.06554845375669,0.7908736870197918,0.9998383928564424,9.744494930214126,7.424377089686952,2.320117840527173,1445,0.7834371965669938,0.16500023118705234,0.05156257224595386,0.2849627442706724,0.5447902900794878,0.17024696564983993,5721.647566861964,200.06326293561378,2.402959851119657,0.023513303263285403,5.548352165845258,0.023170728469409995,11.131306918187805,8.804584138533427,2.3971522534994025,1.7182058175723531,0.0,11.131306918187805,False,27.28045553231483,3.515187619897703,30.795643152212527,3913.1550895618902,-1250.4216202525613,-315.82548855759234,2346.9079807517364,-1.8702387973353034e-09,-1.1210337414688344e-07,-5.547707898225933e-09,31.36820759930369,0.0,13.627954141041474,9.06554845375669,1185.1743803186773,14.905098750383527,0.6422639273155539,73.85892644831989,63.519537925720215
T3_kin,kinetic,kinetic,650.0,1.0,12.451962043106056,0.2,0.95,1.0,True,80,direct,8.111811072936984e-09,4070.9873487551185,1079.0282388629537,1.3606427090849658,0.8728806831856031,24410.10151534291,22835.269110332025,1426.4553269231264,99.40448436140478,45.432767952124415,3.539825774228712,34238.92532885981,0.8804839911269309,560.6761170637417,methanation (xi2>0),31700.144486459532,1135.8191988391238,1783.0691530279973,124.25560444381797,3.304894843260665,20.642447361842844,-535.1513239231631,42.68092296705614,0.0,42.68092296705614,35.881987911426855,5.1801409947651695,1.618794060864115,6.798935055629284,0.5931355243074586,0.9984852983081846,8.089012951418995,6.1630574867954255,1.9259554646235704,115,0.8104770846295285,0.14439841171083545,0.04512450365963608,0.28496274426932,0.5447902900805182,0.1702469656501619,6102.525378835728,392.82314480916386,4.718198792302866,1.0936729880652658,9.988753426779192,0.182219474063983,11.50897563160734,17.28775377990649,4.663765834970936,3.373687916440051,0.0,11.50897563160734,False,25.534976378034106,1.514536580678837,27.049512958712945,3711.8070625562095,-1078.0076576474062,-30.19990727254618,2603.599497636257,1.6718981850346784e-09,-1.8166067821699737e-08,4.004785462673984e-09,31.36820759930369,0.0,11.31271536775245,6.798935055629284,983.8263533129966,11.158968556883945,1.0199326407350888,4.385146079409624,33.74741005897522
T3_kin,kinetic,kinetic,650.0,1.0,12.451962043106056,0.1,0.95,1.0,True,148,direct,9.065991537525585e-09,4145.027684266963,1153.0685743747981,1.38538914872281,0.8728806831856026,53759.308114494816,50801.06710416024,2814.9173067018114,84.21645434653747,54.61903773354316,4.4882115526847315,63726.80064216843,0.9085432555491292,611.8946058923698,methanation (xi2>0),61021.0441208585,1213.7563940973514,3127.685901273027,93.57383735278984,2.771945813280881,37.19208207803882,-1087.6457529585393,43.457174422959646,2.812828095444253e-20,43.457174422959646,35.90904126812335,5.750958594160992,1.7971745606753105,7.548133154836302,0.6584951730976583,0.999238109969512,8.644061662204487,6.58595174263199,2.0581099195724972,229,0.8010901128068377,0.15155039024240946,0.04735949695075297,0.28496274426938584,0.5447902900804679,0.17024696565014621,5973.256457166091,328.19475542021024,3.941947207352145,0.41180910437075197,8.760648195635305,0.09736146915102588,11.379439031331895,14.443522991288033,3.914567606610854,2.8186391133800357,0.0,11.379439031331895,False,26.69764108109596,1.7069416573655918,28.404582738461556,3779.314872510698,-1204.6469645625737,-50.90604989044755,2523.7618580576773,-1.0506673924634444e-09,-7.074643934077849e-08,-1.7386886536504185e-09,31.36820759930369,0.0,12.088966823655955,7.548133154836302,1051.334163267485,12.514038336632556,0.8903960404596436,8.161802022266615,62.828962087631226
T3_kin,kinetic,kinetic,650.0,1.0,12.451962043106056,0.05,0.95,1.0,True,288,direct,9.840411463370894e-09,4189.466233958981,1197.507124066816,1.4002418081542485,0.872880683185602,112076.69934452925,106572.4669331127,5364.544936123241,74.27822739267785,59.8753562033409,5.533891697289696,122127.41997350984,0.9227694581489203,632.1930090295137,methanation (xi2>0),119355.4658072088,1260.533814813178,5646.8894296389235,78.18760728550726,2.4688956148057333,68.22266824918455,-2196.891459496827,43.92307572740687,0.0,43.92307572740687,35.9226899202989,6.095532043510829,1.9048537635971343,8.000385807107962,0.6979494570156214,0.9996179099564206,8.977198452374623,6.839770249428283,2.1374282029463387,433,0.7956154412298343,0.1557215685867928,0.048662990183372765,0.28496274426960966,0.5447902900802973,0.17024696565009298,5898.773649712066,289.4051852483821,3.4760456800183173,0.17204792154338736,7.908468613726947,0.05055685997737885,11.307899649323959,12.736432797596049,3.4623147313668743,2.485502163833776,0.0,11.307899649323959,False,27.158840190578196,1.9938611808295803,29.152701371407776,3819.832640920628,-1255.098730181181,-90.45215203170353,2474.2817587077434,-5.753003588784718e-09,-1.5260491021205592e-07,-1.1634924774038307e-08,31.36820759930369,0.0,12.554868128103177,8.000385807107962,1091.851931677415,13.262156969578776,0.8188566584517076,15.641454039266819,124.36695885658264
T3_kin,kinetic,kinetic,650.0,1.0,12.451962043106056,0.02,0.95,1.0,True,95,wegstein,8.282703174143808e-09,4242.732996267982,1250.7738863758175,1.4180451137318173,0.8728806831856024,284618.01898351463,272707.77215317,11774.947314083207,63.11262276010833,64.51360045517382,7.673293046118228,294768.50190267956,0.9356339762313196,637.0853313781095,methanation (xi2>0),291977.43635815295,1316.6040907514785,12015.25237800895,64.40063498997615,2.1497764665146786,147.1780520532001,-5526.063031404964,44.48153351271788,0.0,44.48153351271788,35.93091856706417,6.514754244307594,2.0358607013461243,8.550614945653718,0.7459511581512077,0.9998468878725931,9.376516574619298,7.14401262828137,2.232503946337929,910,0.7892042869444142,0.16060625756616054,0.05018945548942518,0.28496274427002166,0.5447902900799835,0.17024696564999486,5808.530999663564,242.90966402649977,2.917587974622289,0.056684151327543016,6.7309443728055225,0.021122279430660276,11.21997691144471,10.690211404142229,2.9120856719174713,2.086184098724707,0.0,11.21997691144471,False,27.326861295102436,2.6800541719759647,30.0069154670784,3868.399715096998,-1266.6727624753541,-191.33169754167062,2410.3952550799736,-4.067002196486378e-09,-1.2013163284940474e-07,-8.212766126973748e-09,31.36820759930369,0.0,13.11332591341419,8.550614945653718,1140.4190058537852,14.1163710652494,0.7309339205724594,37.75243901602412,41.13888216018677
T3_kin,kinetic,kinetic,650.0,1.0,12.451962043106056,0.01,0.95,1.0,True,151,wegstein,5.472467520519559e-09,4292.773876644288,1300.8147667521232,1.4347702354792564,0.8728806831856027,566503.6998771547,546769.7686180327,19603.1499702114,52.8360791758128,67.7792957412949,10.165913993512865,576747.903394546,0.9460819711436075,631.0747212972533,methanation (xi2>0),573971.3385652998,1369.2787023483888,19801.161595105175,53.369776653201086,1.8507401950962503,244.85050400820631,-11071.658546398863,45.00617060381504,0.0,45.00617060381504,35.93366805783668,6.912382892173995,2.160119653804373,9.072502545978368,0.7914803583737964,0.9999233977393532,9.751651640483512,7.429829821320772,2.321821819162741,1445,0.7833263414848965,0.16508469220198366,0.051588966313119884,0.28496274427061025,0.5447902900795352,0.1702469656498547,5722.259594718736,199.22995298109603,2.392950965255944,0.023487505135841875,5.546305360258801,0.010983669106844385,11.134220742767212,8.767911000745057,2.390198155968814,1.7110490912916048,0.0,11.134220742767212,False,27.282193190529632,3.5147877608291633,30.796980951358798,3914.0255245837466,-1250.6852984426089,-315.75475197330616,2347.5854741678313,-2.3426912856240368e-09,-7.079808788332922e-08,-4.444977663543645e-09,31.36820759930369,0.0,13.637963004511352,9.072502545978368,1186.0448153405337,14.906436549529797,0.6451777518949608,73.86691559639954,68.51366710662842
T3_kin,kinetic,kinetic,650.0,1.0,12.451962043106056,0.2,0.99,1.0,True,79,direct,9.93273859245624e-09,4083.6002203874746,1091.6411104953095,1.3648582986599218,0.8728806831856027,24430.58961467297,22899.79295151427,1420.300803598023,98.13230990488474,8.821342307032864,3.5422073487559715,34283.03583182963,0.8818608768050759,562.5737288329256,methanation (xi2>0),31738.342204244665,1102.6677884214364,1775.3759979250608,122.66538616270269,3.2838308574361577,20.58658254887102,-537.5562636472177,42.81315845599691,0.0,42.81315845599691,35.9258725725212,5.247455911219593,1.639829972256123,6.887285883475716,0.6008432041380378,0.9997064733732924,8.18356625254126,6.235098097174293,1.9484681553669663,115,0.8088539470650764,0.145635087950418,0.045510964984505624,0.2849627442693233,0.5447902900805156,0.17024696565016117,6107.647403668242,381.8136139524852,4.5859633171833,1.079676206651018,9.945656377195156,0.035380198657932065,11.541495647563194,16.803235336434923,4.575415020975611,3.2791346252002973,0.0,11.541495647563194,False,25.573124251092683,1.51555555208899,27.088679803181673,3723.3071095947826,-1082.803736492087,-30.101015287732306,2610.402357814963,1.9634903035519048e-09,-2.2741674240945852e-08,4.721443706406111e-09,31.36820759930369,0.0,11.444950856693222,6.887285883475716,995.3264003515696,11.198135401352673,1.0524526566909422,4.3907955265608125,33.773154735565186
T3_kin,kinetic,kinetic,650.0,1.0,12.451962043106056,0.1,0.99,1.0,True,148,direct,9.0537182654306e-09,4151.608154305484,1159.649044413319,1.38758853374006,0.8728806831856023,53787.50098231149,50880.95536491173,2807.9447624058535,83.57008142070691,10.542264040121177,4.488509533074764,63767.317945206545,0.9091836135556769,612.7769685189323,methanation (xi2>0),61058.884657378556,1171.3626711418726,3119.9386302861235,92.855645235549,2.7612043544725884,37.13524056521734,-1090.423609047765,43.52616518877162,0.0,43.52616518877162,35.93114062453228,5.786685382277589,1.8083391819617467,7.595024564239337,0.662585955032508,0.9998530670485586,8.693392630061497,6.623537241951617,2.0698553881098802,229,0.8002720296548403,0.15217369169155018,0.047554278653609436,0.2849627442693788,0.5447902900804733,0.17024696565014796,5976.388998034609,322.45078976296463,3.872956435842968,0.4086484125826545,8.738948088331993,0.01879217133285156,11.397334001740226,14.190736806678311,3.8676761915046987,2.7693081414494034,0.0,11.397334001740226,False,26.714071504484025,1.707054984320977,28.421126488805,3785.3147524099595,-1206.907936787697,-50.81773138853109,2527.5890842337312,-1.1708637359847426e-09,-7.076138406415398e-08,-1.9997879471892096e-09,31.36820759930369,0.0,12.15795758946793,7.595024564239337,1057.3340431667466,12.530582086976,0.9082910108679751,8.166991270785934,64.02595400810242
T3_kin,kinetic,kinetic,650.0,1.0,12.451962043106056,0.05,0.99,1.0,True,288,direct,9.833547089394681e-09,4192.807967775188,1200.848857883023,1.4013587130628613,0.8728806831856026,112110.62311730477,106661.81299740261,5357.763573146651,73.98988022736216,11.523297121099755,5.533369407047549,122167.60241499807,0.9230452343807409,632.5946902820134,methanation (xi2>0),119394.44714706071,1212.9786443319529,5639.751153139168,77.88408396202706,2.464375160408598,68.17128217118815,-2199.8923954947413,43.95811103244885,0.0,43.95811103244885,35.93377922004724,6.113776618972654,1.9105551934289542,8.024331812401607,0.7000384939440085,0.9999264910415762,9.00225000074577,6.858857143425349,2.1433928573204213,433,0.7952084430083785,0.1560316624698068,0.04875989452181461,0.28496274426959434,0.5447902900803091,0.1702469656500966,5900.559111437094,286.4882500260586,3.4410103710629896,0.17138003362768325,7.8984714570440895,0.009729908195463335,11.317379736987563,12.608061395396813,3.4383687221586654,2.460450612664745,0.0,11.317379736987563,False,27.16600546103132,1.9936729996868925,29.15967846071821,3822.8795359653786,-1256.1352319119262,-90.3781805423567,2476.366123511096,-5.835565106346914e-09,-1.5262619846238095e-07,-1.1810260245094166e-08,31.36820759930369,0.0,12.589903433145157,8.024331812401607,1094.8988267221657,13.269134058889211,0.8283367461153119,15.646600400435014,111.29898595809937
T3_kin,kinetic,kinetic,650.0,1.0,12.451962043106056,0.02,0.99,1.0,True,101,wegstein,9.224367777610933e-09,4244.095818905181,1252.1367090130157,1.4185006088061627,0.8728806831856022,284657.73159150424,272805.77450872463,11768.87442804733,63.01531283388727,12.39488863467433,7.672453263714665,294810.766914861,0.935726154180906,637.235246887505,methanation (xi2>0),292019.25732178614,1264.7845541651755,12009.055543852006,64.30133903327638,2.1483295594785825,147.13395096548524,-5529.28118097376,44.49582157677042,0.0,44.49582157677042,35.93536384430648,6.522253510448713,2.038204222015223,8.560457732463936,0.7468098377043373,0.9999705862580982,9.386733072728049,7.15179662684042,2.2349364458876297,910,0.7890423698204394,0.160729622993951,0.050228007185609665,0.2849627442700941,0.5447902900799283,0.17024696564997757,5809.341461051107,241.72009447991616,2.903300054798273,0.056596753112378474,6.7274729128490955,0.00405818772175674,11.224009008358957,10.637859637966631,2.9022430284042966,2.075967703743442,0.0,11.224009008358957,False,27.329459373883534,2.679760882864355,30.009220256747888,3869.6422968729676,-1267.0611586991147,-191.2712401822069,2411.3098979916463,-1.0241500717367469e-09,-2.6982908583363877e-08,-2.0125815995773643e-09,31.36820759930369,0.0,13.127613977466726,8.560457732463936,1141.6615876297546,14.118675854918887,0.7349660174867054,37.757852102173395,36.446929931640625
T3_kin,kinetic,kinetic,650.0,1.0,12.451962043106056,0.01,0.99,1.0,True,152,wegstein,4.920087874696966e-09,4293.46902777507,1301.5099178829046,1.435002575262405,0.8728806831856029,566547.8117449983,546873.9528347804,19597.884873233194,52.79386571894787,13.015099178829065,10.165072086941873,576793.3171975145,0.946122377595335,631.1487033150387,methanation (xi2>0),574016.5342012839,1314.65648311424,19795.843314304293,53.32713682747213,1.850094369052368,244.81213246259767,-11075.0463648462,45.0134586863664,0.0,45.0134586863664,35.93589229308538,6.9162410615474466,2.161325331733576,9.077566393281023,0.7919221257535841,0.9999852913613366,9.756862891029488,7.433800297927229,2.3230625931022595,1445,0.7832456519502103,0.16514616994269687,0.05160817810709278,0.28496274427068424,0.5447902900794787,0.1702469656498371,5722.705169141399,198.62317008213103,2.3856628958564756,0.023468739761870475,5.544815710093554,0.0021091033952116635,11.136342312271895,8.741207092144505,2.3851343214170124,1.7058378501484668,0.0,11.136342312271895,False,27.28345789664963,3.514496676618616,30.797954573268246,3914.659343030164,-1250.8772097315584,-315.70325994706894,2348.078873351537,-2.065220350808791e-09,-6.319711032230977e-08,-3.937014854386689e-09,31.36820759930369,0.0,13.645251087062707,9.077566393281023,1186.6786337869512,14.907410171439246,0.6472993213996432,73.87273196353506,51.19973707199097
